-0.001392 0.813166 -0.001337 -0.042790 0.090600 -0.006657 0.994945 -0.062948 0.092901 -0.024903 0.993371 0.135109 0.113776 0.054389 0.982773 0.172964 0.136863 0.079913 0.972094 0.172964 0.136863 0.079913 0.972094 0.172964 0.136863 0.079913 0.972094 -0.037837 0.048978 -0.038800 0.997328 0.096431 -0.011352 0.019583 0.995082 -0.051393 -0.065620 -0.014664 0.996412 -0.051392 -0.065620 -0.014664 0.996412 -0.051392 -0.065620 -0.014664 0.996412 -0.042790 0.090600 -0.006657 0.994945 -0.042790 0.090600 -0.006657 0.994945 -0.042790 0.090600 -0.006657 0.994945 -0.042790 0.090600 -0.006657 0.994945 -0.012452 0.215541 0.288053 0.932959 -0.147726 0.385761 -0.071438 0.907889 -0.147703 0.385759 -0.071448 0.907892 -0.042790 0.090600 -0.006657 0.994945 -0.042790 0.090600 -0.006657 0.994945 -0.042790 0.090600 -0.006657 0.994945 -0.042790 0.090600 -0.006657 0.994945 -0.074354 -0.197657 -0.375860 0.902293 -0.232745 -0.414437 -0.055911 0.878035 -0.232723 -0.414439 -0.055900 0.878041
-0.001417 0.808704 -0.001310 -0.031818 0.086742 -0.004003 0.995714 -0.089009 0.110787 -0.031538 0.989348 0.168800 0.133601 0.075486 0.973632 0.214048 0.157143 0.101342 0.958759 0.214048 0.157143 0.101342 0.958759 0.214048 0.157143 0.101342 0.958759 -0.069864 0.042074 -0.051135 0.995356 0.145811 -0.028508 0.028398 0.988494 -0.102110 -0.089848 -0.019524 0.990515 -0.102110 -0.089848 -0.019524 0.990515 -0.102110 -0.089848 -0.019524 0.990515 -0.031818 0.086742 -0.004002 0.995714 -0.031818 0.086742 -0.004002 0.995714 -0.031818 0.086742 -0.004002 0.995714 -0.031818 0.086742 -0.004003 0.995714 0.004112 0.202872 0.370342 0.906462 -0.208965 0.433043 -0.160641 0.861976 -0.208942 0.433038 -0.160653 0.861981 -0.031818 0.086742 -0.004002 0.995714 -0.031818 0.086742 -0.004002 0.995714 -0.031818 0.086742 -0.004002 0.995714 -0.031818 0.086742 -0.004003 0.995714 -0.069234 -0.205632 -0.471775 0.854605 -0.324543 -0.468023 -0.001719 0.821963 -0.324522 -0.468023 -0.001707 0.821972
-0.001455 0.805005 -0.001281 -0.028756 0.085623 -0.003282 0.995907 -0.096984 0.117109 -0.037174 0.987673 0.190037 0.149645 0.087926 0.966313 0.257142 0.181966 0.118527 0.941657 0.257142 0.181966 0.118527 0.941657 0.257142 0.181966 0.118527 0.941657 -0.057029 0.048644 -0.057719 0.995515 0.201519 -0.017037 0.033478 0.978764 -0.077674 -0.069669 -0.023321 0.994268 -0.077674 -0.069669 -0.023321 0.994268 -0.077674 -0.069669 -0.023321 0.994268 -0.028756 0.085623 -0.003282 0.995907 -0.028756 0.085623 -0.003282 0.995907 -0.028756 0.085623 -0.003282 0.995907 -0.028756 0.085623 -0.003282 0.995907 0.009131 0.193956 0.399647 0.895868 -0.248899 0.470241 -0.219217 0.817842 -0.248878 0.470236 -0.219229 0.817849 -0.028756 0.085623 -0.003282 0.995907 -0.028756 0.085623 -0.003282 0.995907 -0.028756 0.085623 -0.003282 0.995907 -0.028756 0.085623 -0.003282 0.995907 -0.067125 -0.206201 -0.489115 0.844833 -0.367140 -0.513968 0.032925 0.774571 -0.367120 -0.513968 0.032938 0.774581
-0.001493 0.802942 -0.001254 -0.028200 0.089602 -0.005234 0.995565 -0.096003 0.121544 -0.037780 0.987210 0.189045 0.156120 0.093959 0.964915 0.257005 0.193478 0.131771 0.937631 0.257005 0.193478 0.131771 0.937631 0.257005 0.193478 0.131771 0.937631 -0.062396 0.068393 -0.057766 0.994028 0.207618 0.012098 0.038059 0.977395 -0.091943 -0.033735 -0.002351 0.995190 -0.091943 -0.033735 -0.002351 0.995190 -0.091943 -0.033735 -0.002351 0.995190 -0.028200 0.089602 -0.005233 0.995565 -0.028200 0.089602 -0.005233 0.995565 -0.028200 0.089602 -0.005233 0.995565 -0.028200 0.089602 -0.005233 0.995565 0.014114 0.183997 0.424979 0.886193 -0.263063 0.477992 -0.224907 0.807303 -0.263042 0.477987 -0.224919 0.807310 -0.028200 0.089602 -0.005233 0.995565 -0.028200 0.089602 -0.005233 0.995565 -0.028200 0.089602 -0.005233 0.995565 -0.028200 0.089602 -0.005233 0.995565 -0.069445 -0.187004 -0.494419 0.846024 -0.381577 -0.529587 0.045285 0.756231 -0.381557 -0.529586 0.045299 0.756241
-0.001508 0.804306 -0.001238 -0.028872 0.102839 -0.006173 0.994260 -0.093170 0.148540 -0.028773 0.984087 0.178192 0.189776 0.095591 0.960778 0.212054 0.227871 0.144511 0.939268 0.212054 0.227871 0.144511 0.939268 0.212054 0.227871 0.144511 0.939268 -0.064275 0.083880 -0.058078 0.992703 0.196650 0.034350 0.039723 0.979066 -0.123260 -0.009793 0.008154 0.992293 -0.123260 -0.009793 0.008154 0.992293 -0.123260 -0.009793 0.008154 0.992293 -0.028872 0.102839 -0.006173 0.994260 -0.028872 0.102839 -0.006173 0.994260 -0.028872 0.102839 -0.006173 0.994260 -0.028872 0.102839 -0.006173 0.994260 0.026265 0.178198 0.483703 0.856497 -0.255306 0.449281 -0.132250 0.845858 -0.255284 0.449278 -0.132262 0.845864 -0.028872 0.102839 -0.006173 0.994260 -0.028872 0.102839 -0.006173 0.994260 -0.028872 0.102839 -0.006173 0.994260 -0.028872 0.102839 -0.006173 0.994260 -0.078584 -0.151119 -0.514794 0.840223 -0.394860 -0.521093 0.027072 0.756184 -0.394841 -0.521092 0.027086 0.756195
-0.001489 0.814459 -0.001228 -0.035551 0.098591 -0.004865 0.994481 -0.088892 0.133177 -0.032877 0.986550 0.164528 0.162342 0.079001 0.969708 0.145080 0.198684 0.145449 0.958291 0.145080 0.198684 0.145449 0.958291 0.145080 0.198684 0.145449 0.958291 -0.071260 0.076175 -0.067642 0.992242 0.176659 0.022633 0.029042 0.983583 -0.156520 -0.022335 -0.006385 0.987401 -0.156520 -0.022335 -0.006385 0.987402 -0.156520 -0.022335 -0.006385 0.987402 -0.035551 0.098591 -0.004865 0.994481 -0.035551 0.098591 -0.004865 0.994481 -0.035551 0.098591 -0.004865 0.994481 -0.035551 0.098591 -0.004865 0.994481 0.025678 0.130638 0.549898 0.824552 -0.189252 0.338907 0.051193 0.920166 -0.189228 0.338909 0.051184 0.920171 -0.035551 0.098591 -0.004865 0.994481 -0.035551 0.098591 -0.004865 0.994481 -0.035551 0.098591 -0.004865 0.994481 -0.035551 0.098591 -0.004865 0.994481 -0.086375 -0.120541 -0.575244 0.804428 -0.405835 -0.465175 -0.072872 0.783326 -0.405815 -0.465177 -0.072859 0.783337
-0.001471 0.828830 -0.001225 -0.043168 0.093516 -0.002376 0.994679 -0.089768 0.117741 -0.026271 0.988630 0.147083 0.137996 0.060495 0.977581 0.099124 0.167180 0.123148 0.973170 0.099124 0.167180 0.123148 0.973170 0.099124 0.167180 0.123148 0.973170 -0.073009 0.066717 -0.075537 0.992226 0.163848 0.012515 0.019951 0.986204 -0.152018 -0.032221 -0.019042 0.987669 -0.152018 -0.032221 -0.019042 0.987669 -0.152018 -0.032221 -0.019042 0.987669 -0.043168 0.093516 -0.002375 0.994679 -0.043168 0.093516 -0.002375 0.994679 -0.043168 0.093516 -0.002375 0.994679 -0.043168 0.093516 -0.002375 0.994679 0.021169 0.091811 0.592234 0.800238 -0.105468 0.217538 0.269004 0.932304 -0.105444 0.217545 0.268998 0.932307 -0.043168 0.093516 -0.002375 0.994679 -0.043168 0.093516 -0.002375 0.994679 -0.043168 0.093516 -0.002375 0.994679 -0.043168 0.093516 -0.002375 0.994679 -0.092676 -0.088545 -0.629872 0.766050 -0.387001 -0.377626 -0.194664 0.818373 -0.386980 -0.377631 -0.194654 0.818383
-0.001462 0.843866 -0.001233 -0.048784 0.091914 0.001902 0.994569 -0.081684 0.121960 -0.018109 0.989002 0.134967 0.143750 0.047829 0.979200 0.090558 0.174079 0.109438 0.974433 0.090558 0.174079 0.109438 0.974433 0.090558 0.174079 0.109438 0.974433 -0.069760 0.058389 -0.078695 0.992739 0.159344 -0.001781 0.015141 0.987105 -0.123927 -0.041282 -0.031055 0.990946 -0.123927 -0.041282 -0.031055 0.990946 -0.123927 -0.041282 -0.031055 0.990946 -0.048783 0.091914 0.001903 0.994569 -0.048783 0.091914 0.001903 0.994569 -0.048783 0.091914 0.001903 0.994569 -0.048784 0.091914 0.001903 0.994569 0.017348 0.036424 0.608926 0.792200 -0.028774 0.088100 0.416225 0.904526 -0.028750 0.088111 0.416223 0.904527 -0.048783 0.091914 0.001903 0.994569 -0.048783 0.091914 0.001903 0.994569 -0.048783 0.091914 0.001903 0.994569 -0.048783 0.091914 0.001903 0.994569 -0.097792 -0.052256 -0.669347 0.734630 -0.345765 -0.280355 -0.305455 0.841751 -0.345743 -0.280363 -0.305447 0.841760
-0.001477 0.857805 -0.001168 -0.045885 0.085709 0.008666 0.995225 -0.077755 0.123052 -0.012435 0.989271 0.126365 0.144223 0.037658 0.980721 0.105629 0.170509 0.089014 0.975626 0.105629 0.170509 0.089014 0.975626 0.105629 0.170509 0.089014 0.975626 -0.073106 0.047061 -0.081825 0.992847 0.144085 -0.019483 0.013713 0.989278 -0.102062 -0.060072 -0.037215 0.992265 -0.102062 -0.060072 -0.037215 0.992265 -0.102062 -0.060072 -0.037215 0.992265 -0.045885 0.085709 0.008666 0.995225 -0.045885 0.085709 0.008666 0.995225 -0.045885 0.085709 0.008666 0.995225 -0.045885 0.085709 0.008666 0.995225 0.016379 0.025330 0.614705 0.788180 -0.000013 0.043555 0.495716 0.867392 0.000009 0.043568 0.495714 0.867392 -0.045885 0.085709 0.008666 0.995225 -0.045885 0.085709 0.008666 0.995225 -0.045885 0.085709 0.008666 0.995225 -0.045885 0.085709 0.008666 0.995225 -0.092010 -0.024656 -0.683389 0.723814 -0.288416 -0.204395 -0.383040 0.853416 -0.288394 -0.204405 -0.383034 0.853424
-0.001491 0.867796 -0.001115 -0.045694 0.082585 0.011405 0.995471 -0.069506 0.119864 -0.013785 0.990258 0.121702 0.143049 0.028340 0.981796 0.129832 0.172198 0.076147 0.973495 0.129832 0.172198 0.076147 0.973495 0.129832 0.172198 0.076147 0.973495 -0.073523 0.040842 -0.082926 0.993000 0.136571 -0.030300 0.012826 0.990084 -0.080936 -0.071518 -0.040246 0.993335 -0.080936 -0.071518 -0.040246 0.993335 -0.080936 -0.071518 -0.040246 0.993335 -0.045694 0.082585 0.011405 0.995471 -0.045694 0.082585 0.011405 0.995471 -0.045694 0.082585 0.011405 0.995471 -0.045694 0.082585 0.011405 0.995471 0.014980 0.013489 0.617501 0.786312 0.013382 0.015110 0.531010 0.847125 0.013404 0.015124 0.531009 0.847125 -0.045694 0.082585 0.011405 0.995471 -0.045694 0.082585 0.011405 0.995471 -0.045694 0.082585 0.011405 0.995471 -0.045694 0.082585 0.011405 0.995471 -0.089969 -0.025123 -0.691726 0.716094 -0.258256 -0.172258 -0.425602 0.849996 -0.258234 -0.172269 -0.425598 0.850003
-0.001507 0.870990 -0.001090 -0.055617 0.069766 0.012989 0.995927 -0.075979 0.107507 -0.011934 0.991225 0.108550 0.135082 0.027192 0.984495 0.130205 0.168704 0.076073 0.974063 0.130205 0.168704 0.076073 0.974063 0.130205 0.168704 0.076073 0.974063 -0.082754 0.031275 -0.081606 0.992731 0.126289 -0.035854 0.012195 0.991270 -0.080708 -0.075053 -0.039824 0.993110 -0.080708 -0.075053 -0.039824 0.993110 -0.080708 -0.075053 -0.039824 0.993110 -0.055617 0.069766 0.012990 0.995927 -0.055617 0.069766 0.012990 0.995927 -0.055617 0.069766 0.012990 0.995927 -0.055617 0.069766 0.012989 0.995927 -0.001072 0.008538 0.614913 0.788548 -0.001655 0.007962 0.527303 0.849639 -0.001633 0.007976 0.527302 0.849639 -0.055617 0.069766 0.012990 0.995927 -0.055617 0.069766 0.012990 0.995927 -0.055617 0.069766 0.012990 0.995927 -0.055617 0.069766 0.012989 0.995927 -0.087915 -0.033452 -0.686262 0.721246 -0.244721 -0.169212 -0.432232 0.851266 -0.244699 -0.169223 -0.432228 0.851273
-0.001522 0.870379 -0.001107 -0.069270 0.055356 0.013128 0.995974 -0.075305 0.098170 -0.016151 0.992185 0.105488 0.128217 0.024805 0.985808 0.133263 0.166351 0.077670 0.973928 0.133263 0.166351 0.077670 0.973928 0.133263 0.166351 0.077670 0.973928 -0.086812 0.022666 -0.078892 0.992837 0.121862 -0.037600 0.009893 0.991785 -0.083925 -0.072832 -0.039642 0.993016 -0.083925 -0.072832 -0.039642 0.993016 -0.083925 -0.072832 -0.039642 0.993016 -0.069270 0.055356 0.013128 0.995974 -0.069270 0.055356 0.013128 0.995974 -0.069270 0.055356 0.013128 0.995974 -0.069270 0.055356 0.013128 0.995974 -0.021583 0.022836 0.608925 0.792605 -0.033781 0.032650 0.509915 0.858941 -0.033759 0.032663 0.509914 0.858942 -0.069270 0.055356 0.013128 0.995974 -0.069270 0.055356 0.013128 0.995974 -0.069270 0.055356 0.013128 0.995974 -0.069270 0.055356 0.013128 0.995974 -0.087576 -0.056658 -0.674207 0.731140 -0.251958 -0.197145 -0.412755 0.852810 -0.251936 -0.197156 -0.412749 0.852816
-0.001542 0.869309 -0.001160 -0.074599 0.056788 0.012050 0.995522 -0.081939 0.102767 -0.012406 0.991247 0.100811 0.133409 0.031946 0.985403 0.137300 0.170486 0.081423 0.972344 0.137300 0.170486 0.081423 0.972344 0.137300 0.170486 0.081423 0.972344 -0.087301 0.037556 -0.073103 0.992786 0.122280 -0.005977 0.013430 0.992387 -0.084212 -0.028228 -0.019567 0.995856 -0.084212 -0.028228 -0.019567 0.995856 -0.084212 -0.028228 -0.019567 0.995856 -0.074599 0.056788 0.012051 0.995522 -0.074599 0.056788 0.012051 0.995522 -0.074599 0.056788 0.012051 0.995522 -0.074599 0.056788 0.012051 0.995522 -0.026607 0.041523 0.595603 0.801764 -0.048208 0.056349 0.448244 0.890830 -0.048185 0.056360 0.448242 0.890831 -0.074599 0.056788 0.012051 0.995522 -0.074599 0.056788 0.012051 0.995522 -0.074599 0.056788 0.012051 0.995522 -0.074599 0.056788 0.012051 0.995522 -0.092426 -0.068903 -0.661825 0.740742 -0.272932 -0.222729 -0.362561 0.862815 -0.272909 -0.222738 -0.362555 0.862822
-0.001562 0.869222 -0.001201 -0.075156 0.062151 0.011585 0.995166 -0.084411 0.107626 -0.006380 0.990581 0.092081 0.144995 0.048411 0.983948 0.135832 0.190334 0.102368 0.966873 0.135832 0.190334 0.102368 0.966873 0.135832 0.190334 0.102368 0.966873 -0.089062 0.048138 -0.067780 0.992551 0.122209 0.018762 0.018910 0.992147 -0.081846 0.008144 -0.001453 0.996611 -0.081846 0.008144 -0.001453 0.996611 -0.081846 0.008144 -0.001453 0.996611 -0.075156 0.062151 0.011586 0.995166 -0.075156 0.062151 0.011586 0.995166 -0.075156 0.062151 0.011586 0.995166 -0.075156 0.062151 0.011586 0.995166 -0.026247 0.057484 0.575990 0.815011 -0.067684 0.083765 0.310875 0.944330 -0.067659 0.083773 0.310873 0.944332 -0.075156 0.062151 0.011586 0.995166 -0.075156 0.062151 0.011586 0.995166 -0.075156 0.062151 0.011586 0.995166 -0.075156 0.062151 0.011586 0.995166 -0.096540 -0.065568 -0.650429 0.750548 -0.283968 -0.222274 -0.269236 0.893011 -0.283945 -0.222281 -0.269230 0.893018
-0.001596 0.868930 -0.001206 -0.075165 0.075688 0.010104 0.994243 -0.090993 0.117416 -0.004534 0.988895 0.093595 0.154701 0.055680 0.981941 0.150994 0.198591 0.104418 0.962735 0.150994 0.198591 0.104418 0.962735 0.150994 0.198591 0.104418 0.962735 -0.091403 0.059010 -0.064045 0.991999 0.122209 0.028715 0.025601 0.991759 -0.080931 0.016051 0.006558 0.996569 -0.080931 0.016051 0.006558 0.996569 -0.080931 0.016051 0.006558 0.996569 -0.075165 0.075688 0.010104 0.994243 -0.075165 0.075688 0.010104 0.994243 -0.075165 0.075688 0.010104 0.994243 -0.075165 0.075688 0.010104 0.994243 -0.022691 0.109578 0.543028 0.832225 -0.139042 0.194976 0.109984 0.964653 -0.139017 0.194979 0.109979 0.964656 -0.075165 0.075688 0.010104 0.994243 -0.075165 0.075688 0.010104 0.994243 -0.075165 0.075688 0.010104 0.994243 -0.075165 0.075688 0.010104 0.994243 -0.105104 -0.064063 -0.618451 0.776123 -0.314242 -0.253357 -0.125626 0.906245 -0.314219 -0.253361 -0.125619 0.906253
-0.001617 0.868408 -0.001213 -0.074543 0.081543 0.010107 0.993827 -0.093564 0.130474 -0.007809 0.986996 0.098056 0.177761 0.053908 0.977691 0.165717 0.228772 0.108200 0.953150 0.165717 0.228772 0.108200 0.953150 0.165717 0.228772 0.108200 0.953150 -0.088844 0.053681 -0.057987 0.992906 0.138436 0.007896 0.029923 0.989888 -0.060639 -0.018290 -0.002809 0.997988 -0.060639 -0.018290 -0.002809 0.997988 -0.060639 -0.018290 -0.002809 0.997988 -0.074543 0.081543 0.010107 0.993827 -0.074543 0.081543 0.010107 0.993827 -0.074543 0.081543 0.010107 0.993827 -0.074543 0.081543 0.010107 0.993827 -0.027184 0.154269 0.477934 0.864316 -0.229838 0.326930 -0.114597 0.909483 -0.229815 0.326927 -0.114606 0.909489 -0.074543 0.081543 0.010107 0.993827 -0.074543 0.081543 0.010107 0.993827 -0.074543 0.081543 0.010107 0.993827 -0.074543 0.081543 0.010107 0.993827 -0.106514 -0.101054 -0.574752 0.805048 -0.368682 -0.361710 -0.022391 0.856001 -0.368660 -0.361710 -0.022382 0.856011
-0.001625 0.858531 -0.001218 -0.072717 0.083797 0.009838 0.993777 -0.077939 0.127132 -0.010270 0.988766 0.125768 0.170920 0.056908 0.975567 0.172885 0.215886 0.126134 0.952677 0.172885 0.215886 0.126134 0.952677 0.172885 0.215886 0.126134 0.952677 -0.079829 0.050720 -0.046168 0.994446 0.166045 -0.008287 0.034427 0.985482 -0.062900 -0.052301 -0.016776 0.996507 -0.062900 -0.052301 -0.016776 0.996507 -0.062900 -0.052301 -0.016776 0.996507 -0.072717 0.083797 0.009839 0.993777 -0.072717 0.083797 0.009839 0.993777 -0.072717 0.083797 0.009839 0.993777 -0.072717 0.083797 0.009839 0.993777 -0.030529 0.173601 0.427679 0.886578 -0.274675 0.419682 -0.221790 0.836200 -0.274653 0.419676 -0.221801 0.836207 -0.072717 0.083797 0.009839 0.993777 -0.072717 0.083797 0.009839 0.993777 -0.072717 0.083797 0.009839 0.993777 -0.072717 0.083797 0.009839 0.993777 -0.103685 -0.134198 -0.517684 0.838596 -0.388555 -0.458432 0.042944 0.798136 -0.388534 -0.458431 0.042956 0.798146
-0.001628 0.852076 -0.001202 -0.064483 0.078502 0.008708 0.994788 -0.082314 0.133167 -0.007101 0.987644 0.134683 0.178725 0.059774 0.972803 0.153682 0.220710 0.132774 0.953960 0.153682 0.220710 0.132774 0.953960 0.153682 0.220710 0.132774 0.953960 -0.087893 0.051407 -0.036734 0.994124 0.177439 -0.006407 0.036116 0.983448 -0.081075 -0.051274 -0.019152 0.995204 -0.081075 -0.051274 -0.019152 0.995204 -0.081075 -0.051274 -0.019152 0.995204 -0.064483 0.078502 0.008709 0.994788 -0.064483 0.078502 0.008709 0.994788 -0.064483 0.078502 0.008709 0.994788 -0.064483 0.078502 0.008709 0.994788 -0.027786 0.173541 0.404391 0.897541 -0.289833 0.486764 -0.238420 0.788805 -0.289812 0.486758 -0.238432 0.788813 -0.064483 0.078502 0.008709 0.994788 -0.064483 0.078502 0.008709 0.994788 -0.064483 0.078502 0.008709 0.994788 -0.064483 0.078502 0.008709 0.994788 -0.091785 -0.166353 -0.476417 0.858446 -0.383605 -0.523925 0.060829 0.758056 -0.383585 -0.523924 0.060843 0.758066
-0.001619 0.848508 -0.001149 -0.051445 0.114038 0.007284 0.992117 -0.078497 0.158191 -0.010145 0.984231 0.137663 0.187382 0.056884 0.970928 0.122642 0.219934 0.130651 0.958915 0.122642 0.219934 0.130651 0.958915 0.122642 0.219934 0.130651 0.958915 -0.075818 0.075062 -0.033056 0.993743 0.182946 0.007170 0.039139 0.982317 -0.100296 -0.049627 -0.020976 0.993498 -0.100296 -0.049627 -0.020976 0.993498 -0.100296 -0.049627 -0.020976 0.993498 -0.051444 0.114038 0.007284 0.992117 -0.051444 0.114038 0.007284 0.992117 -0.051444 0.114038 0.007284 0.992117 -0.051445 0.114038 0.007284 0.992117 0.000083 0.184084 0.414528 0.891224 -0.280684 0.519752 -0.188859 0.784478 -0.280664 0.519747 -0.188872 0.784486 -0.051444 0.114038 0.007284 0.992117 -0.051444 0.114038 0.007284 0.992117 -0.051444 0.114038 0.007284 0.992117 -0.051444 0.114038 0.007284 0.992117 -0.097710 -0.157842 -0.471150 0.862297 -0.387125 -0.534079 0.056747 0.749449 -0.387106 -0.534078 0.056761 0.749459
-0.001605 0.846785 -0.001105 -0.050535 0.143193 0.006366 0.988383 -0.077549 0.181526 -0.011749 0.980253 0.151570 0.201517 0.059298 0.965868 0.115636 0.227071 0.133932 0.957669 0.115636 0.227071 0.133932 0.957669 0.115636 0.227071 0.133932 0.957669 -0.064677 0.092606 -0.041924 0.992715 0.179135 0.014703 0.033022 0.983160 -0.107784 -0.044886 -0.026856 0.992797 -0.107784 -0.044886 -0.026856 0.992797 -0.107784 -0.044886 -0.026856 0.992797 -0.050535 0.143193 0.006366 0.988383 -0.050535 0.143193 0.006366 0.988383 -0.050535 0.143193 0.006366 0.988383 -0.050535 0.143193 0.006366 0.988383 0.018956 0.181056 0.447831 0.875389 -0.265562 0.484967 -0.169840 0.815744 -0.265541 0.484963 -0.169853 0.815751 -0.050535 0.143193 0.006366 0.988383 -0.050535 0.143193 0.006366 0.988383 -0.050535 0.143193 0.006366 0.988383 -0.050535 0.143193 0.006366 0.988383 -0.113039 -0.124608 -0.482412 0.859636 -0.392390 -0.522564 -0.002744 0.756935 -0.392370 -0.522564 -0.002730 0.756945
-0.001554 0.846718 -0.001100 -0.053511 0.152636 0.009804 0.986784 -0.081475 0.187857 -0.007046 0.978786 0.156719 0.200055 0.061155 0.965234 0.093111 0.218381 0.137083 0.961690 0.093111 0.218381 0.137083 0.961690 0.093111 0.218381 0.137083 0.961690 -0.063514 0.102542 -0.050860 0.991395 0.170802 0.027397 0.029914 0.984470 -0.111901 -0.025747 -0.021648 0.993150 -0.111901 -0.025747 -0.021648 0.993150 -0.111901 -0.025747 -0.021648 0.993150 -0.053511 0.152636 0.009804 0.986784 -0.053511 0.152636 0.009804 0.986784 -0.053511 0.152636 0.009804 0.986784 -0.053511 0.152636 0.009804 0.986784 0.033613 0.159349 0.521233 0.837731 -0.192890 0.390066 0.072547 0.897429 -0.192866 0.390068 0.072536 0.897434 -0.053511 0.152636 0.009804 0.986784 -0.053511 0.152636 0.009804 0.986784 -0.053511 0.152636 0.009804 0.986784 -0.053511 0.152636 0.009804 0.986784 -0.127791 -0.091663 -0.542828 0.824988 -0.414403 -0.463587 -0.098773 0.776918 -0.414383 -0.463590 -0.098761 0.776929
-0.001520 0.848713 -0.001085 -0.055975 0.156781 0.014494 0.985939 -0.083804 0.189651 -0.009266 0.978225 0.154671 0.210471 0.055025 0.963717 0.059589 0.230806 0.141848 0.960759 0.059589 0.230806 0.141848 0.960759 0.059589 0.230806 0.141848 0.960759 -0.057166 0.113782 -0.064327 0.989772 0.164145 0.046687 0.024906 0.985016 -0.119567 0.005804 -0.013371 0.992719 -0.119567 0.005804 -0.013371 0.992719 -0.119567 0.005804 -0.013371 0.992719 -0.055975 0.156781 0.014494 0.985939 -0.055975 0.156781 0.014494 0.985939 -0.055975 0.156781 0.014494 0.985939 -0.055975 0.156781 0.014494 0.985939 0.039916 0.126417 0.555728 0.820726 -0.071139 0.243444 0.320111 0.912800 -0.071115 0.243452 0.320105 0.912802 -0.055975 0.156781 0.014494 0.985939 -0.055975 0.156781 0.014494 0.985939 -0.055975 0.156781 0.014494 0.985939 -0.055975 0.156781 0.014494 0.985939 -0.139998 -0.029624 -0.602919 0.784864 -0.396298 -0.332745 -0.202092 0.831497 -0.396276 -0.332751 -0.202083 0.831508
-0.001513 0.858820 -0.001013 -0.050660 0.179626 0.020808 0.982209 -0.084802 0.215607 -0.015412 0.972669 0.148763 0.235832 0.037045 0.959625 0.067263 0.257129 0.121650 0.956327 0.067263 0.257129 0.121650 0.956327 0.067263 0.257129 0.121650 0.956327 -0.047002 0.129566 -0.074944 0.987617 0.160791 0.058019 0.022240 0.985031 -0.102278 0.027732 -0.007643 0.994340 -0.102277 0.027732 -0.007643 0.994340 -0.102277 0.027732 -0.007643 0.994340 -0.050660 0.179626 0.020809 0.982209 -0.050660 0.179626 0.020809 0.982209 -0.050660 0.179626 0.020809 0.982209 -0.050660 0.179626 0.020809 0.982209 0.060493 0.113169 0.572319 0.809929 0.050908 0.113781 0.473736 0.871801 0.050931 0.113793 0.473733 0.871800 -0.050660 0.179626 0.020809 0.982209 -0.050660 0.179626 0.020809 0.982209 -0.050660 0.179626 0.020809 0.982209 -0.050660 0.179626 0.020809 0.982209 -0.156480 0.044170 -0.638330 0.752395 -0.358163 -0.189606 -0.293123 0.865937 -0.358141 -0.189614 -0.293118 0.865947
-0.001523 0.869835 -0.000954 -0.051248 0.183904 0.026852 0.981240 -0.098389 0.222832 -0.023634 0.969591 0.118514 0.242838 0.016702 0.962655 0.066180 0.271924 0.095758 0.955253 0.066180 0.271924 0.095758 0.955253 0.066180 0.271924 0.095758 0.955253 -0.048638 0.135533 -0.078033 0.986497 0.145005 0.065756 0.016774 0.987101 -0.072354 0.042597 -0.005949 0.996451 -0.072354 0.042597 -0.005949 0.996451 -0.072354 0.042597 -0.005949 0.996451 -0.051248 0.183904 0.026853 0.981240 -0.051248 0.183904 0.026853 0.981240 -0.051248 0.183904 0.026853 0.981240 -0.051248 0.183904 0.026853 0.981240 0.067049 0.093558 0.593402 0.796634 0.090413 0.060702 0.572468 0.812663 0.090434 0.060717 0.572467 0.812660 -0.051248 0.183904 0.026853 0.981240 -0.051248 0.183904 0.026853 0.981240 -0.051248 0.183904 0.026853 0.981240 -0.051248 0.183904 0.026853 0.981240 -0.163809 0.080518 -0.658912 0.729739 -0.328011 -0.103203 -0.396684 0.851117 -0.327989 -0.103213 -0.396681 0.851125
-0.001551 0.877566 -0.000922 -0.051976 0.186977 0.031937 0.980468 -0.097717 0.231533 -0.027372 0.967520 0.098789 0.261543 0.007461 0.960094 0.055799 0.297969 0.090312 0.948654 0.055799 0.297969 0.090312 0.948654 0.055799 0.297969 0.090312 0.948654 -0.051661 0.142702 -0.080513 0.985132 0.131045 0.083153 0.016804 0.987740 -0.053150 0.064102 -0.001577 0.996526 -0.053150 0.064102 -0.001577 0.996526 -0.053150 0.064102 -0.001577 0.996526 -0.051976 0.186977 0.031937 0.980468 -0.051976 0.186977 0.031937 0.980468 -0.051976 0.186977 0.031937 0.980468 -0.051976 0.186977 0.031937 0.980468 0.071442 0.077939 0.606909 0.787708 0.108753 0.029807 0.618181 0.777905 0.108773 0.029823 0.618180 0.777902 -0.051976 0.186977 0.031937 0.980468 -0.051976 0.186977 0.031937 0.980468 -0.051976 0.186977 0.031937 0.980468 -0.051976 0.186977 0.031937 0.980468 -0.169472 0.105959 -0.672483 0.712614 -0.307177 -0.042963 -0.510227 0.802162 -0.307157 -0.042976 -0.510226 0.802170
-0.001612 0.880772 -0.000922 -0.050934 0.198807 0.036194 0.978045 -0.094579 0.239354 -0.029706 0.965858 0.084294 0.268021 0.002998 0.959714 0.038251 0.304169 0.085449 0.948007 0.038251 0.304169 0.085449 0.948007 0.038251 0.304169 0.085449 0.948007 -0.051405 0.151227 -0.082041 0.983747 0.122780 0.090226 0.014268 0.988221 -0.042807 0.073994 -0.003831 0.996332 -0.042807 0.073994 -0.003831 0.996332 -0.042807 0.073994 -0.003831 0.996332 -0.050934 0.198807 0.036195 0.978045 -0.050934 0.198807 0.036195 0.978045 -0.050934 0.198807 0.036195 0.978045 -0.050934 0.198807 0.036195 0.978045 0.085274 0.070955 0.629467 0.769068 0.133346 0.011687 0.650362 0.747737 0.133366 0.011704 0.650362 0.747734 -0.050934 0.198807 0.036195 0.978045 -0.050934 0.198807 0.036195 0.978045 -0.050934 0.198807 0.036195 0.978045 -0.050934 0.198807 0.036195 0.978045 -0.179001 0.102196 -0.682300 0.701414 -0.284956 -0.006889 -0.598760 0.748491 -0.284936 -0.006905 -0.598760 0.748499
-0.001706 0.881699 -0.000981 -0.063292 0.237758 0.034899 0.968632 -0.088825 0.279001 -0.024161 0.955869 0.083897 0.308988 0.001724 0.947357 0.038805 0.347155 0.088692 0.932797 0.038805 0.347155 0.088692 0.932797 0.038805 0.347155 0.088692 0.932797 -0.047889 0.183006 -0.075983 0.979001 0.118436 0.118350 0.014351 0.985779 -0.029438 0.099348 -0.003431 0.994611 -0.029438 0.099348 -0.003432 0.994611 -0.029438 0.099348 -0.003432 0.994611 -0.063292 0.237758 0.034900 0.968632 -0.063292 0.237758 0.034900 0.968632 -0.063292 0.237758 0.034900 0.968632 -0.063292 0.237758 0.034900 0.968632 0.108778 0.093380 0.654488 0.742356 0.167260 0.025856 0.681242 0.712225 0.167278 0.025873 0.681242 0.712221 -0.063292 0.237758 0.034900 0.968632 -0.063292 0.237758 0.034900 0.968632 -0.063292 0.237758 0.034900 0.968632 -0.063292 0.237758 0.034900 0.968632 -0.218009 0.159811 -0.684478 0.677069 -0.308250 0.067938 -0.634601 0.705441 -0.308232 0.067921 -0.634603 0.705449
-0.001771 0.873340 -0.000971 -0.053523 0.303290 0.041144 0.950504 -0.077919 0.337506 -0.016991 0.937939 0.087541 0.354733 -0.002056 0.930858 0.032029 0.384639 0.085487 0.918542 0.032029 0.384639 0.085487 0.918542 0.032029 0.384639 0.085487 0.918542 -0.038377 0.239412 -0.062639 0.968135 0.110481 0.167713 0.014501 0.979518 -0.031792 0.142092 -0.002566 0.989339 -0.031792 0.142092 -0.002566 0.989339 -0.031792 0.142092 -0.002566 0.989339 -0.053523 0.303290 0.041144 0.950504 -0.053523 0.303290 0.041144 0.950504 -0.053523 0.303290 0.041144 0.950504 -0.053523 0.303290 0.041144 0.950504 0.163140 0.132194 0.656992 0.724066 -0.242914 -0.039392 -0.703560 -0.666667 -0.242932 -0.039410 -0.703559 -0.666660 -0.053523 0.303290 0.041144 0.950504 -0.053523 0.303290 0.041144 0.950504 -0.053523 0.303290 0.041144 0.950504 -0.053523 0.303290 0.041144 0.950504 -0.263541 0.234623 -0.680833 0.641845 -0.365188 0.132481 -0.651449 0.651690 -0.365171 0.132464 -0.651453 0.651700
-0.001853 0.857458 -0.000919 -0.034995 0.361656 0.052198 0.930191 -0.079226 0.391075 -0.010299 0.916885 0.104472 0.403467 -0.011915 0.908932 0.032454 0.423821 0.081811 0.901459 0.032454 0.423821 0.081811 0.901459 0.032454 0.423821 0.081811 0.901459 -0.029705 0.303794 -0.047657 0.951081 0.104007 0.235056 0.004119 0.966392 -0.041100 0.210206 -0.002344 0.976790 -0.041100 0.210206 -0.002344 0.976790 -0.041100 0.210206 -0.002344 0.976790 -0.034995 0.361656 0.052198 0.930191 -0.034995 0.361656 0.052198 0.930191 -0.034995 0.361656 0.052198 0.930191 -0.034995 0.361656 0.052198 0.930191 0.205555 0.165442 0.623764 0.735727 -0.273045 -0.074467 -0.745946 -0.602881 -0.273060 -0.074486 -0.745944 -0.602874 -0.034995 0.361656 0.052198 0.930191 -0.034995 0.361656 0.052198 0.930191 -0.034995 0.361656 0.052198 0.930191 -0.034995 0.361656 0.052198 0.930191 -0.299845 0.298756 -0.668970 0.610996 -0.426020 0.172598 -0.644391 0.611127 -0.426004 0.172581 -0.644396 0.611139
-0.001900 0.847032 -0.000895 -0.023066 0.378359 0.063820 0.923168 -0.090965 0.422471 -0.008277 0.901762 0.142079 0.439348 -0.029202 0.886529 0.040709 0.461825 0.089315 0.881523 0.040709 0.461825 0.089315 0.881523 0.040709 0.461825 0.089315 0.881523 -0.028266 0.338614 -0.038833 0.939698 0.101765 0.286081 -0.016125 0.952650 -0.051239 0.270645 -0.006174 0.961295 -0.051239 0.270645 -0.006174 0.961295 -0.051239 0.270645 -0.006174 0.961295 -0.023066 0.378359 0.063820 0.923168 -0.023066 0.378359 0.063820 0.923168 -0.023066 0.378359 0.063820 0.923168 -0.023066 0.378359 0.063820 0.923168 0.202967 0.164686 0.570470 0.778619 -0.238749 -0.099438 -0.792458 -0.552378 -0.238764 -0.099459 -0.792455 -0.552371 -0.023066 0.378359 0.063820 0.923168 -0.023066 0.378359 0.063820 0.923168 -0.023066 0.378359 0.063820 0.923168 -0.023066 0.378359 0.063820 0.923168 -0.308123 0.329746 -0.659533 0.601119 -0.460048 0.176179 -0.636184 0.593791 -0.460032 0.176163 -0.636188 0.593803
-0.001907 0.832905 -0.000900 -0.020424 0.405137 0.076004 0.910862 -0.108889 0.449843 -0.021526 0.886183 0.187127 0.451282 -0.035490 0.871819 0.048346 0.472982 0.108228 0.873062 0.048346 0.472982 0.108228 0.873062 0.048346 0.472982 0.108228 0.873062 -0.035471 0.365210 -0.031489 0.929716 0.109885 0.305894 -0.042783 0.944735 -0.046023 0.285503 -0.036305 0.956583 -0.046023 0.285503 -0.036305 0.956583 -0.046023 0.285503 -0.036305 0.956583 -0.020424 0.405137 0.076005 0.910862 -0.020424 0.405137 0.076005 0.910862 -0.020424 0.405137 0.076005 0.910862 -0.020424 0.405137 0.076005 0.910862 0.199243 0.167455 0.520370 0.813312 -0.220843 -0.116380 -0.818383 -0.517623 -0.220857 -0.116401 -0.818380 -0.517617 -0.020424 0.405137 0.076005 0.910862 -0.020424 0.405137 0.076005 0.910862 -0.020424 0.405137 0.076005 0.910862 -0.020424 0.405137 0.076005 0.910862 -0.325345 0.365969 -0.632560 0.600071 -0.494759 0.186912 -0.607044 0.593106 -0.494743 0.186896 -0.607049 0.593119
-0.001895 0.821548 -0.000920 -0.034901 0.415368 0.077438 0.905679 -0.117788 0.468252 -0.022751 0.875413 0.232020 0.487090 -0.025307 0.841588 0.115210 0.519631 0.137166 0.835401 0.115210 0.519631 0.137166 0.835401 0.115210 0.519631 0.137166 0.835401 -0.027821 0.377703 -0.016997 0.925353 0.143363 0.308832 -0.043168 0.939258 0.015493 0.288057 -0.045676 0.956398 0.015493 0.288057 -0.045676 0.956398 0.015493 0.288057 -0.045676 0.956398 -0.034900 0.415368 0.077438 0.905679 -0.034900 0.415368 0.077438 0.905679 -0.034900 0.415368 0.077438 0.905679 -0.034901 0.415368 0.077438 0.905679 0.174763 0.152658 0.480576 0.845695 -0.185526 -0.119820 -0.842514 -0.491319 -0.185538 -0.119841 -0.842511 -0.491314 -0.034900 0.415368 0.077438 0.905679 -0.034900 0.415368 0.077438 0.905679 -0.034900 0.415368 0.077438 0.905679 -0.034901 0.415368 0.077438 0.905679 -0.335742 0.396790 -0.607630 0.600517 -0.516442 0.199667 -0.590900 0.586735 -0.516426 0.199652 -0.590905 0.586749
-0.001893 0.804767 -0.000903 -0.045539 0.414342 0.085791 0.904924 -0.127462 0.474664 -0.007485 0.870857 0.237879 0.509966 -0.013889 0.826532 0.116839 0.540288 0.164281 0.816976 0.116839 0.540288 0.164281 0.816976 0.116839 0.540288 0.164281 0.816976 -0.012711 0.397882 0.000249 0.917349 0.166399 0.341874 -0.024937 0.924560 0.021598 0.328369 -0.007250 0.944275 0.021598 0.328369 -0.007250 0.944275 0.021598 0.328369 -0.007250 0.944275 -0.045539 0.414342 0.085791 0.904923 -0.045539 0.414342 0.085791 0.904923 -0.045539 0.414342 0.085791 0.904923 -0.045539 0.414342 0.085791 0.904923 0.150173 0.148426 0.453855 0.865699 -0.155259 -0.136654 -0.869405 -0.448726 -0.155270 -0.136677 -0.869402 -0.448722 -0.045539 0.414342 0.085791 0.904923 -0.045539 0.414342 0.085791 0.904923 -0.045539 0.414342 0.085791 0.904923 -0.045539 0.414342 0.085791 0.904923 -0.340932 0.413198 -0.592967 0.601185 -0.527161 0.207493 -0.590639 0.574624 -0.527146 0.207478 -0.590644 0.574638
-0.001887 0.797131 -0.000898 -0.049679 0.384828 0.095469 0.916692 -0.128199 0.461492 0.000028 0.877833 0.251703 0.508267 -0.014098 0.823475 0.142400 0.543716 0.160695 0.811340 0.142400 0.543716 0.160695 0.811340 0.142400 0.543716 0.160695 0.811340 -0.004034 0.375012 -0.001270 0.927010 0.172832 0.329139 -0.016971 0.928175 0.024421 0.320699 0.003695 0.946859 0.024421 0.320699 0.003695 0.946859 0.024421 0.320699 0.003695 0.946859 -0.049679 0.384828 0.095469 0.916692 -0.049679 0.384828 0.095469 0.916692 -0.049679 0.384828 0.095469 0.916692 -0.049679 0.384828 0.095469 0.916692 0.123431 0.122780 0.438316 0.881799 -0.116681 -0.133251 -0.888830 -0.422624 -0.116692 -0.133274 -0.888827 -0.422621 -0.049679 0.384828 0.095469 0.916692 -0.049679 0.384828 0.095469 0.916692 -0.049679 0.384828 0.095469 0.916692 -0.049679 0.384828 0.095469 0.916692 -0.320926 0.362955 -0.591188 0.644800 -0.547752 0.084074 -0.598475 0.578557 -0.547737 0.084058 -0.598477 0.578571
-0.001869 0.796436 -0.000899 -0.050329 0.370967 0.102426 0.921607 -0.130477 0.440699 0.012649 0.888031 0.228247 0.490595 0.011181 0.840890 0.119915 0.523558 0.170577 0.826082 0.119915 0.523558 0.170577 0.826082 0.119915 0.523558 0.170577 0.826082 0.003721 0.354238 -0.015692 0.935016 0.158323 0.304842 -0.016664 0.939003 0.001768 0.295578 0.002427 0.955314 0.001768 0.295578 0.002427 0.955314 0.001768 0.295578 0.002427 0.955314 -0.050329 0.370967 0.102426 0.921607 -0.050329 0.370967 0.102426 0.921607 -0.050329 0.370967 0.102426 0.921607 -0.050329 0.370967 0.102426 0.921607 0.114395 0.105225 0.433666 0.887567 -0.098126 -0.124484 -0.900499 -0.404940 -0.098137 -0.124507 -0.900496 -0.404938 -0.050329 0.370967 0.102426 0.921607 -0.050329 0.370967 0.102426 0.921607 -0.050329 0.370967 0.102426 0.921607 -0.050329 0.370967 0.102426 0.921607 -0.299758 0.311454 -0.563157 0.704270 -0.538269 -0.027198 -0.580843 0.610040 -0.538253 -0.027213 -0.580842 0.610054
-0.001857 0.799342 -0.000813 -0.048577 0.352286 0.107102 0.928474 -0.111216 0.397971 0.020011 0.910412 0.198220 0.429152 0.034057 0.880555 0.082869 0.438576 0.146100 0.882858 0.082869 0.438576 0.146100 0.882858 0.082869 0.438576 0.146100 0.882858 0.009127 0.311351 -0.040131 0.949403 0.146720 0.237387 -0.020704 0.960048 -0.010642 0.216695 -0.022149 0.975930 -0.010642 0.216695 -0.022149 0.975930 -0.010642 0.216695 -0.022149 0.975930 -0.048577 0.352287 0.107102 0.928474 -0.048577 0.352287 0.107102 0.928474 -0.048577 0.352287 0.107102 0.928474 -0.048577 0.352287 0.107102 0.928474 0.106183 0.095386 0.431667 0.890669 -0.080442 -0.135498 -0.891492 -0.424749 -0.080453 -0.135521 -0.891488 -0.424747 -0.048577 0.352287 0.107102 0.928474 -0.048577 0.352287 0.107102 0.928474 -0.048577 0.352287 0.107102 0.928474 -0.048577 0.352287 0.107102 0.928474 -0.267269 0.264562 -0.518036 0.768253 -0.498445 -0.120316 -0.527670 0.677231 -0.498427 -0.120329 -0.527667 0.677244
-0.001828 0.802092 -0.000698 -0.027289 0.317912 0.113731 0.940879 -0.090289 0.359702 0.029582 0.928217 0.180236 0.383864 0.042040 0.904652 0.032601 0.381431 0.147553 0.911963 0.032601 0.381431 0.147553 0.911963 0.032601 0.381431 0.147553 0.911963 0.019255 0.274815 -0.053112 0.959836 0.139826 0.194545 -0.024612 0.970564 -0.024844 0.171027 -0.034190 0.984360 -0.024844 0.171027 -0.034190 0.984360 -0.024844 0.171027 -0.034190 0.984360 -0.027289 0.317912 0.113731 0.940879 -0.027289 0.317912 0.113731 0.940879 -0.027289 0.317912 0.113731 0.940879 -0.027289 0.317912 0.113731 0.940879 0.110815 0.096428 0.438564 0.886613 -0.069511 -0.167226 -0.867707 -0.462912 -0.069523 -0.167248 -0.867703 -0.462911 -0.027289 0.317912 0.113731 0.940879 -0.027289 0.317912 0.113731 0.940879 -0.027289 0.317912 0.113731 0.940879 -0.027289 0.317912 0.113731 0.940879 -0.214439 0.233271 -0.481024 0.817446 -0.405227 -0.104564 -0.519729 0.744808 -0.405208 -0.104578 -0.519727 0.744818
-0.001768 0.803474 -0.000633 0.002323 0.273295 0.112835 0.955287 -0.080778 0.321395 0.034717 0.942854 0.187944 0.357722 0.047179 0.913502 0.027832 0.358363 0.156680 0.919920 0.027832 0.358363 0.156680 0.919920 0.027832 0.358363 0.156680 0.919920 0.031537 0.241634 -0.060393 0.967973 0.143270 0.168160 -0.033203 0.974727 -0.031214 0.149496 -0.042381 0.987360 -0.031214 0.149496 -0.042381 0.987360 -0.031214 0.149496 -0.042381 0.987360 0.002323 0.273295 0.112836 0.955287 0.002323 0.273295 0.112836 0.955287 0.002323 0.273295 0.112836 0.955287 0.002323 0.273295 0.112836 0.955287 0.119307 0.089324 0.446409 0.882330 -0.058273 -0.184067 -0.856747 -0.478235 -0.058285 -0.184089 -0.856742 -0.478234 0.002323 0.273295 0.112836 0.955287 0.002323 0.273295 0.112836 0.955287 0.002323 0.273295 0.112836 0.955287 0.002323 0.273295 0.112836 0.955287 -0.158660 0.195502 -0.481009 0.839783 -0.318835 -0.083006 -0.532697 0.779544 -0.318815 -0.083020 -0.532695 0.779552
-0.001678 0.792913 -0.000674 0.005510 0.218568 0.098841 0.970787 -0.165044 0.247834 -0.000434 0.954641 0.151668 0.248699 0.010885 0.956571 -0.013599 0.231515 0.074573 0.969873 -0.013599 0.231515 0.074573 0.969873 -0.013599 0.231515 0.074573 0.969873 0.003430 0.203057 -0.060966 0.977261 0.155053 0.131246 -0.025952 0.978805 -0.033672 0.115553 -0.039292 0.991952 -0.033672 0.115553 -0.039292 0.991952 -0.033672 0.115553 -0.039292 0.991952 0.005510 0.218568 0.098842 0.970787 0.005510 0.218568 0.098842 0.970787 0.005510 0.218568 0.098842 0.970787 0.005510 0.218568 0.098842 0.970787 0.094586 0.134872 0.459097 0.872979 -0.008487 -0.322155 -0.820898 -0.471456 -0.008500 -0.322176 -0.820890 -0.471456 0.005510 0.218568 0.098842 0.970787 0.005510 0.218568 0.098842 0.970787 0.005510 0.218568 0.098842 0.970787 0.005510 0.218568 0.098842 0.970787 -0.123174 0.137522 -0.506132 0.842465 -0.264830 -0.103068 -0.523726 0.803090 -0.264809 -0.103082 -0.523724 0.803096
-0.001581 0.787715 -0.000755 0.001261 0.167760 0.081648 0.982440 -0.219812 0.179960 -0.024838 0.958478 0.141742 0.158361 0.007127 0.977128 -0.011751 0.127183 0.041862 0.990926 -0.011751 0.127183 0.041862 0.990926 -0.011751 0.127183 0.041862 0.990926 -0.025890 0.137311 -0.058830 0.988440 0.143877 0.067256 -0.008611 0.987270 -0.105948 0.047004 -0.018386 0.993090 -0.105948 0.047004 -0.018386 0.993090 -0.105948 0.047004 -0.018386 0.993090 0.001261 0.167760 0.081649 0.982440 0.001261 0.167760 0.081649 0.982440 0.001261 0.167760 0.081649 0.982440 0.001261 0.167760 0.081649 0.982440 0.065134 0.222476 0.483372 0.844165 0.080504 -0.529333 -0.711284 -0.455414 0.080492 -0.529351 -0.711270 -0.455416 0.001261 0.167760 0.081649 0.982440 0.001261 0.167760 0.081649 0.982440 0.001261 0.167760 0.081649 0.982440 0.001261 0.167760 0.081649 0.982440 -0.099665 0.100950 -0.540758 0.829130 -0.236384 -0.115693 -0.518606 0.813502 -0.236362 -0.115706 -0.518603 0.813509
-0.001542 0.782699 -0.000869 -0.006102 0.131493 0.053469 0.989855 -0.260299 0.155014 -0.033478 0.952415 0.157880 0.129887 0.032506 0.978339 0.026820 0.091994 0.057687 0.993725 0.026820 0.091994 0.057687 0.993725 0.026820 0.091994 0.057687 0.993725 -0.059962 0.106179 -0.055891 0.990963 0.137257 0.044611 0.014835 0.989419 -0.154756 0.018559 0.001457 0.987777 -0.154756 0.018559 0.001457 0.987777 -0.154756 0.018559 0.001457 0.987777 -0.006102 0.131493 0.053469 0.989855 -0.006102 0.131493 0.053469 0.989855 -0.006102 0.131493 0.053469 0.989855 -0.006102 0.131493 0.053469 0.989855 0.043118 0.302670 0.485663 0.818941 0.222759 -0.727004 -0.505777 -0.407472 0.222748 -0.727017 -0.505758 -0.407477 -0.006102 0.131493 0.053469 0.989855 -0.006102 0.131493 0.053469 0.989855 -0.006102 0.131493 0.053469 0.989855 -0.006102 0.131493 0.053469 0.989855 -0.086877 0.062442 -0.591516 0.799163 -0.225089 -0.129693 -0.520719 0.813244 -0.225067 -0.129707 -0.520716 0.813250
-0.001455 0.784435 -0.000822 0.002918 0.105079 0.031821 0.993950 -0.288651 0.150523 -0.038737 0.944734 0.212866 0.140593 0.057519 0.965201 0.215367 0.151099 0.110072 0.958473 0.215367 0.151099 0.110072 0.958473 0.215367 0.151099 0.110072 0.958473 -0.058925 0.104029 -0.057072 0.991185 0.157328 0.055942 0.013439 0.985869 -0.138977 0.043789 0.012129 0.989253 -0.138977 0.043789 0.012129 0.989253 -0.138977 0.043789 0.012129 0.989253 0.002918 0.105079 0.031821 0.993950 0.002918 0.105079 0.031821 0.993950 0.002918 0.105079 0.031821 0.993950 0.002918 0.105079 0.031821 0.993950 0.036068 0.387635 0.436028 0.811368 0.374020 -0.846952 -0.137053 -0.352133 0.374011 -0.846956 -0.137031 -0.352143 0.002918 0.105079 0.031821 0.993950 0.002918 0.105079 0.031821 0.993950 0.002918 0.105079 0.031821 0.993950 0.002918 0.105079 0.031821 0.993950 -0.067902 -0.002821 -0.663826 0.744792 -0.175737 -0.125090 -0.646766 0.731548 -0.175718 -0.125107 -0.646763 0.731553
-0.001343 0.792412 -0.000966 -0.002039 0.041974 0.012917 0.999033 -0.355332 0.116718 -0.064618 0.925171 0.269089 0.113723 0.081572 0.952892 0.311496 0.141366 0.148653 0.927841 0.311496 0.141366 0.148653 0.927841 0.311496 0.141366 0.148653 0.927841 -0.066716 0.063184 -0.060912 0.993905 0.169546 0.037564 0.012872 0.984722 -0.138693 0.042325 0.019683 0.989235 -0.138693 0.042325 0.019683 0.989235 -0.138693 0.042325 0.019683 0.989235 -0.002039 0.041974 0.012917 0.999033 -0.002039 0.041974 0.012917 0.999033 -0.002039 0.041974 0.012917 0.999033 -0.002039 0.041974 0.012917 0.999033 0.009013 0.407948 0.380385 0.829942 0.411208 -0.838923 0.062091 -0.351085 0.411199 -0.838922 0.062113 -0.351095 -0.002039 0.041974 0.012917 0.999033 -0.002039 0.041974 0.012917 0.999033 -0.002039 0.041974 0.012917 0.999033 -0.002039 0.041974 0.012917 0.999033 -0.024284 -0.368681 -0.659650 0.654482 -0.346595 -0.652701 -0.575605 0.350045 -0.346586 -0.652716 -0.575588 0.350054
-0.001160 0.804265 -0.001141 0.013936 0.003323 0.002378 0.999895 -0.303608 0.118648 -0.077647 0.942187 0.481600 0.104354 0.096701 0.864766 0.695742 0.156590 0.151511 0.684446 0.695742 0.156590 0.151511 0.684446 0.695742 0.156590 0.151511 0.684446 -0.065323 0.041900 -0.063167 0.994981 0.160977 0.040371 0.012239 0.986056 -0.133729 0.059952 0.021712 0.988965 -0.133729 0.059952 0.021712 0.988965 -0.133729 0.059952 0.021712 0.988965 0.013936 0.003323 0.002379 0.999895 0.013936 0.003323 0.002379 0.999895 0.013936 0.003323 0.002379 0.999895 0.013936 0.003323 0.002379 0.999895 0.012039 0.415922 0.210482 0.884625 0.299092 -0.829117 0.228522 -0.413385 0.299081 -0.829111 0.228543 -0.413393 0.013936 0.003323 0.002379 0.999895 0.013936 0.003323 0.002379 0.999895 0.013936 0.003323 0.002379 0.999895 0.013936 0.003323 0.002379 0.999895 0.007678 -0.545057 -0.587579 0.598000 -0.330353 -0.789957 -0.486705 0.173071 -0.330349 -0.789969 -0.486684 0.173080
-0.001073 0.820217 -0.001270 0.024221 -0.025196 -0.002371 0.999386 -0.261301 0.109780 -0.076800 0.955914 0.571981 0.089930 0.110226 0.807837 0.785810 0.135291 0.172668 0.578260 0.785810 0.135291 0.172668 0.578260 0.785810 0.135291 0.172668 0.578260 -0.061685 0.047138 -0.066792 0.994742 0.165454 0.066110 0.010879 0.983939 -0.063367 0.107760 0.032502 0.991623 -0.063367 0.107760 0.032502 0.991623 -0.063367 0.107760 0.032502 0.991623 0.024221 -0.025196 -0.002371 0.999386 0.024221 -0.025196 -0.002371 0.999386 0.024221 -0.025196 -0.002371 0.999386 0.024221 -0.025196 -0.002371 0.999386 0.021250 0.419495 0.066624 0.905060 0.220194 -0.772399 0.375813 -0.462254 0.220182 -0.772389 0.375833 -0.462260 0.024221 -0.025196 -0.002371 0.999386 0.024221 -0.025196 -0.002371 0.999386 0.024221 -0.025196 -0.002371 0.999386 0.024221 -0.025196 -0.002371 0.999386 0.024525 -0.663460 -0.505125 0.551423 -0.304138 -0.855386 -0.393073 0.145973 -0.304134 -0.855396 -0.393051 0.145981
-0.001037 0.845326 -0.001302 0.040354 -0.063363 -0.012321 0.997098 -0.373711 0.104468 -0.105834 0.915547 0.533846 0.081612 0.085849 0.837244 0.773341 0.123362 0.116141 0.610931 0.773341 0.123362 0.116141 0.610931 0.773341 0.123362 0.116141 0.610931 -0.064309 0.028699 -0.066086 0.995326 0.163678 0.063194 0.011701 0.984418 -0.034338 0.120975 0.038794 0.991303 -0.034338 0.120975 0.038794 0.991303 -0.034338 0.120975 0.038794 0.991303 0.040354 -0.063363 -0.012321 0.997098 0.040354 -0.063363 -0.012321 0.997098 0.040354 -0.063363 -0.012321 0.997098 0.040354 -0.063363 -0.012321 0.997098 0.043972 0.391735 -0.030817 0.918510 0.163119 -0.663729 0.494914 -0.536578 0.163105 -0.663716 0.494931 -0.536583 0.040354 -0.063363 -0.012321 0.997098 0.040354 -0.063363 -0.012321 0.997098 0.040354 -0.063363 -0.012321 0.997098 0.040354 -0.063363 -0.012321 0.997098 0.035041 -0.785372 -0.409110 0.463241 -0.414740 -0.882708 -0.212481 0.060577 -0.414739 -0.882713 -0.212458 0.060588
-0.001014 0.861241 -0.001242 0.040218 -0.093518 -0.024215 0.994510 -0.453482 0.059446 -0.078981 0.885767 0.480512 0.113938 0.154477 0.855724 0.736691 0.188206 0.304323 0.573805 0.736691 0.188206 0.304323 0.573805 0.736691 0.188206 0.304323 0.573805 -0.062775 -0.006450 -0.068610 0.995646 0.159713 0.024785 0.021288 0.986623 -0.032673 0.079740 0.039892 0.995481 -0.032673 0.079740 0.039892 0.995481 -0.032673 0.079740 0.039892 0.995481 0.040218 -0.093518 -0.024215 0.994510 0.040218 -0.093518 -0.024215 0.994510 0.040218 -0.093518 -0.024215 0.994510 0.040218 -0.093518 -0.024215 0.994510 0.057438 0.284476 -0.129396 0.948172 -0.095488 0.421064 -0.638440 0.637166 -0.095472 0.421047 -0.638451 0.637169 0.040218 -0.093518 -0.024215 0.994510 0.040218 -0.093518 -0.024215 0.994510 0.040218 -0.093518 -0.024215 0.994510 0.040218 -0.093518 -0.024215 0.994510 0.015072 -0.887886 -0.215502 0.406190 -0.574028 -0.814492 0.063988 -0.054766 -0.574030 -0.814491 0.064009 -0.054751
-0.001070 0.869533 -0.001222 0.016011 -0.154307 -0.026100 0.987548 -0.563075 -0.073729 -0.005554 0.823092 0.129778 0.208669 0.178954 0.952675 0.289648 0.381813 0.473291 0.739134 0.289648 0.381813 0.473291 0.739134 0.289648 0.381813 0.473291 0.739134 -0.062564 -0.057899 -0.070980 0.993829 0.158067 -0.015499 0.028731 0.986889 -0.030982 0.046942 0.044075 0.997444 -0.030982 0.046942 0.044075 0.997444 -0.030982 0.046942 0.044075 0.997444 0.016011 -0.154307 -0.026099 0.987548 0.016011 -0.154307 -0.026099 0.987548 0.016011 -0.154307 -0.026099 0.987548 0.016011 -0.154307 -0.026099 0.987548 0.046500 0.157771 -0.170093 0.971604 -0.034795 0.230866 -0.670678 0.704046 -0.034777 0.230849 -0.670684 0.704047 0.016011 -0.154307 -0.026099 0.987548 0.016011 -0.154307 -0.026099 0.987548 0.016011 -0.154307 -0.026099 0.987548 0.016011 -0.154307 -0.026099 0.987548 0.004094 -0.924261 -0.145928 0.352745 -0.546025 -0.831849 0.076774 -0.063166 -0.546026 -0.831847 0.076795 -0.063152
-0.001108 0.872404 -0.001308 0.027921 -0.144988 -0.026772 0.988677 -0.518336 0.000785 -0.059679 0.853091 0.403012 0.233159 0.079300 0.881436 0.745920 0.285902 0.246113 0.548900 0.745920 0.285902 0.246113 0.548900 0.745920 0.285902 0.246113 0.548900 -0.065641 -0.046037 -0.071159 0.994238 0.176573 -0.002138 0.032186 0.983759 0.014474 0.071245 0.053443 0.995921 0.014474 0.071245 0.053443 0.995921 0.014474 0.071245 0.053443 0.995921 0.027921 -0.144988 -0.026771 0.988677 0.027921 -0.144988 -0.026771 0.988677 0.027921 -0.144988 -0.026771 0.988677 0.027921 -0.144988 -0.026771 0.988677 0.060511 0.111277 -0.205189 0.970491 0.007410 0.176257 -0.658315 0.731779 0.007429 0.176240 -0.658320 0.731778 0.027921 -0.144988 -0.026771 0.988677 0.027921 -0.144988 -0.026771 0.988677 0.027921 -0.144988 -0.026771 0.988677 0.027921 -0.144988 -0.026771 0.988677 -0.002057 -0.928240 -0.087760 0.361475 -0.508166 -0.851528 0.117501 -0.053479 -0.508168 -0.851525 0.117523 -0.053466
-0.001102 0.809448 -0.001366 0.029819 -0.115944 -0.026184 0.992463 -0.508994 0.003251 -0.039519 0.859856 0.392935 0.246165 0.084054 0.882009 0.725323 0.297844 0.273721 0.557021 0.725323 0.297844 0.273721 0.557021 0.725323 0.297844 0.273721 0.557021 -0.161584 -0.039681 -0.080557 0.982765 0.152167 -0.001007 0.055401 0.986800 -0.022191 0.050697 0.071720 0.995888 -0.022191 0.050697 0.071720 0.995888 -0.022191 0.050697 0.071720 0.995888 0.029819 -0.115944 -0.026183 0.992463 0.029819 -0.115944 -0.026183 0.992463 0.029819 -0.115944 -0.026183 0.992463 0.029819 -0.115944 -0.026184 0.992463 0.056218 0.124814 -0.203719 0.969412 -0.000860 0.188191 -0.646751 0.739119 -0.000841 0.188174 -0.646756 0.739119 0.029819 -0.115944 -0.026183 0.992463 0.029819 -0.115944 -0.026183 0.992463 0.029819 -0.115944 -0.026183 0.992463 0.029819 -0.115944 -0.026184 0.992463 -0.001093 -0.924537 -0.105235 0.366272 -0.507682 -0.855011 0.103831 -0.020855 -0.507682 -0.855008 0.103853 -0.020842
-0.001093 0.752749 -0.001355 0.030980 -0.098734 -0.024773 0.994323 -0.429427 -0.046778 -0.095966 0.896769 0.351689 0.158466 0.081899 0.918964 0.681069 0.222703 0.156721 0.679696 0.681069 0.222703 0.156721 0.679696 0.681069 0.222703 0.156721 0.679696 -0.190467 0.008131 -0.113663 0.975057 0.269993 0.028164 0.125938 0.954175 0.190906 0.085270 0.135607 0.968450 0.190906 0.085270 0.135607 0.968450 0.190906 0.085270 0.135607 0.968450 0.030980 -0.098734 -0.024773 0.994323 0.030980 -0.098734 -0.024773 0.994323 0.030980 -0.098734 -0.024773 0.994323 0.030980 -0.098734 -0.024773 0.994323 0.051501 0.146547 -0.176932 0.971888 -0.012195 0.243937 -0.633427 0.734245 -0.012176 0.243921 -0.633433 0.734245 0.030980 -0.098734 -0.024773 0.994323 0.030980 -0.098734 -0.024773 0.994323 0.030980 -0.098734 -0.024773 0.994323 0.030980 -0.098734 -0.024773 0.994323 -0.008256 -0.926750 -0.031965 0.374226 -0.539505 -0.819669 0.189869 -0.032041 -0.539506 -0.819664 0.189890 -0.032027
-0.001122 0.744797 -0.001313 0.009175 -0.113109 -0.021626 0.993305 -0.365599 -0.101657 -0.115468 0.917971 0.303671 0.087684 0.097713 0.943688 0.626637 0.157917 0.131126 0.751794 0.626637 0.157917 0.131126 0.751794 0.626637 0.157917 0.131126 0.751794 -0.171536 -0.000364 -0.183150 0.968004 0.459289 -0.091862 0.137550 0.872751 0.541102 -0.058639 0.144626 0.826350 0.541102 -0.058639 0.144626 0.826350 0.541102 -0.058639 0.144626 0.826350 0.009175 -0.113109 -0.021626 0.993305 0.009175 -0.113109 -0.021626 0.993305 0.009175 -0.113109 -0.021626 0.993305 0.009175 -0.113109 -0.021626 0.993305 0.029896 0.192547 -0.147063 0.969744 -0.053306 0.323943 -0.625753 0.707568 -0.053288 0.323927 -0.625761 0.707569 0.009175 -0.113109 -0.021626 0.993305 0.009175 -0.113109 -0.021626 0.993305 0.009175 -0.113109 -0.021626 0.993305 0.009175 -0.113109 -0.021626 0.993305 -0.023845 -0.924466 0.063086 0.375252 -0.490838 -0.828624 0.257782 -0.077514 -0.490840 -0.828617 0.257804 -0.077502
-0.001175 0.783337 -0.001215 0.004877 -0.109909 -0.021066 0.993706 -0.277927 -0.136253 -0.107865 0.944752 0.245377 0.045078 0.094313 0.963776 0.584815 0.108350 0.109258 0.796439 0.584815 0.108350 0.109258 0.796439 0.584815 0.108350 0.109258 0.796439 -0.207635 0.005551 -0.242553 0.947642 0.531110 -0.153140 0.116449 0.825173 0.652562 -0.140086 0.053823 0.742726 0.652562 -0.140086 0.053823 0.742726 0.652562 -0.140086 0.053823 0.742726 0.004877 -0.109909 -0.021065 0.993706 0.004877 -0.109909 -0.021065 0.993706 0.004877 -0.109909 -0.021065 0.993706 0.004877 -0.109909 -0.021065 0.993706 0.023187 0.222536 -0.124090 0.966717 -0.080508 0.379506 -0.631322 0.671511 -0.080491 0.379490 -0.631331 0.671513 0.004877 -0.109909 -0.021065 0.993706 0.004877 -0.109909 -0.021065 0.993706 0.004877 -0.109909 -0.021065 0.993706 0.004877 -0.109909 -0.021065 0.993706 -0.016306 -0.930769 -0.014778 0.364946 -0.523964 -0.827674 0.193270 -0.055355 -0.523965 -0.827669 0.193291 -0.055342
-0.001272 0.826299 -0.001066 -0.022118 -0.158163 -0.018671 0.986989 -0.215607 -0.204262 -0.105827 0.948995 0.186465 -0.028528 0.083171 0.978519 0.567451 0.011450 0.065828 0.820692 0.567451 0.011450 0.065828 0.820692 0.567451 0.011450 0.065828 0.820692 -0.315878 -0.029259 -0.310247 0.896165 0.520977 -0.223873 0.142976 0.811185 0.701583 -0.202640 0.070631 0.679507 0.701583 -0.202640 0.070631 0.679507 0.701583 -0.202640 0.070631 0.679507 -0.022118 -0.158163 -0.018671 0.986989 -0.022118 -0.158163 -0.018671 0.986989 -0.022118 -0.158163 -0.018671 0.986989 -0.022118 -0.158163 -0.018671 0.986989 -0.002641 0.177340 -0.099508 0.979102 -0.086699 0.350031 -0.665341 0.653668 -0.086682 0.350014 -0.665350 0.653671 -0.022118 -0.158163 -0.018671 0.986989 -0.022118 -0.158163 -0.018671 0.986989 -0.022118 -0.158163 -0.018671 0.986989 -0.022118 -0.158163 -0.018671 0.986989 -0.026907 -0.950121 0.012330 0.310475 -0.661585 -0.691584 0.230154 -0.176202 -0.661589 -0.691578 0.230172 -0.176185
-0.001336 0.844378 -0.000992 -0.020465 -0.151479 -0.018886 0.988068 -0.176689 -0.215818 -0.086153 0.956442 0.151363 -0.041598 0.076290 0.984652 0.547053 -0.028327 0.018867 0.836406 0.547053 -0.028327 0.018867 0.836406 0.547053 -0.028327 0.018867 0.836406 -0.348944 0.009966 -0.331783 0.876390 0.541293 -0.213915 0.103679 0.806532 0.745318 -0.202305 0.023411 0.634843 0.745318 -0.202305 0.023411 0.634843 0.745318 -0.202305 0.023411 0.634843 -0.020465 -0.151479 -0.018886 0.988068 -0.020465 -0.151479 -0.018886 0.988068 -0.020465 -0.151479 -0.018886 0.988068 -0.020465 -0.151479 -0.018886 0.988068 -0.016556 0.187609 -0.001300 0.982103 -0.131883 0.380496 -0.634832 0.659407 -0.131866 0.380479 -0.634842 0.659410 -0.020465 -0.151479 -0.018886 0.988068 -0.020465 -0.151479 -0.018886 0.988068 -0.020465 -0.151479 -0.018886 0.988068 -0.020465 -0.151479 -0.018886 0.988068 -0.013702 -0.947129 -0.070942 0.312612 -0.584149 -0.783499 0.136465 -0.162101 -0.584153 -0.783496 0.136486 -0.162086
-0.001362 0.844901 -0.000946 -0.044940 -0.184260 -0.013787 0.981753 -0.150904 -0.267194 -0.070015 0.949175 0.121176 -0.103983 0.065896 0.984968 0.529690 -0.117189 -0.060033 0.837909 0.529690 -0.117189 -0.060033 0.837909 0.529690 -0.117189 -0.060033 0.837909 -0.445651 0.029580 -0.331989 0.830845 0.415746 -0.188784 0.055987 0.887909 0.517458 -0.221302 -0.143617 0.814025 0.517458 -0.221302 -0.143617 0.814025 0.517458 -0.221302 -0.143617 0.814025 -0.044940 -0.184260 -0.013786 0.981753 -0.044940 -0.184260 -0.013786 0.981753 -0.044940 -0.184260 -0.013786 0.981753 -0.044940 -0.184260 -0.013786 0.981753 -0.059499 0.222430 0.097514 0.968233 -0.214695 0.461242 -0.556688 0.656704 -0.214678 0.461228 -0.556700 0.656710 -0.044940 -0.184260 -0.013786 0.981753 -0.044940 -0.184260 -0.013786 0.981753 -0.044940 -0.184260 -0.013786 0.981753 -0.044940 -0.184260 -0.013786 0.981753 0.003770 -0.935102 -0.166363 0.312879 -0.567847 -0.815242 0.044537 -0.104629 -0.567849 -0.815241 0.044559 -0.104615
-0.001315 0.824728 -0.000929 -0.084802 -0.156319 -0.011188 0.983996 -0.172907 -0.239634 -0.019014 0.955153 0.022760 -0.035127 0.064162 0.997061 0.325554 -0.100405 -0.184369 0.921923 0.325554 -0.100405 -0.184369 0.921923 0.325554 -0.100405 -0.184369 0.921923 -0.572607 0.005773 -0.269319 0.774309 0.079179 -0.061144 0.122042 0.987470 -0.077999 -0.131066 -0.065906 0.986101 -0.077999 -0.131066 -0.065906 0.986101 -0.077999 -0.131066 -0.065906 0.986101 -0.084802 -0.156319 -0.011187 0.983996 -0.084802 -0.156319 -0.011187 0.983996 -0.084802 -0.156319 -0.011187 0.983996 -0.084802 -0.156319 -0.011187 0.983996 -0.110675 0.280577 0.212542 0.929437 -0.315109 0.564054 -0.348747 0.678914 -0.315092 0.564045 -0.348762 0.678923 -0.084802 -0.156319 -0.011187 0.983996 -0.084802 -0.156319 -0.011187 0.983996 -0.084802 -0.156319 -0.011187 0.983996 -0.084802 -0.156319 -0.011187 0.983996 0.003736 -0.846494 -0.316383 0.428177 -0.457309 -0.876027 -0.095575 0.119629 -0.457306 -0.876029 -0.095552 0.119640
-0.001249 0.802093 -0.001124 -0.108200 -0.168552 -0.011208 0.979672 -0.173381 -0.237223 -0.007477 0.955829 0.008676 -0.005601 0.080831 0.996674 0.253033 -0.068580 -0.178899 0.948296 0.253033 -0.068580 -0.178899 0.948296 0.253033 -0.068580 -0.178899 0.948296 -0.565875 -0.025668 -0.269510 0.778775 0.039753 -0.048906 0.143251 0.987678 -0.143214 -0.065698 -0.016980 0.987363 -0.143214 -0.065698 -0.016980 0.987363 -0.143214 -0.065698 -0.016980 0.987363 -0.108200 -0.168552 -0.011208 0.979672 -0.108200 -0.168552 -0.011208 0.979672 -0.108200 -0.168552 -0.011208 0.979672 -0.108200 -0.168552 -0.011208 0.979672 -0.149034 0.282192 0.310111 0.895538 -0.351616 0.568617 -0.101938 0.736648 -0.351597 0.568614 -0.101953 0.736657 -0.108200 -0.168552 -0.011208 0.979672 -0.108200 -0.168552 -0.011208 0.979672 -0.108200 -0.168552 -0.011208 0.979672 -0.108200 -0.168552 -0.011208 0.979672 0.013786 -0.751752 -0.443359 0.487967 -0.364219 -0.867064 -0.271192 0.204938 -0.364214 -0.867071 -0.271169 0.204947
-0.001178 0.788886 -0.001296 -0.082488 -0.231098 -0.007203 0.969401 -0.167619 -0.295699 0.004736 0.940449 0.015388 -0.062475 0.099258 0.992979 0.268432 -0.121107 -0.160053 0.942157 0.268432 -0.121107 -0.160053 0.942157 0.268432 -0.121107 -0.160053 0.942157 -0.515219 -0.069524 -0.282719 0.806093 0.059708 -0.102227 0.153089 0.981095 -0.129885 -0.108364 -0.014789 0.985479 -0.129885 -0.108364 -0.014789 0.985479 -0.129885 -0.108364 -0.014789 0.985479 -0.082488 -0.231098 -0.007202 0.969401 -0.082488 -0.231098 -0.007202 0.969401 -0.082488 -0.231098 -0.007202 0.969401 -0.082488 -0.231098 -0.007202 0.969401 -0.173347 0.214098 0.426274 0.861628 -0.357450 0.446690 0.109008 0.812905 -0.357429 0.446693 0.108996 0.812914 -0.082488 -0.231098 -0.007202 0.969401 -0.082488 -0.231098 -0.007202 0.969401 -0.082488 -0.231098 -0.007202 0.969401 -0.082488 -0.231098 -0.007202 0.969401 0.079303 -0.664591 -0.536747 0.513744 -0.274594 -0.828698 -0.429431 0.231187 -0.274588 -0.828709 -0.429409 0.231195
-0.001153 0.783079 -0.001467 -0.044689 -0.256073 -0.009235 0.965580 -0.178443 -0.323541 -0.012765 0.929148 0.017745 -0.096454 0.114097 0.988617 0.237188 -0.170017 -0.196135 0.936145 0.237188 -0.170017 -0.196135 0.936145 0.237188 -0.170017 -0.196135 0.936145 -0.412153 -0.113588 -0.257895 0.866440 0.080933 -0.182207 0.165207 0.965897 -0.153058 -0.219029 -0.036875 0.962933 -0.153058 -0.219029 -0.036875 0.962933 -0.153058 -0.219029 -0.036875 0.962933 -0.044690 -0.256073 -0.009234 0.965580 -0.044690 -0.256073 -0.009234 0.965580 -0.044690 -0.256073 -0.009234 0.965580 -0.044690 -0.256073 -0.009234 0.965580 -0.168318 0.070862 0.488308 0.853348 -0.266059 0.181955 0.230625 0.918105 -0.266035 0.181961 0.230620 0.918112 -0.044690 -0.256073 -0.009234 0.965580 -0.044690 -0.256073 -0.009234 0.965580 -0.044690 -0.256073 -0.009234 0.965580 -0.044690 -0.256073 -0.009234 0.965580 0.123493 -0.528971 -0.589131 0.598218 -0.166430 -0.712013 -0.495256 0.469106 -0.166418 -0.712026 -0.495237 0.469111
-0.001166 0.773934 -0.001580 -0.039326 -0.265760 -0.002044 0.963235 -0.189645 -0.328489 -0.034805 0.924618 0.009641 -0.083690 0.159706 0.983563 0.174601 -0.149788 -0.180529 0.956288 0.174601 -0.149788 -0.180529 0.956288 0.174601 -0.149788 -0.180529 0.956288 -0.358530 -0.128589 -0.241260 0.892589 0.067638 -0.204416 0.153104 0.964468 -0.224695 -0.233539 -0.073960 0.943134 -0.224695 -0.233539 -0.073960 0.943134 -0.224695 -0.233539 -0.073960 0.943134 -0.039327 -0.265760 -0.002044 0.963235 -0.039327 -0.265760 -0.002044 0.963235 -0.039327 -0.265760 -0.002044 0.963235 -0.039327 -0.265760 -0.002044 0.963235 -0.171752 -0.082420 0.496561 0.846839 -0.203697 -0.024779 0.302668 0.930745 -0.203673 -0.024771 0.302669 0.930750 -0.039327 -0.265760 -0.002044 0.963235 -0.039327 -0.265760 -0.002044 0.963235 -0.039327 -0.265760 -0.002044 0.963235 -0.039327 -0.265760 -0.002044 0.963235 0.133889 -0.413965 -0.589206 0.680840 -0.065790 -0.548713 -0.444851 0.704764 -0.065771 -0.548725 -0.444837 0.704766
-0.001231 0.767198 -0.001548 -0.060921 -0.243126 0.010550 0.968022 -0.195634 -0.318295 -0.037904 0.926811 0.029869 -0.076009 0.208411 0.974626 0.162106 -0.150518 -0.175941 0.959224 0.162106 -0.150518 -0.175941 0.959224 0.162106 -0.150518 -0.175941 0.959224 -0.303148 -0.148046 -0.225820 0.913887 0.050090 -0.240520 0.131642 0.960370 -0.258748 -0.279431 -0.123837 0.916315 -0.258748 -0.279431 -0.123837 0.916315 -0.258748 -0.279431 -0.123837 0.916315 -0.060921 -0.243126 0.010551 0.968022 -0.060921 -0.243126 0.010551 0.968022 -0.060921 -0.243126 0.010551 0.968022 -0.060921 -0.243126 0.010551 0.968022 -0.175121 -0.138519 0.492489 0.841189 -0.195404 -0.089579 0.354794 0.909898 -0.195380 -0.089570 0.354796 0.909903 -0.060921 -0.243126 0.010551 0.968022 -0.060921 -0.243126 0.010551 0.968022 -0.060921 -0.243126 0.010551 0.968022 -0.060921 -0.243126 0.010551 0.968022 0.107863 -0.279417 -0.602676 0.739644 0.000572 -0.334774 -0.392978 0.856443 0.000594 -0.334785 -0.392970 0.856443
-0.001278 0.766413 -0.001474 -0.055135 -0.239960 0.018897 0.969032 -0.181752 -0.319331 -0.050644 0.928671 0.078156 -0.079958 0.227082 0.967436 0.203050 -0.142788 -0.176721 0.952445 0.203050 -0.142788 -0.176721 0.952445 0.203050 -0.142788 -0.176721 0.952445 -0.239198 -0.153847 -0.201929 0.937198 0.052556 -0.242830 0.105860 0.962842 -0.283445 -0.250844 -0.150896 0.913218 -0.283445 -0.250844 -0.150896 0.913218 -0.283445 -0.250844 -0.150896 0.913218 -0.055135 -0.239960 0.018898 0.969032 -0.055135 -0.239960 0.018898 0.969032 -0.055135 -0.239960 0.018898 0.969032 -0.055135 -0.239960 0.018898 0.969032 -0.166811 -0.168971 0.494879 0.835893 -0.190217 -0.111396 0.380686 0.898046 -0.190193 -0.111386 0.380689 0.898051 -0.055135 -0.239960 0.018898 0.969032 -0.055135 -0.239960 0.018898 0.969032 -0.055135 -0.239960 0.018898 0.969032 -0.055135 -0.239960 0.018898 0.969032 0.099392 -0.233631 -0.563590 0.786068 0.021891 -0.258415 -0.307552 0.915508 0.021914 -0.258423 -0.307545 0.915507
-0.001305 0.772095 -0.001405 -0.050766 -0.236641 0.025453 0.969936 -0.183331 -0.318867 -0.064194 0.927682 0.086985 -0.094440 0.214115 0.968333 0.182808 -0.184220 -0.242921 0.934684 0.182808 -0.184220 -0.242921 0.934684 0.182808 -0.184220 -0.242921 0.934684 -0.185469 -0.156875 -0.180122 0.953177 0.076355 -0.246912 0.090538 0.961773 -0.278540 -0.240183 -0.169597 0.914311 -0.278540 -0.240183 -0.169597 0.914311 -0.278540 -0.240183 -0.169597 0.914311 -0.050767 -0.236641 0.025454 0.969936 -0.050767 -0.236641 0.025454 0.969936 -0.050767 -0.236641 0.025454 0.969936 -0.050767 -0.236641 0.025454 0.969936 -0.157098 -0.205802 0.487108 0.834081 -0.187993 -0.129357 0.385668 0.893972 -0.187970 -0.129347 0.385672 0.893977 -0.050767 -0.236641 0.025454 0.969936 -0.050767 -0.236641 0.025454 0.969936 -0.050767 -0.236641 0.025454 0.969936 -0.050767 -0.236641 0.025454 0.969936 0.089617 -0.179166 -0.525447 0.826906 0.023402 -0.207975 -0.244346 0.946833 0.023427 -0.207981 -0.244341 0.946833
-0.001322 0.780445 -0.001348 -0.056028 -0.233995 0.030476 0.970144 -0.191197 -0.306233 -0.060698 0.930581 0.070139 -0.053647 0.215244 0.972560 0.111789 -0.146307 -0.250253 0.950511 0.111789 -0.146307 -0.250253 0.950511 0.111789 -0.146307 -0.250253 0.950511 -0.172634 -0.145778 -0.143363 0.963532 0.074939 -0.230349 0.069542 0.967723 -0.282467 -0.216882 -0.183859 0.916171 -0.282467 -0.216882 -0.183859 0.916171 -0.282467 -0.216882 -0.183859 0.916171 -0.056029 -0.233995 0.030476 0.970144 -0.056029 -0.233995 0.030476 0.970144 -0.056029 -0.233995 0.030476 0.970144 -0.056029 -0.233995 0.030476 0.970144 -0.147460 -0.291800 0.450447 0.830786 -0.161810 -0.216854 0.340373 0.900521 -0.161787 -0.216845 0.340378 0.900525 -0.056029 -0.233995 0.030476 0.970144 -0.056029 -0.233995 0.030476 0.970144 -0.056029 -0.233995 0.030476 0.970144 -0.056029 -0.233995 0.030476 0.970144 0.071696 -0.132349 -0.486135 0.860823 0.009321 -0.178308 -0.192897 0.964837 0.009346 -0.178313 -0.192893 0.964837
-0.001330 0.783751 -0.001276 -0.074618 -0.245351 0.040177 0.965723 -0.200983 -0.328954 -0.063997 0.920489 0.037038 -0.071603 0.218456 0.972511 0.083340 -0.172064 -0.239883 0.951790 0.083340 -0.172064 -0.239883 0.951790 0.083340 -0.172064 -0.239883 0.951790 -0.183818 -0.148024 -0.102253 0.966356 0.038727 -0.236791 0.053299 0.969324 -0.282475 -0.233429 -0.197194 0.909304 -0.282475 -0.233429 -0.197194 0.909304 -0.282475 -0.233429 -0.197194 0.909304 -0.074618 -0.245351 0.040178 0.965723 -0.074618 -0.245351 0.040178 0.965723 -0.074618 -0.245351 0.040178 0.965723 -0.074618 -0.245351 0.040178 0.965723 -0.149791 -0.379833 0.402632 0.819254 -0.144538 -0.313374 0.292197 0.891923 -0.144515 -0.313366 0.292205 0.891927 -0.074618 -0.245351 0.040178 0.965723 -0.074618 -0.245351 0.040178 0.965723 -0.074618 -0.245351 0.040178 0.965723 -0.074618 -0.245351 0.040178 0.965723 0.052030 -0.096842 -0.457322 0.882480 -0.006238 -0.157714 -0.164847 0.973608 -0.006212 -0.157718 -0.164843 0.973608
-0.001332 0.784933 -0.001201 -0.091749 -0.247864 0.051129 0.963084 -0.216776 -0.336170 -0.071022 0.913758 0.000367 -0.069060 0.205711 0.976173 0.045269 -0.174306 -0.245599 0.952496 0.045269 -0.174306 -0.245599 0.952496 0.045269 -0.174306 -0.245599 0.952496 -0.205490 -0.135299 -0.070443 0.966698 0.015256 -0.229904 0.037398 0.972375 -0.272616 -0.238770 -0.206845 0.908782 -0.272616 -0.238770 -0.206845 0.908782 -0.272616 -0.238770 -0.206845 0.908782 -0.091749 -0.247864 0.051129 0.963084 -0.091749 -0.247864 0.051129 0.963084 -0.091749 -0.247864 0.051129 0.963084 -0.091749 -0.247864 0.051129 0.963084 -0.146876 -0.435013 0.359763 0.812257 -0.131860 -0.379123 0.263593 0.877153 -0.131838 -0.379117 0.263603 0.877156 -0.091749 -0.247864 0.051129 0.963084 -0.091749 -0.247864 0.051129 0.963084 -0.091749 -0.247864 0.051129 0.963084 -0.091749 -0.247864 0.051129 0.963084 0.031061 -0.066449 -0.438538 0.895714 -0.021118 -0.136610 -0.160028 0.977386 -0.021093 -0.136614 -0.160025 0.977386
-0.001342 0.784639 -0.001146 -0.095027 -0.233498 0.057966 0.965965 -0.218187 -0.338628 -0.081843 0.911607 0.005949 -0.085757 0.204318 0.975123 0.080130 -0.188062 -0.239643 0.949096 0.080130 -0.188062 -0.239643 0.949096 0.080130 -0.188062 -0.239643 0.949096 -0.220008 -0.122455 -0.054530 0.966244 0.011548 -0.227953 0.025590 0.973267 -0.261999 -0.241845 -0.216956 0.908734 -0.261999 -0.241845 -0.216956 0.908734 -0.261999 -0.241845 -0.216956 0.908734 -0.095027 -0.233498 0.057967 0.965965 -0.095027 -0.233498 0.057967 0.965965 -0.095027 -0.233498 0.057967 0.965965 -0.095027 -0.233498 0.057967 0.965965 -0.135739 -0.449912 0.342076 0.813719 -0.128643 -0.395567 0.271580 0.867884 -0.128620 -0.395560 0.271590 0.867887 -0.095027 -0.233498 0.057967 0.965965 -0.095027 -0.233498 0.057967 0.965965 -0.095027 -0.233498 0.057967 0.965965 -0.095027 -0.233498 0.057967 0.965965 0.016741 -0.043648 -0.426105 0.903465 -0.036664 -0.133382 -0.168916 0.975875 -0.036638 -0.133386 -0.168913 0.975876
-0.001372 0.786616 -0.001110 -0.084377 -0.177405 0.058104 0.978791 -0.208766 -0.281417 -0.097958 0.931464 0.039150 -0.030062 0.175877 0.983174 0.086776 -0.117853 -0.265439 0.952955 0.086776 -0.117853 -0.265439 0.952955 0.086776 -0.117853 -0.265439 0.952955 -0.170576 -0.083759 -0.060568 0.979908 0.053208 -0.200782 0.007644 0.978160 -0.244853 -0.206580 -0.233093 0.918172 -0.244853 -0.206580 -0.233093 0.918172 -0.244853 -0.206580 -0.233093 0.918172 -0.084378 -0.177405 0.058105 0.978791 -0.084378 -0.177405 0.058105 0.978791 -0.084378 -0.177405 0.058105 0.978791 -0.084378 -0.177405 0.058105 0.978791 -0.118004 -0.386362 0.382345 0.831031 -0.159489 -0.286842 0.360201 0.873235 -0.159466 -0.286833 0.360208 0.873240 -0.084378 -0.177405 0.058105 0.978791 -0.084378 -0.177405 0.058105 0.978791 -0.084378 -0.177405 0.058105 0.978791 -0.084378 -0.177405 0.058105 0.978791 0.001063 -0.023945 -0.427780 0.903565 -0.062866 -0.145828 -0.189961 0.968864 -0.062841 -0.145833 -0.189957 0.968865
-0.001411 0.787133 -0.001096 -0.072467 -0.128379 0.055543 0.987513 -0.195299 -0.242791 -0.107939 0.944066 0.072682 -0.012183 0.156981 0.984848 0.118573 -0.098257 -0.293788 0.943385 0.118573 -0.098257 -0.293788 0.943385 0.118573 -0.098257 -0.293788 0.943385 -0.137840 -0.050527 -0.072792 0.986483 0.071219 -0.178175 0.001154 0.981417 -0.244420 -0.177561 -0.236217 0.923543 -0.244420 -0.177561 -0.236217 0.923543 -0.244420 -0.177561 -0.236217 0.923543 -0.072467 -0.128379 0.055543 0.987513 -0.072467 -0.128379 0.055543 0.987513 -0.072467 -0.128379 0.055543 0.987513 -0.072468 -0.128379 0.055543 0.987513 -0.099748 -0.312065 0.426355 0.843141 -0.167467 -0.187444 0.431651 0.866312 -0.167444 -0.187433 0.431656 0.866317 -0.072467 -0.128379 0.055543 0.987513 -0.072467 -0.128379 0.055543 0.987513 -0.072467 -0.128379 0.055543 0.987513 -0.072467 -0.128379 0.055543 0.987513 -0.006964 -0.023403 -0.442364 0.896503 -0.078773 -0.156598 -0.227473 0.957877 -0.078748 -0.156604 -0.227469 0.957879
-0.001433 0.786859 -0.001078 -0.063899 -0.095030 0.053507 0.991979 -0.187621 -0.219614 -0.113957 0.950569 0.096684 -0.005296 0.155179 0.983130 0.158101 -0.081432 -0.290845 0.940097 0.158101 -0.081432 -0.290845 0.940097 0.158101 -0.081432 -0.290845 0.940097 -0.123368 -0.028837 -0.083788 0.988397 0.082581 -0.165591 0.001449 0.982730 -0.237685 -0.166353 -0.233365 0.928102 -0.237685 -0.166353 -0.233365 0.928102 -0.237685 -0.166353 -0.233365 0.928102 -0.063899 -0.095030 0.053508 0.991979 -0.063899 -0.095030 0.053508 0.991979 -0.063899 -0.095030 0.053508 0.991979 -0.063899 -0.095030 0.053508 0.991979 -0.085753 -0.249536 0.468822 0.842961 -0.153169 -0.133194 0.473038 0.857341 -0.153146 -0.133181 0.473041 0.857345 -0.063899 -0.095030 0.053508 0.991979 -0.063899 -0.095030 0.053508 0.991979 -0.063899 -0.095030 0.053508 0.991979 -0.063899 -0.095030 0.053508 0.991979 -0.011045 -0.029098 -0.463702 0.885445 -0.085846 -0.159155 -0.281707 0.942306 -0.085821 -0.159163 -0.281703 0.942308
-0.001440 0.786817 -0.001026 -0.042821 -0.045218 0.047556 0.996925 -0.179294 -0.179917 -0.115782 0.960249 0.104993 0.031940 0.154182 0.981929 0.166745 -0.033082 -0.277772 0.945486 0.166745 -0.033082 -0.277772 0.945486 0.166745 -0.033082 -0.277772 0.945486 -0.103239 0.005410 -0.092700 0.990313 0.093925 -0.146304 0.002461 0.984768 -0.227384 -0.154114 -0.228417 0.934008 -0.227384 -0.154114 -0.228417 0.934008 -0.227384 -0.154114 -0.228417 0.934008 -0.042821 -0.045218 0.047556 0.996925 -0.042821 -0.045218 0.047556 0.996925 -0.042821 -0.045218 0.047556 0.996925 -0.042821 -0.045218 0.047556 0.996925 -0.050299 -0.185257 0.509425 0.838830 -0.102290 -0.098887 0.503745 0.852056 -0.102268 -0.098874 0.503748 0.852058 -0.042821 -0.045218 0.047556 0.996925 -0.042821 -0.045218 0.047556 0.996925 -0.042821 -0.045218 0.047556 0.996925 -0.042821 -0.045218 0.047556 0.996925 -0.013650 -0.019450 -0.498969 0.866294 -0.096650 -0.156111 -0.345888 0.920136 -0.096626 -0.156120 -0.345884 0.920138
-0.001451 0.791508 -0.000977 -0.042755 -0.046119 0.040478 0.997199 -0.175111 -0.160355 -0.104314 0.965785 0.099336 0.072460 0.142002 0.982200 0.142669 0.019286 -0.272080 0.951444 0.142669 0.019286 -0.272080 0.951444 0.142669 0.019286 -0.272080 0.951444 -0.107402 0.003879 -0.094510 0.989706 0.089955 -0.144511 0.005917 0.985388 -0.216443 -0.151980 -0.219333 0.939121 -0.216443 -0.151980 -0.219333 0.939121 -0.216443 -0.151980 -0.219333 0.939121 -0.042755 -0.046119 0.040478 0.997199 -0.042755 -0.046119 0.040478 0.997199 -0.042755 -0.046119 0.040478 0.997199 -0.042755 -0.046119 0.040478 0.997199 -0.053423 -0.166843 0.535915 0.825896 -0.096547 -0.093780 0.506430 0.851711 -0.096525 -0.093766 0.506433 0.851714 -0.042755 -0.046119 0.040478 0.997199 -0.042755 -0.046119 0.040478 0.997199 -0.042755 -0.046119 0.040478 0.997199 -0.042755 -0.046119 0.040478 0.997199 -0.009324 -0.034015 -0.545079 0.837642 -0.096828 -0.161383 -0.442070 0.877014 -0.096805 -0.161395 -0.442066 0.877017
-0.001425 0.795057 -0.001066 -0.077907 -0.000854 0.022535 0.996706 -0.191017 -0.109537 -0.083297 0.971893 0.038182 0.148492 0.109115 0.982133 0.019380 0.069521 -0.308745 0.948403 0.019380 0.069521 -0.308745 0.948403 0.019380 0.069521 -0.308745 0.948403 -0.131601 0.050891 -0.093583 0.985563 0.079171 -0.096166 0.003299 0.992206 -0.225089 -0.100193 -0.202131 0.947860 -0.225089 -0.100193 -0.202131 0.947860 -0.225089 -0.100193 -0.202131 0.947860 -0.077907 -0.000854 0.022536 0.996706 -0.077907 -0.000854 0.022536 0.996706 -0.077907 -0.000854 0.022536 0.996706 -0.077907 -0.000854 0.022536 0.996706 -0.062077 -0.067644 0.582865 0.807365 -0.144017 0.049461 0.523293 0.838437 -0.143995 0.049474 0.523292 0.838441 -0.077907 -0.000854 0.022536 0.996706 -0.077907 -0.000854 0.022536 0.996706 -0.077907 -0.000854 0.022536 0.996706 -0.077907 -0.000854 0.022536 0.996706 -0.060181 -0.064282 -0.600044 0.795106 -0.169942 -0.200632 -0.527244 0.808010 -0.169922 -0.200646 -0.527239 0.808014
-0.001373 0.805308 -0.001186 -0.067104 0.046862 0.011113 0.996583 -0.154411 -0.011555 -0.063225 0.985914 0.055424 0.282335 0.069432 0.955193 -0.112003 0.221605 -0.334114 0.909238 -0.112003 0.221605 -0.334114 0.909238 -0.112003 0.221605 -0.334114 0.909238 -0.099628 0.106599 -0.091025 0.985102 0.112414 -0.031420 0.003050 0.993160 -0.212314 -0.026236 -0.177797 0.960533 -0.212314 -0.026236 -0.177797 0.960533 -0.212314 -0.026236 -0.177797 0.960533 -0.067104 0.046862 0.011113 0.996583 -0.067104 0.046862 0.011113 0.996583 -0.067104 0.046862 0.011113 0.996583 -0.067104 0.046862 0.011113 0.996583 -0.026041 0.073310 0.601786 0.794859 -0.181028 0.267878 0.517575 0.792203 -0.181007 0.267892 0.517568 0.792208 -0.067104 0.046862 0.011113 0.996583 -0.067104 0.046862 0.011113 0.996583 -0.067104 0.046862 0.011113 0.996583 -0.067104 0.046862 0.011113 0.996583 -0.079598 -0.125153 -0.625082 0.766337 -0.297027 -0.392716 -0.564196 0.662746 -0.297009 -0.392731 -0.564186 0.662753
-0.001318 0.813146 -0.001258 -0.074238 0.065933 0.004058 0.995050 -0.118610 0.077778 -0.039442 0.989104 0.099578 0.387137 0.069974 0.913954 -0.132485 0.349451 -0.304546 0.876118 -0.132485 0.349451 -0.304546 0.876118 -0.132485 0.349451 -0.304546 0.876118 -0.088237 0.149675 -0.084710 0.981140 0.137840 0.041029 0.007891 0.989573 -0.215178 0.066481 -0.136922 0.964640 -0.215178 0.066481 -0.136922 0.964640 -0.215178 0.066481 -0.136922 0.964640 -0.074238 0.065933 0.004058 0.995050 -0.074238 0.065933 0.004058 0.995050 -0.074238 0.065933 0.004058 0.995050 -0.074238 0.065933 0.004058 0.995050 -0.019887 0.238358 0.586147 0.774094 0.373950 -0.627769 -0.376800 -0.569288 0.373935 -0.627779 -0.376783 -0.569298 -0.074238 0.065933 0.004058 0.995050 -0.074238 0.065933 0.004058 0.995050 -0.074238 0.065933 0.004058 0.995050 -0.074238 0.065933 0.004058 0.995050 -0.096489 -0.196911 -0.621097 0.752432 -0.420072 -0.601742 -0.511746 0.446724 -0.420060 -0.601755 -0.511731 0.446735
-0.001280 0.816158 -0.001157 -0.079378 0.075681 0.002421 0.993965 -0.101522 0.107241 -0.024194 0.988740 0.115513 0.427003 0.063442 0.894595 -0.140535 0.399670 -0.294555 0.856593 -0.140535 0.399670 -0.294555 0.856593 -0.140535 0.399670 -0.294555 0.856593 -0.088748 0.187317 -0.073330 0.975530 0.135715 0.110184 0.004644 0.984591 -0.244479 0.152020 -0.104349 0.951962 -0.244479 0.152020 -0.104349 0.951962 -0.244479 0.152020 -0.104349 0.951962 -0.079378 0.075681 0.002422 0.993965 -0.079378 0.075681 0.002422 0.993965 -0.079378 0.075681 0.002422 0.993965 -0.079378 0.075681 0.002422 0.993965 -0.021313 0.354653 0.535221 0.766359 0.514678 -0.799124 -0.111269 -0.290046 0.514670 -0.799127 -0.111249 -0.290059 -0.079378 0.075681 0.002422 0.993965 -0.079378 0.075681 0.002422 0.993965 -0.079378 0.075681 0.002422 0.993965 -0.079378 0.075681 0.002422 0.993965 -0.104598 -0.270165 -0.601767 0.744276 -0.522259 -0.755616 -0.329103 0.219046 -0.522253 -0.755625 -0.329083 0.219060
-0.001243 0.823491 -0.001082 -0.073189 0.081779 0.003265 0.993954 -0.084814 0.115251 -0.011045 0.989647 0.141286 0.438834 0.068122 0.884773 -0.084557 0.430439 -0.274499 0.855700 -0.084557 0.430439 -0.274499 0.855700 -0.084557 0.430439 -0.274499 0.855700 -0.078065 0.191503 -0.065175 0.976209 0.153404 0.111913 0.011228 0.981742 -0.206072 0.153243 -0.100081 0.961267 -0.206072 0.153243 -0.100081 0.961267 -0.206072 0.153243 -0.100081 0.961267 -0.073189 0.081779 0.003265 0.993954 -0.073189 0.081779 0.003265 0.993954 -0.073189 0.081779 0.003265 0.993954 -0.073189 0.081779 0.003265 0.993954 -0.012731 0.383294 0.534568 0.753101 0.522702 -0.819269 -0.122292 -0.201558 0.522697 -0.819272 -0.122271 -0.201572 -0.073189 0.081779 0.003265 0.993954 -0.073189 0.081779 0.003265 0.993954 -0.073189 0.081779 0.003265 0.993954 -0.073189 0.081779 0.003265 0.993954 -0.103913 -0.271542 -0.626976 0.722750 -0.557665 -0.752137 -0.313136 0.158890 -0.557661 -0.752145 -0.313117 0.158904
-0.001219 0.830543 -0.001052 -0.070961 0.074236 0.005238 0.994699 -0.066209 0.108333 -0.002794 0.991903 0.149068 0.436888 0.068254 0.884449 -0.047205 0.453234 -0.269307 0.848424 -0.047205 0.453234 -0.269307 0.848424 -0.047205 0.453234 -0.269307 0.848424 -0.075586 0.172723 -0.061119 0.980162 0.156741 0.081164 0.018279 0.984129 -0.172241 0.110806 -0.111628 0.972417 -0.172241 0.110806 -0.111628 0.972417 -0.172241 0.110806 -0.111628 0.972417 -0.070961 0.074236 0.005238 0.994699 -0.070961 0.074236 0.005238 0.994699 -0.070961 0.074236 0.005238 0.994699 -0.070961 0.074236 0.005238 0.994699 -0.016327 0.404097 0.525356 0.748625 0.514020 -0.833617 -0.137484 -0.148206 0.514016 -0.833620 -0.137462 -0.148219 -0.070961 0.074236 0.005238 0.994699 -0.070961 0.074236 0.005238 0.994699 -0.070961 0.074236 0.005238 0.994699 -0.070961 0.074236 0.005238 0.994699 -0.096160 -0.296426 -0.626376 0.714520 -0.566315 -0.761332 -0.286618 0.132326 -0.566312 -0.761340 -0.286598 0.132341
-0.001208 0.837140 -0.001029 -0.067139 0.074947 0.008720 0.994887 -0.055355 0.108994 -0.008404 0.992464 0.157286 0.415740 0.056921 0.893970 -0.000773 0.466904 -0.275236 0.840384 -0.000773 0.466904 -0.275236 0.840384 -0.000773 0.466904 -0.275236 0.840384 -0.064703 0.170478 -0.056888 0.981588 0.163775 0.075225 0.026204 0.983276 -0.148908 0.101661 -0.106600 0.977818 -0.148908 0.101661 -0.106600 0.977818 -0.148908 0.101661 -0.106600 0.977818 -0.067139 0.074947 0.008721 0.994887 -0.067139 0.074947 0.008721 0.994887 -0.067139 0.074947 0.008721 0.994887 -0.067139 0.074947 0.008721 0.994887 -0.015141 0.436783 0.512175 0.739370 0.495459 -0.847187 -0.158470 -0.108085 0.495456 -0.847191 -0.158448 -0.108098 -0.067139 0.074947 0.008721 0.994887 -0.067139 0.074947 0.008721 0.994887 -0.067139 0.074947 0.008721 0.994887 -0.067139 0.074947 0.008721 0.994887 -0.091965 -0.314847 -0.615257 0.716849 -0.545912 -0.769659 -0.301213 0.137389 -0.545909 -0.769667 -0.301193 0.137403
-0.001207 0.840568 -0.000988 -0.064010 0.082379 0.011208 0.994480 -0.075915 0.077937 -0.007515 0.994035 0.151975 0.392080 0.060834 0.905249 0.051018 0.457459 -0.261983 0.848229 0.051018 0.457459 -0.261983 0.848229 0.051018 0.457459 -0.261983 0.848229 -0.063005 0.170489 -0.055025 0.981803 0.163323 0.070809 0.036650 0.983346 -0.144793 0.092983 -0.099359 0.980060 -0.144793 0.092983 -0.099359 0.980060 -0.144793 0.092983 -0.099359 0.980060 -0.064010 0.082379 0.011208 0.994480 -0.064010 0.082379 0.011208 0.994480 -0.064010 0.082379 0.011208 0.994480 -0.064010 0.082379 0.011208 0.994480 -0.011412 0.467795 0.494839 0.732237 0.477849 -0.860160 -0.163638 -0.070767 0.477847 -0.860164 -0.163616 -0.070779 -0.064010 0.082379 0.011208 0.994480 -0.064010 0.082379 0.011208 0.994480 -0.064010 0.082379 0.011208 0.994480 -0.064010 0.082379 0.011208 0.994480 -0.092882 -0.320859 -0.600271 0.726702 -0.537521 -0.778347 -0.284089 0.156655 -0.537517 -0.778355 -0.284069 0.156669
-0.001206 0.841142 -0.000937 -0.059591 0.096208 0.011745 0.993506 -0.081834 0.095246 -0.004345 0.992075 0.144429 0.404483 0.065664 0.900679 0.059272 0.475058 -0.254099 0.840381 0.059272 0.475058 -0.254099 0.840381 0.059272 0.475058 -0.254099 0.840381 -0.059960 0.176240 -0.055141 0.980971 0.164420 0.070572 0.043964 0.982880 -0.142584 0.086130 -0.094518 0.981488 -0.142584 0.086130 -0.094518 0.981488 -0.142584 0.086130 -0.094518 0.981488 -0.059591 0.096208 0.011745 0.993506 -0.059591 0.096208 0.011745 0.993506 -0.059591 0.096208 0.011745 0.993506 -0.059591 0.096208 0.011745 0.993506 -0.003305 0.501371 0.475007 0.723176 0.457150 -0.872396 -0.167419 -0.043694 0.457149 -0.872401 -0.167396 -0.043706 -0.059591 0.096208 0.011745 0.993506 -0.059591 0.096208 0.011745 0.993506 -0.059591 0.096208 0.011745 0.993506 -0.059591 0.096208 0.011745 0.993506 -0.096611 -0.324808 -0.577067 0.743075 -0.535342 -0.795717 -0.235711 0.157107 -0.535338 -0.795724 -0.235690 0.157121
-0.001192 0.840182 -0.000883 -0.057516 0.113171 0.010863 0.991850 -0.082080 0.104653 -0.003626 0.991109 0.142687 0.406967 0.066133 0.899802 0.063692 0.475468 -0.257586 0.838763 0.063692 0.475468 -0.257586 0.838763 0.063692 0.475468 -0.257586 0.838763 -0.066936 0.192491 -0.052355 0.977612 0.163781 0.088624 0.043960 0.981524 -0.138268 0.104104 -0.089374 0.980845 -0.138268 0.104104 -0.089374 0.980845 -0.138268 0.104104 -0.089374 0.980845 -0.057516 0.113171 0.010864 0.991850 -0.057516 0.113171 0.010864 0.991850 -0.057516 0.113171 0.010864 0.991850 -0.057516 0.113171 0.010864 0.991850 0.004749 0.543294 0.453002 0.706823 0.440250 -0.882879 -0.163404 0.002066 0.440250 -0.882883 -0.163381 0.002055 -0.057516 0.113171 0.010864 0.991850 -0.057516 0.113171 0.010864 0.991850 -0.057516 0.113171 0.010864 0.991850 -0.057516 0.113171 0.010864 0.991850 -0.103687 -0.330222 -0.556588 0.755256 -0.522691 -0.813610 -0.217469 0.132441 -0.522687 -0.813616 -0.217447 0.132455
-0.001163 0.839305 -0.000858 -0.052942 0.125605 0.003954 0.990659 -0.082175 0.108373 -0.007018 0.990683 0.138894 0.401533 0.063938 0.902990 0.074645 0.466666 -0.265506 0.840332 0.074645 0.466666 -0.265506 0.840332 0.074645 0.466666 -0.265506 0.840332 -0.068082 0.198045 -0.048891 0.976603 0.161537 0.087189 0.044710 0.981990 -0.135007 0.099747 -0.092605 0.981452 -0.135007 0.099747 -0.092605 0.981452 -0.135007 0.099747 -0.092605 0.981452 -0.052942 0.125605 0.003954 0.990659 -0.052942 0.125605 0.003954 0.990659 -0.052942 0.125605 0.003954 0.990659 -0.052942 0.125605 0.003954 0.990659 0.018562 0.581881 0.450113 0.677103 0.441801 -0.880670 -0.168132 0.031060 0.441802 -0.880674 -0.168109 0.031049 -0.052942 0.125605 0.003954 0.990659 -0.052942 0.125605 0.003954 0.990659 -0.052942 0.125605 0.003954 0.990659 -0.052942 0.125605 0.003954 0.990659 -0.110282 -0.335225 -0.566470 0.744697 -0.531575 -0.803209 -0.224873 0.147362 -0.531571 -0.803215 -0.224852 0.147376
-0.001120 0.838424 -0.000875 -0.046361 0.136420 -0.004037 0.989557 -0.081793 0.120439 -0.007672 0.989316 0.137987 0.413053 0.063549 0.897947 0.067672 0.477790 -0.264369 0.835013 0.067672 0.477790 -0.264369 0.835013 0.067672 0.477790 -0.264369 0.835013 -0.068987 0.209385 -0.046472 0.974289 0.161854 0.099476 0.044337 0.980786 -0.126695 0.114229 -0.087049 0.981490 -0.126695 0.114229 -0.087049 0.981490 -0.126695 0.114229 -0.087049 0.981490 -0.046361 0.136420 -0.004037 0.989557 -0.046361 0.136420 -0.004037 0.989557 -0.046361 0.136420 -0.004037 0.989557 -0.046361 0.136420 -0.004037 0.989557 -0.034731 -0.642649 -0.444625 -0.622980 0.480555 -0.866190 -0.134778 0.024824 0.480556 -0.866194 -0.134756 0.024812 -0.046361 0.136420 -0.004037 0.989557 -0.046361 0.136420 -0.004037 0.989557 -0.046361 0.136420 -0.004037 0.989557 -0.046361 0.136420 -0.004037 0.989557 -0.111830 -0.380694 -0.550236 0.734715 -0.543508 -0.821157 -0.158842 0.071205 -0.543506 -0.821161 -0.158820 0.071219
-0.001046 0.839012 -0.000897 -0.011954 0.123395 -0.008528 0.992249 -0.073729 0.100346 -0.014684 0.992108 0.141858 0.385833 0.048805 0.910290 0.077832 0.443638 -0.291321 0.843955 0.077832 0.443638 -0.291321 0.843955 0.077832 0.443638 -0.291321 0.843955 -0.057418 0.199355 -0.044368 0.977237 0.164715 0.088804 0.045298 0.981290 -0.122061 0.104263 -0.089191 0.982993 -0.122061 0.104263 -0.089191 0.982993 -0.122061 0.104263 -0.089191 0.982993 -0.011954 0.123395 -0.008528 0.992249 -0.011954 0.123395 -0.008528 0.992249 -0.011954 0.123395 -0.008528 0.992249 -0.011954 0.123395 -0.008528 0.992249 -0.043131 -0.672050 -0.362784 -0.644109 0.431609 -0.882238 -0.050963 -0.181034 0.431604 -0.882239 -0.050940 -0.181045 -0.011954 0.123395 -0.008528 0.992249 -0.011954 0.123395 -0.008528 0.992249 -0.011954 0.123395 -0.008528 0.992249 -0.011954 0.123395 -0.008528 0.992249 -0.080392 -0.429452 -0.547643 0.713579 -0.486849 -0.803116 -0.257705 0.227092 -0.486843 -0.803123 -0.257684 0.227104
-0.000998 0.836587 -0.000908 0.017352 0.110456 -0.014251 0.993627 -0.068052 0.105837 -0.025084 0.991735 0.150596 0.387962 0.030957 0.908762 0.093351 0.446651 -0.308710 0.834558 0.093351 0.446651 -0.308710 0.834558 0.093351 0.446651 -0.308710 0.834558 -0.054509 0.189610 -0.047618 0.979188 0.163804 0.079404 0.046590 0.982188 -0.118796 0.097796 -0.089282 0.984049 -0.118796 0.097796 -0.089282 0.984049 -0.118796 0.097796 -0.089282 0.984049 0.017352 0.110456 -0.014250 0.993627 0.017352 0.110456 -0.014250 0.993627 0.017352 0.110456 -0.014250 0.993627 0.017352 0.110456 -0.014250 0.993627 -0.045004 -0.697898 -0.207339 -0.684050 0.355474 -0.846075 0.121449 -0.378213 0.355464 -0.846072 0.121471 -0.378223 0.017352 0.110456 -0.014250 0.993627 0.017352 0.110456 -0.014250 0.993627 0.017352 0.110456 -0.014250 0.993627 0.017352 0.110456 -0.014250 0.993627 -0.043844 -0.521107 -0.441698 0.728991 -0.400330 -0.817024 -0.164540 0.380964 -0.400320 -0.817028 -0.164519 0.380975
-0.000989 0.827451 -0.000768 0.069160 0.083698 -0.010870 0.994029 -0.053130 0.064593 -0.059553 0.994715 0.182993 0.314401 -0.029550 0.931017 0.189395 0.335460 -0.392311 0.835277 0.189395 0.335460 -0.392311 0.835277 0.189395 0.335460 -0.392311 0.835277 -0.038564 0.169372 -0.052457 0.983399 0.167112 0.061451 0.051170 0.982690 -0.108603 0.087899 -0.085411 0.986501 -0.108603 0.087899 -0.085411 0.986501 -0.108603 0.087899 -0.085411 0.986501 0.069160 0.083698 -0.010870 0.994029 0.069160 0.083698 -0.010870 0.994029 0.069160 0.083698 -0.010870 0.994029 0.069160 0.083698 -0.010870 0.994029 0.067435 0.681881 0.118506 0.718643 -0.258700 0.657596 -0.224714 0.670929 -0.258683 0.657590 -0.224731 0.670935 0.069160 0.083698 -0.010870 0.994029 0.069160 0.083698 -0.010870 0.994029 0.069160 0.083698 -0.010870 0.994029 0.069160 0.083698 -0.010870 0.994029 0.021216 -0.601928 -0.285763 0.745367 -0.317242 -0.785486 0.038613 0.529979 -0.317228 -0.785485 0.038634 0.529987
-0.000995 0.818607 -0.000570 0.084939 0.054670 -0.010919 0.994825 -0.058448 0.013323 -0.098880 0.993292 0.180585 0.215270 -0.118738 0.952339 0.239189 0.185244 -0.510220 0.805077 0.239189 0.185244 -0.510220 0.805077 0.239189 0.185244 -0.510220 0.805077 -0.031638 0.143696 -0.064241 0.987028 0.165950 0.038266 0.053738 0.983925 -0.104582 0.070212 -0.085273 0.988363 -0.104582 0.070212 -0.085273 0.988363 -0.104582 0.070212 -0.085273 0.988363 0.084939 0.054670 -0.010918 0.994825 0.084939 0.054670 -0.010918 0.994825 0.084939 0.054670 -0.010918 0.994825 0.084939 0.054670 -0.010919 0.994825 0.067579 0.657206 -0.063618 0.747974 -0.189373 0.530748 -0.344130 0.751013 -0.189353 0.530739 -0.344143 0.751017 0.084939 0.054670 -0.010918 0.994825 0.084939 0.054670 -0.010918 0.994825 0.084939 0.054670 -0.010918 0.994825 0.084939 0.054670 -0.010919 0.994825 0.047143 -0.623864 -0.192208 0.756061 -0.285044 -0.736256 0.163315 0.591613 -0.285028 -0.736251 0.163334 0.591620
-0.000997 0.811345 -0.000431 0.077557 0.064404 -0.008943 0.994865 -0.058101 0.034640 -0.139642 0.987889 0.182605 0.231536 -0.208981 0.932402 0.235298 0.184712 -0.584129 0.754526 0.235298 0.184712 -0.584129 0.754526 0.235298 0.184712 -0.584129 0.754526 -0.012846 0.141900 -0.078893 0.986649 0.179334 0.026039 0.049237 0.982210 -0.086588 0.060680 -0.092952 0.990041 -0.086588 0.060680 -0.092952 0.990041 -0.086588 0.060680 -0.092952 0.990041 0.077557 0.064404 -0.008943 0.994865 0.077557 0.064404 -0.008943 0.994865 0.077557 0.064404 -0.008943 0.994865 0.077556 0.064404 -0.008943 0.994865 0.054653 0.609198 -0.170623 0.772515 -0.134046 0.461436 -0.370530 0.794869 -0.134025 0.461426 -0.370542 0.794872 0.077557 0.064404 -0.008943 0.994865 0.077557 0.064404 -0.008943 0.994865 0.077557 0.064404 -0.008943 0.994865 0.077557 0.064404 -0.008943 0.994865 0.054787 -0.594643 -0.036073 0.801310 -0.214182 -0.654169 0.309387 0.656101 -0.214165 -0.654161 0.309404 0.656107
-0.000992 0.807209 -0.000350 0.067838 0.065640 -0.006740 0.995512 -0.054194 0.078409 -0.170662 0.980709 0.182797 0.301180 -0.261913 0.898486 0.157879 0.260353 -0.626096 0.717840 0.157879 0.260353 -0.626096 0.717840 0.157879 0.260353 -0.626096 0.717840 0.004509 0.137359 -0.091941 0.986235 0.187626 0.016101 0.038377 0.981358 -0.078176 0.055470 -0.105584 0.989780 -0.078176 0.055470 -0.105584 0.989780 -0.078176 0.055470 -0.105584 0.989780 0.067839 0.065640 -0.006740 0.995512 0.067839 0.065640 -0.006740 0.995512 0.067839 0.065640 -0.006740 0.995512 0.067838 0.065640 -0.006740 0.995512 0.043150 0.542200 -0.234072 0.805833 -0.104956 0.413201 -0.398978 0.811828 -0.104935 0.413191 -0.398989 0.811831 0.067839 0.065640 -0.006740 0.995512 0.067839 0.065640 -0.006740 0.995512 0.067839 0.065640 -0.006740 0.995512 0.067839 0.065640 -0.006740 0.995512 0.055288 -0.553259 0.037172 0.830341 -0.185402 -0.605978 0.385963 0.670410 -0.185384 -0.605968 0.385979 0.670414
-0.000950 0.805141 -0.000331 0.045091 0.056976 -0.007082 0.997332 -0.047164 0.104218 -0.190662 0.974968 0.201885 0.369869 -0.271180 0.865391 0.031154 0.415343 -0.576147 0.703260 0.031154 0.415343 -0.576147 0.703260 0.031154 0.415343 -0.576147 0.703260 0.013712 0.124875 -0.100620 0.986962 0.192797 0.003010 0.034722 0.980619 -0.073001 0.046669 -0.110776 0.990061 -0.073001 0.046669 -0.110776 0.990061 -0.073001 0.046669 -0.110776 0.990061 0.045091 0.056976 -0.007081 0.997332 0.045091 0.056976 -0.007081 0.997332 0.045091 0.056976 -0.007081 0.997332 0.045091 0.056976 -0.007082 0.997332 0.022700 0.316209 -0.342019 0.884601 -0.073965 0.241484 -0.526395 0.811864 -0.073943 0.241470 -0.526401 0.811866 0.045091 0.056976 -0.007081 0.997332 0.045091 0.056976 -0.007081 0.997332 0.045091 0.056976 -0.007081 0.997332 0.045091 0.056976 -0.007082 0.997332 0.047112 -0.404408 0.163819 0.898553 -0.150312 -0.429283 0.585997 0.670619 -0.150294 -0.429267 0.586009 0.670623
-0.000894 0.806374 -0.000311 0.019248 0.061926 -0.007140 0.997870 -0.037641 0.134612 -0.208035 0.968083 0.223370 0.413887 -0.273412 0.839076 0.012578 0.473558 -0.558315 0.681079 0.012578 0.473558 -0.558315 0.681079 0.012578 0.473558 -0.558315 0.681079 0.019600 0.126559 -0.105233 0.986167 0.206034 0.011682 0.027630 0.978085 -0.042611 0.070322 -0.107600 0.990788 -0.042611 0.070322 -0.107600 0.990788 -0.042611 0.070322 -0.107600 0.990788 0.019248 0.061926 -0.007139 0.997870 0.019248 0.061926 -0.007139 0.997870 0.019248 0.061926 -0.007139 0.997870 0.019248 0.061926 -0.007139 0.997870 -0.004003 0.136945 -0.366346 0.920337 -0.059394 0.094441 -0.629318 0.769099 -0.059374 0.094424 -0.629320 0.769100 0.019248 0.061926 -0.007139 0.997870 0.019248 0.061926 -0.007139 0.997870 0.019248 0.061926 -0.007139 0.997870 0.019248 0.061926 -0.007139 0.997870 0.030710 -0.264758 0.234837 0.934779 0.106230 0.294613 -0.709598 -0.631180 0.106214 0.294595 -0.709606 -0.631183
-0.000827 0.808800 -0.000206 0.004848 0.078927 -0.006565 0.996847 -0.035826 0.127320 -0.201975 0.970419 0.231490 0.395355 -0.273068 0.845896 0.043109 0.449684 -0.567819 0.688119 0.043109 0.449684 -0.567819 0.688119 0.043109 0.449684 -0.567819 0.688119 0.036722 0.137090 -0.104778 0.984317 0.198086 0.031514 0.030192 0.979213 -0.033654 0.101001 -0.091423 0.990105 -0.033654 0.101001 -0.091423 0.990105 -0.033654 0.101001 -0.091423 0.990105 0.004848 0.078927 -0.006565 0.996847 0.004848 0.078927 -0.006565 0.996847 0.004848 0.078927 -0.006565 0.996847 0.004848 0.078927 -0.006565 0.996847 -0.022557 0.064041 -0.347659 0.935160 -0.052519 0.032474 -0.688774 0.722342 -0.052500 0.032456 -0.688775 0.722343 0.004848 0.078927 -0.006565 0.996847 0.004848 0.078927 -0.006565 0.996847 0.004848 0.078927 -0.006565 0.996847 0.004848 0.078927 -0.006565 0.996847 0.022988 -0.147014 0.243697 0.958368 0.071851 0.129289 -0.778152 -0.610411 0.071835 0.129269 -0.778155 -0.610412
-0.000780 0.810255 -0.000046 -0.011329 0.097050 -0.005816 0.995198 -0.045366 0.128120 -0.184409 0.973407 0.236460 0.398153 -0.241079 0.852902 0.078913 0.467310 -0.532564 0.701263 0.078913 0.467310 -0.532564 0.701263 0.078913 0.467310 -0.532564 0.701263 0.041607 0.154751 -0.103788 0.981605 0.184879 0.060785 0.028497 0.980466 -0.040236 0.138050 -0.080572 0.986322 -0.040236 0.138050 -0.080572 0.986322 -0.040236 0.138050 -0.080572 0.986322 -0.011329 0.097050 -0.005816 0.995198 -0.011329 0.097050 -0.005816 0.995198 -0.011329 0.097050 -0.005816 0.995198 -0.011329 0.097050 -0.005816 0.995198 -0.040177 0.077759 -0.305983 0.948005 -0.076640 0.039597 -0.753292 0.652005 -0.076623 0.039577 -0.753293 0.652007 -0.011329 0.097050 -0.005816 0.995198 -0.011329 0.097050 -0.005816 0.995198 -0.011329 0.097050 -0.005816 0.995198 -0.011329 0.097050 -0.005816 0.995198 0.010712 -0.087613 0.228281 0.969586 0.066821 -0.003082 -0.803742 -0.591205 0.066806 -0.003103 -0.803742 -0.591207
-0.000752 0.809082 0.000072 -0.016785 0.096948 -0.004146 0.995139 -0.043968 0.095421 -0.171485 0.979569 0.235629 0.365103 -0.181700 0.882136 0.112347 0.435051 -0.489187 0.747532 0.112347 0.435051 -0.489187 0.747532 0.112347 0.435051 -0.489187 0.747532 0.042697 0.154905 -0.103173 0.981599 0.175912 0.066519 0.028399 0.981745 -0.053816 0.145545 -0.077382 0.984851 -0.053816 0.145545 -0.077382 0.984851 -0.053816 0.145545 -0.077382 0.984851 -0.016785 0.096948 -0.004145 0.995139 -0.016785 0.096948 -0.004145 0.995139 -0.016785 0.096948 -0.004145 0.995139 -0.016785 0.096948 -0.004145 0.995139 -0.041464 0.124658 -0.265582 0.955095 -0.108685 0.074196 -0.792884 0.594994 -0.108670 0.074176 -0.792886 0.594997 -0.016785 0.096948 -0.004145 0.995139 -0.016785 0.096948 -0.004145 0.995139 -0.016785 0.096948 -0.004145 0.995139 -0.016785 0.096948 -0.004145 0.995139 0.002011 -0.115020 0.194223 0.974189 0.103293 -0.039839 -0.817478 -0.565220 0.103279 -0.039860 -0.817477 -0.565223
-0.000737 0.807633 0.000198 -0.016310 0.091766 -0.004263 0.995638 -0.043344 0.060649 -0.136709 0.987802 0.238076 0.331763 -0.091364 0.908243 0.158706 0.407627 -0.406383 0.802188 0.158706 0.407627 -0.406383 0.802188 0.158706 0.407627 -0.406383 0.802188 0.042608 0.151435 -0.102351 0.982230 0.170515 0.064827 0.027546 0.982834 -0.065484 0.143328 -0.078459 0.984385 -0.065484 0.143328 -0.078459 0.984385 -0.065484 0.143328 -0.078459 0.984385 -0.016310 0.091766 -0.004263 0.995638 -0.016310 0.091766 -0.004263 0.995638 -0.016310 0.091766 -0.004263 0.995638 -0.016310 0.091766 -0.004263 0.995638 -0.035292 0.159424 -0.219353 0.961885 -0.140466 0.067430 -0.817562 0.554361 -0.140452 0.067408 -0.817563 0.554364 -0.016310 0.091766 -0.004263 0.995638 -0.016310 0.091766 -0.004263 0.995638 -0.016310 0.091766 -0.004263 0.995638 -0.016310 0.091766 -0.004263 0.995638 -0.000466 -0.140198 0.174675 0.974594 0.138489 -0.094299 -0.843529 -0.510281 0.138476 -0.094321 -0.843527 -0.510285
-0.000733 0.808357 0.000254 -0.018320 0.094292 -0.005246 0.995362 -0.046167 0.077532 -0.079650 0.992730 0.211249 0.385475 0.003550 0.898204 0.095092 0.476325 -0.281963 0.827386 0.095092 0.476325 -0.281963 0.827386 0.095092 0.476325 -0.281963 0.827386 0.036289 0.154611 -0.095181 0.982710 0.169969 0.070248 0.022539 0.982684 -0.073625 0.146432 -0.083539 0.982934 -0.073625 0.146432 -0.083539 0.982934 -0.073625 0.146432 -0.083539 0.982934 -0.018320 0.094292 -0.005246 0.995362 -0.018320 0.094292 -0.005246 0.995362 -0.018320 0.094292 -0.005246 0.995362 -0.018320 0.094292 -0.005246 0.995362 -0.031498 0.159667 -0.151974 0.974894 -0.160650 -0.036700 -0.845893 0.507257 -0.160637 -0.036722 -0.845892 0.507261 -0.018320 0.094292 -0.005246 0.995362 -0.018320 0.094292 -0.005246 0.995362 -0.018320 0.094292 -0.005246 0.995362 -0.018320 0.094292 -0.005246 0.995362 -0.005561 -0.122931 0.139050 0.982610 0.141171 -0.231086 -0.846263 -0.458813 0.141159 -0.231108 -0.846257 -0.458817
-0.000741 0.819401 0.000387 -0.021580 0.104005 -0.007035 0.994318 -0.052557 0.094260 -0.041173 0.993306 0.183048 0.409275 0.046108 0.892671 0.030785 0.484094 -0.244522 0.839591 0.030785 0.484094 -0.244522 0.839591 0.030785 0.484094 -0.244522 0.839591 0.025372 0.172798 -0.081083 0.981286 0.157802 0.099017 0.019881 0.982293 -0.110630 0.170405 -0.079171 0.975938 -0.110630 0.170405 -0.079171 0.975938 -0.110630 0.170405 -0.079171 0.975938 -0.021580 0.104005 -0.007034 0.994318 -0.021580 0.104005 -0.007034 0.994318 -0.021580 0.104005 -0.007034 0.994318 -0.021580 0.104005 -0.007034 0.994318 -0.030031 0.168413 -0.095019 0.980666 -0.169390 -0.073153 -0.860356 0.475125 -0.169377 -0.073175 -0.860354 0.475130 -0.021580 0.104005 -0.007034 0.994318 -0.021580 0.104005 -0.007034 0.994318 -0.021580 0.104005 -0.007034 0.994318 -0.021580 0.104005 -0.007034 0.994318 -0.011573 -0.097642 0.101373 0.989978 0.120305 -0.357267 -0.791896 -0.480404 0.120292 -0.357287 -0.791887 -0.480407
-0.000751 0.830141 0.000497 -0.041105 0.108136 -0.014606 0.993179 -0.060599 0.094041 -0.023462 0.993445 0.170093 0.406486 0.062565 0.895502 0.015484 0.469382 -0.239824 0.849662 0.015484 0.469382 -0.239824 0.849662 0.015484 0.469382 -0.239824 0.849662 0.013574 0.174564 -0.075689 0.981639 0.149650 0.099045 0.019392 0.983575 -0.135357 0.170627 -0.077102 0.972944 -0.135357 0.170627 -0.077102 0.972944 -0.135357 0.170627 -0.077102 0.972944 -0.041105 0.108136 -0.014605 0.993179 -0.041105 0.108136 -0.014605 0.993179 -0.041105 0.108136 -0.014605 0.993179 -0.041105 0.108136 -0.014605 0.993179 -0.045207 0.190551 -0.069101 0.978198 -0.195114 -0.059845 -0.876471 0.436060 -0.195103 -0.059868 -0.876469 0.436065 -0.041105 0.108136 -0.014605 0.993179 -0.041105 0.108136 -0.014605 0.993179 -0.041105 0.108136 -0.014605 0.993179 -0.041105 0.108136 -0.014605 0.993179 -0.033703 -0.107309 0.081388 0.990315 0.132009 -0.384600 -0.774237 -0.484987 0.131996 -0.384620 -0.774227 -0.484991
-0.000759 0.834287 0.000492 -0.001195 0.083794 -0.012412 0.996405 -0.052190 0.070332 -0.022046 0.995913 0.182924 0.345202 0.054446 0.918918 0.094352 0.392329 -0.278659 0.871507 0.094352 0.392329 -0.278659 0.871507 0.094352 0.392329 -0.278659 0.871507 0.013729 0.150236 -0.073227 0.985839 0.160267 0.069663 0.014934 0.984499 -0.139001 0.139763 -0.093108 0.975949 -0.139001 0.139763 -0.093108 0.975949 -0.139001 0.139763 -0.093108 0.975949 -0.001195 0.083794 -0.012412 0.996405 -0.001195 0.083794 -0.012412 0.996405 -0.001195 0.083794 -0.012412 0.996405 -0.001195 0.083794 -0.012412 0.996405 -0.009004 0.248941 -0.130262 0.959677 -0.195395 0.203661 -0.843281 0.457406 -0.195383 0.203640 -0.843286 0.457411 -0.001195 0.083794 -0.012412 0.996405 -0.001195 0.083794 -0.012412 0.996405 -0.001195 0.083794 -0.012412 0.996405 -0.001195 0.083794 -0.012412 0.996405 0.009400 -0.324466 0.173094 0.929877 0.212258 0.236119 -0.751036 -0.578912 0.212243 0.236100 -0.751042 -0.578918
-0.000770 0.841057 0.000460 0.008379 0.080727 -0.008238 0.996667 -0.063488 0.080362 -0.005737 0.994725 0.175755 0.359278 0.053519 0.914967 0.136369 0.396505 -0.270412 0.866640 0.136369 0.396505 -0.270412 0.866640 0.136369 0.396505 -0.270412 0.866640 -0.011665 0.151603 -0.076485 0.985409 0.159695 0.070064 0.004251 0.984668 -0.141020 0.137645 -0.106504 0.974589 -0.141020 0.137645 -0.106504 0.974589 -0.141020 0.137645 -0.106504 0.974589 0.008379 0.080727 -0.008238 0.996667 0.008379 0.080727 -0.008238 0.996667 0.008379 0.080727 -0.008238 0.996667 0.008379 0.080727 -0.008238 0.996667 -0.007553 0.275455 -0.218516 0.936119 -0.164676 0.335400 -0.813491 0.445668 -0.164664 0.335379 -0.813500 0.445673 0.008379 0.080727 -0.008238 0.996667 0.008379 0.080727 -0.008238 0.996667 0.008379 0.080727 -0.008238 0.996667 0.008379 0.080727 -0.008238 0.996667 0.015220 -0.368769 0.130028 0.920256 0.201138 0.490767 -0.695015 -0.485434 0.201125 0.490749 -0.695027 -0.485439
-0.000760 0.855275 0.000440 -0.007098 0.083591 0.000747 0.996475 -0.083611 0.109150 -0.005194 0.990489 0.157111 0.400399 0.046288 0.901584 0.181474 0.453115 -0.247027 0.837097 0.181474 0.453115 -0.247027 0.837097 0.181474 0.453115 -0.247027 0.837097 -0.037512 0.146208 -0.079312 0.985356 0.162146 0.043779 -0.012195 0.985720 -0.101122 0.107495 -0.136101 0.979641 -0.101122 0.107495 -0.136101 0.979641 -0.101122 0.107495 -0.136101 0.979641 -0.007098 0.083591 0.000747 0.996475 -0.007098 0.083591 0.000747 0.996475 -0.007098 0.083591 0.000747 0.996475 -0.007098 0.083591 0.000747 0.996475 -0.034874 0.228057 -0.336147 0.913115 -0.159016 0.195321 -0.855355 0.452692 -0.159004 0.195299 -0.855361 0.452697 -0.007098 0.083591 0.000747 0.996475 -0.007098 0.083591 0.000747 0.996475 -0.007098 0.083591 0.000747 0.996475 -0.007098 0.083591 0.000747 0.996475 0.011190 -0.358197 0.207493 0.910229 0.173667 0.464004 -0.725041 -0.478389 0.173654 0.463985 -0.725053 -0.478393
-0.000752 0.867296 0.000339 -0.035093 0.071322 0.002550 0.996833 -0.094270 0.100603 -0.012270 0.990374 0.129150 0.399093 0.033493 0.907151 0.191276 0.453449 -0.243644 0.835724 0.191276 0.453449 -0.243644 0.835724 0.191276 0.453449 -0.243644 0.835724 -0.058811 0.130996 -0.077500 0.986598 0.180985 0.015180 -0.021436 0.983135 -0.036379 0.071770 -0.155344 0.984578 -0.036379 0.071770 -0.155344 0.984578 -0.036379 0.071770 -0.155344 0.984578 -0.035093 0.071322 0.002550 0.996833 -0.035093 0.071322 0.002550 0.996833 -0.035093 0.071322 0.002550 0.996833 -0.035093 0.071322 0.002550 0.996833 -0.061948 0.157377 -0.421914 0.890721 -0.144425 0.086832 -0.862063 0.477964 -0.144412 0.086809 -0.862065 0.477968 -0.035093 0.071322 0.002550 0.996833 -0.035093 0.071322 0.002550 0.996833 -0.035093 0.071322 0.002550 0.996833 -0.035093 0.071322 0.002550 0.996833 -0.010999 -0.314864 0.281048 0.906505 0.161620 0.352710 -0.762029 -0.518446 0.161607 0.352690 -0.762038 -0.518450
-0.000761 0.881568 0.000209 -0.039226 0.072520 0.004051 0.996587 -0.095377 0.108403 -0.025910 0.989182 0.123556 0.412488 0.021876 0.902280 0.218758 0.483557 -0.235120 0.814270 0.218758 0.483557 -0.235120 0.814270 0.218758 0.483557 -0.235120 0.814270 -0.081274 0.118042 -0.068076 0.987333 0.310283 -0.023523 0.030824 0.949853 0.124092 0.008907 -0.128501 0.983875 0.124092 0.008907 -0.128501 0.983875 0.124092 0.008907 -0.128501 0.983875 -0.039226 0.072520 0.004051 0.996587 -0.039226 0.072520 0.004051 0.996587 -0.039226 0.072520 0.004051 0.996587 -0.039226 0.072520 0.004051 0.996587 -0.068354 0.132290 -0.457870 0.876460 -0.160387 0.013448 -0.849901 0.501760 -0.160374 0.013426 -0.849902 0.501764 -0.039226 0.072520 0.004051 0.996587 -0.039226 0.072520 0.004051 0.996587 -0.039226 0.072520 0.004051 0.996587 -0.039226 0.072520 0.004051 0.996587 -0.009689 -0.250567 0.342585 0.905405 0.144681 0.223089 -0.807448 -0.526618 0.144667 0.223068 -0.807454 -0.526622
-0.000764 0.886396 0.000105 -0.032486 0.076213 0.004396 0.996553 -0.083925 0.111756 -0.026399 0.989833 0.144475 0.413186 0.036864 0.898357 0.313599 0.505654 -0.204925 0.777158 0.313599 0.505654 -0.204925 0.777158 0.313599 0.505654 -0.204925 0.777158 -0.126509 0.117634 -0.079592 0.981745 0.424998 -0.073705 0.056266 0.900432 0.277857 -0.050938 -0.135213 0.949694 0.277857 -0.050938 -0.135213 0.949694 0.277857 -0.050938 -0.135213 0.949694 -0.032486 0.076213 0.004396 0.996553 -0.032486 0.076213 0.004396 0.996553 -0.032486 0.076213 0.004396 0.996553 -0.032486 0.076213 0.004396 0.996553 -0.065157 0.110891 -0.474384 0.870872 -0.176651 -0.057992 -0.833691 0.519991 -0.176637 -0.058014 -0.833689 0.519996 -0.032486 0.076213 0.004396 0.996553 -0.032486 0.076213 0.004396 0.996553 -0.032486 0.076213 0.004396 0.996553 -0.032486 0.076213 0.004396 0.996553 -0.000171 -0.213001 0.370787 0.903962 0.130387 0.152209 -0.817881 -0.539354 0.130373 0.152188 -0.817885 -0.539357
-0.000774 0.884758 0.000015 -0.012935 0.100627 0.006750 0.994817 -0.083040 0.116814 -0.034852 0.989062 0.145032 0.413230 0.043275 0.897961 0.358272 0.513109 -0.189095 0.756706 0.358272 0.513109 -0.189095 0.756706 0.358272 0.513109 -0.189095 0.756706 -0.204028 0.136072 -0.075054 0.966553 0.458745 -0.044125 0.066118 0.885005 0.264242 -0.024017 -0.140340 0.953889 0.264242 -0.024017 -0.140340 0.953889 0.264242 -0.024017 -0.140340 0.953889 -0.012935 0.100627 0.006750 0.994817 -0.012935 0.100627 0.006750 0.994817 -0.012935 0.100627 0.006750 0.994817 -0.012935 0.100627 0.006750 0.994817 -0.060627 0.067305 -0.482890 0.870983 -0.147439 -0.083456 -0.828678 0.533469 -0.147425 -0.083478 -0.828676 0.533473 -0.012935 0.100627 0.006750 0.994817 -0.012935 0.100627 0.006750 0.994817 -0.012935 0.100627 0.006750 0.994817 -0.012935 0.100627 0.006750 0.994817 0.029171 -0.182181 0.392023 0.901264 0.102905 0.106424 -0.825336 -0.544890 0.102891 0.106403 -0.825338 -0.544893
-0.000782 0.883738 -0.000033 0.007610 0.112767 0.014949 0.993480 -0.096865 0.128588 -0.047114 0.985831 0.127628 0.418921 0.038004 0.898205 0.360138 0.513767 -0.199717 0.752634 0.360138 0.513767 -0.199717 0.752634 0.360138 0.513767 -0.199717 0.752634 -0.218412 0.152998 -0.053628 0.962295 0.503593 -0.034548 0.071081 0.860319 0.376737 -0.018799 -0.134259 0.916346 0.376737 -0.018799 -0.134259 0.916346 0.376737 -0.018799 -0.134259 0.916346 0.007610 0.112767 0.014950 0.993480 0.007610 0.112767 0.014950 0.993480 0.007610 0.112767 0.014950 0.993480 0.007610 0.112767 0.014950 0.993480 -0.047151 0.039208 -0.469636 0.880728 -0.140777 -0.141881 -0.822570 0.532382 -0.140763 -0.141903 -0.822566 0.532386 0.007610 0.112767 0.014950 0.993480 0.007610 0.112767 0.014950 0.993480 0.007610 0.112767 0.014950 0.993480 0.007610 0.112767 0.014950 0.993480 0.054262 -0.162162 0.395656 0.902339 0.089354 0.058253 -0.825028 -0.554933 0.089340 0.058232 -0.825030 -0.554936
-0.000832 0.881221 -0.000006 0.018044 0.105511 0.021320 0.994026 -0.119596 0.113159 -0.063841 0.984285 0.093601 0.395358 0.036561 0.913014 0.332813 0.474560 -0.226223 0.782848 0.332813 0.474560 -0.226223 0.782848 0.332813 0.474560 -0.226223 0.782848 -0.265886 0.159492 -0.019427 0.950521 0.475013 0.009701 0.084482 0.875860 0.261207 0.006821 -0.137977 0.955346 0.261207 0.006821 -0.137977 0.955346 0.261207 0.006821 -0.137977 0.955346 0.018044 0.105511 0.021321 0.994026 0.018044 0.105511 0.021321 0.994026 0.018044 0.105511 0.021321 0.994026 0.018044 0.105511 0.021321 0.994026 -0.025649 0.029953 -0.392720 0.918812 -0.116863 -0.175730 -0.800860 0.560433 -0.116849 -0.175751 -0.800855 0.560436 0.018044 0.105511 0.021321 0.994026 0.018044 0.105511 0.021321 0.994026 0.018044 0.105511 0.021321 0.994026 0.018044 0.105511 0.021321 0.994026 0.060685 -0.140051 0.387969 0.908946 0.091528 -0.004266 -0.824296 -0.558695 0.091514 -0.004287 -0.824296 -0.558698
-0.000905 0.845192 0.000078 0.029497 0.079696 0.023413 0.996108 -0.169028 0.093630 -0.077775 0.978066 0.040809 0.361857 0.027107 0.930945 0.295363 0.399814 -0.293870 0.816425 0.295363 0.399814 -0.293870 0.816425 0.295363 0.399814 -0.293870 0.816425 -0.228467 0.147477 0.003519 0.962310 0.535404 -0.003673 0.099563 0.838699 0.411346 -0.000972 -0.117891 0.903823 0.411346 -0.000972 -0.117891 0.903823 0.411346 -0.000972 -0.117891 0.903823 0.029497 0.079696 0.023414 0.996108 0.029497 0.079696 0.023414 0.996108 0.029497 0.079696 0.023414 0.996108 0.029497 0.079696 0.023414 0.996108 0.007277 0.011253 -0.262818 0.964752 -0.075755 -0.261553 -0.764180 0.584705 -0.075740 -0.261573 -0.764173 0.584707 0.029497 0.079696 0.023414 0.996108 0.029497 0.079696 0.023414 0.996108 0.029497 0.079696 0.023414 0.996108 0.029497 0.079696 0.023414 0.996108 0.056444 -0.132420 0.319995 0.936420 0.117738 -0.090527 -0.837788 -0.525408 0.117724 -0.090549 -0.837786 -0.525411
-0.001012 0.802558 -0.000023 0.067336 0.038471 0.020085 0.996786 -0.202524 0.063134 -0.087226 0.973339 0.040771 0.292802 0.010495 0.955246 0.276420 0.211847 -0.424160 0.835943 0.276420 0.211847 -0.424160 0.835943 0.276420 0.211847 -0.424160 0.835943 -0.157331 0.127816 0.065499 0.977047 0.503722 0.043800 0.187945 0.842034 0.350293 0.061093 0.045110 0.933556 0.350293 0.061093 0.045110 0.933556 0.350293 0.061093 0.045110 0.933556 0.067336 0.038471 0.020085 0.996786 0.067336 0.038471 0.020085 0.996786 0.067336 0.038471 0.020085 0.996786 0.067336 0.038471 0.020085 0.996786 0.056608 0.196702 -0.128905 0.970303 -0.090501 0.214481 -0.761186 0.605313 -0.090485 0.214461 -0.761191 0.605315 0.067336 0.038471 0.020085 0.996786 0.067336 0.038471 0.020085 0.996786 0.067336 0.038471 0.020085 0.996786 0.067336 0.038471 0.020085 0.996786 0.075039 -0.305667 0.142063 0.938485 0.088875 0.479979 -0.641283 -0.592011 0.088860 0.479962 -0.641296 -0.592014
-0.001090 0.780545 -0.000236 0.090875 0.022077 0.016665 0.995478 -0.230396 -0.024513 -0.065648 0.970571 0.034315 0.214543 0.030683 0.975629 0.279077 0.120779 -0.434243 0.847916 0.279077 0.120779 -0.434243 0.847916 0.279077 0.120779 -0.434243 0.847916 -0.127906 0.100481 0.075573 0.983785 0.476348 0.033459 0.219528 0.850753 0.227244 0.047912 0.086876 0.968771 0.227244 0.047912 0.086876 0.968771 0.227244 0.047912 0.086876 0.968771 0.090875 0.022077 0.016665 0.995478 0.090875 0.022077 0.016665 0.995478 0.090875 0.022077 0.016665 0.995478 0.090875 0.022077 0.016665 0.995478 0.080451 0.303092 -0.047348 0.948378 0.076253 -0.633510 0.494269 -0.590380 0.076238 -0.633497 0.494285 -0.590382 0.090875 0.022077 0.016665 0.995478 0.090875 0.022077 0.016665 0.995478 0.090875 0.022077 0.016665 0.995478 0.090875 0.022077 0.016665 0.995478 0.088945 -0.393986 -0.047303 0.913579 -0.099095 -0.790283 0.258326 0.546718 -0.099081 -0.790276 0.258346 0.546721
-0.001138 0.776046 -0.000561 0.085097 0.037280 0.011999 0.995603 -0.185059 -0.028374 -0.060481 0.980454 0.085856 0.203394 0.029924 0.974866 0.282948 0.087561 -0.509226 0.808061 0.282948 0.087561 -0.509226 0.808061 0.282948 0.087561 -0.509226 0.808061 -0.142849 0.068094 0.085781 0.983666 0.315788 0.042729 0.276032 0.906785 -0.070049 -0.022627 0.136921 0.987843 -0.070049 -0.022627 0.136921 0.987843 -0.070049 -0.022627 0.136921 0.987843 0.085097 0.037280 0.011999 0.995603 0.085097 0.037280 0.011999 0.995603 0.085097 0.037280 0.011999 0.995603 0.085097 0.037280 0.011999 0.995603 0.081249 0.345885 0.193882 0.914425 0.188607 -0.819649 0.160521 -0.516561 0.188593 -0.819645 0.160542 -0.516566 0.085097 0.037280 0.011999 0.995603 0.085097 0.037280 0.011999 0.995603 0.085097 0.037280 0.011999 0.995603 0.085097 0.037280 0.011999 0.995603 0.075002 -0.363126 -0.189291 0.909221 -0.131885 -0.833857 0.006248 0.535957 -0.131871 -0.833857 0.006270 0.535961
-0.001157 0.777225 -0.000961 0.066225 0.005195 -0.004227 0.997782 -0.132333 -0.058837 -0.062879 0.987458 0.127888 0.176681 0.046431 0.974819 0.315698 0.081853 -0.512659 0.794239 0.315698 0.081853 -0.512659 0.794239 0.315698 0.081853 -0.512659 0.794239 -0.133402 0.040734 0.061866 0.988290 0.238377 0.019864 0.274792 0.931274 -0.154884 -0.024985 0.141313 0.977455 -0.154884 -0.024985 0.141313 0.977455 -0.154884 -0.024985 0.141313 0.977455 0.066225 0.005195 -0.004226 0.997782 0.066225 0.005195 -0.004226 0.997782 0.066225 0.005195 -0.004226 0.997782 0.066225 0.005195 -0.004226 0.997782 0.061156 0.348687 0.336013 0.872796 0.293816 -0.852878 -0.010755 -0.431457 0.293805 -0.852879 -0.010733 -0.431465 0.066225 0.005195 -0.004226 0.997782 0.066225 0.005195 -0.004226 0.997782 0.066225 0.005195 -0.004226 0.997782 0.066225 0.005195 -0.004226 0.997782 0.054702 -0.355996 -0.329551 0.872737 -0.219498 -0.845823 -0.175192 0.453554 -0.219486 -0.845828 -0.175170 0.453559
-0.001116 0.779728 -0.001272 0.032316 -0.042831 -0.014543 0.998454 -0.116148 -0.113763 -0.078558 0.983563 0.140685 0.114631 0.048178 0.982215 0.353906 0.025331 -0.516831 0.779099 0.353906 0.025331 -0.516831 0.779099 0.353906 0.025331 -0.516831 0.779099 -0.121294 -0.013373 0.051111 0.991210 0.205885 -0.055987 0.261114 0.941433 -0.167953 -0.099943 0.090875 0.976496 -0.167953 -0.099943 0.090875 0.976496 -0.167953 -0.099943 0.090875 0.976496 0.032316 -0.042831 -0.014542 0.998454 0.032316 -0.042831 -0.014542 0.998454 0.032316 -0.042831 -0.014542 0.998454 0.032316 -0.042831 -0.014542 0.998454 0.012454 0.323405 0.448204 0.833287 0.392172 -0.837025 -0.135822 -0.356571 0.392163 -0.837028 -0.135800 -0.356581 0.032316 -0.042831 -0.014542 0.998454 0.032316 -0.042831 -0.014542 0.998454 0.032316 -0.042831 -0.014542 0.998454 0.032316 -0.042831 -0.014542 0.998454 0.038782 -0.395398 -0.424410 0.813654 -0.297816 -0.860498 -0.281062 0.303071 -0.297808 -0.860506 -0.281040 0.303079
-0.001081 0.773774 -0.001406 0.015543 -0.040793 -0.011600 0.998979 -0.117433 -0.134016 -0.107300 0.978129 0.159615 0.076429 0.050690 0.982910 0.389161 -0.000692 -0.514718 0.763950 0.389161 -0.000692 -0.514718 0.763950 0.389161 -0.000692 -0.514718 0.763950 -0.104150 -0.004849 0.056751 0.992929 0.195064 -0.047578 0.244390 0.948662 -0.182838 -0.084507 0.079242 0.976294 -0.182838 -0.084507 0.079242 0.976294 -0.182838 -0.084507 0.079242 0.976294 0.015543 -0.040793 -0.011599 0.998979 0.015543 -0.040793 -0.011599 0.998979 0.015543 -0.040793 -0.011599 0.998979 0.015543 -0.040793 -0.011599 0.998979 -0.005479 0.328760 0.526411 0.784078 0.455292 -0.822830 -0.235752 -0.245114 0.455286 -0.822836 -0.235730 -0.245125 0.015543 -0.040793 -0.011599 0.998979 0.015543 -0.040793 -0.011599 0.998979 0.015543 -0.040793 -0.011599 0.998979 0.015543 -0.040793 -0.011599 0.998979 0.027484 -0.421640 -0.506587 0.751554 -0.385490 -0.848281 -0.321007 0.169623 -0.385485 -0.848289 -0.320985 0.169633
-0.000986 0.764563 -0.001434 0.009713 -0.032800 -0.001796 0.999413 -0.157726 -0.124947 -0.143353 0.969000 0.184108 0.087559 0.050661 0.977687 0.394866 0.033125 -0.508850 0.764235 0.394866 0.033125 -0.508850 0.764235 0.394866 0.033125 -0.508850 0.764235 -0.086057 0.019480 0.064040 0.994039 0.197949 -0.015697 0.225339 0.953830 -0.170327 -0.036508 0.079612 0.981488 -0.170327 -0.036508 0.079612 0.981488 -0.170327 -0.036508 0.079612 0.981488 0.009713 -0.032800 -0.001795 0.999413 0.009713 -0.032800 -0.001795 0.999413 0.009713 -0.032800 -0.001795 0.999413 0.009713 -0.032800 -0.001795 0.999413 -0.010937 0.396328 0.568421 0.720904 0.526417 -0.820394 -0.220123 -0.037226 0.526416 -0.820399 -0.220101 -0.037239 0.009713 -0.032800 -0.001795 0.999413 0.009713 -0.032800 -0.001795 0.999413 0.009713 -0.032800 -0.001795 0.999413 0.009713 -0.032800 -0.001795 0.999413 0.024146 -0.455420 -0.554528 0.696066 -0.457748 -0.831864 -0.311085 0.041178 -0.457747 -0.831872 -0.311063 0.041190
-0.000873 0.755770 -0.001462 0.010036 -0.005466 0.014203 0.999834 -0.198010 -0.118557 -0.170462 0.957956 0.198758 0.064317 0.044203 0.976937 0.437241 0.011492 -0.500162 0.747346 0.437241 0.011492 -0.500162 0.747346 0.437241 0.011492 -0.500162 0.747346 -0.080006 0.036997 0.067872 0.993793 0.190218 -0.007740 0.211854 0.958580 -0.164843 -0.020895 0.070800 0.983554 -0.164843 -0.020895 0.070800 0.983554 -0.164843 -0.020895 0.070800 0.983554 0.010036 -0.005466 0.014204 0.999834 0.010036 -0.005466 0.014204 0.999834 0.010036 -0.005466 0.014204 0.999834 0.010036 -0.005466 0.014204 0.999834 -0.003358 0.480472 0.577541 0.659986 0.563367 -0.791213 -0.176089 0.159974 0.563371 -0.791218 -0.176069 0.159959 0.010036 -0.005466 0.014204 0.999834 0.010036 -0.005466 0.014204 0.999834 0.010036 -0.005466 0.014204 0.999834 0.010036 -0.005466 0.014204 0.999834 0.016545 -0.469620 -0.572627 0.671775 -0.493370 -0.817108 -0.292610 -0.057453 -0.493371 -0.817115 -0.292589 -0.057440
-0.000798 0.749310 -0.001408 0.026434 0.056640 0.032858 0.997504 -0.211361 -0.083918 -0.181853 0.956668 0.204433 0.078238 0.039164 0.974963 0.436225 0.016642 -0.516831 0.736421 0.436225 0.016642 -0.516831 0.736421 0.436225 0.016642 -0.516831 0.736421 -0.095006 0.074704 0.065441 0.990510 0.172818 0.012321 0.204637 0.963382 -0.165995 -0.015193 0.064744 0.983882 -0.165995 -0.015193 0.064744 0.983882 -0.165995 -0.015193 0.064744 0.983882 0.026434 0.056640 0.032858 0.997504 0.026434 0.056640 0.032858 0.997504 0.026434 0.056640 0.032858 0.997504 0.026434 0.056640 0.032858 0.997504 0.029073 0.566155 0.557350 0.606617 0.542208 -0.757335 -0.180817 0.315849 0.542216 -0.757339 -0.180797 0.315835 0.026434 0.056640 0.032858 0.997504 0.026434 0.056640 0.032858 0.997504 0.026434 0.056640 0.032858 0.997504 0.026434 0.056640 0.032858 0.997504 -0.001975 -0.461111 -0.605151 0.648972 -0.543701 -0.789250 -0.270188 -0.092046 -0.543704 -0.789257 -0.270167 -0.092032
-0.000750 0.746730 -0.001242 0.037491 0.095733 0.046163 0.993629 -0.211979 -0.067053 -0.192173 0.955844 0.202283 0.085626 0.037031 0.974873 0.423782 0.017022 -0.532360 0.732607 0.423782 0.017022 -0.532360 0.732607 0.423782 0.017022 -0.532360 0.732607 -0.116993 0.105818 0.067475 0.985171 0.166128 0.038323 0.192091 0.966454 -0.166196 0.012383 0.059242 0.984234 -0.166196 0.012383 0.059242 0.984234 -0.166196 0.012383 0.059242 0.984234 0.037492 0.095733 0.046164 0.993629 0.037492 0.095733 0.046164 0.993629 0.037492 0.095733 0.046164 0.993629 0.037491 0.095733 0.046164 0.993629 -0.042833 -0.634945 -0.532017 -0.558540 0.601335 -0.705336 -0.086660 0.365221 0.601345 -0.705339 -0.086642 0.365206 0.037492 0.095733 0.046164 0.993629 0.037492 0.095733 0.046164 0.993629 0.037492 0.095733 0.046164 0.993629 0.037491 0.095733 0.046164 0.993629 -0.010487 -0.499285 -0.595904 0.628890 -0.590385 -0.760356 -0.159258 -0.218953 -0.590391 -0.760360 -0.159238 -0.218938
-0.000711 0.747704 -0.001112 0.038972 0.101955 0.054560 0.992527 -0.210945 -0.067849 -0.195301 0.955383 0.191078 0.087449 0.032197 0.977141 0.409186 0.011449 -0.540290 0.735202 0.409186 0.011449 -0.540290 0.735202 0.409186 0.011449 -0.540290 0.735202 -0.115683 0.112023 0.045694 0.985891 0.168521 0.010850 0.175613 0.969868 -0.125281 -0.000927 0.034015 0.991538 -0.125281 -0.000927 0.034015 0.991538 -0.125281 -0.000927 0.034015 0.991538 0.038972 0.101955 0.054561 0.992527 0.038972 0.101955 0.054561 0.992527 0.038972 0.101955 0.054561 0.992527 0.038972 0.101955 0.054561 0.992527 -0.033558 -0.689508 -0.493408 -0.529152 0.662605 -0.590281 0.063884 0.456554 0.662617 -0.590280 0.063899 0.456537 0.038972 0.101955 0.054561 0.992527 0.038972 0.101955 0.054561 0.992527 0.038972 0.101955 0.054561 0.992527 0.038972 0.101955 0.054561 0.992527 -0.011882 -0.514433 -0.618120 0.594261 0.675740 0.669944 0.017285 0.307003 0.675748 0.669945 0.017268 0.306985
-0.000702 0.749676 -0.001026 0.029841 0.093412 0.061386 0.993285 -0.222577 -0.075396 -0.189818 0.953281 0.161979 0.091632 0.023618 0.982247 0.374410 -0.005641 -0.557793 0.740711 0.374410 -0.005641 -0.557793 0.740711 0.374410 -0.005641 -0.557793 0.740711 -0.114431 0.086111 0.039291 0.988912 0.147988 -0.042278 0.171211 0.973139 -0.131731 -0.050721 0.006963 0.989962 -0.131731 -0.050721 0.006963 0.989962 -0.131731 -0.050721 0.006963 0.989962 0.029841 0.093412 0.061386 0.993285 0.029841 0.093412 0.061386 0.993285 0.029841 0.093412 0.061386 0.993285 0.029841 0.093412 0.061386 0.993285 -0.018974 -0.703189 -0.503657 -0.501493 0.709196 -0.431293 0.182647 0.526942 0.709209 -0.431289 0.182658 0.526924 0.029841 0.093412 0.061386 0.993285 0.029841 0.093412 0.061386 0.993285 0.029841 0.093412 0.061386 0.993285 0.029841 0.093412 0.061386 0.993285 -0.014003 -0.486336 -0.653673 0.579649 0.736004 0.564720 -0.128288 0.350616 0.736013 0.564717 -0.128302 0.350597
-0.000722 0.751127 -0.000939 0.023907 0.080832 0.067941 0.994122 -0.228765 -0.089307 -0.185940 0.951377 0.143241 0.072495 0.008550 0.986992 0.354841 -0.055823 -0.596497 0.717748 0.354841 -0.055823 -0.596497 0.717748 0.354841 -0.055823 -0.596497 0.717748 -0.114196 0.065442 0.042572 0.990386 0.125844 -0.075178 0.177484 0.973145 -0.134029 -0.102809 -0.003723 0.985623 -0.134029 -0.102809 -0.003723 0.985623 -0.134029 -0.102809 -0.003723 0.985623 0.023907 0.080832 0.067941 0.994122 0.023907 0.080832 0.067941 0.994122 0.023907 0.080832 0.067941 0.994122 0.023907 0.080832 0.067941 0.994122 -0.028720 -0.552248 -0.671529 -0.493199 0.774861 -0.121819 0.526852 0.327380 0.774869 -0.121805 0.526856 0.327360 0.023907 0.080832 0.067941 0.994122 0.023907 0.080832 0.067941 0.994122 0.023907 0.080832 0.067941 0.994122 0.023907 0.080832 0.067941 0.994122 -0.030763 -0.281197 -0.779843 0.558414 0.784478 0.409806 -0.438438 0.156288 0.784482 0.409794 -0.438448 0.156268
-0.000743 0.752367 -0.000875 0.028842 0.078695 0.071517 0.993912 -0.226241 -0.090316 -0.179779 0.953067 0.139481 0.073320 0.005889 0.987489 0.345692 -0.069900 -0.618235 0.702422 0.345692 -0.069900 -0.618235 0.702422 0.345692 -0.069900 -0.618235 0.702422 -0.108916 0.064422 0.047509 0.990823 0.113796 -0.081296 0.176961 0.974231 -0.137736 -0.109159 -0.006061 0.984417 -0.137736 -0.109159 -0.006061 0.984417 -0.137736 -0.109159 -0.006061 0.984417 0.028842 0.078695 0.071517 0.993912 0.028842 0.078695 0.071517 0.993912 0.028842 0.078695 0.071517 0.993912 0.028842 0.078695 0.071517 0.993912 -0.062094 -0.238935 -0.802072 -0.543815 0.682167 -0.252818 0.679766 0.092999 0.682169 -0.252800 0.679773 0.092981 0.028842 0.078695 0.071517 0.993912 0.028842 0.078695 0.071517 0.993912 0.028842 0.078695 0.071517 0.993912 0.028842 0.078695 0.071517 0.993912 -0.051201 -0.044409 -0.867580 0.492657 0.737835 0.387138 -0.549306 -0.063138 0.737833 0.387123 -0.549317 -0.063157
-0.000767 0.756033 -0.000941 0.041168 0.077626 0.073637 0.993407 -0.218337 -0.088734 -0.174061 0.956116 0.139366 0.073210 0.007060 0.987506 0.342075 -0.077315 -0.629087 0.693726 0.342075 -0.077315 -0.629087 0.693726 0.342075 -0.077315 -0.629087 0.693726 -0.104412 0.061166 0.047838 0.991498 0.111318 -0.082382 0.176347 0.974537 -0.137298 -0.110179 -0.005095 0.984370 -0.137298 -0.110179 -0.005095 0.984370 -0.137298 -0.110179 -0.005095 0.984370 0.041168 0.077626 0.073638 0.993407 0.041168 0.077626 0.073638 0.993407 0.041168 0.077626 0.073638 0.993407 0.041168 0.077626 0.073638 0.993407 -0.088624 0.025742 -0.784565 -0.613140 -0.564101 0.485154 -0.635006 0.207804 -0.564096 0.485138 -0.635019 0.207818 0.041168 0.077626 0.073638 0.993407 0.041168 0.077626 0.073638 0.993407 0.041168 0.077626 0.073638 0.993407 0.041168 0.077626 0.073638 0.993407 -0.050579 0.120717 -0.824626 0.550329 0.691434 0.496433 -0.387400 -0.354111 0.691425 0.496423 -0.387413 -0.354129
-0.000788 0.759625 -0.000986 0.040406 0.072110 0.073528 0.993862 -0.214739 -0.088338 -0.170091 0.957681 0.138346 0.081087 0.010464 0.987003 0.329104 -0.070601 -0.637270 0.693248 0.329104 -0.070601 -0.637270 0.693248 0.329104 -0.070601 -0.637270 0.693248 -0.108286 0.057906 0.047425 0.991298 0.109922 -0.075850 0.175799 0.975325 -0.145654 -0.102853 -0.001376 0.983974 -0.145654 -0.102853 -0.001376 0.983974 -0.145654 -0.102853 -0.001376 0.983974 0.040406 0.072110 0.073529 0.993862 0.040406 0.072110 0.073529 0.993862 0.040406 0.072110 0.073529 0.993862 0.040406 0.072110 0.073529 0.993862 -0.078566 -0.031618 -0.743174 -0.663717 -0.552499 0.495176 -0.616113 0.264481 -0.552492 0.495160 -0.616126 0.264496 0.040406 0.072110 0.073529 0.993862 0.040406 0.072110 0.073529 0.993862 0.040406 0.072110 0.073529 0.993862 0.040406 0.072110 0.073529 0.993862 -0.031648 0.027517 -0.766943 0.640343 0.693790 0.570547 -0.204439 -0.389020 0.693780 0.570542 -0.204454 -0.389038
-0.000821 0.761271 -0.001007 0.038372 0.073846 0.069856 0.994080 -0.207760 -0.067323 -0.165726 0.961685 0.152191 0.122784 0.008445 0.980658 0.293871 -0.020463 -0.652974 0.697743 0.293871 -0.020463 -0.652974 0.697743 0.293871 -0.020463 -0.652974 0.697743 -0.091916 0.081199 0.054796 0.990937 0.131958 -0.026685 0.178723 0.974645 -0.158503 -0.026769 0.030059 0.986538 -0.158503 -0.026769 0.030059 0.986538 -0.158503 -0.026769 0.030059 0.986538 0.038372 0.073846 0.069856 0.994080 0.038372 0.073846 0.069856 0.994080 0.038372 0.073846 0.069856 0.994080 0.038372 0.073846 0.069856 0.994080 0.068895 0.125423 0.665350 0.732688 0.547715 -0.548013 0.502917 -0.383098 0.547705 -0.548000 0.502931 -0.383112 0.038372 0.073846 0.069856 0.994080 0.038372 0.073846 0.069856 0.994080 0.038372 0.073846 0.069856 0.994080 0.038372 0.073846 0.069856 0.994080 -0.008092 -0.144505 -0.638437 0.755944 -0.625981 -0.722741 0.065547 0.285478 -0.625973 -0.722739 0.065566 0.285494
-0.000867 0.762247 -0.001006 0.056516 0.048673 0.058984 0.995469 -0.159517 -0.048905 -0.152872 0.974060 0.185891 0.167976 -0.002984 0.968101 0.270746 0.045977 -0.672654 0.687109 0.270746 0.045977 -0.672654 0.687109 0.270746 0.045977 -0.672654 0.687109 -0.062347 0.071267 0.054796 0.993998 0.159041 -0.026009 0.178362 0.970678 -0.154296 -0.013725 0.035728 0.987283 -0.154296 -0.013725 0.035728 0.987283 -0.154296 -0.013725 0.035728 0.987283 0.056516 0.048673 0.058984 0.995469 0.056516 0.048673 0.058984 0.995469 0.056516 0.048673 0.058984 0.995469 0.056516 0.048673 0.058984 0.995469 0.057074 0.252290 0.555128 0.790522 0.524141 -0.652851 0.308051 -0.451847 0.524129 -0.652843 0.308068 -0.451861 0.056516 0.048673 0.058984 0.995469 0.056516 0.048673 0.058984 0.995469 0.056516 0.048673 0.058984 0.995469 0.056516 0.048673 0.058984 0.995469 0.039708 -0.371508 -0.525574 0.764315 -0.503507 -0.846855 -0.154220 0.074390 -0.503505 -0.846859 -0.154198 0.074403
-0.000897 0.764354 -0.001000 0.059371 0.044738 0.042604 0.996322 -0.135202 -0.030353 -0.133862 0.981265 0.189505 0.200032 -0.016924 0.961139 0.255985 0.075805 -0.678811 0.684062 0.255985 0.075805 -0.678811 0.684062 0.255985 0.075805 -0.678811 0.684062 -0.084250 0.079823 0.063888 0.991185 0.174737 -0.006952 0.175340 0.968852 -0.159745 -0.007876 0.032007 0.986608 -0.159745 -0.007876 0.032007 0.986608 -0.159745 -0.007876 0.032007 0.986608 0.059371 0.044738 0.042604 0.996322 0.059371 0.044738 0.042604 0.996322 0.059371 0.044738 0.042604 0.996322 0.059371 0.044738 0.042604 0.996322 0.055073 0.327288 0.411989 0.848596 0.431382 -0.807980 0.163116 -0.366702 0.431373 -0.807976 0.163137 -0.366713 0.059371 0.044738 0.042604 0.996322 0.059371 0.044738 0.042604 0.996322 0.059371 0.044738 0.042604 0.996322 0.059371 0.044738 0.042604 0.996322 0.041372 -0.373187 -0.483436 0.790765 -0.392978 -0.859388 -0.258316 0.200734 -0.392973 -0.859394 -0.258293 0.200744
-0.000948 0.770967 -0.000984 0.058039 0.045450 0.024238 0.996985 -0.115846 0.002349 -0.111758 0.986957 0.193495 0.238702 -0.027868 0.951212 0.265835 0.123523 -0.654578 0.696851 0.265835 0.123523 -0.654578 0.696851 0.265835 0.123523 -0.654578 0.696851 -0.088244 0.085130 0.072940 0.989771 0.186710 -0.000445 0.180134 0.965759 -0.157933 -0.000902 0.037296 0.986745 -0.157933 -0.000902 0.037296 0.986745 -0.157933 -0.000902 0.037296 0.986745 0.058039 0.045450 0.024238 0.996985 0.058039 0.045450 0.024238 0.996985 0.058039 0.045450 0.024238 0.996985 0.058039 0.045450 0.024238 0.996985 0.059566 0.305670 0.333203 0.889940 0.336024 -0.868466 0.099929 -0.350525 0.336015 -0.868464 0.099952 -0.350534 0.058039 0.045450 0.024238 0.996985 0.058039 0.045450 0.024238 0.996985 0.058039 0.045450 0.024238 0.996985 0.058039 0.045450 0.024238 0.996985 0.039227 -0.353721 -0.404169 0.842609 -0.300405 -0.868849 -0.242821 0.309672 -0.300396 -0.868855 -0.242799 0.309680
-0.001029 0.775171 -0.000930 0.057520 0.051416 0.008478 0.996983 -0.099289 0.000060 -0.085515 0.991377 0.194701 0.273287 -0.044620 0.940965 0.251601 0.174033 -0.641384 0.703588 0.251601 0.174033 -0.641384 0.703588 0.251601 0.174033 -0.641384 0.703588 -0.072533 0.107005 0.081714 0.988237 0.184052 0.034930 0.190228 0.963700 -0.170355 0.042897 0.068131 0.982088 -0.170355 0.042897 0.068131 0.982088 -0.170355 0.042897 0.068131 0.982088 0.057520 0.051416 0.008479 0.996983 0.057520 0.051416 0.008479 0.996983 0.057520 0.051416 0.008479 0.996983 0.057520 0.051416 0.008479 0.996983 0.065193 0.271550 0.282096 0.917841 0.276229 -0.880689 0.107475 -0.369504 0.276220 -0.880687 0.107498 -0.369511 0.057520 0.051416 0.008479 0.996983 0.057520 0.051416 0.008479 0.996983 0.057520 0.051416 0.008479 0.996983 0.057520 0.051416 0.008479 0.996983 0.036682 -0.335988 -0.330112 0.881358 -0.227580 -0.864279 -0.208835 0.397010 -0.227570 -0.864284 -0.208813 0.397016
-0.001089 0.777200 -0.000845 0.060782 0.058363 -0.006430 0.996423 -0.073867 0.007761 -0.070700 0.994729 0.201811 0.331796 -0.011526 0.921440 0.233289 0.277588 -0.574193 0.734046 0.233289 0.277588 -0.574193 0.734046 0.233289 0.277588 -0.574193 0.734046 -0.053211 0.125512 0.087330 0.986807 0.176144 0.063482 0.199451 0.961854 -0.184481 0.081967 0.097036 0.974593 -0.184481 0.081967 0.097036 0.974593 -0.184481 0.081967 0.097036 0.974593 0.060782 0.058363 -0.006429 0.996423 0.060782 0.058363 -0.006429 0.996423 0.060782 0.058363 -0.006429 0.996423 0.060782 0.058363 -0.006429 0.996423 0.072394 0.248949 0.232225 0.937473 0.227584 -0.886011 0.140650 -0.378693 0.227574 -0.886007 0.140673 -0.378699 0.060782 0.058363 -0.006429 0.996423 0.060782 0.058363 -0.006429 0.996423 0.060782 0.058363 -0.006429 0.996423 0.060782 0.058363 -0.006429 0.996423 0.037215 -0.331980 -0.268891 0.903383 -0.167444 -0.871000 -0.203341 0.414697 -0.167433 -0.871005 -0.203319 0.414701
-0.001118 0.783830 -0.000794 0.068461 0.049939 -0.019591 0.996211 -0.058795 0.040331 -0.061767 0.995541 0.208288 0.380537 -0.009106 0.900958 0.235976 0.349625 -0.536145 0.731181 0.235976 0.349625 -0.536145 0.731181 0.235976 0.349625 -0.536145 0.731181 -0.045434 0.127827 0.090489 0.986614 0.163908 0.076724 0.213276 0.960084 -0.210531 0.097545 0.122063 0.965019 -0.210531 0.097545 0.122063 0.965019 -0.210531 0.097545 0.122063 0.965019 0.068461 0.049939 -0.019591 0.996211 0.068461 0.049939 -0.019591 0.996211 0.068461 0.049939 -0.019591 0.996211 0.068461 0.049939 -0.019591 0.996211 0.079671 0.239969 0.196488 0.947344 0.202661 -0.881585 0.202724 -0.375018 0.202652 -0.881580 0.202747 -0.375024 0.068461 0.049939 -0.019591 0.996211 0.068461 0.049939 -0.019591 0.996211 0.068461 0.049939 -0.019591 0.996211 0.068461 0.049939 -0.019591 0.996211 0.043663 -0.352253 -0.232252 0.905578 -0.142877 -0.883328 -0.163609 0.415391 -0.142866 -0.883332 -0.163586 0.415395
-0.001116 0.788671 -0.000510 0.064789 0.066020 -0.027121 0.995343 -0.054977 0.036387 -0.065843 0.995650 0.206475 0.360814 -0.015152 0.909369 0.276647 0.327245 -0.530545 0.731368 0.276647 0.327245 -0.530545 0.731368 0.276647 0.327245 -0.530545 0.731368 -0.052994 0.153148 0.095752 0.982125 0.152490 0.118600 0.226065 0.954765 -0.230202 0.141796 0.155206 0.950164 -0.230202 0.141796 0.155206 0.950164 -0.230202 0.141796 0.155206 0.950164 0.064789 0.066020 -0.027121 0.995343 0.064789 0.066020 -0.027121 0.995343 0.064789 0.066020 -0.027121 0.995343 0.064789 0.066020 -0.027121 0.995343 0.078817 0.239223 0.152099 0.955733 0.223411 -0.776618 0.500897 -0.309925 0.223403 -0.776605 0.500917 -0.309931 0.064789 0.066020 -0.027121 0.995343 0.064789 0.066020 -0.027121 0.995343 0.064789 0.066020 -0.027121 0.995343 0.064789 0.066020 -0.027121 0.995343 0.050809 -0.213256 -0.098929 0.970646 -0.135988 -0.517343 0.534804 0.654101 -0.135971 -0.517329 0.534817 0.654105
-0.001126 0.790921 -0.000238 0.046424 0.075733 -0.037263 0.995350 -0.060211 0.020244 -0.070974 0.995453 0.182549 0.321991 -0.027018 0.928584 0.317884 0.271102 -0.525056 0.741464 0.317884 0.271102 -0.525056 0.741464 0.317884 0.271102 -0.525056 0.741464 -0.066267 0.162716 0.097062 0.979648 0.139451 0.129395 0.232281 0.953864 -0.227996 0.156931 0.163823 0.946865 -0.227996 0.156931 0.163823 0.946865 -0.227996 0.156931 0.163823 0.946865 0.046424 0.075733 -0.037262 0.995350 0.046424 0.075733 -0.037262 0.995350 0.046424 0.075733 -0.037262 0.995350 0.046424 0.075733 -0.037262 0.995350 0.065349 0.220388 0.162200 0.959609 0.241505 -0.683613 0.630569 -0.277004 0.241498 -0.683596 0.630587 -0.277010 0.046424 0.075733 -0.037262 0.995350 0.046424 0.075733 -0.037262 0.995350 0.046424 0.075733 -0.037262 0.995350 0.046424 0.075733 -0.037262 0.995350 0.039527 -0.168314 -0.001449 0.984939 0.122128 0.120249 -0.836036 -0.521218 0.122115 0.120227 -0.836040 -0.521221
-0.001144 0.794357 0.000054 0.019445 0.096759 -0.041850 0.994237 -0.071598 0.016127 -0.073813 0.994568 0.155732 0.296966 -0.030916 0.941596 0.347932 0.235910 -0.506547 0.752795 0.347932 0.235910 -0.506547 0.752795 0.347932 0.235910 -0.506547 0.752795 -0.085141 0.187622 0.099410 0.973482 0.125953 0.147321 0.233787 0.952773 -0.212058 0.188169 0.173233 0.943194 -0.212058 0.188169 0.173233 0.943194 -0.212058 0.188169 0.173233 0.943194 0.019445 0.096759 -0.041850 0.994237 0.019445 0.096759 -0.041850 0.994237 0.019445 0.096759 -0.041850 0.994237 0.019445 0.096759 -0.041850 0.994237 0.042690 0.213314 0.152652 0.964039 -0.238262 0.614637 -0.694594 0.288083 -0.238254 0.614619 -0.694610 0.288089 0.019445 0.096759 -0.041850 0.994237 0.019445 0.096759 -0.041850 0.994237 0.019445 0.096759 -0.041850 0.994237 0.019445 0.096759 -0.041850 0.994237 0.015248 -0.150006 0.022940 0.988301 0.120430 -0.017428 -0.843889 -0.522536 0.120416 -0.017450 -0.843889 -0.522539
-0.001156 0.799098 0.000279 0.006663 0.109053 -0.043020 0.993082 -0.076142 0.027131 -0.074650 0.993928 0.138516 0.311115 -0.023303 0.939935 0.344481 0.254923 -0.475680 0.768164 0.344481 0.254923 -0.475680 0.768164 0.344481 0.254923 -0.475680 0.768164 -0.097996 0.200588 0.104406 0.969154 0.110749 0.167738 0.232998 0.951478 -0.197919 0.216562 0.173818 0.940062 -0.197919 0.216562 0.173818 0.940062 -0.197919 0.216562 0.173818 0.940062 0.006663 0.109053 -0.043020 0.993082 0.006663 0.109053 -0.043020 0.993082 0.006663 0.109053 -0.043020 0.993082 0.006663 0.109053 -0.043020 0.993082 0.032250 0.213553 0.150496 0.964731 -0.238249 0.599764 -0.699860 0.306133 -0.238241 0.599746 -0.699875 0.306139 0.006663 0.109053 -0.043020 0.993082 0.006663 0.109053 -0.043020 0.993082 0.006663 0.109053 -0.043020 0.993082 0.006663 0.109053 -0.043020 0.993082 -0.005021 -0.117733 -0.059849 0.991227 0.087723 -0.110616 -0.768165 -0.624493 0.087707 -0.110636 -0.768162 -0.624496
-0.001163 0.803271 0.000406 0.002801 0.110403 -0.043195 0.992944 -0.074790 0.036086 -0.073999 0.993795 0.131056 0.329877 -0.021010 0.934647 0.327983 0.284018 -0.459035 0.775273 0.327983 0.284018 -0.459035 0.775273 0.327983 0.284018 -0.459035 0.775273 -0.103590 0.200038 0.109477 0.968126 0.097430 0.165114 0.228512 0.954477 -0.196713 0.215193 0.163557 0.942468 -0.196713 0.215193 0.163557 0.942468 -0.196713 0.215193 0.163557 0.942468 0.002801 0.110403 -0.043195 0.992944 0.002801 0.110403 -0.043195 0.992944 0.002801 0.110403 -0.043195 0.992944 0.002801 0.110403 -0.043195 0.992944 0.026016 0.194775 0.133139 0.971422 -0.218811 0.605531 -0.714093 0.274819 -0.218803 0.605512 -0.714109 0.274824 0.002801 0.110403 -0.043195 0.992944 0.002801 0.110403 -0.043195 0.992944 0.002801 0.110403 -0.043195 0.992944 0.002801 0.110403 -0.043195 0.992944 -0.006786 -0.107906 -0.044008 0.993163 0.077613 -0.148165 -0.733332 -0.658975 0.077595 -0.148184 -0.733328 -0.658977
-0.001169 0.806502 0.000439 0.003338 0.103606 -0.043949 0.993641 -0.074568 0.031831 -0.076405 0.993775 0.123921 0.336282 -0.017605 0.933407 0.307557 0.298315 -0.447791 0.784793 0.307557 0.298315 -0.447791 0.784793 0.307557 0.298315 -0.447791 0.784793 -0.112312 0.189878 0.110947 0.969032 0.090329 0.151491 0.223927 0.958513 -0.198166 0.199903 0.151533 0.947527 -0.198166 0.199903 0.151533 0.947527 -0.198166 0.199903 0.151533 0.947527 0.003338 0.103606 -0.043949 0.993641 0.003338 0.103606 -0.043949 0.993641 0.003338 0.103606 -0.043949 0.993641 0.003338 0.103606 -0.043949 0.993641 0.027706 0.211743 0.144769 0.966147 -0.232531 0.618377 -0.679864 0.318314 -0.232522 0.618360 -0.679880 0.318320 0.003338 0.103606 -0.043949 0.993641 0.003338 0.103606 -0.043949 0.993641 0.003338 0.103606 -0.043949 0.993641 0.003338 0.103606 -0.043949 0.993641 -0.003020 -0.113148 -0.012972 0.993489 0.084297 -0.159878 -0.741236 -0.646453 0.084280 -0.159897 -0.741232 -0.646455
-0.001156 0.810208 0.000432 0.006716 0.104113 -0.046710 0.993445 -0.072606 0.048946 -0.074523 0.993367 0.126652 0.373002 -0.002359 0.919143 0.278847 0.358108 -0.410469 0.790897 0.278847 0.358108 -0.410469 0.790897 0.278847 0.358108 -0.410469 0.790897 -0.117617 0.190299 0.112735 0.968113 0.089391 0.153238 0.222648 0.958622 -0.199465 0.200201 0.149940 0.947445 -0.199465 0.200201 0.149940 0.947445 -0.199465 0.200201 0.149940 0.947445 0.006716 0.104113 -0.046710 0.993445 0.006716 0.104113 -0.046710 0.993445 0.006716 0.104113 -0.046710 0.993445 0.006716 0.104113 -0.046710 0.993445 0.032344 0.214802 0.150039 0.964522 -0.234858 0.630775 -0.663253 0.327200 -0.234850 0.630758 -0.663269 0.327206 0.006716 0.104113 -0.046710 0.993445 0.006716 0.104113 -0.046710 0.993445 0.006716 0.104113 -0.046710 0.993445 0.006716 0.104113 -0.046710 0.993445 0.003450 -0.122727 0.023975 0.992145 0.099681 -0.210767 -0.780954 -0.579441 0.099666 -0.210787 -0.780949 -0.579444
-0.001113 0.816344 0.000393 0.048564 0.128477 -0.043375 0.989573 -0.058412 0.079352 -0.075681 0.992252 0.141859 0.406777 0.010493 0.902385 0.279618 0.422841 -0.380323 0.773546 0.279618 0.422841 -0.380323 0.773546 0.279618 0.422841 -0.380323 0.773546 -0.115015 0.201521 0.117466 0.965589 0.089380 0.165423 0.222022 0.956741 -0.196633 0.214843 0.153304 0.944286 -0.196633 0.214843 0.153304 0.944286 -0.196633 0.214843 0.153304 0.944286 0.048564 0.128476 -0.043374 0.989573 0.048564 0.128476 -0.043374 0.989573 0.048564 0.128476 -0.043374 0.989573 0.048564 0.128476 -0.043374 0.989573 0.083417 0.247269 0.202220 0.943932 0.263935 -0.689955 0.566500 -0.365209 0.263925 -0.689940 0.566518 -0.365216 0.048564 0.128476 -0.043374 0.989573 0.048564 0.128476 -0.043374 0.989573 0.048564 0.128476 -0.043374 0.989573 0.048564 0.128476 -0.043374 0.989573 0.047294 -0.033312 -0.001843 0.998324 0.001440 -0.278695 -0.804104 -0.525113 0.001426 -0.278716 -0.804097 -0.525113
-0.001069 0.818678 0.000320 0.074400 0.120787 -0.040741 0.989048 -0.054420 0.082219 -0.078653 0.992014 0.157780 0.417296 0.025116 0.894616 0.294562 0.453987 -0.339277 0.769429 0.294562 0.453987 -0.339277 0.769429 0.294562 0.453987 -0.339277 0.769429 -0.119874 0.198386 0.122501 0.965022 0.088862 0.172539 0.221203 0.955721 -0.195409 0.227301 0.156751 0.941052 -0.195409 0.227301 0.156751 0.941052 -0.195409 0.227301 0.156751 0.941052 0.074400 0.120787 -0.040740 0.989048 0.074400 0.120787 -0.040740 0.989048 0.074400 0.120787 -0.040740 0.989048 0.074400 0.120787 -0.040740 0.989048 0.112101 0.268908 0.260209 0.920550 0.290686 -0.719858 0.472465 -0.417233 0.290675 -0.719846 0.472483 -0.417240 0.074400 0.120787 -0.040740 0.989048 0.074400 0.120787 -0.040740 0.989048 0.074400 0.120787 -0.040740 0.989048 0.074400 0.120787 -0.040740 0.989048 0.077995 -0.055486 0.044864 0.994397 0.031008 -0.174576 -0.916963 -0.357409 0.030999 -0.174600 -0.916958 -0.357409
-0.001043 0.818832 0.000265 0.076723 0.120455 -0.040900 0.988904 -0.057220 0.101767 -0.084999 0.989517 0.166373 0.443998 0.030389 0.879922 0.279542 0.494506 -0.316098 0.759870 0.279542 0.494506 -0.316098 0.759870 0.279542 0.494506 -0.316098 0.759870 -0.126224 0.200127 0.125230 0.963501 0.091257 0.178537 0.219797 0.954718 -0.187212 0.236967 0.157027 0.940288 -0.187212 0.236967 0.157027 0.940288 -0.187212 0.236967 0.157027 0.940288 0.076723 0.120455 -0.040900 0.988904 0.076723 0.120455 -0.040900 0.988904 0.076723 0.120455 -0.040900 0.988904 0.076723 0.120455 -0.040900 0.988904 0.119720 0.299642 0.311938 0.893631 0.334825 -0.716311 0.427815 -0.437910 0.334813 -0.716300 0.427833 -0.437919 0.076723 0.120455 -0.040900 0.988904 0.076723 0.120455 -0.040900 0.988904 0.076723 0.120455 -0.040900 0.988904 0.076723 0.120455 -0.040900 0.988904 0.086736 -0.022441 0.087787 0.992102 0.034178 -0.541529 -0.761651 -0.354212 0.034169 -0.541549 -0.761637 -0.354213
-0.001031 0.815137 0.000264 0.055333 0.093854 -0.043806 0.993081 -0.063212 0.086165 -0.097624 0.989469 0.174119 0.438056 0.024352 0.881588 0.277582 0.492736 -0.306677 0.765577 0.277582 0.492736 -0.306677 0.765577 0.277582 0.492736 -0.306677 0.765577 -0.131051 0.191498 0.125505 0.964574 0.102292 0.178625 0.218051 0.953983 -0.166814 0.245799 0.157462 0.941786 -0.166814 0.245799 0.157462 0.941786 -0.166814 0.245799 0.157462 0.941786 0.055333 0.093854 -0.043806 0.993081 0.055333 0.093854 -0.043806 0.993081 0.055333 0.093854 -0.043806 0.993081 0.055333 0.093854 -0.043806 0.993081 0.093586 0.291109 0.327246 0.894096 0.348327 -0.689227 0.441818 -0.456543 0.348315 -0.689216 0.441836 -0.456552 0.055333 0.093854 -0.043806 0.993081 0.055333 0.093854 -0.043806 0.993081 0.055333 0.093854 -0.043806 0.993081 0.055333 0.093854 -0.043806 0.993081 0.065768 -0.010504 0.116572 0.990947 0.044174 -0.568023 -0.687051 -0.450954 0.044162 -0.568041 -0.687036 -0.450956
-0.001019 0.812189 0.000245 0.043428 0.081162 -0.035302 0.995128 -0.071025 0.058618 -0.113549 0.989255 0.157541 0.405779 0.000809 0.900291 0.265530 0.430544 -0.348861 0.788937 0.265530 0.430544 -0.348861 0.788937 0.265530 0.430544 -0.348861 0.788937 -0.131183 0.181719 0.127238 0.966219 0.110692 0.165627 0.211968 0.956757 -0.156327 0.229778 0.145969 0.949451 -0.156327 0.229778 0.145969 0.949451 -0.156327 0.229778 0.145969 0.949451 0.043428 0.081162 -0.035302 0.995128 0.043428 0.081162 -0.035302 0.995128 0.043428 0.081162 -0.035302 0.995128 0.043428 0.081162 -0.035302 0.995128 0.076833 0.285553 0.340212 0.892643 0.341828 -0.660100 0.421792 -0.519147 0.341814 -0.660089 0.421809 -0.519156 0.043428 0.081162 -0.035302 0.995128 0.043428 0.081162 -0.035302 0.995128 0.043428 0.081162 -0.035302 0.995128 0.043428 0.081162 -0.035302 0.995128 0.055798 0.032916 0.141251 0.987852 -0.001900 -0.378061 -0.742875 -0.552451 -0.001914 -0.378080 -0.742866 -0.552451
-0.001042 0.808000 0.000117 0.033964 0.060066 -0.012104 0.997543 -0.083933 -0.021815 -0.134512 0.987110 0.143555 0.294621 -0.020919 0.944538 0.308059 0.269599 -0.404450 0.817824 0.308059 0.269599 -0.404450 0.817824 0.308059 0.269599 -0.404450 0.817824 -0.122808 0.135836 0.113055 0.976568 0.128225 0.085568 0.196701 0.968269 -0.158314 0.118771 0.094211 0.975682 -0.158314 0.118771 0.094211 0.975682 -0.158314 0.118771 0.094211 0.975682 0.033964 0.060066 -0.012103 0.997543 0.033964 0.060066 -0.012103 0.997543 0.033964 0.060066 -0.012103 0.997543 0.033964 0.060066 -0.012103 0.997543 0.054152 0.291304 0.334848 0.894475 0.342560 -0.655728 0.398842 -0.541847 0.342546 -0.655718 0.398859 -0.541856 0.033964 0.060066 -0.012103 0.997543 0.033964 0.060066 -0.012103 0.997543 0.033964 0.060066 -0.012103 0.997543 0.033964 0.060066 -0.012103 0.997543 0.043588 -0.061548 0.181915 0.980418 0.020387 -0.020760 -0.739602 -0.672415 0.020370 -0.020779 -0.739602 -0.672415
-0.001113 0.802063 -0.000041 0.013346 0.040767 0.006592 0.999058 -0.106696 -0.081903 -0.148334 0.979747 0.117505 0.197242 -0.037244 0.972574 0.323081 0.124039 -0.461946 0.816602 0.323081 0.124039 -0.461946 0.816602 0.323081 0.124039 -0.461946 0.816602 -0.132991 0.097362 0.087289 0.982453 0.139023 0.020998 0.184191 0.972782 -0.166808 0.020009 0.046002 0.984712 -0.166808 0.020009 0.046002 0.984712 -0.166808 0.020009 0.046002 0.984712 0.013346 0.040767 0.006593 0.999058 0.013346 0.040767 0.006593 0.999058 0.013346 0.040767 0.006593 0.999058 0.013346 0.040767 0.006593 0.999058 0.022470 0.309842 0.306195 0.899854 0.344598 -0.682811 0.364540 -0.531161 0.344584 -0.682802 0.364557 -0.531170 0.013346 0.040767 0.006593 0.999058 0.013346 0.040767 0.006593 0.999058 0.013346 0.040767 0.006593 0.999058 0.013346 0.040767 0.006593 0.999058 0.021763 -0.138706 0.192990 0.971104 -0.053663 -0.114923 0.652787 0.746848 -0.053644 -0.114907 0.652790 0.746850
-0.001160 0.789579 -0.000194 -0.025221 0.000133 0.020657 0.999468 -0.146005 -0.149910 -0.161234 0.964475 0.092914 0.100089 -0.035485 0.989995 0.328317 -0.016578 -0.505646 0.797656 0.328317 -0.016578 -0.505646 0.797656 0.328317 -0.016578 -0.505646 0.797656 -0.187696 0.036914 0.064249 0.979428 0.125447 -0.042063 0.184849 0.973820 -0.151615 -0.063227 0.021763 0.986175 -0.151615 -0.063227 0.021763 0.986175 -0.151615 -0.063227 0.021763 0.986175 -0.025221 0.000133 0.020658 0.999468 -0.025221 0.000133 0.020658 0.999468 -0.025221 0.000133 0.020658 0.999468 -0.025221 0.000133 0.020657 0.999468 -0.029424 0.282661 0.209347 0.935634 0.305921 -0.690780 0.451605 -0.474646 0.305909 -0.690768 0.451623 -0.474654 -0.025221 0.000133 0.020658 0.999468 -0.025221 0.000133 0.020658 0.999468 -0.025221 0.000133 0.020658 0.999468 -0.025221 0.000133 0.020657 0.999468 -0.020599 -0.168933 0.239271 0.955922 -0.087459 -0.130439 0.582389 0.797596 -0.087438 -0.130424 0.582393 0.797598
-0.001191 0.775892 -0.000289 -0.024907 0.009433 0.031837 0.999138 -0.160379 -0.139374 -0.169866 0.962288 0.092249 0.090856 -0.038884 0.990820 0.303880 -0.050859 -0.561426 0.768031 0.303880 -0.050859 -0.561426 0.768031 0.303880 -0.050859 -0.561426 0.768031 -0.208740 0.035203 0.056833 0.975684 0.120745 -0.047474 0.189510 0.973269 -0.139367 -0.067583 0.026190 0.987585 -0.139367 -0.067583 0.026190 0.987585 -0.139367 -0.067583 0.026190 0.987585 -0.024907 0.009433 0.031837 0.999138 -0.024907 0.009433 0.031837 0.999138 -0.024907 0.009433 0.031837 0.999138 -0.024907 0.009433 0.031837 0.999138 -0.031498 0.278454 0.118790 0.952555 0.249709 -0.709840 0.503354 -0.424743 0.249697 -0.709827 0.503373 -0.424749 -0.024907 0.009433 0.031837 0.999138 -0.024907 0.009433 0.031837 0.999138 -0.024907 0.009433 0.031837 0.999138 -0.024907 0.009433 0.031837 0.999138 -0.015046 -0.177226 0.290637 0.940157 -0.076991 -0.116687 0.528711 0.837211 -0.076970 -0.116673 0.528714 0.837213
-0.001253 0.766711 -0.000333 -0.012385 0.012407 0.035990 0.999198 -0.164472 -0.133791 -0.170245 0.962323 0.079191 0.097183 -0.039203 0.991336 0.264765 -0.067949 -0.598318 0.753192 0.264765 -0.067949 -0.598318 0.753192 0.264765 -0.067949 -0.598318 0.753192 -0.203418 0.031019 0.054172 0.977100 0.118794 -0.052576 0.197341 0.971689 -0.142290 -0.073916 0.033506 0.986492 -0.142290 -0.073916 0.033506 0.986492 -0.142290 -0.073916 0.033506 0.986492 -0.012385 0.012407 0.035991 0.999198 -0.012385 0.012407 0.035991 0.999198 -0.012385 0.012407 0.035991 0.999198 -0.012385 0.012407 0.035991 0.999198 -0.021756 0.299155 0.065697 0.951692 0.213485 -0.746249 0.486064 -0.401594 0.213475 -0.746237 0.486083 -0.401599 -0.012385 0.012407 0.035991 0.999198 -0.012385 0.012407 0.035991 0.999198 -0.012385 0.012407 0.035991 0.999198 -0.012385 0.012407 0.035991 0.999198 -0.000514 -0.195923 0.316739 0.928057 -0.061403 -0.125115 0.490869 0.860014 -0.061381 -0.125102 0.490873 0.860015
-0.001352 0.761005 -0.000328 0.013170 0.042436 0.038097 0.998286 -0.154964 -0.101651 -0.171146 0.967658 0.075675 0.129540 -0.034920 0.988065 0.211223 -0.051117 -0.623567 0.750957 0.211223 -0.051117 -0.623567 0.750957 0.211223 -0.051117 -0.623567 0.750957 -0.192066 0.043466 0.055445 0.978850 0.122974 -0.054316 0.205232 0.969436 -0.140647 -0.077716 0.036972 0.986312 -0.140647 -0.077716 0.036972 0.986312 -0.140647 -0.077716 0.036972 0.986312 0.013170 0.042436 0.038097 0.998286 0.013170 0.042436 0.038097 0.998286 0.013170 0.042436 0.038097 0.998286 0.013170 0.042436 0.038097 0.998286 0.000015 0.332984 0.006676 0.942909 0.169084 -0.779020 0.463195 -0.387284 0.169074 -0.779008 0.463216 -0.387288 0.013170 0.042436 0.038097 0.998286 0.013170 0.042436 0.038097 0.998286 0.013170 0.042436 0.038097 0.998286 0.013170 0.042436 0.038097 0.998286 0.033528 -0.198135 0.323939 0.924490 -0.024381 -0.126970 0.469174 0.873590 -0.024358 -0.126957 0.469177 0.873591
-0.001438 0.759000 -0.000312 0.037374 0.066115 0.036990 0.996425 -0.144716 -0.084801 -0.171148 0.970863 0.083475 0.134878 -0.028789 0.986920 0.222276 -0.045706 -0.619308 0.751639 0.222276 -0.045706 -0.619308 0.751639 0.222276 -0.045706 -0.619308 0.751639 -0.184886 0.065501 0.065983 0.978352 0.124337 -0.030006 0.208105 0.969707 -0.148864 -0.056343 0.045861 0.986185 -0.148864 -0.056343 0.045861 0.986185 -0.148864 -0.056343 0.045861 0.986185 0.037374 0.066115 0.036990 0.996425 0.037374 0.066115 0.036990 0.996425 0.037374 0.066115 0.036990 0.996425 0.037374 0.066115 0.036990 0.996425 0.019763 0.356255 -0.030627 0.933678 0.134120 -0.810635 0.441214 -0.360850 0.134111 -0.810624 0.441235 -0.360854 0.037374 0.066115 0.036990 0.996425 0.037374 0.066115 0.036990 0.996425 0.037374 0.066115 0.036990 0.996425 0.037374 0.066115 0.036990 0.996425 0.063375 -0.203805 0.319126 0.923366 0.004081 -0.125675 0.452784 0.882710 0.004104 -0.125663 0.452787 0.882709
-0.001495 0.758748 -0.000261 0.050185 0.097176 0.036520 0.993330 -0.136568 -0.064819 -0.168945 0.973964 0.088350 0.145866 -0.020341 0.985141 0.228918 -0.035010 -0.612873 0.755485 0.228918 -0.035010 -0.612873 0.755485 0.228918 -0.035010 -0.612873 0.755485 -0.158509 0.108313 0.086945 0.977540 0.129603 0.028153 0.220669 0.966290 -0.145623 0.019276 0.088473 0.985188 -0.145623 0.019276 0.088473 0.985188 -0.145623 0.019276 0.088473 0.985188 0.050185 0.097176 0.036520 0.993330 0.050185 0.097176 0.036520 0.993330 0.050185 0.097176 0.036520 0.993330 0.050185 0.097176 0.036520 0.993330 0.027336 0.370468 -0.059825 0.926513 0.118962 -0.818885 0.454120 -0.330228 0.118954 -0.818873 0.454142 -0.330231 0.050185 0.097176 0.036520 0.993330 0.050185 0.097176 0.036520 0.993330 0.050185 0.097176 0.036520 0.993330 0.050185 0.097176 0.036520 0.993330 0.084979 -0.196157 0.317895 0.923712 0.028072 -0.112798 0.437005 0.891917 0.028095 -0.112787 0.437008 0.891916
-0.001533 0.758188 -0.000251 0.047940 0.107986 0.033757 0.992422 -0.128187 -0.067287 -0.170553 0.974655 0.105534 0.123998 -0.026581 0.986296 0.268164 -0.054219 -0.614005 0.740369 0.268164 -0.054219 -0.614005 0.740369 0.268164 -0.054219 -0.614005 0.740369 -0.141553 0.146752 0.111169 0.972660 0.128280 0.098520 0.229581 0.959756 -0.145778 0.115974 0.134848 0.973198 -0.145778 0.115974 0.134848 0.973198 -0.145778 0.115974 0.134848 0.973198 0.047940 0.107986 0.033757 0.992422 0.047940 0.107986 0.033757 0.992422 0.047940 0.107986 0.033757 0.992422 0.047940 0.107986 0.033757 0.992422 0.025950 0.359512 -0.062303 0.930697 0.124846 -0.795266 0.485618 -0.340794 0.124837 -0.795254 0.485638 -0.340797 0.047940 0.107986 0.033757 0.992422 0.047940 0.107986 0.033757 0.992422 0.047940 0.107986 0.033757 0.992422 0.047940 0.107986 0.033757 0.992422 0.084846 -0.189847 0.308303 0.928283 0.027263 -0.102801 0.433550 0.894831 0.027287 -0.102790 0.433553 0.894831
-0.001559 0.756510 -0.000306 0.046528 0.112561 0.021485 0.992322 -0.132930 -0.068396 -0.175539 0.973056 0.127440 0.103304 -0.022870 0.986187 0.321059 -0.060340 -0.590339 0.738092 0.321059 -0.060340 -0.590339 0.738092 0.321059 -0.060340 -0.590339 0.738092 -0.132168 0.168693 0.123360 0.968946 0.128226 0.131056 0.233186 0.954991 -0.146228 0.156819 0.152968 0.964690 -0.146228 0.156819 0.152968 0.964690 -0.146228 0.156819 0.152968 0.964690 0.046528 0.112561 0.021485 0.992322 0.046528 0.112561 0.021485 0.992322 0.046528 0.112561 0.021485 0.992322 0.046528 0.112561 0.021485 0.992322 0.033691 0.317641 -0.033807 0.947009 0.132375 -0.741504 0.516745 -0.406967 0.132365 -0.741491 0.516765 -0.406971 0.046528 0.112561 0.021485 0.992322 0.046528 0.112561 0.021485 0.992322 0.046528 0.112561 0.021485 0.992322 0.046528 0.112561 0.021485 0.992322 0.081244 -0.190341 0.294221 0.933061 0.022025 -0.107049 0.438307 0.892156 0.022048 -0.107037 0.438310 0.892155
-0.001570 0.755798 -0.000431 0.044657 0.105431 0.004091 0.993415 -0.129476 -0.048988 -0.186367 0.972679 0.165815 0.128992 -0.028552 0.977267 0.350965 -0.002717 -0.567375 0.744917 0.350965 -0.002717 -0.567375 0.744917 0.350965 -0.002717 -0.567375 0.744917 -0.123520 0.179241 0.137113 0.966341 0.131510 0.149601 0.232546 0.951970 -0.153022 0.174658 0.159233 0.959543 -0.153022 0.174658 0.159233 0.959543 -0.153022 0.174658 0.159233 0.959543 0.044657 0.105431 0.004092 0.993415 0.044657 0.105431 0.004092 0.993415 0.044657 0.105431 0.004092 0.993415 0.044657 0.105431 0.004092 0.993415 0.041197 0.194434 -0.019307 0.979860 -0.089440 0.574051 -0.619573 0.527821 -0.089426 0.574035 -0.619588 0.527824 0.044657 0.105431 0.004092 0.993415 0.044657 0.105431 0.004092 0.993415 0.044657 0.105431 0.004092 0.993415 0.044657 0.105431 0.004092 0.993415 0.073171 -0.182870 0.285020 0.938066 0.016327 -0.117621 0.453091 0.883520 0.016350 -0.117609 0.453094 0.883520
-0.001568 0.746999 -0.000680 0.049393 0.085462 -0.004108 0.995108 -0.114652 -0.012732 -0.194402 0.974115 0.198170 0.205251 -0.057055 0.956737 0.339289 0.115201 -0.535673 0.764635 0.339289 0.115201 -0.535673 0.764635 0.339289 0.115201 -0.535673 0.764635 -0.088984 0.189992 0.148365 0.966423 0.132939 0.176195 0.226628 0.948642 -0.164317 0.210392 0.170352 0.948533 -0.164317 0.210392 0.170352 0.948533 -0.164317 0.210392 0.170352 0.948533 0.049393 0.085462 -0.004108 0.995108 0.049393 0.085462 -0.004108 0.995108 0.049393 0.085462 -0.004108 0.995108 0.049393 0.085462 -0.004108 0.995108 0.051739 0.098561 0.023508 0.993507 -0.026654 0.385770 -0.560928 0.732005 -0.026635 0.385756 -0.560938 0.732006 0.049393 0.085462 -0.004108 0.995108 0.049393 0.085462 -0.004108 0.995108 0.049393 0.085462 -0.004108 0.995108 0.049393 0.085462 -0.004108 0.995108 0.070460 -0.167385 0.284413 0.941343 0.021246 -0.120838 0.456732 0.881103 0.021269 -0.120826 0.456735 0.881103
-0.001578 0.728844 -0.000929 0.050683 0.101545 -0.006137 0.993520 -0.111077 0.079162 -0.211658 0.967779 0.201819 0.349443 -0.131319 0.905491 0.245894 0.272619 -0.579676 0.727455 0.245894 0.272619 -0.579676 0.727455 0.245894 0.272619 -0.579676 0.727455 -0.051115 0.234817 0.159043 0.957577 0.118799 0.253970 0.214519 0.935611 -0.195065 0.294125 0.193298 0.915465 -0.195065 0.294125 0.193298 0.915465 -0.195065 0.294125 0.193298 0.915465 0.050683 0.101545 -0.006137 0.993520 0.050683 0.101545 -0.006137 0.993520 0.050683 0.101545 -0.006137 0.993520 0.050683 0.101545 -0.006137 0.993520 0.063087 0.107841 0.119105 0.984990 -0.031070 0.381010 -0.360674 0.850753 -0.031048 0.381000 -0.360684 0.850753 0.050683 0.101545 -0.006137 0.993520 0.050683 0.101545 -0.006137 0.993520 0.050683 0.101545 -0.006137 0.993520 0.050683 0.101545 -0.006137 0.993520 0.076837 -0.112372 0.285004 0.948810 0.052019 -0.114407 0.454075 0.882055 0.052042 -0.114395 0.454078 0.882053
-0.001600 0.723457 -0.001007 0.055415 0.185737 -0.003984 0.981028 -0.083828 0.162469 -0.215602 0.959214 0.237787 0.451778 -0.143986 0.847716 0.189473 0.416375 -0.568722 0.683584 0.189473 0.416375 -0.568722 0.683584 0.189473 0.416375 -0.568722 0.683584 -0.032338 0.317817 0.165584 0.933021 0.120564 0.332868 0.195762 0.914516 -0.197895 0.373087 0.203500 0.883307 -0.197895 0.373087 0.203500 0.883307 -0.197895 0.373087 0.203500 0.883307 0.055415 0.185737 -0.003983 0.981028 0.055415 0.185737 -0.003983 0.981028 0.055415 0.185737 -0.003983 0.981028 0.055415 0.185737 -0.003983 0.981028 0.089281 0.192427 0.180917 0.960349 -0.017924 0.370940 -0.164668 0.913765 -0.017901 0.370936 -0.164677 0.913766 0.055415 0.185737 -0.003983 0.981028 0.055415 0.185737 -0.003983 0.981028 0.055415 0.185737 -0.003983 0.981028 0.055415 0.185737 -0.003983 0.981028 0.106107 -0.003263 0.275448 0.955437 0.112714 -0.055340 0.448219 0.885061 0.112737 -0.055328 0.448220 0.885058
-0.001603 0.724732 -0.001077 0.049573 0.207237 -0.003907 0.977026 -0.072730 0.222581 -0.229394 0.944747 0.257403 0.520573 -0.163206 0.797566 0.136422 0.512859 -0.562740 0.633789 0.136422 0.512859 -0.562740 0.633789 0.136422 0.512859 -0.562740 0.633789 -0.031655 0.330237 0.157775 0.930080 0.129916 0.347020 0.174297 0.912315 -0.191742 0.380059 0.184031 0.885958 -0.191742 0.380059 0.184031 0.885958 -0.191742 0.380059 0.184031 0.885958 0.049573 0.207237 -0.003907 0.977026 0.049573 0.207237 -0.003907 0.977026 0.049573 0.207237 -0.003907 0.977026 0.049573 0.207237 -0.003907 0.977026 0.097015 0.143913 0.225336 0.958698 0.054719 0.183322 -0.010073 0.981477 0.054745 0.183322 -0.010077 0.981476 0.049573 0.207237 -0.003907 0.977026 0.049573 0.207237 -0.003907 0.977026 0.049573 0.207237 -0.003907 0.977026 0.049573 0.207237 -0.003907 0.977026 0.105416 0.015548 0.267623 0.957614 0.123454 -0.067677 0.446029 0.883876 0.123477 -0.067665 0.446031 0.883873
-0.001609 0.726327 -0.001067 0.041805 0.239727 0.002631 0.969936 -0.082445 0.251266 -0.241604 0.933646 0.275739 0.539793 -0.184608 0.773635 0.091190 0.537195 -0.581400 0.604219 0.091190 0.537195 -0.581400 0.604219 0.091190 0.537195 -0.581400 0.604219 -0.043735 0.352349 0.151494 0.922490 0.147291 0.356599 0.148500 0.910544 -0.184958 0.382198 0.160072 0.891118 -0.184958 0.382198 0.160072 0.891118 -0.184958 0.382198 0.160072 0.891118 0.041806 0.239727 0.002632 0.969936 0.041806 0.239727 0.002632 0.969936 0.041806 0.239727 0.002632 0.969936 0.041805 0.239727 0.002632 0.969936 0.113240 0.179079 0.297813 0.930814 0.080512 0.194668 0.129516 0.968941 0.080537 0.194672 0.129511 0.968939 0.041806 0.239727 0.002632 0.969936 0.041806 0.239727 0.002632 0.969936 0.041806 0.239727 0.002632 0.969936 0.041806 0.239727 0.002632 0.969936 0.104655 0.020181 0.256114 0.960753 0.129075 -0.088486 0.442343 0.883087 0.129098 -0.088474 0.442345 0.883084
-0.001621 0.729498 -0.000981 0.036594 0.258179 0.013412 0.965311 -0.073219 0.241612 -0.251271 0.934412 0.280229 0.494196 -0.209123 0.795933 0.131086 0.456720 -0.640491 0.603319 0.131086 0.456720 -0.640491 0.603319 0.131086 0.456720 -0.640491 0.603319 -0.042095 0.366646 0.146792 0.917742 0.166935 0.359831 0.121484 0.909888 -0.168130 0.385680 0.131880 0.897547 -0.168129 0.385680 0.131880 0.897547 -0.168129 0.385680 0.131880 0.897547 0.036594 0.258179 0.013413 0.965311 0.036594 0.258179 0.013413 0.965311 0.036594 0.258179 0.013413 0.965311 0.036594 0.258179 0.013413 0.965311 0.129259 0.189412 0.365251 0.902223 0.112734 0.181756 0.241536 0.946529 0.112759 0.181762 0.241531 0.946526 0.036594 0.258179 0.013413 0.965311 0.036594 0.258179 0.013413 0.965311 0.036594 0.258179 0.013413 0.965311 0.036594 0.258179 0.013413 0.965311 0.100260 0.021017 0.239097 0.965577 0.125254 -0.096021 0.436346 0.885829 0.125278 -0.096010 0.436349 0.885826
-0.001695 0.735056 -0.000861 0.030261 0.282664 0.029325 0.958293 -0.074230 0.262911 -0.245456 0.930118 0.264528 0.523325 -0.205243 0.783601 0.100931 0.481940 -0.630382 0.600138 0.100931 0.481940 -0.630382 0.600138 0.100931 0.481940 -0.630382 0.600138 -0.012281 0.396577 0.148449 0.905836 0.177204 0.390566 0.119280 0.895449 -0.137930 0.413896 0.128653 0.890569 -0.137930 0.413896 0.128653 0.890569 -0.137930 0.413896 0.128653 0.890569 0.030261 0.282664 0.029325 0.958293 0.030261 0.282664 0.029325 0.958293 0.030261 0.282664 0.029325 0.958293 0.030261 0.282664 0.029325 0.958293 0.143898 0.202388 0.415146 0.875207 0.151304 0.157883 0.323632 0.920566 0.151328 0.157891 0.323628 0.920562 0.030261 0.282664 0.029325 0.958293 0.030261 0.282664 0.029325 0.958293 0.030261 0.282664 0.029325 0.958293 0.030261 0.282664 0.029325 0.958293 0.094594 0.030022 0.219915 0.970458 0.119927 -0.086825 0.421074 0.894861 0.119950 -0.086814 0.421076 0.894857
-0.001778 0.742839 -0.000769 0.025211 0.284252 0.045499 0.957337 -0.074590 0.256893 -0.225437 0.936814 0.253558 0.564391 -0.194247 0.761209 0.038196 0.539140 -0.596230 0.593616 0.038196 0.539140 -0.596230 0.593616 0.038196 0.539140 -0.596230 0.593616 0.028138 0.395950 0.137195 0.907529 0.174208 0.370476 0.129017 0.903191 -0.110902 0.390674 0.114513 0.906621 -0.110902 0.390674 0.114513 0.906621 -0.110902 0.390674 0.114513 0.906621 0.025211 0.284252 0.045500 0.957337 0.025211 0.284252 0.045500 0.957337 0.025211 0.284252 0.045500 0.957337 0.025211 0.284252 0.045500 0.957337 0.148979 0.209885 0.459974 0.849810 0.183942 0.129040 0.395402 0.890602 0.183965 0.129050 0.395399 0.890597 0.025211 0.284252 0.045500 0.957337 0.025211 0.284252 0.045500 0.957337 0.025211 0.284252 0.045500 0.957337 0.025211 0.284252 0.045500 0.957337 0.085269 0.026630 0.204995 0.974678 0.106984 -0.080084 0.409527 0.902457 0.107007 -0.080074 0.409529 0.902454
-0.001836 0.749071 -0.000753 0.007281 0.236659 0.055006 0.970007 -0.112445 0.225007 -0.207133 0.945423 0.219234 0.563741 -0.196834 0.771615 -0.034161 0.529381 -0.591030 0.607677 -0.034161 0.529381 -0.591030 0.607677 -0.034161 0.529381 -0.591030 0.607677 0.049670 0.340799 0.098450 0.933647 0.180102 0.296455 0.128413 0.929079 -0.044825 0.325779 0.077072 0.941232 -0.044825 0.325779 0.077072 0.941232 -0.044825 0.325779 0.077072 0.941232 0.007281 0.236659 0.055007 0.970007 0.007281 0.236659 0.055007 0.970007 0.007281 0.236659 0.055007 0.970007 0.007281 0.236659 0.055007 0.970007 0.125236 0.159230 0.524890 0.826711 0.180644 0.065691 0.482187 0.854721 0.180666 0.065704 0.482186 0.854716 0.007281 0.236659 0.055007 0.970007 0.007281 0.236659 0.055007 0.970007 0.007281 0.236659 0.055007 0.970007 0.007281 0.236659 0.055007 0.970007 0.055052 -0.012524 0.192596 0.979652 0.066029 -0.100993 0.393785 0.911249 0.066052 -0.100982 0.393788 0.911247
-0.001872 0.753951 -0.000877 -0.009933 0.180321 0.062220 0.981588 -0.112527 0.187587 -0.166599 0.961454 0.249272 0.551613 -0.130661 0.785184 0.027993 0.562687 -0.515041 0.646013 0.027993 0.562687 -0.515041 0.646013 0.027993 0.562687 -0.515041 0.646013 0.023695 0.268837 0.061272 0.960943 0.137671 0.203991 0.109869 0.962997 -0.091384 0.219956 0.027875 0.970820 -0.091384 0.219956 0.027875 0.970820 -0.091384 0.219956 0.027875 0.970820 -0.009933 0.180321 0.062221 0.981588 -0.009933 0.180321 0.062221 0.981588 -0.009933 0.180321 0.062221 0.981588 -0.009933 0.180321 0.062221 0.981588 0.093057 0.092268 0.582586 0.802135 0.148689 0.014275 0.562883 0.812927 0.148710 0.014290 0.562883 0.812923 -0.009933 0.180321 0.062221 0.981588 -0.009933 0.180321 0.062221 0.981588 -0.009933 0.180321 0.062221 0.981588 -0.009933 0.180321 0.062221 0.981588 0.024877 -0.047416 0.173234 0.983424 0.027057 -0.123958 0.373760 0.918807 0.027081 -0.123948 0.373763 0.918806
-0.001909 0.760902 -0.000967 -0.038839 0.187780 0.064006 0.979354 -0.121763 0.189641 -0.116699 0.967260 0.260916 0.555142 -0.061810 0.787349 0.096529 0.596290 -0.441871 0.663227 0.096529 0.596290 -0.441871 0.663227 0.096529 0.596290 -0.441871 0.663227 -0.002284 0.284873 0.040184 0.957720 0.122544 0.225966 0.094527 0.961763 -0.111521 0.250370 0.023024 0.961430 -0.111521 0.250370 0.023024 0.961430 -0.111521 0.250370 0.023024 0.961430 -0.038839 0.187780 0.064006 0.979354 -0.038839 0.187780 0.064006 0.979354 -0.038839 0.187780 0.064006 0.979354 -0.038839 0.187780 0.064006 0.979354 0.078765 0.133347 0.615998 0.772373 0.117987 0.086440 0.634339 0.759093 0.118007 0.086457 0.634336 0.759090 -0.038839 0.187780 0.064006 0.979354 -0.038839 0.187780 0.064006 0.979354 -0.038839 0.187780 0.064006 0.979354 -0.038839 0.187780 0.064006 0.979354 -0.012881 -0.050552 0.120626 0.991326 -0.010794 -0.155029 0.345822 0.925341 -0.010770 -0.155020 0.345826 0.925342
-0.001987 0.770648 -0.000934 -0.047988 0.233577 0.067391 0.968813 -0.116222 0.238286 -0.054705 0.962663 0.259853 0.625692 -0.001554 0.735515 -0.072733 -0.682878 0.350528 -0.636803 -0.072733 -0.682878 0.350528 -0.636803 -0.072733 -0.682878 0.350528 -0.636803 -0.018338 0.341536 0.039499 0.938859 0.113678 0.295797 0.082721 0.944849 -0.137391 0.323844 0.036584 0.935367 -0.137391 0.323844 0.036584 0.935367 -0.137391 0.323844 0.036584 0.935367 -0.047988 0.233577 0.067391 0.968812 -0.047988 0.233577 0.067391 0.968812 -0.047988 0.233577 0.067391 0.968812 -0.047988 0.233577 0.067391 0.968812 0.088080 0.329761 0.607782 0.717008 0.089801 0.337470 0.632606 0.691274 0.089819 0.337486 0.632597 0.691272 -0.047988 0.233577 0.067391 0.968812 -0.047988 0.233577 0.067391 0.968812 -0.047988 0.233577 0.067391 0.968812 -0.047988 0.233577 0.067391 0.968812 -0.023419 -0.018242 0.101890 0.994353 -0.012315 -0.151690 0.316548 0.936288 -0.012291 -0.151682 0.316552 0.936289
-0.002008 0.779532 -0.000936 -0.046272 0.278385 0.072026 0.956647 -0.114439 0.279888 -0.002549 0.953184 -0.229011 -0.689402 -0.046419 -0.685655 0.038279 -0.745729 0.267398 -0.609033 0.038279 -0.745729 0.267398 -0.609033 0.038279 -0.745729 0.267398 -0.609033 -0.028042 0.381526 0.042610 0.922950 0.111829 0.333211 0.072220 0.933407 -0.153126 0.352917 0.036051 0.922335 -0.153126 0.352917 0.036051 0.922335 -0.153126 0.352917 0.036051 0.922335 -0.046272 0.278385 0.072027 0.956647 -0.046272 0.278385 0.072027 0.956647 -0.046272 0.278385 0.072027 0.956647 -0.046272 0.278385 0.072027 0.956647 0.101298 0.496020 0.582187 0.636208 -0.124681 -0.502597 -0.632101 -0.576455 -0.124696 -0.502613 -0.632088 -0.576451 -0.046272 0.278385 0.072027 0.956647 -0.046272 0.278385 0.072027 0.956647 -0.046272 0.278385 0.072027 0.956647 -0.046272 0.278385 0.072027 0.956647 -0.059919 -0.027315 -0.047304 0.996708 -0.071793 -0.164280 0.245211 0.952748 -0.071768 -0.164274 0.245215 0.952750
-0.001887 0.785750 -0.001061 -0.032003 0.326349 0.074865 0.941737 -0.092280 0.329166 0.059429 0.937871 -0.237236 -0.732842 -0.118708 -0.626555 0.061177 -0.792511 0.170222 -0.582415 0.061177 -0.792511 0.170222 -0.582415 0.061177 -0.792511 0.170222 -0.582415 -0.027122 0.425853 0.039381 0.903528 0.110320 0.375228 0.066743 0.917921 -0.167154 0.387167 0.043248 0.905699 -0.167154 0.387167 0.043248 0.905699 -0.167154 0.387167 0.043248 0.905699 -0.032002 0.326349 0.074865 0.941736 -0.032002 0.326349 0.074865 0.941736 -0.032002 0.326349 0.074865 0.941736 -0.032002 0.326349 0.074865 0.941736 -0.066440 -0.778035 -0.415916 -0.466112 -0.035605 -0.862275 -0.465523 -0.196218 -0.035610 -0.862288 -0.465501 -0.196217 -0.032002 0.326349 0.074865 0.941736 -0.032002 0.326349 0.074865 0.941736 -0.032002 0.326349 0.074865 0.941736 -0.032002 0.326349 0.074865 0.941736 -0.096733 -0.331426 -0.266940 0.899746 -0.265330 -0.638861 -0.005006 0.722102 -0.265311 -0.638861 -0.004989 0.722109
-0.001602 0.788646 -0.001339 -0.023125 0.365169 0.073927 0.927713 -0.133898 0.336397 0.119413 0.924472 -0.247420 -0.719511 -0.147061 -0.632029 0.086611 -0.735581 0.185388 -0.645794 0.086611 -0.735581 0.185388 -0.645794 0.086611 -0.735581 0.185388 -0.645794 -0.046187 0.459685 0.035303 0.886177 0.094785 0.405113 0.052570 0.907819 -0.204730 0.408760 0.043922 0.888297 -0.204730 0.408760 0.043922 0.888297 -0.204730 0.408760 0.043922 0.888297 -0.023125 0.365169 0.073927 0.927713 -0.023125 0.365169 0.073927 0.927713 -0.023125 0.365169 0.073927 0.927713 -0.023125 0.365169 0.073927 0.927713 -0.014593 -0.899590 -0.242187 -0.363140 0.016213 -0.966929 -0.253380 -0.024158 0.016213 -0.966936 -0.253355 -0.024159 -0.023125 0.365169 0.073927 0.927713 -0.023125 0.365169 0.073927 0.927713 -0.023125 0.365169 0.073927 0.927713 -0.023125 0.365169 0.073927 0.927713 -0.133084 -0.350897 -0.354914 0.856269 -0.304876 -0.632939 -0.159274 0.693593 -0.304858 -0.632943 -0.159257 0.693601
-0.001360 0.791389 -0.001472 -0.019621 0.383190 0.066298 0.921078 -0.239453 0.357344 0.129635 0.893399 -0.239180 -0.761201 -0.154561 -0.582647 0.066438 -0.811116 0.137490 -0.564600 0.066438 -0.811116 0.137490 -0.564600 0.066438 -0.811116 0.137490 -0.564600 -0.069791 0.467852 0.022392 0.880763 0.089565 0.407595 0.054499 0.907124 -0.212080 0.406375 0.045266 0.887599 -0.212080 0.406375 0.045266 0.887599 -0.212080 0.406375 0.045266 0.887599 -0.019621 0.383190 0.066299 0.921078 -0.019621 0.383190 0.066299 0.921078 -0.019621 0.383190 0.066299 0.921078 -0.019621 0.383190 0.066299 0.921078 0.026408 -0.954113 -0.115679 -0.274934 -0.102612 -0.981215 -0.146534 0.072215 -0.102610 -0.981219 -0.146509 0.072217 -0.019621 0.383190 0.066299 0.921078 -0.019621 0.383190 0.066299 0.921078 -0.019621 0.383190 0.066299 0.921078 -0.019621 0.383190 0.066299 0.921078 -0.129874 -0.358833 -0.330055 0.863386 -0.283594 -0.660939 -0.169453 0.673810 -0.283576 -0.660944 -0.169436 0.673817
-0.001157 0.791634 -0.001597 0.007771 0.370728 0.059074 0.926828 -0.357485 0.294047 0.144099 0.874629 -0.223281 -0.762724 -0.149611 -0.588230 0.016414 -0.839407 0.142748 -0.524165 0.016414 -0.839407 0.142748 -0.524165 0.016414 -0.839407 0.142748 -0.524165 -0.099623 0.455979 0.007655 0.884364 0.108576 0.401399 0.070791 0.906686 -0.192323 0.403230 0.062233 0.892493 -0.192323 0.403230 0.062233 0.892493 -0.192323 0.403230 0.062233 0.892493 0.007771 0.370728 0.059075 0.926828 0.007771 0.370728 0.059075 0.926828 0.007771 0.370728 0.059075 0.926828 0.007771 0.370728 0.059075 0.926828 0.090269 -0.945819 0.081273 -0.301119 -0.041009 -0.994603 0.077680 0.055219 -0.041007 -0.994601 0.077706 0.055220 0.007771 0.370728 0.059075 0.926828 0.007771 0.370728 0.059075 0.926828 0.007771 0.370728 0.059075 0.926828 0.007771 0.370728 0.059075 0.926828 -0.077690 -0.416557 -0.278670 0.861851 -0.238002 -0.694326 -0.097429 0.672142 -0.237984 -0.694328 -0.097411 0.672148
-0.000991 0.791355 -0.001632 0.020495 0.368950 0.045097 0.928128 -0.412723 0.304097 0.161496 0.843270 -0.288734 -0.770071 -0.138536 -0.551752 -0.060734 -0.878536 0.095871 -0.463998 -0.060734 -0.878536 0.095871 -0.463998 -0.060734 -0.878536 0.095871 -0.463998 -0.116712 0.459935 0.000431 0.880249 0.107017 0.414532 0.078642 0.900292 -0.196792 0.420527 0.082194 0.881859 -0.196792 0.420527 0.082194 0.881859 -0.196792 0.420527 0.082194 0.881859 0.020495 0.368950 0.045097 0.928128 0.020495 0.368950 0.045097 0.928128 0.020495 0.368950 0.045097 0.928128 0.020495 0.368950 0.045097 0.928128 0.137248 -0.903033 0.252613 -0.319189 -0.016981 -0.961054 0.270810 0.052433 -0.016980 -0.961047 0.270835 0.052434 0.020495 0.368950 0.045097 0.928128 0.020495 0.368950 0.045097 0.928128 0.020495 0.368950 0.045097 0.928128 0.020495 0.368950 0.045097 0.928128 -0.040911 -0.456087 -0.206694 0.864632 -0.222075 -0.750718 0.025019 0.621675 -0.222059 -0.750717 0.025039 0.621681
-0.000801 0.794273 -0.001622 0.025095 0.359436 0.033821 0.932219 -0.423622 0.285622 0.186179 0.839227 -0.364003 -0.775186 -0.204452 -0.474117 -0.156777 -0.925617 -0.064176 -0.338431 -0.156777 -0.925617 -0.064176 -0.338431 -0.156777 -0.925617 -0.064176 -0.338431 -0.119828 0.458053 -0.001538 0.880810 0.098581 0.417237 0.082175 0.899690 -0.215294 0.426107 0.092857 0.873761 -0.215294 0.426107 0.092857 0.873761 -0.215294 0.426107 0.092857 0.873761 0.025095 0.359436 0.033821 0.932219 0.025095 0.359436 0.033821 0.932219 0.025095 0.359436 0.033821 0.932219 0.025095 0.359436 0.033821 0.932219 0.181327 -0.810303 0.419635 -0.366656 0.168728 -0.847707 0.490990 -0.108872 0.168725 -0.847694 0.491012 -0.108876 0.025095 0.359436 0.033821 0.932219 0.025095 0.359436 0.033821 0.932219 0.025095 0.359436 0.033821 0.932219 0.025095 0.359436 0.033821 0.932219 -0.008402 -0.447034 -0.125684 0.885604 -0.205372 -0.777915 0.177494 0.566715 -0.205357 -0.777911 0.177514 0.566720
-0.000754 0.801212 -0.001474 0.010722 0.400850 0.021344 0.915832 -0.405335 0.278605 0.195199 0.848516 -0.430917 -0.731548 -0.277224 -0.449772 -0.218044 -0.903320 -0.170010 -0.327973 -0.218044 -0.903320 -0.170010 -0.327973 -0.218044 -0.903320 -0.170010 -0.327973 -0.109272 0.494357 0.000185 0.862363 0.072738 0.451312 0.077744 0.885993 -0.254911 0.448096 0.103553 0.850592 -0.254911 0.448096 0.103553 0.850592 -0.254911 0.448096 0.103553 0.850592 0.010722 0.400850 0.021345 0.915832 0.010722 0.400850 0.021345 0.915832 0.010722 0.400850 0.021345 0.915832 0.010722 0.400850 0.021345 0.915832 0.222039 -0.760151 0.477017 -0.381214 0.374787 -0.700973 0.598267 -0.101229 0.374784 -0.700958 0.598286 -0.101239 0.010722 0.400850 0.021345 0.915832 0.010722 0.400850 0.021345 0.915832 0.010722 0.400850 0.021345 0.915832 0.010722 0.400850 0.021345 0.915832 0.029210 -0.337392 0.023612 0.940615 -0.135837 -0.630433 0.474679 0.598984 -0.135822 -0.630421 0.474696 0.598988
-0.000791 0.812681 -0.001269 -0.011807 0.475888 0.005854 0.879407 -0.389916 0.311546 0.180758 0.847485 -0.490711 -0.701104 -0.286031 -0.431094 -0.303662 -0.894762 -0.177402 -0.275169 -0.303662 -0.894762 -0.177402 -0.275169 -0.303662 -0.894762 -0.177402 -0.275169 -0.098944 0.560579 0.002165 0.822166 0.063360 0.510413 0.067390 0.854940 -0.240603 0.505611 0.100594 0.822404 -0.240603 0.505611 0.100594 0.822404 -0.240603 0.505611 0.100594 0.822404 -0.011806 0.475888 0.005854 0.879407 -0.011806 0.475888 0.005854 0.879407 -0.011806 0.475888 0.005854 0.879407 -0.011806 0.475888 0.005854 0.879407 0.278062 -0.757316 0.496577 -0.320259 -0.569000 0.561878 -0.599928 0.024843 -0.569000 0.561863 -0.599943 0.024858 -0.011806 0.475888 0.005854 0.879407 -0.011806 0.475888 0.005854 0.879407 -0.011806 0.475888 0.005854 0.879407 -0.011806 0.475888 0.005854 0.879407 0.025606 -0.074789 0.071067 0.994334 -0.007904 -0.300818 0.634645 0.711808 -0.007885 -0.300802 0.634653 0.711808
-0.000916 0.825957 -0.001119 -0.020079 0.510784 0.001364 0.859473 -0.410437 0.334781 0.127359 0.838596 -0.541952 -0.652114 -0.236710 -0.474346 -0.398812 -0.872057 -0.061767 -0.276860 -0.398812 -0.872057 -0.061767 -0.276860 -0.398812 -0.872057 -0.061767 -0.276860 -0.087143 0.588529 0.011836 0.803679 0.067377 0.535995 0.071583 0.838478 -0.196549 0.543292 0.083525 0.811927 -0.196549 0.543292 0.083525 0.811927 -0.196549 0.543292 0.083525 0.811927 -0.020079 0.510784 0.001365 0.859473 -0.020079 0.510784 0.001365 0.859473 -0.020079 0.510784 0.001365 0.859473 -0.020079 0.510784 0.001364 0.859473 0.279470 -0.796384 0.457093 -0.280598 0.572152 -0.605256 0.553312 0.012330 0.572153 -0.605242 0.553328 0.012315 -0.020079 0.510784 0.001365 0.859473 -0.020079 0.510784 0.001365 0.859473 -0.020079 0.510784 0.001365 0.859473 -0.020079 0.510784 0.001364 0.859473 0.064428 0.025301 0.147263 0.986673 0.087780 -0.156251 0.663111 0.726749 0.087799 -0.156233 0.663115 0.726747
-0.001001 0.834112 -0.001052 -0.024536 0.520074 0.002629 0.853764 -0.422330 0.359037 0.088465 0.827589 -0.562294 -0.617117 -0.174512 -0.522051 -0.450210 -0.832090 0.050164 -0.320034 -0.450210 -0.832090 0.050164 -0.320034 -0.450210 -0.832090 0.050164 -0.320034 -0.085197 0.595859 0.015494 0.798407 0.060537 0.541254 0.074040 0.835402 -0.178745 0.552905 0.071936 0.810661 -0.178745 0.552905 0.071936 0.810661 -0.178745 0.552905 0.071936 0.810661 -0.024536 0.520074 0.002630 0.853764 -0.024536 0.520074 0.002630 0.853764 -0.024536 0.520074 0.002630 0.853764 -0.024536 0.520074 0.002630 0.853764 0.293708 -0.793965 0.466004 -0.257287 0.601823 -0.586219 0.542292 0.008646 0.601823 -0.586205 0.542308 0.008630 -0.024536 0.520074 0.002630 0.853764 -0.024536 0.520074 0.002630 0.853764 -0.024536 0.520074 0.002630 0.853764 -0.024536 0.520074 0.002630 0.853764 0.079646 0.050392 0.177221 0.979648 0.111410 -0.096162 0.651784 0.743988 0.111429 -0.096145 0.651786 0.743986
-0.001045 0.840322 -0.001015 -0.029828 0.527920 0.004506 0.848758 -0.415322 0.366530 0.079290 0.828780 -0.553712 -0.628681 -0.165817 -0.520258 -0.450399 -0.838909 0.027213 -0.304354 -0.450399 -0.838909 0.027213 -0.304354 -0.450399 -0.838909 0.027213 -0.304354 -0.088410 0.597073 0.010782 0.797227 0.056217 0.539449 0.071186 0.837118 -0.164780 0.554589 0.056903 0.813659 -0.164780 0.554589 0.056903 0.813659 -0.164780 0.554589 0.056903 0.813659 -0.029828 0.527920 0.004506 0.848758 -0.029828 0.527920 0.004506 0.848758 -0.029828 0.527920 0.004506 0.848758 -0.029828 0.527920 0.004506 0.848758 0.309893 -0.792418 0.479306 -0.215189 0.666611 -0.530451 0.521323 0.049729 0.666613 -0.530437 0.521337 0.049711 -0.029828 0.527920 0.004506 0.848758 -0.029828 0.527920 0.004506 0.848758 -0.029828 0.527920 0.004506 0.848758 -0.029828 0.527920 0.004506 0.848758 0.082001 0.062822 0.187562 0.976806 0.111459 -0.035676 0.671774 0.731453 0.111478 -0.035658 0.671775 0.731450
-0.001063 0.843255 -0.000983 -0.032814 0.535973 0.007950 0.843560 -0.381625 0.378463 0.023418 0.842959 -0.521277 -0.632518 -0.124228 -0.559249 -0.385515 -0.838356 0.046269 -0.382619 -0.385515 -0.838356 0.046269 -0.382619 -0.385515 -0.838356 0.046269 -0.382619 -0.087470 0.600435 0.017351 0.794686 0.058638 0.538226 0.074355 0.837464 -0.155529 0.548950 0.050967 0.819675 -0.155529 0.548950 0.050967 0.819675 -0.155529 0.548950 0.050967 0.819675 -0.032813 0.535973 0.007950 0.843560 -0.032813 0.535973 0.007950 0.843560 -0.032813 0.535973 0.007950 0.843560 -0.032814 0.535973 0.007950 0.843560 0.299980 -0.822657 0.449047 -0.177778 0.694026 -0.532963 0.474937 0.093346 0.694029 -0.532950 0.474951 0.093328 -0.032813 0.535973 0.007950 0.843560 -0.032813 0.535973 0.007950 0.843560 -0.032813 0.535973 0.007950 0.843560 -0.032814 0.535973 0.007950 0.843560 0.081204 0.035716 0.188219 0.978112 0.095568 -0.057382 0.691011 0.714197 0.095587 -0.057364 0.691013 0.714195
-0.001083 0.837164 -0.000970 -0.036639 0.546551 0.008988 0.836575 -0.321051 0.400894 -0.013080 0.857927 -0.476496 -0.655980 -0.072690 -0.580826 -0.266281 -0.840741 0.079978 -0.464600 -0.266281 -0.840741 0.079978 -0.464600 -0.266281 -0.840741 0.079978 -0.464600 -0.110564 0.602298 0.051585 0.788893 0.077489 0.533475 0.071745 0.839198 -0.087331 0.546193 0.017935 0.832901 -0.087331 0.546193 0.017935 0.832901 -0.087331 0.546193 0.017935 0.832901 -0.036639 0.546551 0.008989 0.836575 -0.036639 0.546551 0.008989 0.836575 -0.036639 0.546551 0.008989 0.836575 -0.036639 0.546551 0.008989 0.836575 0.294621 -0.841252 0.426904 -0.152468 0.726007 -0.505553 0.441034 0.151059 0.726011 -0.505541 0.441047 0.151040 -0.036639 0.546551 0.008989 0.836575 -0.036639 0.546551 0.008989 0.836575 -0.036639 0.546551 0.008989 0.836575 -0.036639 0.546551 0.008989 0.836575 0.072894 0.031256 0.177842 0.980858 0.084193 -0.050769 0.697225 0.710079 0.084212 -0.050750 0.697226 0.710077
-0.001052 0.804088 -0.000960 -0.039192 0.565080 0.005132 0.824089 -0.206949 0.435560 -0.027652 0.875611 -0.435812 -0.685642 -0.050447 -0.580876 -0.110026 -0.830230 0.091855 -0.538679 -0.110026 -0.830230 0.091855 -0.538679 -0.110026 -0.830230 0.091855 -0.538679 -0.188614 0.605506 0.077592 0.769264 0.085042 0.535437 0.051434 0.838707 -0.060068 0.553205 -0.022139 0.830582 -0.060068 0.553205 -0.022139 0.830582 -0.060068 0.553205 -0.022139 0.830582 -0.039192 0.565080 0.005132 0.824089 -0.039192 0.565080 0.005132 0.824089 -0.039192 0.565080 0.005132 0.824089 -0.039192 0.565080 0.005132 0.824089 0.259584 -0.888039 0.362780 -0.111330 0.726203 -0.539607 0.372095 0.207363 0.726208 -0.539598 0.372109 0.207344 -0.039192 0.565080 0.005132 0.824089 -0.039192 0.565080 0.005132 0.824089 -0.039192 0.565080 0.005132 0.824089 -0.039192 0.565080 0.005132 0.824089 0.061852 0.030060 0.158786 0.984915 0.076076 -0.064349 0.702237 0.704936 0.076094 -0.064331 0.702239 0.704934
-0.001028 0.783972 -0.000938 -0.043807 0.582395 0.002895 0.811719 -0.135947 0.458982 -0.053452 0.876354 -0.379902 -0.707494 0.002760 -0.595919 0.052318 -0.795525 0.135690 -0.588210 0.052318 -0.795525 0.135690 -0.588210 0.052318 -0.795525 0.135690 -0.588210 -0.253707 0.609070 0.098766 0.744924 0.087512 0.545176 0.052663 0.832076 -0.075614 0.555334 -0.018034 0.827986 -0.075614 0.555334 -0.018034 0.827986 -0.075614 0.555334 -0.018034 0.827986 -0.043806 0.582395 0.002895 0.811719 -0.043806 0.582395 0.002895 0.811719 -0.043806 0.582395 0.002895 0.811719 -0.043807 0.582395 0.002895 0.811719 0.224192 -0.922807 0.301462 -0.085354 0.722030 -0.558799 0.312916 0.261725 0.722036 -0.558791 0.312931 0.261706 -0.043806 0.582395 0.002895 0.811719 -0.043806 0.582395 0.002895 0.811719 -0.043806 0.582395 0.002895 0.811719 -0.043807 0.582395 0.002895 0.811719 0.049673 0.028860 0.143688 0.987954 0.068753 -0.087702 0.695919 0.709421 0.068772 -0.087684 0.695921 0.709420
-0.000988 0.762030 -0.000920 -0.051469 0.574603 -0.001088 0.816812 -0.106186 0.466286 -0.089195 0.873697 -0.336901 -0.723704 0.055376 -0.599737 0.120630 -0.798621 0.171853 -0.564021 0.120630 -0.798621 0.171853 -0.564021 0.120630 -0.798621 0.171853 -0.564021 -0.299681 0.598076 0.115082 0.734338 0.107385 0.550206 0.045897 0.826822 -0.082623 0.566601 -0.013950 0.819721 -0.082623 0.566601 -0.013950 0.819721 -0.082623 0.566601 -0.013950 0.819721 -0.051469 0.574603 -0.001087 0.816812 -0.051469 0.574603 -0.001087 0.816812 -0.051469 0.574603 -0.001087 0.816812 -0.051469 0.574603 -0.001087 0.816812 0.194621 -0.939675 0.272014 -0.071706 0.709649 -0.562384 0.282541 0.316690 0.709657 -0.562377 0.282556 0.316672 -0.051469 0.574603 -0.001087 0.816812 -0.051469 0.574603 -0.001087 0.816812 -0.051469 0.574603 -0.001087 0.816812 -0.051469 0.574603 -0.001087 0.816812 0.033021 0.014585 0.135600 0.990106 0.047951 -0.102780 0.697330 0.707720 0.047970 -0.102762 0.697333 0.707718
-0.000962 0.747514 -0.000914 -0.053301 0.566803 -0.001536 0.822126 -0.088270 0.472360 -0.085301 0.872816 -0.308379 -0.745329 0.069276 -0.587017 0.174292 -0.784697 0.175584 -0.568368 0.174292 -0.784697 0.175584 -0.568368 0.174292 -0.784697 0.175584 -0.568368 -0.308030 0.589952 0.135076 0.734049 0.121898 0.554992 0.047510 0.821503 -0.109019 0.573576 0.017631 0.811674 -0.109019 0.573576 0.017631 0.811674 -0.109019 0.573576 0.017631 0.811674 -0.053301 0.566803 -0.001536 0.822126 -0.053301 0.566803 -0.001536 0.822126 -0.053301 0.566803 -0.001536 0.822126 -0.053301 0.566803 -0.001536 0.822126 0.173164 -0.950485 0.246592 -0.076053 0.714675 -0.540392 0.262626 0.358112 0.714684 -0.540385 0.262640 0.358093 -0.053301 0.566803 -0.001536 0.822126 -0.053301 0.566803 -0.001536 0.822126 -0.053301 0.566803 -0.001536 0.822126 -0.053301 0.566803 -0.001536 0.822126 0.026700 0.002025 0.131904 0.990901 0.036645 -0.121521 0.695877 0.706856 0.036663 -0.121503 0.695880 0.706855
-0.000945 0.736147 -0.000907 -0.054985 0.565169 -0.000781 0.823140 -0.093662 0.482759 -0.087582 0.866314 -0.281614 -0.764879 0.098697 -0.570888 0.240306 -0.789142 0.170679 -0.538865 0.240306 -0.789142 0.170679 -0.538865 0.240306 -0.789142 0.170679 -0.538865 -0.314288 0.594499 0.142639 0.726256 0.134805 0.566107 0.039716 0.812264 -0.121936 0.587805 0.025418 0.799357 -0.121936 0.587805 0.025418 0.799357 -0.121936 0.587805 0.025418 0.799357 -0.054985 0.565169 -0.000780 0.823140 -0.054985 0.565169 -0.000780 0.823140 -0.054985 0.565169 -0.000780 0.823140 -0.054985 0.565169 -0.000780 0.823140 0.147556 -0.964349 0.209950 -0.064647 0.706905 -0.547425 0.225760 0.386838 0.706915 -0.547419 0.225774 0.386819 -0.054985 0.565169 -0.000780 0.823140 -0.054985 0.565169 -0.000780 0.823140 -0.054985 0.565169 -0.000780 0.823140 -0.054985 0.565169 -0.000780 0.823140 0.007473 -0.007404 0.107613 0.994137 0.015325 -0.137918 0.676697 0.723067 0.015343 -0.137901 0.676700 0.723066
-0.000938 0.733005 -0.000899 -0.051183 0.566889 0.001276 0.822202 -0.086459 0.506857 -0.081415 0.853810 -0.298347 -0.786016 0.091007 -0.533746 0.231363 -0.819626 0.129353 -0.507890 0.231363 -0.819626 0.129353 -0.507890 0.231363 -0.819626 0.129353 -0.507890 -0.303660 0.594493 0.156309 0.727967 0.131486 0.570569 0.054347 0.808832 -0.142989 0.590436 0.051983 0.792614 -0.142989 0.590436 0.051983 0.792614 -0.142989 0.590436 0.051983 0.792614 -0.051183 0.566889 0.001277 0.822202 -0.051183 0.566889 0.001277 0.822202 -0.051183 0.566889 0.001277 0.822202 -0.051183 0.566889 0.001277 0.822202 0.130130 -0.973221 0.181688 -0.053812 0.722306 -0.513763 0.192167 0.421181 0.722317 -0.513758 0.192181 0.421162 -0.051183 0.566889 0.001277 0.822202 -0.051183 0.566889 0.001277 0.822202 -0.051183 0.566889 0.001277 0.822202 -0.051183 0.566889 0.001277 0.822202 0.008038 -0.008774 0.101453 0.994769 -0.017312 0.176493 -0.706057 -0.685591 -0.017330 0.176474 -0.706061 -0.685590
-0.000927 0.742468 -0.000916 -0.036876 0.545569 0.004145 0.837244 -0.063506 0.505584 -0.071268 0.857481 -0.310068 -0.795824 0.088174 -0.512589 0.215284 -0.836933 0.111511 -0.490674 0.215284 -0.836933 0.111511 -0.490674 0.215284 -0.836933 0.111511 -0.490674 -0.290647 0.576763 0.165635 0.745274 0.115897 0.560753 0.073817 0.816502 -0.171607 0.574808 0.078194 0.796261 -0.171607 0.574808 0.078194 0.796261 -0.171607 0.574808 0.078194 0.796261 -0.036875 0.545569 0.004146 0.837244 -0.036875 0.545569 0.004146 0.837244 -0.036875 0.545569 0.004146 0.837244 -0.036875 0.545569 0.004146 0.837244 0.123339 -0.973230 0.176443 -0.080493 0.680717 -0.506565 0.209709 0.485837 0.680730 -0.506560 0.209723 0.485819 -0.036875 0.545569 0.004146 0.837244 -0.036875 0.545569 0.004146 0.837244 -0.036875 0.545569 0.004146 0.837244 -0.036875 0.545569 0.004146 0.837244 0.020877 -0.126956 0.097776 0.986857 0.037576 0.383619 -0.688546 -0.614270 0.037560 0.383602 -0.688556 -0.614271
-0.000924 0.748526 -0.000933 -0.011362 0.500898 0.008608 0.865389 -0.064444 0.479498 -0.051402 0.873663 -0.276579 -0.799155 0.088690 -0.526298 0.262901 -0.815152 0.111242 -0.504018 0.262901 -0.815152 0.111242 -0.504018 0.262901 -0.815152 0.111242 -0.504018 -0.281997 0.546305 0.156256 0.773054 0.111872 0.532218 0.081771 0.835190 -0.176670 0.551423 0.081041 0.811266 -0.176670 0.551423 0.081041 0.811266 -0.176670 0.551423 0.081041 0.811266 -0.011362 0.500898 0.008609 0.865389 -0.011362 0.500898 0.008609 0.865389 -0.011362 0.500898 0.008609 0.865389 -0.011362 0.500898 0.008609 0.865389 0.030863 -0.988389 0.033044 -0.145061 0.792148 -0.482961 0.143167 0.344607 0.792157 -0.482957 0.143180 0.344586 -0.011362 0.500898 0.008609 0.865389 -0.011362 0.500898 0.008609 0.865389 -0.011362 0.500898 0.008609 0.865389 -0.011362 0.500898 0.008609 0.865389 0.039153 -0.320953 0.083509 0.942594 -0.114923 -0.594729 0.561079 0.564164 -0.114909 -0.594714 0.561094 0.564167
-0.000897 0.748717 -0.001001 -0.003564 0.490906 0.000924 0.871205 -0.073392 0.473559 -0.046387 0.876472 -0.254873 -0.782539 0.103393 -0.558554 0.301652 -0.772677 0.153266 -0.537108 0.301652 -0.772677 0.153266 -0.537108 0.301652 -0.772677 0.153266 -0.537108 -0.273112 0.553510 0.171524 0.767864 0.091097 0.544185 0.091174 0.829006 -0.238353 0.542204 0.116479 0.797267 -0.238353 0.542204 0.116479 0.797267 -0.238353 0.542204 0.116479 0.797267 -0.003564 0.490906 0.000925 0.871205 -0.003564 0.490906 0.000925 0.871205 -0.003564 0.490906 0.000925 0.871205 -0.003564 0.490906 0.000925 0.871205 0.025404 -0.980330 0.041849 -0.191199 0.781300 -0.378710 0.180523 0.462127 0.781312 -0.378705 0.180533 0.462107 -0.003564 0.490906 0.000925 0.871205 -0.003564 0.490906 0.000925 0.871205 -0.003564 0.490906 0.000925 0.871205 -0.003564 0.490906 0.000925 0.871205 0.059458 -0.327879 0.111699 0.936207 -0.098931 -0.605971 0.585007 0.529886 -0.098917 -0.605955 0.585023 0.529888
-0.000884 0.748737 -0.000974 -0.006101 0.488877 -0.001904 0.872329 -0.072828 0.465518 -0.052697 0.880461 -0.251829 -0.775369 0.098759 -0.570642 0.311208 -0.760107 0.154218 -0.549184 0.311208 -0.760107 0.154218 -0.549184 0.311208 -0.760107 0.154218 -0.549184 -0.267605 0.559871 0.177275 0.763875 0.093550 0.551508 0.086994 0.824330 -0.238831 0.548504 0.116838 0.792749 -0.238831 0.548504 0.116838 0.792749 -0.238831 0.548504 0.116838 0.792749 -0.006100 0.488877 -0.001903 0.872329 -0.006100 0.488877 -0.001903 0.872329 -0.006100 0.488877 -0.001903 0.872329 -0.006100 0.488877 -0.001903 0.872329 0.000920 -0.963279 0.002041 -0.268494 0.739951 -0.385984 0.207551 0.510305 0.739964 -0.385979 0.207561 0.510286 -0.006100 0.488877 -0.001903 0.872329 -0.006100 0.488877 -0.001903 0.872329 -0.006100 0.488877 -0.001903 0.872329 -0.006100 0.488877 -0.001903 0.872329 0.095372 -0.138680 0.182804 0.968635 0.008681 0.223543 -0.768000 -0.600107 0.008665 0.223523 -0.768006 -0.600107
-0.000868 0.749484 -0.000917 0.000715 0.493298 0.002435 0.869856 -0.071402 0.462483 -0.060022 0.881708 -0.252693 -0.767882 0.098029 -0.580425 0.286708 -0.762632 0.171531 -0.553866 0.286708 -0.762632 0.171531 -0.553866 0.286708 -0.762632 0.171531 -0.553866 -0.262253 0.567399 0.176732 0.760294 0.091538 0.560301 0.077183 0.819589 -0.226159 0.560530 0.100565 0.790282 -0.226159 0.560530 0.100565 0.790282 -0.226159 0.560530 0.100565 0.790282 0.000715 0.493298 0.002435 0.869856 0.000715 0.493298 0.002435 0.869856 0.000715 0.493298 0.002435 0.869856 0.000715 0.493298 0.002435 0.869856 -0.086588 -0.933010 -0.156838 -0.312083 0.787267 -0.575826 0.178551 -0.129440 0.787264 -0.575821 0.178566 -0.129461 0.000715 0.493298 0.002435 0.869856 0.000715 0.493298 0.002435 0.869856 0.000715 0.493298 0.002435 0.869856 0.000715 0.493298 0.002435 0.869856 0.114322 0.029056 0.200324 0.972603 -0.065358 -0.145654 -0.772194 -0.615004 -0.065374 -0.145674 -0.772190 -0.615002
-0.000775 0.751182 -0.000917 0.019834 0.473219 0.020648 0.880480 -0.089823 0.435646 -0.084060 0.891672 -0.226775 -0.740700 0.109597 -0.622837 0.249102 -0.748803 0.225780 -0.571196 0.249102 -0.748803 0.225780 -0.571196 0.249102 -0.748803 0.225780 -0.571196 -0.246543 0.558662 0.169090 0.773642 0.086658 0.554569 0.069691 0.824674 -0.223405 0.566028 0.092062 0.788180 -0.223405 0.566028 0.092062 0.788180 -0.223405 0.566028 0.092062 0.788180 0.019835 0.473219 0.020648 0.880480 0.019835 0.473219 0.020648 0.880480 0.019835 0.473219 0.020648 0.880480 0.019835 0.473219 0.020648 0.880480 -0.103445 -0.808351 -0.205023 -0.542063 -0.554986 0.529334 -0.309822 0.561967 -0.554971 0.529325 -0.309835 0.561982 0.019835 0.473219 0.020648 0.880480 0.019835 0.473219 0.020648 0.880480 0.019835 0.473219 0.020648 0.880480 0.019835 0.473219 0.020648 0.880480 0.114537 0.136407 0.178503 0.967683 -0.114603 -0.317841 -0.715150 -0.611886 -0.114619 -0.317860 -0.715141 -0.611883
-0.000766 0.763929 -0.000756 0.012401 0.422825 0.027969 0.905695 -0.129660 0.336002 -0.100676 0.927445 0.170781 0.649736 -0.109097 0.732649 0.179535 -0.679518 0.307557 -0.641429 0.179535 -0.679518 0.307557 -0.641429 0.179535 -0.679518 0.307557 -0.641429 -0.223878 0.526503 0.142385 0.807713 0.055861 0.516104 0.063562 0.852336 -0.251553 0.530754 0.070355 0.806270 -0.251553 0.530754 0.070355 0.806270 -0.251553 0.530754 0.070355 0.806270 0.012401 0.422825 0.027969 0.905695 0.012401 0.422825 0.027969 0.905695 0.012401 0.422825 0.027969 0.905695 0.012401 0.422825 0.027969 0.905695 -0.064905 -0.718152 -0.166809 -0.672473 -0.392602 0.455140 -0.327787 0.728881 -0.392583 0.455132 -0.327798 0.728891 0.012401 0.422825 0.027969 0.905695 0.012401 0.422825 0.027969 0.905695 0.012401 0.422825 0.027969 0.905695 0.012401 0.422825 0.027969 0.905695 0.037567 0.136153 0.060493 0.988125 -0.100703 -0.293334 -0.677023 -0.667423 -0.100720 -0.293352 -0.677015 -0.667421
-0.000933 0.786923 -0.000704 0.021282 0.357062 0.047239 0.932643 -0.116066 0.201594 -0.104735 0.966912 0.147708 0.485988 -0.096077 0.856018 -0.080644 0.482834 -0.416599 0.766037 -0.080644 0.482834 -0.416599 0.766037 -0.080644 0.482834 -0.416599 0.766037 -0.171453 0.478413 0.113602 0.853709 0.052146 0.465110 0.063778 0.881411 -0.275860 0.482185 0.065649 0.828908 -0.275860 0.482185 0.065649 0.828908 -0.275860 0.482185 0.065649 0.828908 0.021283 0.357062 0.047239 0.932643 0.021283 0.357062 0.047239 0.932643 0.021283 0.357062 0.047239 0.932643 0.021282 0.357062 0.047239 0.932643 0.040026 0.679850 0.151793 0.716352 -0.258733 0.547179 -0.195878 0.771546 -0.258713 0.547174 -0.195893 0.771553 0.021283 0.357062 0.047239 0.932643 0.021283 0.357062 0.047239 0.932643 0.021283 0.357062 0.047239 0.932643 0.021282 0.357062 0.047239 0.932643 -0.001139 -0.125050 -0.078471 0.989042 -0.090028 -0.249836 0.548043 0.793175 -0.090007 -0.249822 0.548049 0.793177
-0.000962 0.819053 -0.000630 -0.007175 0.239821 0.054957 0.969234 -0.126547 0.068916 -0.102261 0.984266 0.138582 0.363691 -0.069091 0.918559 -0.032148 0.364633 -0.398821 0.840804 -0.032148 0.364633 -0.398821 0.840804 -0.032148 0.364633 -0.398821 0.840804 -0.129266 0.377400 0.088712 0.912683 0.054831 0.360603 0.094495 0.926299 -0.243477 0.399806 0.055543 0.881924 -0.243477 0.399806 0.055543 0.881924 -0.243477 0.399806 0.055543 0.881924 -0.007174 0.239821 0.054958 0.969234 -0.007174 0.239821 0.054958 0.969234 -0.007174 0.239821 0.054958 0.969234 -0.007174 0.239821 0.054958 0.969234 -0.109395 0.308839 -0.345031 0.879548 -0.410160 -0.211668 -0.785819 0.411648 -0.410149 -0.211688 -0.785813 0.411659 -0.007174 0.239821 0.054958 0.969234 -0.007174 0.239821 0.054958 0.969234 -0.007174 0.239821 0.054958 0.969234 -0.007174 0.239821 0.054958 0.969234 -0.067823 -0.183663 -0.288152 0.937356 -0.229897 -0.360815 0.291258 0.855645 -0.229875 -0.360807 0.291268 0.855651
-0.000894 0.840442 -0.000596 -0.032080 0.150338 0.063951 0.986042 -0.147953 -0.035751 -0.093288 0.983936 0.124330 0.249794 -0.054611 0.958730 0.058753 0.272051 -0.390096 0.877702 0.058753 0.272051 -0.390096 0.877702 0.058753 0.272051 -0.390096 0.877702 -0.097924 0.272843 0.064362 0.954895 0.067360 0.229774 0.104256 0.965296 -0.210164 0.267585 0.015090 0.940214 -0.210164 0.267585 0.015090 0.940214 -0.210164 0.267585 0.015090 0.940214 -0.032080 0.150338 0.063951 0.986042 -0.032080 0.150338 0.063951 0.986042 -0.032080 0.150338 0.063951 0.986042 -0.032080 0.150338 0.063951 0.986042 -0.105108 0.103967 -0.458124 0.876508 -0.413982 -0.595288 -0.656382 0.208359 -0.413976 -0.595306 -0.656367 0.208370 -0.032080 0.150338 0.063951 0.986042 -0.032080 0.150338 0.063951 0.986042 -0.032080 0.150338 0.063951 0.986042 -0.032080 0.150338 0.063951 0.986042 -0.086158 -0.153386 -0.442729 0.879227 -0.295412 -0.392127 0.073929 0.868045 -0.295390 -0.392125 0.073939 0.868053
-0.000805 0.855494 -0.000663 -0.044083 0.134988 0.067905 0.987534 -0.156806 -0.051993 -0.075711 0.983350 0.109401 0.246750 -0.013089 0.962795 0.078678 0.264922 -0.327513 0.903527 0.078678 0.264922 -0.327513 0.903527 0.078678 0.264922 -0.327513 0.903527 -0.074355 0.209036 0.040150 0.974250 0.104319 0.109395 0.098723 0.983567 -0.136691 0.134486 -0.046584 0.980336 -0.136691 0.134486 -0.046584 0.980336 -0.136691 0.134486 -0.046584 0.980336 -0.044083 0.134988 0.067905 0.987534 -0.044083 0.134988 0.067905 0.987534 -0.044083 0.134988 0.067905 0.987534 -0.044083 0.134988 0.067905 0.987534 -0.105181 0.035242 -0.464888 0.878393 -0.372546 -0.611952 -0.673853 0.180685 -0.372541 -0.611969 -0.673837 0.180694 -0.044083 0.134988 0.067905 0.987534 -0.044083 0.134988 0.067905 0.987534 -0.044083 0.134988 0.067905 0.987534 -0.044083 0.134988 0.067905 0.987534 -0.103236 -0.103533 -0.535738 0.831630 -0.334349 -0.364751 -0.065783 0.866510 -0.334327 -0.364753 -0.065773 0.866519
-0.000740 0.867516 -0.000660 -0.049327 0.134728 0.069548 0.987207 -0.145725 -0.062903 -0.062846 0.985321 0.101532 0.235930 0.011243 0.966386 0.088810 0.247741 -0.303055 0.915912 0.088810 0.247741 -0.303055 0.915912 0.088810 0.247741 -0.303055 0.915912 -0.051230 0.173515 0.002328 0.983495 0.120257 0.029249 0.061065 0.990431 -0.087815 0.050490 -0.116864 0.987969 -0.087815 0.050490 -0.116864 0.987969 -0.087815 0.050490 -0.116864 0.987969 -0.049327 0.134728 0.069549 0.987207 -0.049327 0.134728 0.069549 0.987207 -0.049327 0.134728 0.069549 0.987207 -0.049327 0.134728 0.069549 0.987207 -0.113376 0.037316 -0.496749 0.859648 -0.403717 -0.601102 -0.656532 0.211317 -0.403711 -0.601119 -0.656517 0.211327 -0.049327 0.134728 0.069549 0.987207 -0.049327 0.134728 0.069549 0.987207 -0.049327 0.134728 0.069549 0.987207 -0.049327 0.134728 0.069549 0.987207 -0.114734 -0.064052 -0.579211 0.804517 -0.348308 -0.327810 -0.141856 0.866660 -0.348286 -0.327813 -0.141847 0.866669
-0.000721 0.869301 -0.000577 -0.065470 0.135027 0.070070 0.986190 -0.140866 -0.073407 -0.046666 0.986200 0.093495 0.221939 0.029850 0.970109 0.084738 0.228188 -0.292345 0.924816 0.084738 0.228188 -0.292345 0.924816 0.084738 0.228188 -0.292345 0.924816 -0.054366 0.159691 -0.015794 0.985542 0.122156 -0.009256 0.040161 0.991655 -0.060382 0.010087 -0.154424 0.986106 -0.060382 0.010087 -0.154424 0.986106 -0.060382 0.010087 -0.154424 0.986106 -0.065469 0.135027 0.070071 0.986190 -0.065469 0.135027 0.070071 0.986190 -0.065469 0.135027 0.070071 0.986190 -0.065470 0.135027 0.070071 0.986190 -0.126113 0.047433 -0.474771 0.869735 -0.382978 -0.579970 -0.691252 0.197823 -0.382972 -0.579988 -0.691237 0.197833 -0.065469 0.135027 0.070071 0.986190 -0.065469 0.135027 0.070071 0.986190 -0.065469 0.135027 0.070071 0.986190 -0.065469 0.135027 0.070071 0.986190 -0.132681 -0.027364 -0.601542 0.787270 -0.378432 -0.313021 -0.152246 0.857688 -0.378410 -0.313025 -0.152237 0.857698
-0.000740 0.867026 -0.000476 -0.072484 0.136830 0.068294 0.985576 -0.132606 -0.087692 -0.035168 0.986655 0.095926 0.192711 0.041738 0.975663 0.112449 0.194228 -0.286526 0.931415 0.112449 0.194228 -0.286526 0.931415 0.112449 0.194228 -0.286526 0.931415 -0.052266 0.155223 -0.021646 0.986258 0.117616 -0.028963 0.035405 0.992005 -0.066389 -0.008163 -0.170367 0.983108 -0.066389 -0.008163 -0.170367 0.983108 -0.066389 -0.008163 -0.170367 0.983108 -0.072484 0.136830 0.068294 0.985576 -0.072484 0.136830 0.068294 0.985576 -0.072484 0.136830 0.068294 0.985576 -0.072484 0.136830 0.068294 0.985576 -0.130884 0.070650 -0.437767 0.886700 -0.395187 -0.643565 -0.628722 0.185362 -0.395182 -0.643582 -0.628706 0.185373 -0.072484 0.136830 0.068294 0.985576 -0.072484 0.136830 0.068294 0.985576 -0.072484 0.136830 0.068294 0.985576 -0.072484 0.136830 0.068294 0.985576 -0.142371 0.026976 -0.592075 0.792748 -0.382481 -0.298520 -0.109488 0.867529 -0.382459 -0.298523 -0.109481 0.867539
-0.000796 0.863234 -0.000525 -0.067509 0.148590 0.060479 0.984736 -0.111706 -0.082164 -0.026865 0.989974 0.105764 0.188455 0.059117 0.974579 0.105704 0.186148 -0.288436 0.933263 0.105704 0.186148 -0.288436 0.933263 0.105704 0.186148 -0.288436 0.933263 -0.041119 0.157194 -0.022466 0.986455 0.144913 -0.035515 0.041412 0.987939 -0.046149 -0.016201 -0.169951 0.984238 -0.046149 -0.016201 -0.169951 0.984238 -0.046149 -0.016201 -0.169951 0.984238 -0.067509 0.148590 0.060480 0.984736 -0.067509 0.148590 0.060480 0.984736 -0.067509 0.148590 0.060480 0.984736 -0.067509 0.148590 0.060480 0.984736 -0.131923 0.233622 -0.376281 0.886809 -0.404095 -0.349903 -0.726397 0.431998 -0.404083 -0.349922 -0.726388 0.432009 -0.067509 0.148590 0.060480 0.984736 -0.067509 0.148590 0.060480 0.984736 -0.067509 0.148590 0.060480 0.984736 -0.067509 0.148590 0.060480 0.984736 -0.142477 -0.016995 -0.590225 0.794384 -0.420819 -0.371191 -0.104672 0.821080 -0.420798 -0.371194 -0.104662 0.821091
-0.000869 0.860525 -0.000722 -0.033154 0.082810 0.056075 0.994434 -0.081082 -0.147137 -0.020666 0.985571 0.122407 0.115002 0.069444 0.983346 0.114687 0.108125 -0.287143 0.944830 0.114687 0.108125 -0.287143 0.944830 0.114687 0.108125 -0.287143 0.944830 -0.009284 0.108494 -0.027054 0.993686 0.171172 -0.070309 0.044547 0.981719 -0.047771 -0.046566 -0.171089 0.982994 -0.047771 -0.046566 -0.171089 0.982994 -0.047771 -0.046566 -0.171089 0.982994 -0.033154 0.082810 0.056076 0.994434 -0.033154 0.082810 0.056076 0.994434 -0.033154 0.082810 0.056076 0.994434 -0.033154 0.082810 0.056076 0.994434 -0.069931 0.454036 -0.184457 0.868871 0.167606 -0.648244 0.499418 -0.549791 0.167592 -0.648231 0.499435 -0.549795 -0.033154 0.082810 0.056076 0.994434 -0.033154 0.082810 0.056076 0.994434 -0.033154 0.082810 0.056076 0.994434 -0.033154 0.082810 0.056076 0.994434 -0.065211 -0.161559 -0.571439 0.801937 -0.395031 -0.492198 -0.091023 0.770329 -0.395011 -0.492200 -0.091010 0.770339
-0.000973 0.858669 -0.000923 -0.017555 0.054071 0.038343 0.997646 -0.064907 -0.152309 -0.012931 0.986114 0.152764 0.125592 0.097833 0.975356 0.198199 0.158370 -0.216416 0.942762 0.198199 0.158370 -0.216416 0.942762 0.198199 0.158370 -0.216416 0.942762 -0.005498 0.096881 -0.034577 0.994680 0.177878 -0.061168 0.053339 0.980700 -0.055813 -0.023147 -0.149562 0.986904 -0.055813 -0.023147 -0.149562 0.986904 -0.055813 -0.023147 -0.149562 0.986904 -0.017555 0.054071 0.038343 0.997646 -0.017555 0.054071 0.038343 0.997646 -0.017555 0.054071 0.038343 0.997646 -0.017555 0.054071 0.038343 0.997646 -0.035868 0.414899 -0.073356 0.906196 0.092182 -0.841299 0.312813 -0.431122 0.092171 -0.841291 0.312835 -0.431124 -0.017555 0.054071 0.038343 0.997646 -0.017555 0.054071 0.038343 0.997646 -0.017555 0.054071 0.038343 0.997646 -0.017555 0.054071 0.038343 0.997646 -0.031828 -0.259304 -0.503819 0.823356 -0.367081 -0.565002 -0.022862 0.738581 -0.367062 -0.565002 -0.022847 0.738590
-0.001110 0.856755 -0.001073 0.002989 0.029875 0.018393 0.999380 -0.065575 -0.135150 -0.006505 0.988631 0.161096 0.182220 0.104422 0.964334 0.206910 0.260136 -0.155938 0.930162 0.206910 0.260136 -0.155938 0.930162 0.206910 0.260136 -0.155938 0.930162 -0.000098 0.085205 -0.048051 0.995204 0.188642 -0.058744 0.064237 0.978180 -0.050882 -0.004898 -0.126793 0.990611 -0.050882 -0.004898 -0.126793 0.990611 -0.050882 -0.004898 -0.126793 0.990611 0.002989 0.029875 0.018393 0.999380 0.002989 0.029875 0.018393 0.999380 0.002989 0.029875 0.018393 0.999380 0.002989 0.029875 0.018393 0.999380 -0.001741 0.361380 0.071239 0.929692 0.134082 -0.878182 0.169771 -0.426610 0.134071 -0.878178 0.169794 -0.426613 0.002989 0.029875 0.018393 0.999380 0.002989 0.029875 0.018393 0.999380 0.002989 0.029875 0.018393 0.999380 0.002989 0.029875 0.018393 0.999380 -0.003450 -0.335495 -0.406991 0.849582 -0.326254 -0.608975 0.080039 0.718541 -0.326236 -0.608973 0.080055 0.718550
-0.001209 0.848819 -0.001112 0.001415 0.034501 -0.002290 0.999401 -0.070522 -0.115745 -0.015971 0.990644 0.168063 0.212929 0.099380 0.957361 0.252247 0.315363 -0.124390 0.906336 0.252247 0.315363 -0.124390 0.906336 0.252247 0.315363 -0.124390 0.906336 -0.012572 0.084273 -0.066692 0.994129 0.183171 -0.059911 0.075389 0.978354 -0.049050 0.000402 -0.110214 0.992697 -0.049050 0.000402 -0.110214 0.992697 -0.049050 0.000402 -0.110214 0.992697 0.001415 0.034501 -0.002290 0.999401 0.001415 0.034501 -0.002290 0.999401 0.001415 0.034501 -0.002290 0.999401 0.001415 0.034501 -0.002290 0.999401 0.007941 0.257223 0.173985 0.950527 0.209538 -0.870117 0.198109 -0.399679 0.209527 -0.870112 0.198131 -0.399685 0.001415 0.034501 -0.002290 0.999401 0.001415 0.034501 -0.002290 0.999401 0.001415 0.034501 -0.002290 0.999401 0.001415 0.034501 -0.002290 0.999401 -0.009034 -0.345962 -0.275496 0.896845 -0.302652 -0.529390 0.344368 0.713834 -0.302633 -0.529382 0.344382 0.713841
-0.001271 0.843711 -0.001023 0.000694 0.019204 -0.021158 0.999591 -0.068855 -0.124396 -0.008161 0.989807 0.161151 0.212833 0.096418 0.958872 0.300498 0.334682 -0.106609 0.886749 0.300498 0.334682 -0.106609 0.886749 0.300498 0.334682 -0.106609 0.886749 -0.025194 0.066635 -0.085909 0.993753 0.168050 -0.077790 0.091489 0.978436 -0.018468 -0.003696 -0.085511 0.996159 -0.018468 -0.003696 -0.085511 0.996159 -0.018468 -0.003696 -0.085511 0.996159 0.000694 0.019204 -0.021157 0.999591 0.000694 0.019204 -0.021157 0.999591 0.000694 0.019204 -0.021157 0.999591 0.000694 0.019204 -0.021157 0.999591 0.008373 0.158553 0.226400 0.961007 0.248999 -0.789029 0.403190 -0.390987 0.248988 -0.789019 0.403210 -0.390993 0.000694 0.019204 -0.021157 0.999591 0.000694 0.019204 -0.021157 0.999591 0.000694 0.019204 -0.021157 0.999591 0.000694 0.019204 -0.021157 0.999591 -0.009601 -0.312824 -0.188737 0.930821 -0.262087 -0.365986 0.537148 0.713328 -0.262069 -0.365972 0.537157 0.713335
-0.001308 0.843091 -0.000854 -0.010082 -0.011712 -0.034941 0.999270 -0.077362 -0.181719 -0.041406 0.979428 0.135713 0.130547 0.095524 0.977453 0.358474 0.253509 -0.094618 0.893464 0.358474 0.253509 -0.094618 0.893464 0.358474 0.253509 -0.094618 0.893464 -0.051258 0.033709 -0.104648 0.992615 0.145994 -0.122311 0.116390 0.974771 0.020297 -0.042978 -0.059458 0.997099 0.020297 -0.042978 -0.059458 0.997099 0.020297 -0.042978 -0.059458 0.997099 -0.010082 -0.011712 -0.034941 0.999270 -0.010082 -0.011712 -0.034941 0.999270 -0.010082 -0.011712 -0.034941 0.999270 -0.010082 -0.011712 -0.034941 0.999270 -0.009370 0.076940 0.185795 0.979527 -0.158922 0.519318 -0.715722 0.439084 -0.158911 0.519299 -0.715735 0.439088 -0.010082 -0.011712 -0.034941 0.999270 -0.010082 -0.011712 -0.034941 0.999270 -0.010082 -0.011712 -0.034941 0.999270 -0.010082 -0.011712 -0.034941 0.999270 -0.017723 -0.290954 -0.166728 0.941931 -0.234756 -0.185209 0.609121 0.734547 -0.234737 -0.185194 0.609126 0.734553
-0.001299 0.842517 -0.000772 -0.017941 -0.045698 -0.043033 0.997867 -0.077745 -0.237561 -0.055903 0.966641 0.134520 0.047898 0.098116 0.984877 0.434925 0.170132 -0.088082 0.879850 0.434925 0.170132 -0.088082 0.879850 0.434925 0.170132 -0.088082 0.879850 -0.083330 -0.004177 -0.122942 0.988900 0.117933 -0.165522 0.137567 0.969417 0.027308 -0.093807 -0.042051 0.994327 0.027308 -0.093807 -0.042051 0.994327 0.027308 -0.093807 -0.042051 0.994327 -0.017941 -0.045698 -0.043032 0.997867 -0.017941 -0.045698 -0.043032 0.997867 -0.017941 -0.045698 -0.043032 0.997867 -0.017941 -0.045698 -0.043032 0.997867 -0.023782 0.049255 0.180109 0.982125 -0.125833 0.412429 -0.794408 0.427768 -0.125821 0.412408 -0.794418 0.427771 -0.017941 -0.045698 -0.043032 0.997867 -0.017941 -0.045698 -0.043032 0.997867 -0.017941 -0.045698 -0.043032 0.997867 -0.017941 -0.045698 -0.043032 0.997867 -0.019344 -0.286645 -0.214070 0.933614 -0.231308 -0.157135 0.584633 0.761584 -0.231288 -0.157120 0.584637 0.761590
-0.001224 0.837154 -0.000770 -0.028579 -0.073196 -0.039504 0.996125 -0.085209 -0.284085 -0.054878 0.953427 0.128849 -0.016064 0.125792 0.983522 0.478324 0.114904 -0.052151 0.869071 0.478324 0.114904 -0.052151 0.869071 0.478324 0.114904 -0.052151 0.869071 -0.096036 -0.031228 -0.164393 0.981212 0.103992 -0.208278 0.108413 0.966464 -0.003982 -0.162864 -0.098816 0.981680 -0.003982 -0.162864 -0.098816 0.981680 -0.003982 -0.162864 -0.098816 0.981680 -0.028579 -0.073196 -0.039503 0.996125 -0.028579 -0.073196 -0.039503 0.996125 -0.028579 -0.073196 -0.039503 0.996125 -0.028579 -0.073196 -0.039503 0.996125 -0.029841 0.054898 0.046464 0.996964 -0.070207 0.198215 -0.901156 0.379078 -0.070197 0.198192 -0.901161 0.379080 -0.028579 -0.073196 -0.039503 0.996125 -0.028579 -0.073196 -0.039503 0.996125 -0.028579 -0.073196 -0.039503 0.996125 -0.028579 -0.073196 -0.039503 0.996125 -0.013684 -0.309607 -0.329135 0.891979 -0.257703 -0.176893 0.519235 0.795420 -0.257682 -0.176880 0.519240 0.795427
-0.001081 0.824848 -0.000983 -0.035381 -0.111716 -0.032275 0.992586 -0.095175 -0.323755 -0.052121 0.939898 0.121608 -0.057070 0.146353 0.980069 0.486160 0.086312 -0.012314 0.869510 0.486160 0.086312 -0.012314 0.869510 0.486160 0.086312 -0.012314 0.869510 -0.107815 -0.056169 -0.188891 0.974444 0.096745 -0.237302 0.076415 0.963581 -0.075528 -0.169811 -0.162570 0.969036 -0.075528 -0.169811 -0.162570 0.969036 -0.075528 -0.169811 -0.162570 0.969036 -0.035381 -0.111716 -0.032275 0.992586 -0.035381 -0.111716 -0.032275 0.992586 -0.035381 -0.111716 -0.032275 0.992586 -0.035381 -0.111716 -0.032275 0.992586 -0.023367 -0.047059 -0.119963 0.991387 -0.007897 -0.312583 -0.845448 0.432953 -0.007886 -0.312605 -0.845439 0.432953 -0.035381 -0.111716 -0.032275 0.992586 -0.035381 -0.111716 -0.032275 0.992586 -0.035381 -0.111716 -0.032275 0.992586 -0.035381 -0.111716 -0.032275 0.992586 0.008042 -0.425105 -0.444052 0.788694 -0.302415 -0.303287 0.260633 0.865235 -0.302393 -0.303281 0.260641 0.865243
-0.000856 0.809705 -0.001300 -0.048426 -0.169289 -0.020906 0.984154 -0.105762 -0.369150 -0.050934 0.921926 0.118022 -0.095884 0.152629 0.976515 0.485636 0.057828 0.022824 0.871948 0.485636 0.057828 0.022824 0.871948 0.485636 0.057828 0.022824 0.871948 -0.118163 -0.093508 -0.190965 0.969962 0.106493 -0.263469 0.065514 0.956531 -0.115138 -0.193391 -0.199788 0.953639 -0.115137 -0.193391 -0.199788 0.953639 -0.115137 -0.193391 -0.199788 0.953639 -0.048426 -0.169289 -0.020905 0.984154 -0.048426 -0.169289 -0.020905 0.984154 -0.048426 -0.169289 -0.020905 0.984154 -0.048426 -0.169289 -0.020905 0.984154 -0.015066 -0.090245 -0.202464 0.975006 -0.047023 -0.517586 -0.727852 0.447352 -0.047011 -0.517605 -0.727839 0.447354 -0.048426 -0.169289 -0.020905 0.984154 -0.048426 -0.169289 -0.020905 0.984154 -0.048426 -0.169289 -0.020905 0.984154 -0.048426 -0.169289 -0.020905 0.984154 0.042417 -0.468796 -0.510351 0.719703 -0.314105 -0.427071 0.093542 0.842732 -0.314083 -0.427069 0.093553 0.842741
-0.000688 0.798677 -0.001470 -0.047249 -0.164986 -0.011591 0.985095 -0.109662 -0.359193 -0.051657 0.925357 0.110188 -0.075303 0.149510 0.979712 0.439019 0.071516 0.010126 0.895570 0.439019 0.071516 0.010126 0.895570 0.439019 0.071516 0.010126 0.895570 -0.122847 -0.076214 -0.177685 0.973411 0.128996 -0.242574 0.067239 0.959165 -0.113945 -0.170933 -0.198710 0.958286 -0.113945 -0.170933 -0.198710 0.958286 -0.113945 -0.170933 -0.198710 0.958286 -0.047249 -0.164986 -0.011591 0.985095 -0.047249 -0.164986 -0.011591 0.985095 -0.047249 -0.164986 -0.011591 0.985095 -0.047249 -0.164986 -0.011591 0.985095 0.011090 -0.170661 -0.342742 0.923732 -0.113722 -0.639991 -0.643501 0.404209 -0.113712 -0.640008 -0.643484 0.404212 -0.047249 -0.164986 -0.011591 0.985095 -0.047249 -0.164986 -0.011591 0.985095 -0.047249 -0.164986 -0.011591 0.985095 -0.047249 -0.164986 -0.011591 0.985095 0.052472 -0.453448 -0.546274 0.702293 -0.296091 -0.435058 0.032784 0.849694 -0.296069 -0.435058 0.032796 0.849702
-0.000554 0.794060 -0.001509 -0.041955 -0.140501 -0.002978 0.989187 -0.106476 -0.331318 -0.052725 0.936008 0.119143 -0.041275 0.144608 0.981422 0.403648 0.094298 -0.016780 0.909887 0.403648 0.094298 -0.016780 0.909887 0.403648 0.094298 -0.016780 0.909887 -0.122454 -0.051660 -0.168565 0.976689 0.138359 -0.219321 0.067051 0.963462 -0.103001 -0.146647 -0.190800 0.965132 -0.103001 -0.146647 -0.190800 0.965132 -0.103001 -0.146647 -0.190800 0.965132 -0.041955 -0.140501 -0.002978 0.989187 -0.041955 -0.140501 -0.002978 0.989187 -0.041955 -0.140501 -0.002978 0.989187 -0.041955 -0.140501 -0.002978 0.989187 0.016842 -0.223543 -0.390005 0.893108 -0.178586 -0.726399 -0.523041 0.408508 -0.178576 -0.726413 -0.523022 0.408512 -0.041955 -0.140501 -0.002978 0.989187 -0.041955 -0.140501 -0.002978 0.989187 -0.041955 -0.140501 -0.002978 0.989187 -0.041955 -0.140501 -0.002978 0.989187 0.046736 -0.421482 -0.552294 0.717733 -0.299798 -0.431107 0.039876 0.850105 -0.299776 -0.431106 0.039888 0.850112
-0.000488 0.795214 -0.001489 -0.035815 -0.130843 0.005253 0.990742 -0.104797 -0.326102 -0.058427 0.937689 0.125340 -0.047715 0.124614 0.983099 0.382707 0.037786 -0.112373 0.916231 0.382707 0.037786 -0.112373 0.916231 0.382707 0.037786 -0.112373 0.916231 -0.115793 -0.041257 -0.149268 0.981126 0.156467 -0.211111 0.074281 0.961994 -0.084721 -0.142925 -0.183561 0.968865 -0.084721 -0.142925 -0.183561 0.968865 -0.084721 -0.142925 -0.183561 0.968865 -0.035815 -0.130843 0.005253 0.990742 -0.035815 -0.130843 0.005253 0.990742 -0.035815 -0.130843 0.005253 0.990742 -0.035816 -0.130843 0.005253 0.990742 0.017152 -0.200632 -0.370071 0.906918 -0.161500 -0.712363 -0.549238 0.405948 -0.161490 -0.712378 -0.549219 0.405953 -0.035815 -0.130843 0.005253 0.990742 -0.035815 -0.130843 0.005253 0.990742 -0.035815 -0.130843 0.005253 0.990742 -0.035816 -0.130843 0.005253 0.990742 0.047545 -0.407049 -0.544079 0.732140 -0.313034 -0.437773 0.075939 0.839403 -0.313012 -0.437771 0.075951 0.839412
-0.000541 0.791775 -0.001446 -0.034589 -0.096471 0.010321 0.994681 -0.094152 -0.311816 -0.061169 0.943485 0.184480 -0.066031 0.119455 0.973313 0.472165 0.013169 -0.160836 0.866613 0.472165 0.013169 -0.160836 0.866613 0.472165 0.013169 -0.160836 0.866613 -0.142840 -0.004941 -0.140167 0.979758 0.172792 -0.179250 0.083914 0.964868 -0.069743 -0.123552 -0.170837 0.975031 -0.069743 -0.123552 -0.170837 0.975031 -0.069743 -0.123552 -0.170837 0.975031 -0.034589 -0.096471 0.010322 0.994681 -0.034589 -0.096471 0.010322 0.994681 -0.034589 -0.096471 0.010322 0.994681 -0.034589 -0.096471 0.010322 0.994681 -0.007351 -0.089217 -0.259441 0.961601 -0.079733 -0.541521 -0.746522 0.378288 -0.079723 -0.541541 -0.746508 0.378290 -0.034589 -0.096471 0.010322 0.994681 -0.034589 -0.096471 0.010322 0.994681 -0.034589 -0.096471 0.010322 0.994681 -0.034589 -0.096471 0.010322 0.994681 0.028479 -0.390476 -0.523250 0.756919 -0.339698 -0.446247 0.120249 0.819151 -0.339677 -0.446244 0.120260 0.819160
-0.000648 0.789061 -0.001420 -0.029218 -0.066198 0.010877 0.997319 -0.104297 -0.292571 -0.081569 0.947033 0.180881 -0.076799 0.095822 0.975808 0.454165 -0.067250 -0.312265 0.831686 0.454165 -0.067250 -0.312265 0.831686 0.454165 -0.067250 -0.312265 0.831686 -0.173003 0.008360 -0.114620 0.978193 0.194507 -0.173860 0.130367 0.956527 -0.044411 -0.148574 -0.136937 0.978367 -0.044410 -0.148574 -0.136937 0.978367 -0.044410 -0.148574 -0.136937 0.978367 -0.029218 -0.066198 0.010878 0.997319 -0.029218 -0.066198 0.010878 0.997319 -0.029218 -0.066198 0.010878 0.997319 -0.029218 -0.066198 0.010878 0.997319 -0.031149 0.127451 0.010812 0.991297 -0.119407 0.047511 -0.772813 0.621485 -0.119391 0.047491 -0.772815 0.621489 -0.029218 -0.066198 0.010878 0.997319 -0.029218 -0.066198 0.010878 0.997319 -0.029218 -0.066198 0.010878 0.997319 -0.029218 -0.066198 0.010878 0.997319 0.014782 -0.367409 -0.506538 0.779879 -0.362457 -0.470803 0.152061 0.789840 -0.362436 -0.470799 0.152074 0.789849
-0.000870 0.785822 -0.001514 -0.028800 -0.041837 0.007647 0.998680 -0.107961 -0.262923 -0.084472 0.955029 0.188139 -0.040620 0.095895 0.976605 0.406848 -0.043036 -0.380177 0.829511 0.406848 -0.043036 -0.380177 0.829511 0.406848 -0.043036 -0.380177 0.829511 -0.226011 0.059218 -0.072759 0.969597 0.251363 -0.097087 0.168166 0.948215 0.032741 -0.065861 -0.073957 0.994546 0.032741 -0.065861 -0.073957 0.994546 0.032741 -0.065861 -0.073957 0.994546 -0.028800 -0.041837 0.007647 0.998680 -0.028800 -0.041837 0.007647 0.998680 -0.028800 -0.041837 0.007647 0.998680 -0.028801 -0.041837 0.007647 0.998680 -0.036932 0.188817 0.183451 0.964018 -0.210376 0.460711 -0.487339 0.711329 -0.210357 0.460698 -0.487351 0.711334 -0.028800 -0.041837 0.007647 0.998680 -0.028800 -0.041837 0.007647 0.998680 -0.028800 -0.041837 0.007647 0.998680 -0.028800 -0.041837 0.007647 0.998680 0.001225 -0.346142 -0.508665 0.788317 -0.380321 -0.515942 0.110657 0.759549 -0.380301 -0.515939 0.110670 0.759559
-0.001109 0.784634 -0.001668 -0.030143 -0.022156 0.003876 0.999293 -0.108932 -0.238997 -0.086631 0.960994 0.195375 -0.003119 0.111377 0.974379 0.374168 0.001826 -0.382186 0.844943 0.374168 0.001826 -0.382186 0.844943 0.374168 0.001826 -0.382186 0.844943 -0.248954 0.097225 -0.031486 0.963108 0.289628 -0.033273 0.195397 0.936391 0.081859 0.009000 -0.021357 0.996374 0.081859 0.009000 -0.021357 0.996374 0.081859 0.009000 -0.021357 0.996374 -0.030143 -0.022156 0.003876 0.999293 -0.030143 -0.022156 0.003876 0.999293 -0.030143 -0.022156 0.003876 0.999293 -0.030143 -0.022156 0.003876 0.999293 -0.036321 0.147654 0.360123 0.920430 -0.251306 0.476286 -0.203805 0.817594 -0.251285 0.476281 -0.203818 0.817601 -0.030143 -0.022156 0.003876 0.999293 -0.030143 -0.022156 0.003876 0.999293 -0.030143 -0.022156 0.003876 0.999293 -0.030143 -0.022156 0.003876 0.999293 -0.010650 -0.288188 -0.542593 0.788940 -0.375303 -0.517381 0.024909 0.768664 -0.375283 -0.517380 0.024922 0.768673
-0.001331 0.781141 -0.001857 -0.026021 -0.001748 0.001576 0.999659 -0.143987 -0.215283 -0.087161 0.961937 0.193562 0.023579 0.121639 0.973233 0.347627 0.022979 -0.393340 0.850830 0.347627 0.022979 -0.393340 0.850830 0.347627 0.022979 -0.393340 0.850830 -0.241797 0.125555 -0.014167 0.962065 0.327227 0.025002 0.222239 0.918100 0.092016 0.090662 0.048443 0.990438 0.092016 0.090662 0.048443 0.990438 0.092016 0.090662 0.048443 0.990438 -0.026021 -0.001748 0.001576 0.999659 -0.026021 -0.001748 0.001576 0.999659 -0.026021 -0.001748 0.001576 0.999659 -0.026021 -0.001748 0.001576 0.999659 -0.023993 0.085587 0.455118 0.885984 -0.191010 0.338805 0.081575 0.917645 -0.190986 0.338807 0.081566 0.917650 -0.026021 -0.001748 0.001576 0.999659 -0.026021 -0.001748 0.001576 0.999659 -0.026021 -0.001748 0.001576 0.999659 -0.026021 -0.001748 0.001576 0.999659 -0.018757 -0.229080 -0.589846 0.774113 -0.354078 -0.479073 -0.102261 0.796656 -0.354058 -0.479076 -0.102249 0.796665
-0.001525 0.778966 -0.001972 -0.022301 0.028825 -0.002520 0.999333 -0.175358 -0.182207 -0.081783 0.964034 0.206204 0.051350 0.123275 0.969354 0.342070 0.040404 -0.416584 0.841316 0.342070 0.040404 -0.416584 0.841316 0.342070 0.040404 -0.416584 0.841316 -0.237721 0.159478 0.020467 0.957933 0.309796 0.084490 0.240682 0.915947 0.019920 0.150668 0.096076 0.983703 0.019920 0.150668 0.096076 0.983703 0.019920 0.150668 0.096076 0.983703 -0.022301 0.028825 -0.002520 0.999333 -0.022301 0.028825 -0.002520 0.999333 -0.022301 0.028825 -0.002520 0.999333 -0.022301 0.028825 -0.002520 0.999333 -0.005825 0.045294 0.474290 0.879184 -0.094922 0.194982 0.317942 0.922976 -0.094898 0.194991 0.317937 0.922978 -0.022301 0.028825 -0.002520 0.999333 -0.022301 0.028825 -0.002520 0.999333 -0.022301 0.028825 -0.002520 0.999333 -0.022301 0.028825 -0.002520 0.999333 -0.035754 -0.136267 -0.649686 0.747035 -0.322845 -0.371548 -0.222380 0.841588 -0.322823 -0.371554 -0.222370 0.841596
-0.001623 0.774009 -0.001888 -0.011799 0.066837 -0.007441 0.997666 -0.184968 -0.143871 -0.076795 0.969118 0.197303 0.099317 0.121366 0.967718 0.280730 0.071925 -0.446816 0.846388 0.280730 0.071925 -0.446816 0.846388 0.280730 0.071925 -0.446816 0.846388 -0.228221 0.186485 0.055617 0.953963 0.254221 0.110942 0.238873 0.930593 -0.094373 0.138586 0.083166 0.982330 -0.094373 0.138586 0.083166 0.982330 -0.094373 0.138586 0.083166 0.982330 -0.011799 0.066837 -0.007440 0.997666 -0.011799 0.066837 -0.007440 0.997666 -0.011799 0.066837 -0.007440 0.997666 -0.011799 0.066837 -0.007440 0.997666 0.020986 0.008860 0.468207 0.883325 -0.041801 0.126990 0.440096 0.887943 -0.041778 0.127001 0.440093 0.887944 -0.011799 0.066837 -0.007440 0.997666 -0.011799 0.066837 -0.007440 0.997666 -0.011799 0.066837 -0.007440 0.997666 -0.011799 0.066837 -0.007440 0.997666 -0.055302 -0.028549 -0.696041 0.715300 -0.271063 -0.222993 -0.337288 0.873519 -0.271040 -0.223002 -0.337282 0.873526
-0.001695 0.761859 -0.001700 0.005438 0.122198 -0.008906 0.992451 -0.198194 -0.089026 -0.076217 0.973131 0.213548 0.160075 0.129701 0.954961 0.245270 0.141312 -0.444067 0.850105 0.245270 0.141312 -0.444067 0.850105 0.245270 0.141312 -0.444067 0.850105 -0.213607 0.270827 0.105102 0.932726 0.212044 0.212422 0.212655 0.929888 -0.166712 0.229389 0.091098 0.954615 -0.166711 0.229389 0.091098 0.954615 -0.166711 0.229389 0.091098 0.954615 0.005438 0.122198 -0.008905 0.992451 0.005438 0.122198 -0.008905 0.992451 0.005438 0.122198 -0.008905 0.992451 0.005438 0.122198 -0.008906 0.992451 0.061368 -0.024899 0.460840 0.885009 0.003594 0.080667 0.501816 0.861197 0.003616 0.080680 0.501814 0.861197 0.005438 0.122198 -0.008905 0.992451 0.005438 0.122198 -0.008905 0.992451 0.005438 0.122198 -0.008905 0.992451 0.005438 0.122198 -0.008906 0.992451 -0.084802 0.071420 -0.724224 0.680593 -0.249916 -0.090648 -0.450220 0.852424 -0.249894 -0.090660 -0.450218 0.852430
-0.001736 0.751086 -0.001593 0.005020 0.140074 -0.014607 0.990021 -0.201884 -0.051332 -0.083954 0.974454 0.232263 0.223294 0.137186 0.936682 0.237196 0.260625 -0.377192 0.856469 0.237196 0.260625 -0.377192 0.856469 0.237196 0.260625 -0.377192 0.856469 -0.213534 0.320217 0.129693 0.913808 0.186439 0.283399 0.187997 0.921728 -0.202817 0.302792 0.096107 0.926254 -0.202816 0.302792 0.096107 0.926254 -0.202816 0.302792 0.096107 0.926254 0.005020 0.140074 -0.014606 0.990021 0.005020 0.140074 -0.014606 0.990021 0.005020 0.140074 -0.014606 0.990021 0.005020 0.140074 -0.014606 0.990021 0.069089 -0.055906 0.462524 0.882141 0.042739 -0.015908 0.515031 0.855957 0.042761 -0.015895 0.515032 0.855956 0.005020 0.140074 -0.014606 0.990021 0.005020 0.140074 -0.014606 0.990021 0.005020 0.140074 -0.014606 0.990021 0.005020 0.140074 -0.014606 0.990021 -0.101670 0.126114 -0.754526 0.635963 -0.252617 -0.010613 -0.595940 0.762186 -0.252597 -0.010629 -0.595940 0.762192
-0.001725 0.744995 -0.001558 0.008613 0.189389 -0.025059 0.981545 -0.222870 -0.007806 -0.099413 0.969735 0.225440 0.271114 0.128174 0.926955 0.226162 0.371574 -0.329608 0.837939 0.226162 0.371574 -0.329608 0.837939 0.226162 0.371574 -0.329608 0.837939 -0.220800 0.371248 0.146033 0.889998 0.166334 0.336368 0.167119 0.911735 -0.222990 0.350322 0.091415 0.905093 -0.222990 0.350322 0.091415 0.905093 -0.222990 0.350322 0.091415 0.905093 0.008613 0.189389 -0.025058 0.981545 0.008613 0.189389 -0.025058 0.981545 0.008613 0.189389 -0.025058 0.981545 0.008613 0.189389 -0.025058 0.981545 0.096861 -0.043744 0.467888 0.877374 0.096788 -0.051590 0.505532 0.855808 0.096810 -0.051577 0.505534 0.855806 0.008613 0.189389 -0.025058 0.981545 0.008613 0.189389 -0.025058 0.981545 0.008613 0.189389 -0.025058 0.981545 0.008613 0.189389 -0.025058 0.981545 -0.138515 0.200950 -0.771208 0.587938 -0.281520 0.084554 -0.698264 0.652705 -0.281503 0.084536 -0.698266 0.652712
-0.001726 0.743669 -0.001588 0.010697 0.293959 -0.037035 0.955040 -0.214722 0.084686 -0.110518 0.966700 0.217713 0.383342 0.125361 0.888783 0.154609 0.513636 -0.267650 0.800398 0.154609 0.513636 -0.267650 0.800398 0.154609 0.513636 -0.267650 0.800398 -0.229011 0.442708 0.158413 0.852332 0.139759 0.395870 0.150861 0.894983 -0.240438 0.397211 0.086145 0.881472 -0.240438 0.397211 0.086145 0.881472 -0.240438 0.397211 0.086145 0.881472 0.010697 0.293959 -0.037035 0.955040 0.010697 0.293959 -0.037035 0.955040 0.010697 0.293959 -0.037035 0.955040 0.010697 0.293959 -0.037035 0.955040 0.158901 0.019814 0.482420 0.861179 0.183503 -0.029672 0.507956 0.841087 0.183524 -0.029659 0.507957 0.841082 0.010697 0.293959 -0.037035 0.955040 0.010697 0.293959 -0.037035 0.955040 0.010697 0.293959 -0.037035 0.955040 0.010697 0.293959 -0.037035 0.955040 -0.212650 0.318586 -0.750605 0.538401 -0.347572 0.216085 -0.743149 0.529368 -0.347558 0.216065 -0.743155 0.529378
-0.001713 0.744113 -0.001556 0.002651 0.453194 -0.053489 0.889802 -0.209872 0.245792 -0.124003 0.938170 0.197340 0.557949 0.078714 0.802218 -0.014829 0.674236 -0.238419 0.698815 -0.014829 0.674236 -0.238419 0.698815 -0.014829 0.674236 -0.238419 0.698815 -0.251484 0.536977 0.150244 0.791099 0.107699 0.456665 0.137499 0.872326 -0.257676 0.424279 0.071341 0.865160 -0.257676 0.424279 0.071341 0.865160 -0.257676 0.424279 0.071341 0.865160 0.002652 0.453194 -0.053488 0.889802 0.002652 0.453194 -0.053488 0.889802 0.002652 0.453194 -0.053488 0.889802 0.002652 0.453194 -0.053488 0.889802 0.276872 0.194343 0.516068 0.786922 0.341480 0.091159 0.586310 0.728919 0.341498 0.091175 0.586308 0.728910 0.002652 0.453194 -0.053488 0.889802 0.002652 0.453194 -0.053488 0.889802 0.002652 0.453194 -0.053488 0.889802 0.002652 0.453194 -0.053488 0.889802 -0.309259 0.452489 -0.663583 0.509185 -0.473870 0.315295 -0.667741 0.479748 -0.473858 0.315278 -0.667749 0.479761
-0.001671 0.743651 -0.001428 -0.000509 0.534956 -0.067471 0.842182 -0.188669 0.361936 -0.146776 0.901034 0.252575 0.653099 0.002785 0.713905 0.057686 -0.775302 0.223792 -0.587789 0.057686 -0.775302 0.223792 -0.587789 0.057686 -0.775302 0.223792 -0.587789 -0.297665 0.592180 0.132918 0.736920 0.072031 0.513418 0.115939 0.847214 -0.267479 0.484467 0.062968 0.830531 -0.267479 0.484467 0.062968 0.830531 -0.267479 0.484467 0.062968 0.830531 -0.000509 0.534956 -0.067471 0.842182 -0.000509 0.534956 -0.067471 0.842182 -0.000509 0.534956 -0.067471 0.842182 -0.000509 0.534956 -0.067471 0.842182 0.356690 0.347683 0.518347 0.695130 -0.471748 -0.192521 -0.638884 -0.576383 -0.471763 -0.192538 -0.638879 -0.576371 -0.000509 0.534956 -0.067471 0.842182 -0.000509 0.534956 -0.067471 0.842182 -0.000509 0.534956 -0.067471 0.842182 -0.000509 0.534956 -0.067471 0.842182 -0.341456 0.492174 -0.599125 0.531246 0.694745 -0.096553 0.581437 -0.412235 0.694735 -0.096537 0.581440 -0.412253
-0.001580 0.743482 -0.001354 0.010653 0.592083 -0.074189 0.802384 -0.154571 0.434532 -0.151808 0.874211 -0.278444 -0.692699 0.062303 -0.662387 0.117402 -0.795423 0.247845 -0.540456 0.117402 -0.795423 0.247845 -0.540456 0.117402 -0.795423 0.247845 -0.540456 -0.314825 0.616937 0.135076 0.708539 0.058164 0.534341 0.102022 0.837071 -0.251659 0.511020 0.040149 0.820923 -0.251659 0.511020 0.040149 0.820923 -0.251659 0.511020 0.040149 0.820923 0.010653 0.592083 -0.074189 0.802384 0.010653 0.592083 -0.074189 0.802384 0.010653 0.592083 -0.074189 0.802384 0.010653 0.592083 -0.074189 0.802384 0.420941 0.517930 0.495556 0.555861 -0.575563 -0.344076 -0.634424 -0.384507 -0.575573 -0.344093 -0.634415 -0.384492 0.010653 0.592083 -0.074189 0.802384 0.010653 0.592083 -0.074189 0.802384 0.010653 0.592083 -0.074189 0.802384 0.010653 0.592083 -0.074189 0.802384 0.341651 -0.578657 0.544539 -0.501905 0.643125 -0.282841 0.583431 -0.407432 0.643114 -0.282826 0.583438 -0.407448
-0.001513 0.743997 -0.001366 0.018118 0.615480 -0.072875 0.784567 -0.117114 0.460170 -0.149979 0.867199 -0.310827 -0.695698 0.083614 -0.642184 0.144479 -0.794873 0.248530 -0.534355 0.144479 -0.794873 0.248530 -0.534355 0.144479 -0.794873 0.248530 -0.534355 -0.323914 0.631269 0.131999 0.692210 0.046045 0.551283 0.091895 0.827963 -0.255107 0.532434 0.033081 0.806437 -0.255107 0.532434 0.033081 0.806437 -0.255107 0.532434 0.033081 0.806437 0.018119 0.615480 -0.072874 0.784567 0.018119 0.615480 -0.072874 0.784567 0.018119 0.615480 -0.072874 0.784567 0.018119 0.615480 -0.072874 0.784567 -0.414293 -0.666350 -0.436245 -0.440488 0.598784 0.502381 0.576203 0.238877 0.598790 0.502396 0.576190 0.238861 0.018119 0.615480 -0.072874 0.784567 0.018119 0.615480 -0.072874 0.784567 0.018119 0.615480 -0.072874 0.784567 0.018119 0.615480 -0.072874 0.784567 0.361960 -0.562841 0.542975 -0.507320 0.610226 -0.321054 0.586348 -0.425140 0.610215 -0.321039 0.586357 -0.425156
-0.001470 0.744457 -0.001389 0.026405 0.627257 -0.068945 0.775305 -0.098574 0.477519 -0.142887 0.861302 -0.323481 -0.698099 0.109169 -0.629365 0.159396 -0.790265 0.270920 -0.526000 0.159396 -0.790265 0.270920 -0.526000 0.159396 -0.790265 0.270920 -0.526000 -0.321005 0.638393 0.135333 0.686364 0.051579 0.561137 0.092379 0.820933 -0.252198 0.543931 0.039231 0.799373 -0.252198 0.543931 0.039231 0.799373 -0.252198 0.543931 0.039231 0.799373 0.026405 0.627257 -0.068945 0.775305 0.026405 0.627257 -0.068945 0.775305 0.026405 0.627257 -0.068945 0.775305 0.026405 0.627257 -0.068945 0.775305 -0.374593 -0.767729 -0.362952 -0.372208 -0.557927 -0.642647 -0.506196 -0.139602 -0.557930 -0.642660 -0.506179 -0.139588 0.026405 0.627257 -0.068945 0.775305 0.026405 0.627257 -0.068945 0.775305 0.026405 0.627257 -0.068945 0.775305 0.026405 0.627257 -0.068945 0.775305 -0.381867 0.532713 -0.552237 0.515198 0.592756 -0.322600 0.589046 -0.444515 0.592745 -0.322584 0.589055 -0.444530
-0.001430 0.745002 -0.001387 0.023455 0.638612 -0.066092 0.766326 -0.083318 0.490265 -0.130276 0.857745 -0.337900 -0.702546 0.112576 -0.616100 0.169089 -0.789180 0.268676 -0.525754 0.169089 -0.789180 0.268676 -0.525754 0.169089 -0.789180 0.268676 -0.525754 -0.317573 0.640035 0.139320 0.685633 0.069456 0.558206 0.099756 0.820750 -0.239127 0.538788 0.045070 0.806533 -0.239127 0.538788 0.045070 0.806533 -0.239127 0.538788 0.045070 0.806533 0.023455 0.638612 -0.066092 0.766326 0.023455 0.638612 -0.066092 0.766326 0.023455 0.638612 -0.066092 0.766326 0.023455 0.638612 -0.066092 0.766326 -0.342134 -0.821120 -0.313367 -0.332428 -0.481704 -0.746740 -0.454542 -0.061092 -0.481706 -0.746752 -0.454523 -0.061080 0.023455 0.638612 -0.066092 0.766326 0.023455 0.638612 -0.066092 0.766326 0.023455 0.638612 -0.066092 0.766326 0.023455 0.638612 -0.066092 0.766326 -0.395758 0.534953 -0.548851 0.505928 0.590274 -0.342215 0.584068 -0.439693 0.590262 -0.342200 0.584077 -0.439708
-0.001411 0.750438 -0.001317 0.021545 0.632292 -0.056970 0.772332 -0.068183 0.488906 -0.122475 0.861000 -0.355608 -0.698408 0.116988 -0.609986 0.150074 -0.792712 0.274340 -0.523281 0.150074 -0.792712 0.274340 -0.523281 0.150074 -0.792712 0.274340 -0.523281 -0.312083 0.632270 0.143160 0.694510 0.086734 0.555388 0.109298 0.819802 -0.230893 0.537754 0.062203 0.808480 -0.230893 0.537754 0.062203 0.808480 -0.230893 0.537754 0.062203 0.808480 0.021545 0.632292 -0.056970 0.772332 0.021545 0.632292 -0.056970 0.772332 0.021545 0.632292 -0.056970 0.772332 0.021545 0.632292 -0.056970 0.772332 -0.303537 -0.832417 -0.283257 -0.367033 -0.328692 -0.846408 -0.416582 -0.044876 -0.328693 -0.846419 -0.416560 -0.044867 0.021545 0.632292 -0.056970 0.772332 0.021545 0.632292 -0.056970 0.772332 0.021545 0.632292 -0.056970 0.772332 0.021545 0.632292 -0.056970 0.772332 0.390543 -0.559126 0.544071 -0.488714 0.587035 -0.372254 0.563706 -0.446154 0.587023 -0.372240 0.563715 -0.446169
-0.001332 0.760197 -0.001291 0.016504 0.597003 -0.042874 0.800922 -0.045689 0.453725 -0.117981 0.882115 -0.362733 -0.673545 0.108247 -0.634858 0.130471 -0.770854 0.290697 -0.551595 0.130471 -0.770854 0.290697 -0.551595 0.130471 -0.770854 0.290697 -0.551595 -0.304795 0.609231 0.141576 0.718257 0.099059 0.536155 0.112277 0.830734 -0.219983 0.527258 0.064429 0.818203 -0.219983 0.527258 0.064429 0.818203 -0.219983 0.527258 0.064429 0.818203 0.016505 0.597003 -0.042874 0.800922 0.016505 0.597003 -0.042874 0.800922 0.016505 0.597003 -0.042874 0.800922 0.016505 0.597003 -0.042874 0.800922 -0.261025 -0.821622 -0.279493 -0.422713 -0.196897 -0.899505 -0.381468 -0.081269 -0.196899 -0.899515 -0.381445 -0.081264 0.016505 0.597003 -0.042874 0.800922 0.016505 0.597003 -0.042874 0.800922 0.016505 0.597003 -0.042874 0.800922 0.016505 0.597003 -0.042874 0.800922 0.372727 -0.568969 0.554166 -0.479843 0.583875 -0.375293 0.569289 -0.440630 0.583864 -0.375278 0.569299 -0.440645
-0.001256 0.763476 -0.001060 0.014614 0.507143 -0.012070 0.861654 -0.041204 0.382549 -0.116013 0.915696 0.359056 0.643060 -0.097981 0.669293 0.110228 -0.752927 0.295551 -0.577581 0.110228 -0.752927 0.295551 -0.577581 0.110228 -0.752927 0.295551 -0.577581 -0.278988 0.558170 0.134802 0.769702 0.120105 0.495358 0.104514 0.853975 -0.195618 0.510651 0.053337 0.835538 -0.195618 0.510651 0.053337 0.835538 -0.195618 0.510651 0.053337 0.835538 0.014614 0.507143 -0.012069 0.861654 0.014614 0.507143 -0.012069 0.861654 0.014614 0.507143 -0.012069 0.861654 0.014614 0.507143 -0.012069 0.861654 -0.229736 -0.775150 -0.358430 -0.466789 -0.001359 -0.911014 -0.410530 -0.038945 -0.001360 -0.911025 -0.410506 -0.038945 0.014614 0.507143 -0.012069 0.861654 0.014614 0.507143 -0.012069 0.861654 0.014614 0.507143 -0.012069 0.861654 0.014614 0.507143 -0.012070 0.861654 -0.340923 0.508217 -0.605980 0.508207 -0.546110 0.321072 -0.607399 0.479315 -0.546098 0.321056 -0.607408 0.479329
-0.001253 0.751714 -0.000664 0.015060 0.391139 0.015456 0.920079 -0.052085 0.290989 -0.130547 0.946345 0.351923 0.600573 -0.077401 0.713773 0.040150 -0.747652 0.288852 -0.596631 0.040150 -0.747652 0.288852 -0.596631 0.040150 -0.747652 0.288852 -0.596631 -0.266229 0.487598 0.119520 0.822852 0.161554 0.446117 0.094060 0.875233 -0.162907 0.496353 0.050139 0.851223 -0.162907 0.496353 0.050139 0.851223 -0.162907 0.496353 0.050139 0.851223 0.015060 0.391139 0.015457 0.920079 0.015060 0.391139 0.015457 0.920079 0.015060 0.391139 0.015457 0.920079 0.015060 0.391139 0.015457 0.920079 -0.179102 -0.708176 -0.428823 -0.531526 0.171759 -0.889824 -0.420615 0.042364 0.171760 -0.889835 -0.420592 0.042359 0.015060 0.391139 0.015457 0.920079 0.015060 0.391139 0.015457 0.920079 0.015060 0.391139 0.015457 0.920079 0.015060 0.391139 0.015457 0.920079 -0.280795 0.408787 -0.665825 0.557427 -0.459155 0.248758 -0.661877 0.537787 -0.459141 0.248741 -0.661884 0.537799
-0.001293 0.737185 -0.000355 0.030118 0.288845 0.040856 0.956029 -0.091561 0.202556 -0.139982 0.964880 0.339246 0.529333 -0.045648 0.776296 -0.097834 -0.711419 0.295805 -0.629929 -0.097834 -0.711419 0.295805 -0.629929 -0.097834 -0.711419 0.295805 -0.629929 -0.270295 0.407125 0.103245 0.866332 0.204480 0.393892 0.095186 0.891054 -0.132537 0.470226 0.060488 0.870438 -0.132537 0.470226 0.060488 0.870438 -0.132537 0.470226 0.060488 0.870438 0.030118 0.288845 0.040857 0.956029 0.030118 0.288845 0.040857 0.956029 0.030118 0.288845 0.040857 0.956029 0.030118 0.288845 0.040857 0.956029 0.145360 0.590585 0.500407 0.616176 0.307477 -0.858346 -0.410421 0.015999 0.307477 -0.858356 -0.410398 0.015991 0.030118 0.288845 0.040857 0.956029 0.030118 0.288845 0.040857 0.956029 0.030118 0.288845 0.040857 0.956029 0.030118 0.288845 0.040857 0.956029 -0.197189 0.308400 -0.675754 0.639815 -0.362568 0.148188 -0.681970 0.617658 -0.362552 0.148170 -0.681974 0.617667
-0.001330 0.729745 -0.000242 0.012722 0.209724 0.047861 0.976506 -0.135978 0.059098 -0.157410 0.976340 0.309356 0.341304 -0.045678 0.886411 0.298307 0.513200 -0.368658 0.715353 0.298307 0.513200 -0.368658 0.715353 0.298307 0.513200 -0.368658 0.715353 -0.258233 0.358075 0.101417 0.891522 0.233388 0.361275 0.104386 0.896724 -0.121143 0.448448 0.078652 0.882062 -0.121143 0.448448 0.078652 0.882062 -0.121143 0.448448 0.078652 0.882062 0.012722 0.209724 0.047861 0.976506 0.012722 0.209724 0.047861 0.976506 0.012722 0.209724 0.047861 0.976506 0.012722 0.209724 0.047861 0.976506 0.101334 0.492892 0.543556 0.671815 0.419774 -0.839052 -0.336530 -0.080805 0.419772 -0.839060 -0.336509 -0.080816 0.012722 0.209724 0.047861 0.976506 0.012722 0.209724 0.047861 0.976506 0.012722 0.209724 0.047861 0.976506 0.012722 0.209724 0.047861 0.976506 -0.142910 0.209098 -0.660567 0.706757 -0.307003 0.026595 -0.641650 0.702373 -0.306985 0.026578 -0.641650 0.702381
-0.001368 0.726842 -0.000316 0.000630 0.173371 0.053758 0.983388 -0.169928 -0.036346 -0.157744 0.972070 0.255231 0.165259 -0.067901 0.950230 0.359294 0.273507 -0.490241 0.745497 0.359294 0.273507 -0.490241 0.745497 0.359294 0.273507 -0.490241 0.745497 -0.242567 0.334088 0.093144 0.906019 0.248929 0.334059 0.111847 0.902180 -0.119480 0.418110 0.081395 0.896819 -0.119480 0.418110 0.081395 0.896819 -0.119480 0.418110 0.081395 0.896819 0.000630 0.173371 0.053758 0.983388 0.000630 0.173371 0.053758 0.983388 0.000630 0.173371 0.053758 0.983388 0.000630 0.173371 0.053758 0.983388 0.087834 0.318277 0.594235 0.733396 0.283264 -0.664877 -0.441996 -0.531356 0.283251 -0.664889 -0.441978 -0.531364 0.000630 0.173371 0.053758 0.983388 0.000630 0.173371 0.053758 0.983388 0.000630 0.173371 0.053758 0.983388 0.000630 0.173371 0.053758 0.983388 -0.118856 0.158657 -0.627706 0.752786 -0.284025 -0.049073 -0.586343 0.757049 -0.284006 -0.049088 -0.586342 0.757056
-0.001392 0.729618 -0.000491 -0.014425 0.138338 0.058525 0.988549 -0.175713 -0.096900 -0.141482 0.969391 0.215064 0.089578 -0.070720 0.969908 0.333895 0.152249 -0.584741 0.723473 0.333895 0.152249 -0.584741 0.723473 0.333895 0.152249 -0.584741 0.723473 -0.240019 0.299211 0.099268 0.918156 0.255150 0.293623 0.129673 0.912069 -0.113813 0.366250 0.077603 0.920264 -0.113813 0.366250 0.077603 0.920264 -0.113813 0.366250 0.077603 0.920264 -0.014425 0.138338 0.058525 0.988549 -0.014425 0.138338 0.058525 0.988549 -0.014425 0.138338 0.058525 0.988549 -0.014425 0.138338 0.058525 0.988549 0.073536 0.132030 0.658238 0.737484 -0.104676 0.309352 0.516833 0.791346 -0.104656 0.309365 0.516825 0.791348 -0.014425 0.138338 0.058525 0.988549 -0.014425 0.138338 0.058525 0.988549 -0.014425 0.138338 0.058525 0.988549 -0.014425 0.138338 0.058525 0.988549 -0.103731 0.124178 -0.607645 0.777552 -0.273600 -0.104374 -0.547779 0.783701 -0.273580 -0.104388 -0.547776 0.783708
-0.001397 0.733331 -0.000675 -0.024430 0.088922 0.068425 0.993385 -0.179540 -0.140039 -0.120602 0.966235 0.191912 0.059389 -0.064555 0.977484 0.308664 0.099928 -0.609271 0.723553 0.308664 0.099928 -0.609271 0.723553 0.308664 0.099928 -0.609271 0.723553 -0.226868 0.232483 0.097199 0.940763 0.237508 0.195697 0.150543 0.939484 -0.137921 0.228670 0.039104 0.962891 -0.137921 0.228670 0.039104 0.962891 -0.137921 0.228670 0.039104 0.962891 -0.024430 0.088922 0.068426 0.993385 -0.024430 0.088922 0.068426 0.993385 -0.024430 0.088922 0.068426 0.993385 -0.024430 0.088922 0.068426 0.993385 0.045975 -0.027992 0.690296 0.721522 -0.018468 0.050395 0.574602 0.816671 -0.018447 0.050410 0.574601 0.816671 -0.024430 0.088922 0.068426 0.993385 -0.024430 0.088922 0.068426 0.993385 -0.024430 0.088922 0.068426 0.993385 -0.024430 0.088922 0.068426 0.993385 -0.079478 0.094690 -0.597313 0.792423 -0.238501 -0.125590 -0.527406 0.805722 -0.238480 -0.125604 -0.527402 0.805728
-0.001394 0.737610 -0.000819 -0.010373 0.014202 0.073714 0.997124 -0.170624 -0.173317 -0.112963 0.963373 0.167843 0.061406 -0.062847 0.981890 0.264599 0.104294 -0.611539 0.738329 0.264599 0.104294 -0.611539 0.738329 0.264599 0.104294 -0.611539 0.738329 -0.182127 0.144556 0.100952 0.967338 0.240056 0.078903 0.174292 0.951719 -0.117969 0.084895 0.002289 0.989379 -0.117969 0.084895 0.002289 0.989379 -0.117969 0.084895 0.002289 0.989379 -0.010373 0.014202 0.073715 0.997124 -0.010373 0.014202 0.073715 0.997124 -0.010373 0.014202 0.073715 0.997124 -0.010373 0.014202 0.073715 0.997124 0.011373 -0.119325 0.696134 0.707835 -0.035074 -0.056594 0.613242 0.787084 -0.035054 -0.056578 0.613244 0.787084 -0.010373 0.014202 0.073715 0.997124 -0.010373 0.014202 0.073715 0.997124 -0.010373 0.014202 0.073715 0.997124 -0.010373 0.014202 0.073715 0.997124 -0.019084 0.030695 -0.593040 0.804361 -0.151437 -0.151513 -0.531666 0.819415 -0.151416 -0.151526 -0.531662 0.819419
-0.001420 0.744919 -0.000988 -0.003812 -0.088114 0.081834 0.992736 -0.176309 -0.228024 -0.112925 0.950877 0.145296 0.038175 -0.068182 0.986298 0.239604 0.084362 -0.616351 0.745375 0.239604 0.084362 -0.616351 0.745375 0.239604 0.084362 -0.616351 0.745375 -0.151130 0.053528 0.090115 0.982941 0.227568 -0.016087 0.189323 0.955045 -0.102023 -0.003738 -0.012911 0.994691 -0.102023 -0.003738 -0.012911 0.994691 -0.102023 -0.003738 -0.012911 0.994691 -0.003812 -0.088114 0.081835 0.992736 -0.003812 -0.088114 0.081835 0.992736 -0.003812 -0.088114 0.081835 0.992736 -0.003812 -0.088114 0.081835 0.992736 -0.048218 -0.192214 0.691728 0.694436 -0.104788 -0.124016 0.635531 0.754811 -0.104769 -0.123999 0.635535 0.754814 -0.003812 -0.088114 0.081835 0.992736 -0.003812 -0.088114 0.081835 0.992736 -0.003812 -0.088114 0.081835 0.992736 -0.003812 -0.088114 0.081835 0.992736 0.056858 -0.080781 -0.599911 0.793944 -0.048734 -0.215143 -0.553487 0.803113 -0.048713 -0.215158 -0.553481 0.803115
-0.001300 0.749890 -0.001242 0.012256 -0.229327 0.087437 0.969337 -0.176027 -0.324413 -0.116869 0.922015 0.134783 -0.039438 -0.068464 0.987720 0.268833 0.030089 -0.597536 0.754834 0.268833 0.030089 -0.597536 0.754834 0.268833 0.030089 -0.597536 0.754834 -0.093852 -0.049972 0.084667 0.990720 0.227817 -0.092060 0.198149 0.948874 -0.105921 -0.053119 -0.016678 0.992815 -0.105921 -0.053119 -0.016678 0.992815 -0.105921 -0.053119 -0.016678 0.992815 0.012256 -0.229327 0.087438 0.969337 0.012256 -0.229327 0.087438 0.969337 0.012256 -0.229327 0.087438 0.969337 0.012256 -0.229327 0.087438 0.969337 -0.123458 -0.286498 0.667225 0.676378 -0.192425 -0.211450 0.639017 0.714086 -0.192406 -0.211433 0.639022 0.714091 0.012256 -0.229327 0.087438 0.969337 0.012256 -0.229327 0.087438 0.969337 0.012256 -0.229327 0.087438 0.969337 0.012256 -0.229327 0.087438 0.969337 0.172912 -0.278344 -0.585106 0.741807 0.066561 -0.402911 -0.593529 0.693510 0.066579 -0.402927 -0.593518 0.693508
-0.001193 0.753596 -0.001375 0.014250 -0.292052 0.091975 0.951863 -0.182894 -0.365169 -0.116679 0.905311 0.121497 -0.072105 -0.073570 0.987232 0.274985 -0.000695 -0.592484 0.757196 0.274985 -0.000695 -0.592484 0.757196 0.274985 -0.000695 -0.592484 0.757196 -0.062541 -0.096179 0.093398 0.988997 0.205220 -0.125054 0.221846 0.945003 -0.151226 -0.075736 0.004463 0.985583 -0.151226 -0.075736 0.004463 0.985583 -0.151226 -0.075736 0.004463 0.985583 0.014250 -0.292052 0.091975 0.951863 0.014250 -0.292052 0.091975 0.951863 0.014250 -0.292052 0.091975 0.951863 0.014250 -0.292052 0.091975 0.951863 0.160070 0.333829 -0.658791 -0.654928 0.230500 0.268471 -0.668228 -0.654419 0.230483 0.268454 -0.668235 -0.654425 0.014250 -0.292052 0.091975 0.951863 0.014250 -0.292052 0.091975 0.951863 0.014250 -0.292052 0.091975 0.951863 0.014250 -0.292052 0.091975 0.951863 0.225455 -0.383864 -0.580660 0.681655 0.147083 -0.470144 -0.604906 0.625636 0.147100 -0.470160 -0.604893 0.625632
-0.001126 0.756358 -0.001379 0.011063 -0.269691 0.094216 0.958263 -0.185680 -0.350733 -0.114827 0.910672 0.122362 -0.065923 -0.083218 0.986791 0.275624 -0.004459 -0.607524 0.744934 0.275624 -0.004459 -0.607524 0.744934 0.275624 -0.004459 -0.607524 0.744934 -0.052385 -0.079515 0.074356 0.992675 0.179247 -0.117287 0.211706 0.953570 -0.173183 -0.055897 0.002791 0.983298 -0.173183 -0.055897 0.002791 0.983298 -0.173183 -0.055897 0.002791 0.983298 0.011062 -0.269691 0.094216 0.958263 0.011062 -0.269691 0.094216 0.958263 0.011062 -0.269691 0.094216 0.958263 0.011062 -0.269691 0.094216 0.958263 0.156015 0.304401 -0.686989 -0.641128 0.224943 0.248088 -0.725536 -0.601207 0.224927 0.248070 -0.725543 -0.601213 0.011062 -0.269691 0.094216 0.958263 0.011062 -0.269691 0.094216 0.958263 0.011062 -0.269691 0.094216 0.958263 0.011062 -0.269691 0.094216 0.958263 0.219379 -0.422722 -0.605669 0.637451 0.144318 -0.498678 -0.635560 0.571451 0.144333 -0.498694 -0.635547 0.571447
-0.001023 0.757952 -0.001407 0.021814 -0.254071 0.089994 0.962743 -0.179646 -0.338066 -0.113003 0.916880 0.120005 -0.055978 -0.082745 0.987734 0.269514 -0.002269 -0.611858 0.743631 0.269514 -0.002269 -0.611858 0.743631 0.269514 -0.002269 -0.611858 0.743631 -0.053934 -0.062005 0.085014 0.992985 0.162300 -0.082770 0.223972 0.957415 -0.177616 -0.010949 0.032021 0.983518 -0.177616 -0.010949 0.032021 0.983518 -0.177616 -0.010949 0.032021 0.983518 0.021813 -0.254071 0.089994 0.962743 0.021813 -0.254071 0.089994 0.962743 0.021813 -0.254071 0.089994 0.962743 0.021813 -0.254071 0.089994 0.962743 0.145789 0.280114 -0.706072 -0.633833 0.209181 0.230205 -0.749346 -0.584577 0.209166 0.230186 -0.749352 -0.584582 0.021813 -0.254071 0.089994 0.962743 0.021813 -0.254071 0.089994 0.962743 0.021813 -0.254071 0.089994 0.962743 0.021813 -0.254071 0.089994 0.962743 0.206312 -0.500510 -0.549880 0.636047 0.080970 -0.623923 -0.570961 0.527416 0.080984 -0.623938 -0.570944 0.527414
-0.000928 0.761964 -0.001467 0.026572 -0.238008 0.085467 0.967131 -0.166631 -0.326444 -0.113985 0.923404 0.122940 -0.047120 -0.086072 0.987551 0.273651 0.002576 -0.611179 0.742677 0.273651 0.002576 -0.611179 0.742677 0.273651 0.002576 -0.611179 0.742677 -0.056117 -0.040596 0.079991 0.994386 0.146284 -0.057405 0.217955 0.963224 -0.194817 0.024905 0.039370 0.979733 -0.194817 0.024905 0.039370 0.979733 -0.194817 0.024905 0.039370 0.979733 0.026572 -0.238008 0.085468 0.967131 0.026572 -0.238008 0.085468 0.967131 0.026572 -0.238008 0.085468 0.967131 0.026572 -0.238008 0.085468 0.967131 0.130201 0.292837 -0.704869 -0.632814 0.177702 0.257354 -0.737139 -0.599014 0.177687 0.257335 -0.737145 -0.599018 0.026572 -0.238008 0.085468 0.967131 0.026572 -0.238008 0.085468 0.967131 0.026572 -0.238008 0.085468 0.967131 0.026572 -0.238008 0.085468 0.967131 0.194283 -0.530910 -0.528066 0.633668 0.029702 -0.693097 -0.558346 0.454955 0.029714 -0.693111 -0.558328 0.454954
-0.000818 0.769172 -0.001731 0.026361 -0.146012 0.065373 0.986768 -0.145361 -0.258100 -0.104477 0.949389 0.128928 0.021095 -0.069268 0.989007 0.233319 0.062040 -0.619694 0.746788 0.233319 0.062040 -0.619694 0.746788 0.233319 0.062040 -0.619694 0.746788 -0.049701 0.042701 0.091926 0.993608 0.159534 0.010741 0.210346 0.964463 -0.195706 0.079146 0.049502 0.976209 -0.195706 0.079146 0.049502 0.976209 -0.195706 0.079146 0.049502 0.976209 0.026361 -0.146012 0.065373 0.986768 0.026361 -0.146012 0.065373 0.986768 0.026361 -0.146012 0.065373 0.986768 0.026361 -0.146012 0.065373 0.986768 0.075512 0.222128 -0.726398 -0.645990 0.131015 0.179028 -0.757922 -0.613465 0.130999 0.179008 -0.757926 -0.613468 0.026361 -0.146012 0.065373 0.986768 0.026361 -0.146012 0.065373 0.986768 0.026361 -0.146012 0.065373 0.986768 0.026361 -0.146012 0.065373 0.986768 0.128779 -0.479894 -0.531602 0.685942 -0.110658 -0.730190 -0.543708 0.398696 -0.110648 -0.730205 -0.543689 0.398699
-0.000758 0.775133 -0.001997 0.019086 -0.073988 0.045487 0.996038 -0.126120 -0.204992 -0.098953 0.965547 0.137569 0.072142 -0.058254 0.986142 0.201539 0.103084 -0.626910 0.745480 0.201539 0.103084 -0.626910 0.745480 0.201539 0.103084 -0.626910 0.745480 -0.050990 0.106208 0.106969 0.987258 0.178465 0.059848 0.198918 0.961769 -0.199535 0.107562 0.046946 0.972837 -0.199535 0.107562 0.046946 0.972837 -0.199535 0.107562 0.046946 0.972837 0.019086 -0.073988 0.045488 0.996038 0.019086 -0.073988 0.045488 0.996038 0.019086 -0.073988 0.045488 0.996038 0.019086 -0.073988 0.045488 0.996038 0.035365 0.150272 -0.737938 -0.656974 0.097779 0.099700 -0.770788 -0.621599 0.097763 0.099680 -0.770791 -0.621601 0.019086 -0.073988 0.045488 0.996038 0.019086 -0.073988 0.045488 0.996038 0.019086 -0.073988 0.045488 0.996038 0.019086 -0.073988 0.045488 0.996038 0.073038 -0.431581 -0.530688 0.725791 -0.231516 -0.770784 -0.505916 0.310389 -0.231508 -0.770798 -0.505895 0.310395
-0.000768 0.778249 -0.002193 0.015031 -0.023701 0.027774 0.999220 -0.105918 -0.149138 -0.095387 0.978489 0.152602 0.138903 -0.049001 0.977250 0.154511 0.167420 -0.634162 0.738874 0.154511 0.167420 -0.634162 0.738874 0.154511 0.167420 -0.634162 0.738874 -0.055270 0.153511 0.112846 0.980125 0.188157 0.103173 0.191632 0.957721 -0.212734 0.140622 0.053606 0.965451 -0.212734 0.140622 0.053606 0.965451 -0.212734 0.140622 0.053606 0.965451 0.015031 -0.023701 0.027774 0.999220 0.015031 -0.023701 0.027774 0.999220 0.015031 -0.023701 0.027774 0.999220 0.015031 -0.023701 0.027774 0.999220 0.004373 0.089720 -0.723546 -0.684407 0.080663 0.020250 -0.746441 -0.660234 0.080646 0.020231 -0.746442 -0.660236 0.015031 -0.023701 0.027774 0.999220 0.015031 -0.023701 0.027774 0.999220 0.015031 -0.023701 0.027774 0.999220 0.015031 -0.023701 0.027774 0.999220 0.034540 -0.367735 -0.550383 0.748770 -0.307486 -0.759234 -0.480866 0.312705 -0.307478 -0.759246 -0.480846 0.312713
-0.000825 0.782402 -0.002337 0.000944 0.033179 0.011906 0.999378 -0.087026 -0.108766 -0.093809 0.985797 0.184401 0.167807 -0.037629 0.967689 0.182133 0.205090 -0.613579 0.740464 0.182133 0.205090 -0.613579 0.740464 0.182133 0.205090 -0.613579 0.740464 -0.066069 0.214566 0.108198 0.968447 0.185477 0.167706 0.177547 0.951814 -0.229508 0.205383 0.067514 0.948992 -0.229508 0.205383 0.067514 0.948992 -0.229508 0.205383 0.067514 0.948992 0.000944 0.033179 0.011906 0.999378 0.000944 0.033179 0.011906 0.999378 0.000944 0.033179 0.011906 0.999378 0.000944 0.033179 0.011906 0.999378 0.023741 -0.049404 0.676472 0.734426 -0.039981 0.022281 0.652670 0.756258 -0.039961 0.022298 0.652669 0.756260 0.000944 0.033179 0.011906 0.999378 0.000944 0.033179 0.011906 0.999378 0.000944 0.033179 0.011906 0.999378 0.000944 0.033179 0.011906 0.999378 -0.015536 -0.287922 -0.592674 0.752061 -0.412355 -0.713542 -0.412647 0.387999 -0.412345 -0.713553 -0.412628 0.388010
-0.000852 0.784979 -0.002360 -0.011364 0.087982 0.001089 0.996057 -0.075010 -0.077743 -0.095608 0.989540 0.192046 0.180682 -0.037456 0.963883 0.201546 0.219437 -0.606081 0.737491 0.201546 0.219437 -0.606081 0.737491 0.201546 0.219437 -0.606081 0.737491 -0.076416 0.264995 0.092465 0.956759 0.172303 0.215274 0.162481 0.947401 -0.247436 0.254466 0.072437 0.932081 -0.247436 0.254466 0.072437 0.932081 -0.247436 0.254466 0.072437 0.932081 -0.011364 0.087982 0.001089 0.996057 -0.011364 0.087982 0.001089 0.996057 -0.011364 0.087982 0.001089 0.996057 -0.011364 0.087982 0.001089 0.996057 0.047090 -0.027051 0.632573 0.772595 0.000622 0.037175 0.557098 0.829614 0.000643 0.037190 0.557097 0.829614 -0.011364 0.087982 0.001089 0.996057 -0.011364 0.087982 0.001089 0.996057 -0.011364 0.087982 0.001089 0.996057 -0.011364 0.087982 0.001089 0.996057 -0.063985 -0.185697 -0.629593 0.751689 -0.472098 -0.619835 -0.365868 0.508988 -0.472085 -0.619844 -0.365852 0.509000
-0.001091 0.785859 -0.002245 -0.016628 0.212088 -0.012638 0.977027 -0.093601 0.030996 -0.104257 0.989651 0.189406 0.280275 -0.036819 0.940327 0.177625 0.336323 -0.562530 0.734095 0.177625 0.336323 -0.562530 0.734095 0.177625 0.336323 -0.562530 0.734095 -0.091621 0.355184 0.076397 0.927153 0.146598 0.284790 0.148947 0.935531 -0.264550 0.311814 0.077318 0.909290 -0.264550 0.311814 0.077318 0.909290 -0.264550 0.311814 0.077318 0.909290 -0.016628 0.212088 -0.012637 0.977027 -0.016628 0.212088 -0.012637 0.977027 -0.016628 0.212088 -0.012637 0.977027 -0.016628 0.212088 -0.012637 0.977027 0.113670 0.071840 0.582227 0.801829 0.094429 0.098700 0.512475 0.847768 0.094451 0.098714 0.512473 0.847766 -0.016628 0.212088 -0.012637 0.977027 -0.016628 0.212088 -0.012637 0.977027 -0.016628 0.212088 -0.012637 0.977027 -0.016628 0.212088 -0.012637 0.977027 -0.153082 -0.040992 -0.644089 0.748355 -0.556873 -0.527673 -0.279968 0.577124 -0.556858 -0.527680 -0.279955 0.577138
-0.001488 0.783808 -0.001927 -0.012481 0.346609 -0.033191 0.937339 -0.099422 0.204675 -0.123920 0.965851 0.200194 0.489026 -0.036456 0.848202 0.054451 0.587416 -0.473273 0.654209 0.054451 0.587416 -0.473273 0.654209 0.054451 0.587416 -0.473273 0.654209 -0.107718 0.447747 0.070730 0.884826 0.119684 0.349405 0.140780 0.918571 -0.267080 0.358706 0.078954 0.890935 -0.267080 0.358706 0.078954 0.890935 -0.267080 0.358706 0.078954 0.890935 -0.012481 0.346609 -0.033191 0.937339 -0.012481 0.346609 -0.033191 0.937339 -0.012481 0.346609 -0.033191 0.937339 -0.012481 0.346609 -0.033191 0.937339 0.184609 0.157858 0.513755 0.822834 0.201306 0.131194 0.511383 0.825076 0.201327 0.131207 0.511380 0.825071 -0.012481 0.346609 -0.033191 0.937339 -0.012481 0.346609 -0.033191 0.937339 -0.012481 0.346609 -0.033191 0.937339 -0.012481 0.346609 -0.033191 0.937339 -0.258343 0.225917 -0.697629 0.628915 -0.523426 -0.053549 -0.565461 0.635147 -0.523409 -0.053564 -0.565459 0.635161
-0.001792 0.781531 -0.001649 -0.011360 0.405162 -0.033393 0.913564 -0.101476 0.269902 -0.150687 0.945595 0.195204 0.560493 -0.046454 0.803483 0.022453 -0.655051 0.449415 -0.606984 0.022453 -0.655051 0.449415 -0.606984 0.022453 -0.655051 0.449415 -0.606984 -0.113370 0.486117 0.069912 0.863684 0.100170 0.385944 0.143311 0.905801 -0.252467 0.406194 0.085731 0.874024 -0.252467 0.406194 0.085731 0.874024 -0.252467 0.406194 0.085731 0.874024 -0.011360 0.405162 -0.033392 0.913564 -0.011360 0.405162 -0.033392 0.913564 -0.011360 0.405162 -0.033392 0.913564 -0.011360 0.405162 -0.033392 0.913564 0.221905 0.226676 0.504194 0.803221 0.242504 0.194029 0.498682 0.809235 0.242525 0.194042 0.498676 0.809229 -0.011360 0.405162 -0.033392 0.913564 -0.011360 0.405162 -0.033392 0.913564 -0.011360 0.405162 -0.033392 0.913564 -0.011360 0.405162 -0.033392 0.913564 -0.284566 0.348754 -0.653319 0.608742 -0.547781 0.038582 -0.458036 0.699036 -0.547762 0.038570 -0.458037 0.699050
-0.001881 0.780569 -0.001556 0.000034 0.450797 -0.033221 0.892008 -0.111179 0.328431 -0.169275 0.922561 0.219438 0.611943 -0.052760 0.758016 0.068489 -0.713333 0.412254 -0.562594 0.068489 -0.713333 0.412254 -0.562594 0.068489 -0.713333 0.412254 -0.562594 -0.117469 0.509857 0.067364 0.849534 0.085319 0.396779 0.142913 0.902698 -0.249326 0.419005 0.079252 0.869477 -0.249326 0.419005 0.079252 0.869477 -0.249326 0.419005 0.079252 0.869477 0.000034 0.450797 -0.033220 0.892008 0.000034 0.450797 -0.033220 0.892008 0.000034 0.450797 -0.033220 0.892008 0.000034 0.450797 -0.033220 0.892008 0.274806 0.354456 0.517594 0.728656 0.311130 0.328171 0.627054 0.634276 0.311147 0.328187 0.627045 0.634267 0.000034 0.450797 -0.033220 0.892008 0.000034 0.450797 -0.033220 0.892008 0.000034 0.450797 -0.033220 0.892008 0.000034 0.450797 -0.033220 0.892008 -0.308923 0.386469 -0.639802 0.588100 -0.580799 0.061333 -0.440186 0.682016 -0.580782 0.061322 -0.440188 0.682031
-0.001840 0.782409 -0.001475 0.007716 0.478813 -0.032897 0.877266 -0.091911 0.360645 -0.175709 0.911380 0.237825 0.636587 -0.055027 0.731552 0.103416 -0.732883 0.399579 -0.540856 0.103416 -0.732883 0.399579 -0.540856 0.103416 -0.732883 0.399579 -0.540856 -0.122747 0.528529 0.068307 0.837212 0.079303 0.408335 0.138089 0.898835 -0.240374 0.425775 0.067194 0.869725 -0.240374 0.425775 0.067194 0.869725 -0.240374 0.425775 0.067194 0.869725 0.007716 0.478813 -0.032896 0.877266 0.007716 0.478813 -0.032896 0.877266 0.007716 0.478813 -0.032896 0.877266 0.007716 0.478813 -0.032896 0.877266 0.318201 0.439527 0.542467 0.641322 -0.344977 -0.426149 -0.713522 -0.436204 -0.344988 -0.426168 -0.713511 -0.436195 0.007716 0.478813 -0.032896 0.877266 0.007716 0.478813 -0.032896 0.877266 0.007716 0.478813 -0.032896 0.877266 0.007716 0.478813 -0.032897 0.877266 -0.322648 0.411268 -0.628680 0.575776 -0.584418 0.104106 -0.458452 0.661392 -0.584400 0.104094 -0.458455 0.661408
-0.001750 0.786226 -0.001355 -0.009497 0.495900 -0.035221 0.867613 -0.083053 0.360421 -0.176412 0.912183 0.250627 0.620870 -0.059309 0.740398 0.084792 -0.717864 0.409952 -0.556257 0.084792 -0.717864 0.409952 -0.556257 0.084792 -0.717864 0.409952 -0.556257 -0.132334 0.549445 0.067478 0.822219 0.069385 0.430053 0.120889 0.891979 -0.235480 0.451206 0.048998 0.859396 -0.235480 0.451206 0.048998 0.859396 -0.235480 0.451206 0.048998 0.859396 -0.009496 0.495900 -0.035220 0.867613 -0.009496 0.495900 -0.035220 0.867613 -0.009496 0.495900 -0.035220 0.867613 -0.009496 0.495900 -0.035220 0.867613 -0.340723 -0.533728 -0.568276 -0.525457 -0.331919 -0.487690 -0.804881 -0.064463 -0.331921 -0.487710 -0.804868 -0.064454 -0.009496 0.495900 -0.035220 0.867613 -0.009496 0.495900 -0.035220 0.867613 -0.009496 0.495900 -0.035220 0.867613 -0.009496 0.495900 -0.035220 0.867613 -0.338646 0.419417 -0.611175 0.579546 -0.593088 0.116473 -0.469677 0.643493 -0.593072 0.116460 -0.469680 0.643509
-0.001641 0.788386 -0.001400 -0.015793 0.487581 -0.031559 0.872364 -0.066003 0.378804 -0.162186 0.908761 0.291625 0.648492 -0.040132 0.701999 0.042106 -0.782260 0.346677 -0.515859 0.042106 -0.782260 0.346677 -0.515859 0.042106 -0.782260 0.346677 -0.515859 -0.137609 0.555549 0.071388 0.816904 0.076814 0.448695 0.113918 0.883060 -0.210824 0.486859 0.048405 0.846273 -0.210824 0.486859 0.048405 0.846273 -0.210824 0.486859 0.048405 0.846273 -0.015793 0.487581 -0.031559 0.872364 -0.015793 0.487581 -0.031559 0.872364 -0.015793 0.487581 -0.031559 0.872364 -0.015793 0.487581 -0.031559 0.872364 -0.348029 -0.528075 -0.604202 -0.484719 -0.175656 -0.583725 -0.790563 -0.058486 -0.175657 -0.583745 -0.790548 -0.058481 -0.015793 0.487581 -0.031559 0.872364 -0.015793 0.487581 -0.031559 0.872364 -0.015793 0.487581 -0.031559 0.872364 -0.015793 0.487581 -0.031559 0.872364 -0.350108 0.299679 -0.625403 0.629673 0.692433 0.183103 0.439429 -0.542136 0.692419 0.183114 0.439425 -0.542154
-0.001584 0.766031 -0.001100 -0.011801 0.438894 -0.019626 0.898247 -0.069316 0.353557 -0.160893 0.918861 0.317064 0.637674 -0.049039 0.700312 -0.000282 -0.793911 0.341868 -0.502824 -0.000282 -0.793911 0.341868 -0.502824 -0.000282 -0.793911 0.341868 -0.502824 -0.136378 0.534362 0.088204 0.829505 0.103785 0.454277 0.121612 0.876397 -0.174046 0.518468 0.069494 0.834308 -0.174046 0.518468 0.069494 0.834308 -0.174046 0.518468 0.069494 0.834308 -0.011801 0.438894 -0.019625 0.898247 -0.011801 0.438894 -0.019625 0.898247 -0.011801 0.438894 -0.019625 0.898247 -0.011801 0.438894 -0.019625 0.898247 -0.257923 -0.656875 -0.511673 -0.490083 0.377788 -0.830387 -0.399820 0.088757 0.377790 -0.830397 -0.399799 0.088747 -0.011801 0.438894 -0.019625 0.898247 -0.011801 0.438894 -0.019625 0.898247 -0.011801 0.438894 -0.019625 0.898247 -0.011801 0.438894 -0.019625 0.898247 -0.309168 0.272192 -0.627143 0.661074 0.597728 0.111502 0.584261 -0.537520 0.597715 0.111517 0.584258 -0.537535
-0.001607 0.751544 -0.000961 0.002750 0.420838 -0.003798 0.907124 -0.050863 0.351356 -0.156102 0.921734 0.346679 0.633665 -0.052453 0.689588 -0.000498 -0.797817 0.330495 -0.504242 -0.000498 -0.797817 0.330495 -0.504242 -0.000498 -0.797817 0.330495 -0.504242 -0.133757 0.524201 0.096391 0.835483 0.127649 0.454202 0.126559 0.872576 -0.157706 0.524773 0.085794 0.832095 -0.157706 0.524773 0.085794 0.832095 -0.157706 0.524773 0.085794 0.832095 0.002750 0.420838 -0.003797 0.907124 0.002750 0.420838 -0.003797 0.907124 0.002750 0.420838 -0.003797 0.907124 0.002750 0.420838 -0.003797 0.907124 -0.219772 -0.665644 -0.464179 -0.541439 0.376394 -0.854268 -0.333238 0.132313 0.376397 -0.854276 -0.333215 0.132303 0.002750 0.420838 -0.003797 0.907124 0.002750 0.420838 -0.003797 0.907124 0.002750 0.420838 -0.003797 0.907124 0.002750 0.420838 -0.003797 0.907124 -0.295550 0.349060 -0.644219 0.613017 -0.545319 0.073787 -0.626592 0.551874 -0.545305 0.073770 -0.626594 0.551888
-0.001634 0.745170 -0.000815 0.025800 0.389105 0.019552 0.920625 -0.011737 0.340001 -0.160605 0.926535 0.397276 0.620257 -0.073666 0.672329 -0.035246 -0.804658 0.335112 -0.488859 -0.035246 -0.804658 0.335112 -0.488859 -0.035246 -0.804658 0.335112 -0.488859 -0.123793 0.494218 0.098152 0.854862 0.141004 0.429432 0.131106 0.882336 -0.151747 0.505072 0.090999 0.844745 -0.151747 0.505072 0.090999 0.844745 -0.151747 0.505072 0.090999 0.844745 0.025800 0.389105 0.019552 0.920625 0.025800 0.389105 0.019552 0.920625 0.025800 0.389105 0.019552 0.920625 0.025800 0.389105 0.019552 0.920625 -0.201892 -0.643685 -0.472413 -0.567218 0.380908 -0.873973 -0.301487 -0.013650 0.380908 -0.873981 -0.301464 -0.013660 0.025800 0.389105 0.019552 0.920625 0.025800 0.389105 0.019552 0.920625 0.025800 0.389105 0.019552 0.920625 0.025800 0.389105 0.019552 0.920625 -0.268512 0.369148 -0.656567 0.600459 -0.483101 0.152186 -0.622608 0.596500 -0.483085 0.152169 -0.622612 0.596513
-0.001645 0.743522 -0.000502 0.049689 0.328128 0.037112 0.942595 -0.024101 0.253619 -0.183733 0.949388 0.396255 0.508816 -0.159224 0.747487 -0.197534 -0.698822 0.468251 -0.503358 -0.197534 -0.698822 0.468251 -0.503358 -0.197534 -0.698822 0.468251 -0.503358 -0.105376 0.449336 0.089058 0.882645 0.140417 0.392899 0.134345 0.898813 -0.161614 0.479964 0.098824 0.856592 -0.161614 0.479964 0.098824 0.856592 -0.161614 0.479964 0.098824 0.856592 0.049689 0.328128 0.037112 0.942595 0.049689 0.328128 0.037112 0.942595 0.049689 0.328128 0.037112 0.942595 0.049689 0.328128 0.037112 0.942595 -0.172637 -0.611765 -0.472692 -0.610330 0.374460 -0.874792 -0.253088 -0.174543 0.374456 -0.874798 -0.253066 -0.174552 0.049689 0.328128 0.037112 0.942595 0.049689 0.328128 0.037112 0.942595 0.049689 0.328128 0.037112 0.942595 0.049689 0.328128 0.037112 0.942595 -0.222521 0.308814 -0.696421 0.608371 -0.416313 0.122145 -0.635137 0.639034 -0.416297 0.122129 -0.635140 0.639045
-0.001617 0.747366 -0.000203 0.064704 0.281146 0.046529 0.956350 -0.056207 0.146362 -0.179170 0.971245 0.347492 0.369723 -0.252452 0.823907 0.366065 0.521212 -0.561075 0.528706 0.366065 0.521212 -0.561075 0.528706 0.366065 0.521212 -0.561075 0.528706 -0.073740 0.397938 0.097609 0.909220 0.140947 0.332151 0.144079 0.921439 -0.155887 0.419745 0.086750 0.889937 -0.155887 0.419745 0.086750 0.889937 -0.155887 0.419745 0.086750 0.889937 0.064704 0.281146 0.046529 0.956350 0.064704 0.281146 0.046529 0.956350 0.064704 0.281146 0.046529 0.956350 0.064704 0.281146 0.046529 0.956350 0.146884 0.616755 0.458373 0.622842 0.399326 -0.867043 -0.185612 -0.233074 0.399320 -0.867048 -0.185590 -0.233085 0.064704 0.281146 0.046529 0.956350 0.064704 0.281146 0.046529 0.956350 0.064704 0.281146 0.046529 0.956350 0.064704 0.281146 0.046529 0.956350 -0.182317 0.239588 -0.723493 0.621222 -0.364082 0.072076 -0.682724 0.629395 -0.364066 0.072058 -0.682725 0.629404
-0.001614 0.748829 -0.000030 0.066708 0.261218 0.045667 0.961889 -0.108768 0.110184 -0.214097 0.964464 0.289620 0.280789 -0.254501 0.878924 0.438222 0.379488 -0.586288 0.565877 0.438222 0.379488 -0.586288 0.565877 0.438222 0.379488 -0.586288 0.565877 -0.052977 0.359238 0.086358 0.927730 0.133525 0.262351 0.160749 0.942074 -0.144246 0.339216 0.068349 0.927067 -0.144246 0.339216 0.068348 0.927067 -0.144246 0.339216 0.068348 0.927067 0.066708 0.261218 0.045668 0.961889 0.066708 0.261218 0.045668 0.961889 0.066708 0.261218 0.045668 0.961889 0.066708 0.261218 0.045668 0.961889 0.141924 0.599330 0.464977 0.635970 0.427795 -0.821079 -0.096546 -0.365375 0.427785 -0.821082 -0.096525 -0.365387 0.066708 0.261218 0.045668 0.961889 0.066708 0.261218 0.045668 0.961889 0.066708 0.261218 0.045668 0.961889 0.066708 0.261218 0.045668 0.961889 -0.166249 0.195438 -0.737538 0.624663 -0.319649 0.056648 -0.655058 0.682286 -0.319631 0.056631 -0.655060 0.682295
-0.001616 0.749089 -0.000012 0.057606 0.236755 0.040807 0.969001 -0.130732 0.077204 -0.208974 0.966063 0.249121 0.249600 -0.249362 0.901919 0.424504 0.338446 -0.586738 0.600824 0.424504 0.338446 -0.586738 0.600824 0.424504 0.338446 -0.586738 0.600824 -0.035299 0.315297 0.095578 0.943508 0.123520 0.195227 0.199842 0.952204 -0.125959 0.261092 0.076379 0.954008 -0.125959 0.261092 0.076379 0.954008 -0.125959 0.261092 0.076379 0.954008 0.057606 0.236754 0.040808 0.969001 0.057606 0.236754 0.040808 0.969001 0.057606 0.236754 0.040808 0.969001 0.057606 0.236754 0.040807 0.969001 0.129904 0.578174 0.472626 0.652277 0.444529 -0.763140 -0.017005 -0.468745 0.444517 -0.763140 -0.016985 -0.468757 0.057606 0.236754 0.040808 0.969001 0.057606 0.236754 0.040808 0.969001 0.057606 0.236754 0.040808 0.969001 0.057606 0.236754 0.040807 0.969001 -0.150558 0.140222 -0.746117 0.633230 -0.296347 0.011816 -0.642859 0.706238 -0.296329 0.011799 -0.642859 0.706245
-0.001591 0.748963 -0.000149 0.000539 0.150917 0.023199 0.988274 -0.164941 -0.020242 -0.191978 0.967228 0.185402 0.158455 -0.239555 0.939751 0.377617 0.208060 -0.630468 0.645466 0.377617 0.208060 -0.630468 0.645466 0.377617 0.208060 -0.630468 0.645466 -0.051678 0.242630 0.093438 0.964225 0.093280 0.132462 0.230117 0.959583 -0.135073 0.207334 0.096574 0.964075 -0.135073 0.207334 0.096574 0.964075 -0.135073 0.207334 0.096574 0.964075 0.000539 0.150917 0.023199 0.988274 0.000539 0.150917 0.023199 0.988274 0.000539 0.150917 0.023199 0.988274 0.000539 0.150917 0.023199 0.988274 0.064932 0.504699 0.500286 0.700554 0.434995 -0.697486 -0.014344 -0.569286 0.434981 -0.697486 -0.014326 -0.569297 0.000539 0.150917 0.023199 0.988274 0.000539 0.150917 0.023199 0.988274 0.000539 0.150917 0.023199 0.988274 0.000539 0.150917 0.023199 0.988274 -0.110491 0.035495 -0.720533 0.683641 -0.281733 -0.120505 -0.540137 0.783809 -0.281713 -0.120520 -0.540134 0.783817
-0.001535 0.773255 -0.000369 -0.011197 0.135301 0.017735 0.990582 -0.166262 0.000428 -0.175619 0.970317 0.176035 0.231927 -0.168686 0.941683 0.292693 0.318980 -0.583204 0.687354 0.292693 0.318980 -0.583204 0.687354 0.292693 0.318980 -0.583204 0.687354 -0.076043 0.209867 0.094296 0.970197 0.063054 0.085025 0.239853 0.965021 -0.151266 0.144913 0.085190 0.974095 -0.151266 0.144913 0.085190 0.974095 -0.151266 0.144913 0.085190 0.974095 -0.011197 0.135301 0.017736 0.990582 -0.011197 0.135301 0.017736 0.990582 -0.011197 0.135301 0.017736 0.990582 -0.011197 0.135301 0.017736 0.990582 0.045823 0.431869 0.456369 0.776606 0.414127 -0.677629 0.092363 -0.600656 0.414112 -0.677626 0.092381 -0.600666 -0.011197 0.135301 0.017736 0.990582 -0.011197 0.135301 0.017736 0.990582 -0.011197 0.135301 0.017736 0.990582 -0.011197 0.135301 0.017736 0.990582 -0.103223 0.018323 -0.694410 0.711902 -0.284516 -0.155698 -0.441956 0.836352 -0.284494 -0.155710 -0.441952 0.836359
-0.001500 0.793072 -0.000557 -0.044213 0.128153 0.003082 0.990764 -0.181705 -0.001869 -0.155300 0.971011 0.153057 0.260132 -0.125915 0.945013 0.216444 0.359501 -0.555991 0.717486 0.216444 0.359501 -0.555991 0.717486 0.216444 0.359501 -0.555991 0.717486 -0.153287 0.224411 0.082445 0.958825 0.049451 0.132591 0.237320 0.961069 -0.171817 0.193045 0.093610 0.961483 -0.171817 0.193045 0.093610 0.961483 -0.171817 0.193045 0.093610 0.961483 -0.044213 0.128153 0.003082 0.990764 -0.044213 0.128153 0.003082 0.990764 -0.044213 0.128153 0.003082 0.990764 -0.044213 0.128153 0.003082 0.990764 0.008307 0.353454 0.369237 0.859456 0.378410 -0.724305 0.176385 -0.548704 0.378395 -0.724301 0.176404 -0.548714 -0.044213 0.128153 0.003082 0.990764 -0.044213 0.128153 0.003082 0.990764 -0.044213 0.128153 0.003082 0.990764 -0.044213 0.128153 0.003082 0.990764 -0.120114 -0.000349 -0.678636 0.724587 -0.351900 -0.227388 -0.346910 0.839116 -0.351878 -0.227397 -0.346904 0.839125
-0.001412 0.810030 -0.000818 -0.044546 0.146912 -0.006260 0.988126 -0.140688 0.004780 -0.144879 0.979385 0.167850 0.279476 -0.085957 0.941452 0.168236 0.389241 -0.535638 0.730260 0.168236 0.389241 -0.535638 0.730260 0.168236 0.389241 -0.535638 0.730260 -0.205011 0.218971 0.064885 0.951742 0.093175 0.115882 0.233693 0.960873 -0.151412 0.143750 0.070868 0.975391 -0.151412 0.143750 0.070868 0.975391 -0.151412 0.143750 0.070868 0.975391 -0.044546 0.146912 -0.006260 0.988126 -0.044546 0.146912 -0.006260 0.988126 -0.044546 0.146912 -0.006260 0.988126 -0.044546 0.146912 -0.006260 0.988126 0.001006 0.309009 0.270104 0.911897 0.291860 -0.810743 0.154194 -0.483464 0.291847 -0.810739 0.154215 -0.483471 -0.044546 0.146912 -0.006260 0.988126 -0.044546 0.146912 -0.006260 0.988126 -0.044546 0.146912 -0.006260 0.988126 -0.044546 0.146912 -0.006260 0.988126 -0.129817 -0.117445 -0.641741 0.746674 -0.459567 -0.442725 -0.287046 0.714421 -0.459549 -0.442733 -0.287034 0.714433
-0.001298 0.810692 -0.000989 -0.009939 0.064285 -0.006796 0.997859 -0.122817 -0.059154 -0.137482 0.981079 0.172043 0.233755 -0.049640 0.955665 0.178109 0.364650 -0.499507 0.765376 0.178109 0.364650 -0.499507 0.765376 0.178109 0.364650 -0.499507 0.765376 -0.201643 0.207119 0.049057 0.956052 0.147868 0.135878 0.156872 0.966987 -0.144491 0.193041 0.012242 0.970416 -0.144491 0.193041 0.012242 0.970416 -0.144491 0.193041 0.012242 0.970416 -0.009939 0.064285 -0.006795 0.997859 -0.009939 0.064285 -0.006795 0.997859 -0.009939 0.064285 -0.006795 0.997859 -0.009939 0.064285 -0.006796 0.997859 0.005561 0.300325 0.198813 0.932871 0.208479 -0.876300 0.075395 -0.427727 0.208468 -0.876298 0.075418 -0.427732 -0.009939 0.064285 -0.006795 0.997859 -0.009939 0.064285 -0.006795 0.997859 -0.009939 0.064285 -0.006795 0.997859 -0.009939 0.064285 -0.006796 0.997859 -0.046365 -0.268122 -0.571673 0.774048 -0.419272 -0.620469 -0.220587 0.624957 -0.419256 -0.620475 -0.220571 0.624967
-0.001205 0.809422 -0.001038 0.004980 0.042225 -0.010612 0.999039 -0.124009 -0.081447 -0.130241 0.980319 0.175641 0.209999 -0.020443 0.961578 0.196455 0.352048 -0.469788 0.785345 0.196455 0.352048 -0.469788 0.785345 0.196455 0.352048 -0.469788 0.785345 -0.211017 0.207277 0.021841 0.955003 0.191645 0.125059 0.089398 0.969350 -0.128345 0.182850 -0.061746 0.972770 -0.128345 0.182850 -0.061746 0.972770 -0.128345 0.182850 -0.061746 0.972770 0.004980 0.042225 -0.010612 0.999039 0.004980 0.042225 -0.010612 0.999039 0.004980 0.042225 -0.010612 0.999039 0.004980 0.042225 -0.010612 0.999039 0.014569 0.335195 0.150790 0.929889 0.144922 -0.910180 0.009450 -0.387917 0.144912 -0.910180 0.009474 -0.387921 0.004980 0.042225 -0.010612 0.999039 0.004980 0.042225 -0.010612 0.999039 0.004980 0.042225 -0.010612 0.999039 0.004980 0.042225 -0.010612 0.999039 -0.020528 -0.356510 -0.489884 0.795294 -0.371098 -0.726032 -0.201070 0.542895 -0.371084 -0.726037 -0.201052 0.542904
-0.001124 0.811766 -0.001040 0.010286 0.042198 -0.014080 0.998957 -0.147606 -0.077942 -0.116396 0.979076 0.157416 0.219697 0.003743 0.962777 0.211983 0.378184 -0.417055 0.798815 0.211983 0.378184 -0.417055 0.798815 0.211983 0.378184 -0.417055 0.798815 -0.224798 0.231656 -0.010480 0.946410 0.202349 0.154873 0.019243 0.966798 -0.125012 0.238130 -0.113285 0.956469 -0.125012 0.238130 -0.113285 0.956469 -0.125012 0.238130 -0.113285 0.956469 0.010286 0.042198 -0.014080 0.998957 0.010286 0.042198 -0.014080 0.998957 0.010286 0.042198 -0.014080 0.998957 0.010286 0.042198 -0.014080 0.998957 0.019506 0.379404 0.111321 0.918303 0.100173 -0.939948 -0.016581 -0.325866 0.100164 -0.939948 -0.016556 -0.325868 0.010286 0.042198 -0.014080 0.998957 0.010286 0.042198 -0.014080 0.998957 0.010286 0.042198 -0.014080 0.998957 0.010286 0.042198 -0.014080 0.998957 -0.015226 -0.397256 -0.425991 0.812704 -0.337412 -0.794610 -0.179885 0.471582 -0.337400 -0.794615 -0.179865 0.471590
-0.001046 0.819322 -0.000998 0.008730 0.046485 -0.015091 0.998767 -0.163622 -0.071953 -0.102646 0.978527 0.119608 0.235877 0.007085 0.964368 0.183494 0.388003 -0.409058 0.805267 0.183494 0.388003 -0.409058 0.805267 0.183494 0.388003 -0.409058 0.805267 -0.211557 0.223554 -0.056310 0.949788 0.185836 0.112578 -0.038578 0.975348 -0.111683 0.199760 -0.191721 0.954393 -0.111683 0.199760 -0.191721 0.954393 -0.111683 0.199760 -0.191721 0.954393 0.008730 0.046485 -0.015091 0.998767 0.008730 0.046485 -0.015091 0.998767 0.008730 0.046485 -0.015091 0.998767 0.008730 0.046485 -0.015091 0.998767 0.021435 0.507725 0.135990 0.850449 0.120620 -0.946439 -0.038919 -0.296967 0.120612 -0.946440 -0.038894 -0.296970 0.008730 0.046485 -0.015091 0.998767 0.008730 0.046485 -0.015091 0.998767 0.008730 0.046485 -0.015091 0.998767 0.008730 0.046485 -0.015091 0.998767 -0.017183 -0.445985 -0.376859 0.811652 -0.324532 -0.864722 -0.153606 0.351198 -0.324523 -0.864726 -0.153583 0.351206
-0.000998 0.820382 -0.000938 0.004209 0.037143 -0.013105 0.999215 -0.169626 -0.071001 -0.093159 0.978523 0.075813 0.254203 0.004830 0.964163 0.116073 0.390588 -0.416022 0.812954 0.116073 0.390588 -0.416022 0.812954 0.116073 0.390588 -0.416022 0.812954 -0.193749 0.194551 -0.097750 0.956586 0.140692 0.060965 -0.069666 0.985716 -0.137104 0.144414 -0.243719 0.949183 -0.137104 0.144414 -0.243719 0.949183 -0.137104 0.144414 -0.243719 0.949183 0.004209 0.037143 -0.013104 0.999215 0.004209 0.037143 -0.013104 0.999215 0.004209 0.037143 -0.013104 0.999215 0.004209 0.037143 -0.013104 0.999215 0.016509 0.605336 0.141828 0.783058 0.136391 -0.928161 -0.031627 -0.344840 0.136382 -0.928162 -0.031602 -0.344844 0.004209 0.037143 -0.013104 0.999215 0.004209 0.037143 -0.013104 0.999215 0.004209 0.037143 -0.013104 0.999215 0.004209 0.037143 -0.013104 0.999215 -0.017502 -0.507247 -0.379537 0.773528 -0.299832 -0.866276 -0.202822 0.344281 -0.299823 -0.866282 -0.202799 0.344289
-0.000978 0.821649 -0.000916 -0.004674 0.047623 -0.012922 0.998771 -0.159187 -0.058890 -0.088372 0.981520 0.060289 0.273502 -0.002297 0.959977 0.073695 0.396901 -0.430636 0.807212 0.073695 0.396901 -0.430636 0.807212 0.073695 0.396901 -0.430636 0.807212 -0.172962 0.183689 -0.121747 0.959958 0.121958 0.039464 -0.077086 0.988750 -0.152112 0.121367 -0.258593 0.946183 -0.152112 0.121367 -0.258593 0.946183 -0.152112 0.121367 -0.258593 0.946183 -0.004674 0.047623 -0.012921 0.998771 -0.004674 0.047623 -0.012921 0.998771 -0.004674 0.047623 -0.012921 0.998771 -0.004674 0.047623 -0.012921 0.998771 0.012373 0.667681 0.149886 0.729097 0.153299 -0.910562 -0.029917 -0.382729 0.153289 -0.910563 -0.029893 -0.382733 -0.004674 0.047623 -0.012921 0.998771 -0.004674 0.047623 -0.012921 0.998771 -0.004674 0.047623 -0.012921 0.998771 -0.004674 0.047623 -0.012921 0.998771 -0.029743 -0.543525 -0.404179 0.735075 -0.297068 -0.834986 -0.240809 0.395677 -0.297058 -0.834992 -0.240787 0.395684
-0.000959 0.827511 -0.000917 -0.010308 0.054539 -0.012987 0.998374 -0.147412 -0.041114 -0.081810 0.984828 0.050675 0.307422 -0.003835 0.950215 0.022587 0.427387 -0.428519 0.795740 0.022587 0.427387 -0.428519 0.795740 0.022587 0.427387 -0.428519 0.795740 -0.147920 0.171595 -0.139823 0.963911 0.116786 0.022358 -0.070844 0.990375 -0.150663 0.105528 -0.256048 0.949001 -0.150663 0.105528 -0.256048 0.949001 -0.150663 0.105528 -0.256048 0.949001 -0.010308 0.054539 -0.012987 0.998374 -0.010308 0.054539 -0.012987 0.998374 -0.010308 0.054539 -0.012987 0.998374 -0.010308 0.054539 -0.012987 0.998374 0.010230 0.696626 0.153817 0.700677 0.154758 -0.895696 -0.036015 -0.415309 0.154747 -0.895697 -0.035992 -0.415313 -0.010308 0.054539 -0.012987 0.998374 -0.010308 0.054539 -0.012987 0.998374 -0.010308 0.054539 -0.012987 0.998374 -0.010308 0.054539 -0.012987 0.998374 -0.037078 -0.563273 -0.409110 0.716923 -0.284095 -0.800592 -0.250452 0.464344 -0.284082 -0.800599 -0.250432 0.464352
-0.000921 0.834844 -0.000941 -0.011587 0.060033 -0.014063 0.998030 -0.132174 -0.010040 -0.070472 0.988667 0.050028 0.364568 -0.002899 0.929827 -0.024375 0.493330 -0.405878 0.768957 -0.024375 0.493330 -0.405878 0.768957 -0.024375 0.493330 -0.405878 0.768957 -0.129000 0.168919 -0.153947 0.964949 0.109017 0.026441 -0.060252 0.991860 -0.156400 0.118682 -0.237668 0.951298 -0.156400 0.118682 -0.237668 0.951298 -0.156400 0.118682 -0.237668 0.951298 -0.011587 0.060033 -0.014063 0.998030 -0.011587 0.060033 -0.014063 0.998030 -0.011587 0.060033 -0.014063 0.998030 -0.011587 0.060033 -0.014063 0.998030 0.010686 0.698723 0.149016 0.699618 0.148176 -0.867284 -0.029344 -0.474343 0.148164 -0.867285 -0.029322 -0.474346 -0.011587 0.060033 -0.014063 0.998030 -0.011587 0.060033 -0.014063 0.998030 -0.011587 0.060033 -0.014063 0.998030 -0.011587 0.060033 -0.014063 0.998030 -0.040306 -0.581133 -0.397050 0.709233 -0.267969 -0.777169 -0.239770 0.516442 -0.267955 -0.777175 -0.239749 0.516449
-0.000891 0.841716 -0.000970 -0.006390 0.047437 -0.015985 0.998726 -0.121619 -0.005820 -0.063416 0.990532 0.054078 0.379490 -0.011699 0.923540 -0.021230 0.517942 -0.401125 0.755238 -0.021230 0.517942 -0.401125 0.755238 -0.021230 0.517942 -0.401125 0.755238 -0.117529 0.158914 -0.153371 0.968200 0.106682 0.019400 -0.056733 0.992484 -0.145472 0.110812 -0.235143 0.954603 -0.145472 0.110812 -0.235143 0.954603 -0.145472 0.110812 -0.235143 0.954603 -0.006389 0.047437 -0.015985 0.998726 -0.006389 0.047437 -0.015985 0.998726 -0.006389 0.047437 -0.015985 0.998726 -0.006390 0.047437 -0.015985 0.998726 0.013822 0.678220 0.159093 0.717298 0.133253 -0.800281 -0.034901 -0.583589 0.133238 -0.800282 -0.034880 -0.583593 -0.006389 0.047437 -0.015985 0.998726 -0.006389 0.047437 -0.015985 0.998726 -0.006389 0.047437 -0.015985 0.998726 -0.006390 0.047437 -0.015985 0.998726 -0.032452 -0.597520 -0.387431 0.701295 -0.288940 -0.774609 -0.191856 0.528854 -0.288926 -0.774614 -0.191835 0.528861
-0.000881 0.843223 -0.001045 -0.005967 0.045055 -0.017680 0.998810 -0.106316 -0.001927 -0.061101 0.992451 0.095451 0.384688 0.001571 0.918097 0.009932 0.542275 -0.377238 0.750686 0.009932 0.542275 -0.377238 0.750686 0.009932 0.542275 -0.377238 0.750686 -0.092423 0.143228 -0.153202 0.973382 0.118800 0.001939 -0.045121 0.991891 -0.149372 0.093013 -0.230115 0.957123 -0.149372 0.093013 -0.230115 0.957123 -0.149372 0.093013 -0.230115 0.957123 -0.005967 0.045055 -0.017679 0.998810 -0.005967 0.045055 -0.017679 0.998810 -0.005967 0.045055 -0.017679 0.998810 -0.005967 0.045055 -0.017679 0.998810 0.016664 0.618288 0.226456 0.752436 0.199831 -0.733803 -0.008077 -0.649258 0.199814 -0.733803 -0.008058 -0.649263 -0.005967 0.045055 -0.017679 0.998810 -0.005967 0.045055 -0.017679 0.998810 -0.005967 0.045055 -0.017679 0.998810 -0.005967 0.045055 -0.017679 0.998810 -0.032775 -0.564333 -0.410382 0.715570 -0.348934 -0.742105 -0.129587 0.557433 -0.348919 -0.742109 -0.129568 0.557442
-0.000880 0.843891 -0.001096 -0.014870 0.055672 -0.019537 0.998147 -0.091927 0.026218 -0.053573 0.993978 0.144380 0.423763 0.045514 0.893033 0.006044 0.605902 -0.304299 0.735016 0.006044 0.605902 -0.304299 0.735016 0.006044 0.605902 -0.304299 0.735016 -0.074609 0.145146 -0.146233 0.975696 0.153177 -0.002702 -0.034947 0.987577 -0.132359 0.083570 -0.224859 0.961736 -0.132359 0.083570 -0.224859 0.961736 -0.132359 0.083570 -0.224859 0.961736 -0.014870 0.055672 -0.019536 0.998147 -0.014870 0.055672 -0.019536 0.998147 -0.014870 0.055672 -0.019536 0.998147 -0.014870 0.055672 -0.019536 0.998147 0.015569 0.468870 0.333069 0.817914 -0.264042 0.653048 -0.020262 0.709506 -0.264024 0.653048 -0.020279 0.709513 -0.014870 0.055672 -0.019536 0.998147 -0.014870 0.055672 -0.019536 0.998147 -0.014870 0.055672 -0.019536 0.998147 -0.014870 0.055672 -0.019536 0.998147 -0.046435 -0.457986 -0.470804 0.752620 -0.399679 -0.676823 -0.100804 0.609922 -0.399663 -0.676826 -0.100786 0.609933
-0.000898 0.840476 -0.001152 -0.020774 0.071632 -0.020763 0.996999 -0.090788 0.044127 -0.047955 0.993736 0.148134 0.452147 0.067932 0.876929 -0.054094 0.630661 -0.257828 0.729976 -0.054094 0.630661 -0.257828 0.729976 -0.054094 0.630661 -0.257828 0.729976 -0.066942 0.165692 -0.135529 0.974524 0.162598 0.027226 -0.024866 0.986003 -0.141163 0.117191 -0.202283 0.961988 -0.141163 0.117191 -0.202283 0.961988 -0.141163 0.117191 -0.202283 0.961988 -0.020774 0.071632 -0.020762 0.996999 -0.020774 0.071632 -0.020762 0.996999 -0.020774 0.071632 -0.020762 0.996999 -0.020774 0.071632 -0.020762 0.996999 0.017975 0.312114 0.408418 0.857588 -0.260052 0.532176 -0.064408 0.803127 -0.260031 0.532174 -0.064422 0.803134 -0.020774 0.071632 -0.020762 0.996999 -0.020774 0.071632 -0.020762 0.996999 -0.020774 0.071632 -0.020762 0.996999 -0.020774 0.071632 -0.020762 0.996999 -0.060110 -0.322875 -0.513058 0.793038 -0.418692 -0.600195 -0.051856 0.679539 -0.418675 -0.600197 -0.051840 0.679550
-0.000924 0.830740 -0.001202 -0.022483 0.078817 -0.021402 0.996406 -0.088724 0.051970 -0.046328 0.993620 0.151772 0.466496 0.081183 0.867615 -0.078955 0.643651 -0.231551 0.725164 -0.078955 0.643651 -0.231551 0.725164 -0.078955 0.643651 -0.231551 0.725164 -0.076885 0.213185 -0.106329 0.968161 0.167316 0.116173 -0.021986 0.978788 -0.159842 0.223164 -0.156280 0.948802 -0.159842 0.223164 -0.156280 0.948802 -0.159842 0.223164 -0.156280 0.948802 -0.022483 0.078817 -0.021402 0.996406 -0.022483 0.078817 -0.021402 0.996406 -0.022483 0.078817 -0.021402 0.996406 -0.022483 0.078817 -0.021402 0.996406 0.020984 0.187165 0.461723 0.866799 -0.204764 0.387631 -0.092284 0.894034 -0.204741 0.387629 -0.092294 0.894040 -0.022483 0.078817 -0.021402 0.996406 -0.022483 0.078817 -0.021402 0.996406 -0.022483 0.078817 -0.021402 0.996406 -0.022483 0.078817 -0.021402 0.996406 -0.065123 -0.217477 -0.531429 0.816117 -0.405966 -0.541372 -0.019845 0.736012 -0.405947 -0.541373 -0.019831 0.736023
-0.000972 0.815228 -0.001240 -0.019996 0.098109 -0.022033 0.994731 -0.084820 0.073531 -0.047294 0.992553 0.161807 0.488970 0.096355 0.851729 -0.084150 0.670572 -0.200204 0.709345 -0.084150 0.670572 -0.200204 0.709345 -0.084150 0.670572 -0.200204 0.709345 -0.091518 0.260697 -0.076091 0.958056 0.173485 0.183637 -0.034535 0.966948 -0.157090 0.297091 -0.141284 0.931181 -0.157090 0.297091 -0.141284 0.931181 -0.157090 0.297091 -0.141284 0.931181 -0.019996 0.098109 -0.022033 0.994731 -0.019996 0.098109 -0.022033 0.994731 -0.019996 0.098109 -0.022033 0.994731 -0.019996 0.098109 -0.022033 0.994731 0.033631 0.115652 0.490878 0.862863 -0.122855 0.257154 -0.102274 0.953057 -0.122831 0.257152 -0.102281 0.953060 -0.019996 0.098109 -0.022033 0.994731 -0.019996 0.098109 -0.022033 0.994731 -0.019996 0.098109 -0.022033 0.994731 -0.019996 0.098109 -0.022033 0.994731 -0.073467 -0.131575 -0.547578 0.823073 -0.386466 -0.471795 0.011621 0.792413 -0.386446 -0.471795 0.011634 0.792423
-0.001063 0.799076 -0.001262 -0.019558 0.108748 -0.024907 0.993565 -0.085281 0.085235 -0.040005 0.991898 0.157068 0.506741 0.105804 0.841040 -0.116566 0.678847 -0.179704 0.702343 -0.116566 0.678847 -0.179704 0.702343 -0.116566 0.678847 -0.179704 0.702343 -0.094487 0.285653 -0.051895 0.952251 0.172651 0.222829 -0.031200 0.958940 -0.164913 0.335773 -0.121885 0.919350 -0.164913 0.335773 -0.121885 0.919350 -0.164913 0.335773 -0.121885 0.919350 -0.019558 0.108748 -0.024907 0.993565 -0.019558 0.108748 -0.024907 0.993565 -0.019558 0.108748 -0.024907 0.993565 -0.019558 0.108748 -0.024907 0.993565 0.041565 0.110880 0.507818 0.853287 -0.095101 0.219067 -0.090971 0.966794 -0.095076 0.219064 -0.090976 0.966796 -0.019558 0.108748 -0.024907 0.993565 -0.019558 0.108748 -0.024907 0.993565 -0.019558 0.108748 -0.024907 0.993565 -0.019558 0.108748 -0.024907 0.993565 -0.079755 -0.090724 -0.560551 0.819262 -0.376178 -0.429585 0.021296 0.820667 -0.376156 -0.429584 0.021307 0.820677
-0.001179 0.787860 -0.001283 -0.019720 0.122971 -0.030715 0.991739 -0.092823 0.100170 -0.036786 0.989948 0.159713 0.514405 0.119487 0.834028 -0.135827 0.674316 -0.164600 0.706934 -0.135827 0.674316 -0.164600 0.706934 -0.135827 0.674316 -0.164600 0.706934 -0.092392 0.306188 -0.032463 0.946921 0.190695 0.248342 -0.026645 0.949343 -0.136372 0.366329 -0.106299 0.914279 -0.136372 0.366329 -0.106299 0.914279 -0.136372 0.366329 -0.106299 0.914279 -0.019720 0.122971 -0.030715 0.991739 -0.019720 0.122971 -0.030715 0.991739 -0.019720 0.122971 -0.030715 0.991739 -0.019720 0.122971 -0.030715 0.991739 0.050647 0.127229 0.512613 0.847629 -0.088279 0.221705 -0.080135 0.967798 -0.088254 0.221703 -0.080141 0.967800 -0.019720 0.122971 -0.030715 0.991739 -0.019720 0.122971 -0.030715 0.991739 -0.019720 0.122971 -0.030715 0.991739 -0.019720 0.122971 -0.030715 0.991739 -0.088118 -0.061276 -0.564046 0.818738 -0.366448 -0.397252 0.030439 0.840822 -0.366426 -0.397251 0.030449 0.840831
-0.001263 0.783280 -0.001340 -0.008127 0.157525 -0.039089 0.986708 -0.102524 0.149840 -0.023101 0.983109 0.180762 0.552608 0.122702 0.804297 0.148408 -0.698887 0.146337 -0.684191 0.148408 -0.698887 0.146337 -0.684191 0.148408 -0.698887 0.146337 -0.684191 -0.093782 0.330783 -0.013175 0.938943 0.194509 0.267497 -0.013034 0.943632 -0.133613 0.372561 -0.092965 0.913621 -0.133613 0.372561 -0.092965 0.913621 -0.133613 0.372561 -0.092965 0.913621 -0.008127 0.157525 -0.039088 0.986708 -0.008127 0.157525 -0.039088 0.986708 -0.008127 0.157525 -0.039088 0.986708 -0.008127 0.157525 -0.039088 0.986708 0.080389 0.127487 0.515429 0.843574 -0.071787 0.249029 -0.075350 0.962888 -0.071762 0.249027 -0.075356 0.962890 -0.008127 0.157525 -0.039088 0.986708 -0.008127 0.157525 -0.039088 0.986708 -0.008127 0.157525 -0.039088 0.986708 -0.008127 0.157525 -0.039088 0.986708 -0.098936 -0.054310 -0.564039 0.817999 -0.378710 -0.401269 0.017637 0.833817 -0.378688 -0.401268 0.017648 0.833827
-0.001311 0.778369 -0.001380 0.003810 0.159639 -0.043031 0.986230 -0.117022 0.157219 -0.023444 0.980326 0.205415 0.558487 0.125787 0.793773 0.106322 -0.721681 0.139006 -0.669738 0.106322 -0.721681 0.139006 -0.669738 0.106322 -0.721681 0.139006 -0.669738 -0.122289 0.331502 -0.009619 0.935446 0.205842 0.275359 0.000125 0.939045 -0.121542 0.382660 -0.073842 0.912878 -0.121542 0.382660 -0.073842 0.912878 -0.121542 0.382660 -0.073842 0.912878 0.003810 0.159639 -0.043031 0.986230 0.003810 0.159639 -0.043031 0.986230 0.003810 0.159639 -0.043031 0.986230 0.003810 0.159639 -0.043031 0.986230 0.091728 0.111287 0.516542 0.844029 -0.054492 0.240091 -0.094006 0.964650 -0.054467 0.240089 -0.094012 0.964651 0.003810 0.159639 -0.043031 0.986230 0.003810 0.159639 -0.043031 0.986230 0.003810 0.159639 -0.043031 0.986230 0.003810 0.159639 -0.043031 0.986230 -0.091213 -0.062541 -0.566139 0.816857 -0.387058 -0.426034 0.006261 0.817705 -0.387037 -0.426034 0.006272 0.817715
-0.001335 0.776268 -0.001389 0.006281 0.156929 -0.045675 0.986533 -0.131496 0.151872 -0.014872 0.979501 0.203077 0.554525 0.131731 0.796184 0.095256 -0.719555 0.142734 -0.672899 0.095256 -0.719555 0.142734 -0.672899 0.095256 -0.719555 0.142734 -0.672899 -0.160028 0.329482 -0.020039 0.930286 0.198020 0.273758 0.003471 0.941187 -0.127214 0.382889 -0.070460 0.912276 -0.127214 0.382889 -0.070460 0.912276 -0.127214 0.382889 -0.070460 0.912276 0.006281 0.156929 -0.045675 0.986533 0.006281 0.156929 -0.045675 0.986533 0.006281 0.156929 -0.045675 0.986533 0.006281 0.156929 -0.045675 0.986533 0.092266 0.100203 0.517045 0.845051 -0.039238 0.213521 -0.121049 0.968616 -0.039213 0.213518 -0.121055 0.968617 0.006281 0.156929 -0.045675 0.986533 0.006281 0.156929 -0.045675 0.986533 0.006281 0.156929 -0.045675 0.986533 0.006281 0.156929 -0.045675 0.986533 -0.086005 -0.057296 -0.556980 0.824071 -0.380053 -0.434594 0.016069 0.816351 -0.380032 -0.434594 0.016080 0.816361
-0.001346 0.775545 -0.001372 0.007208 0.157499 -0.045720 0.986434 -0.139624 0.156970 -0.016260 0.977549 0.207285 0.553889 0.116868 0.797861 0.057831 -0.733808 0.158943 -0.657966 0.057831 -0.733808 0.158943 -0.657966 0.057831 -0.733808 0.158943 -0.657966 -0.174755 0.326657 -0.012886 0.928757 0.192076 0.282570 0.016895 0.939668 -0.138875 0.392339 -0.049766 0.907914 -0.138875 0.392339 -0.049766 0.907914 -0.138875 0.392339 -0.049766 0.907914 0.007208 0.157499 -0.045720 0.986434 0.007208 0.157499 -0.045720 0.986434 0.007208 0.157499 -0.045720 0.986434 0.007208 0.157499 -0.045720 0.986434 0.093028 0.102710 0.514085 0.846471 -0.038624 0.210097 -0.142144 0.966521 -0.038599 0.210094 -0.142150 0.966522 0.007208 0.157499 -0.045720 0.986434 0.007208 0.157499 -0.045720 0.986434 0.007208 0.157499 -0.045720 0.986434 0.007208 0.157499 -0.045720 0.986434 -0.084857 -0.048122 -0.555296 0.825912 -0.378831 -0.437444 0.016172 0.815395 -0.378810 -0.437443 0.016184 0.815405
-0.001345 0.777377 -0.001363 0.006504 0.147946 -0.044664 0.987965 -0.146205 0.133696 -0.012548 0.980098 0.198869 0.532397 0.127761 0.812823 0.041920 -0.719216 0.160132 -0.674781 0.041920 -0.719216 0.160132 -0.674781 0.041920 -0.719216 0.160132 -0.674781 -0.175842 0.305590 -0.014085 0.935679 0.188077 0.258748 0.017039 0.947305 -0.143941 0.365543 -0.060409 0.917611 -0.143941 0.365543 -0.060409 0.917611 -0.143941 0.365543 -0.060409 0.917611 0.006504 0.147946 -0.044663 0.987965 0.006504 0.147946 -0.044663 0.987965 0.006504 0.147946 -0.044663 0.987965 0.006504 0.147946 -0.044663 0.987965 0.088020 0.142711 0.507547 0.845152 -0.093859 0.271328 -0.172069 0.942318 -0.093835 0.271324 -0.172077 0.942321 0.006504 0.147946 -0.044663 0.987965 0.006504 0.147946 -0.044663 0.987965 0.006504 0.147946 -0.044663 0.987965 0.006504 0.147946 -0.044663 0.987965 -0.082918 -0.087224 -0.563319 0.817428 -0.407379 -0.481423 -0.028633 0.775535 -0.407359 -0.481424 -0.028620 0.775545
-0.001291 0.788778 -0.001339 0.029045 0.105469 -0.038668 0.993246 -0.129279 0.095816 -0.024842 0.986656 0.181163 0.494400 0.114246 0.842435 -0.041656 0.679572 -0.190991 0.707085 -0.041656 0.679572 -0.190991 0.707085 -0.041656 0.679572 -0.190991 0.707085 -0.145400 0.262798 -0.023169 0.953551 0.186521 0.212831 0.020348 0.958905 -0.169511 0.318981 -0.066247 0.930123 -0.169511 0.318981 -0.066247 0.930123 -0.169511 0.318981 -0.066247 0.930123 0.029045 0.105469 -0.038667 0.993246 0.029045 0.105469 -0.038667 0.993246 0.029045 0.105469 -0.038667 0.993246 0.029045 0.105469 -0.038668 0.993246 0.085654 0.242429 0.488070 0.834074 -0.224917 0.448338 -0.170846 0.848066 -0.224895 0.448334 -0.170857 0.848072 0.029045 0.105469 -0.038667 0.993246 0.029045 0.105469 -0.038667 0.993246 0.029045 0.105469 -0.038667 0.993246 0.029045 0.105469 -0.038668 0.993246 -0.047573 -0.226110 -0.580203 0.781009 -0.451195 -0.599196 -0.116060 0.651089 -0.451178 -0.599199 -0.116044 0.651101
-0.001222 0.807137 -0.001335 0.029752 0.093141 -0.031319 0.994715 -0.098517 0.063468 -0.018370 0.992939 0.170894 0.446991 0.100171 0.872330 -0.021260 0.619868 -0.243689 0.745605 -0.021260 0.619868 -0.243689 0.745605 -0.021260 0.619868 -0.243689 0.745605 -0.115717 0.228843 -0.038403 0.965798 0.175972 0.158999 0.016372 0.971332 -0.183834 0.256208 -0.097612 0.943946 -0.183834 0.256208 -0.097612 0.943946 -0.183834 0.256208 -0.097612 0.943946 0.029752 0.093141 -0.031319 0.994715 0.029752 0.093141 -0.031319 0.994715 0.029752 0.093141 -0.031319 0.994715 0.029752 0.093141 -0.031319 0.994715 0.078212 0.311175 0.467540 0.823687 -0.326141 0.582412 -0.170414 0.724836 -0.326123 0.582408 -0.170429 0.724844 0.029752 0.093141 -0.031319 0.994715 0.029752 0.093141 -0.031319 0.994715 0.029752 0.093141 -0.031319 0.994715 0.029752 0.093141 -0.031319 0.994715 -0.044843 -0.312052 -0.606995 0.729499 -0.490622 -0.659686 -0.212167 0.528290 -0.490608 -0.659691 -0.212149 0.528303
-0.001124 0.821526 -0.001231 -0.030611 0.097214 -0.020265 0.994586 -0.096770 0.057610 -0.016003 0.993509 0.161715 0.432534 0.090602 0.882357 -0.024793 0.592790 -0.269741 0.758436 -0.024793 0.592790 -0.269741 0.758436 -0.024793 0.592790 -0.269741 0.758436 -0.109507 0.209039 -0.048903 0.970525 0.142918 0.118313 0.011783 0.982567 -0.220646 0.197896 -0.128111 0.946436 -0.220646 0.197896 -0.128111 0.946436 -0.220646 0.197896 -0.128111 0.946436 -0.030611 0.097214 -0.020264 0.994586 -0.030611 0.097214 -0.020264 0.994586 -0.030611 0.097214 -0.020264 0.994586 -0.030611 0.097214 -0.020264 0.994586 0.024219 0.387366 0.424599 0.817971 0.454482 -0.748191 0.167929 -0.453273 0.454470 -0.748187 0.167949 -0.453285 -0.030611 0.097214 -0.020264 0.994586 -0.030611 0.097214 -0.020264 0.994586 -0.030611 0.097214 -0.020264 0.994586 -0.030611 0.097214 -0.020264 0.994586 -0.086943 -0.370902 -0.587342 0.714074 -0.539857 -0.760536 -0.230119 0.277821 -0.539850 -0.760542 -0.230099 0.277835
-0.001054 0.832028 -0.001094 -0.058855 0.104051 -0.003593 0.992823 -0.094096 0.060645 -0.009730 0.993667 0.144901 0.432504 0.075466 0.886707 -0.020655 0.587059 -0.292191 0.754692 -0.020655 0.587059 -0.292191 0.754692 -0.020655 0.587059 -0.292191 0.754692 -0.089632 0.196516 -0.064559 0.974258 0.125957 0.097801 0.009592 0.987157 -0.220049 0.177676 -0.140406 0.948839 -0.220049 0.177676 -0.140406 0.948839 -0.220049 0.177676 -0.140406 0.948839 -0.058855 0.104051 -0.003593 0.992823 -0.058855 0.104051 -0.003593 0.992823 -0.058855 0.104051 -0.003593 0.992823 -0.058855 0.104051 -0.003593 0.992823 0.003319 0.464848 0.447687 0.763859 0.504394 -0.843652 0.017644 -0.183103 0.504389 -0.843652 0.017666 -0.183116 -0.058855 0.104051 -0.003593 0.992823 -0.058855 0.104051 -0.003593 0.992823 -0.058855 0.104051 -0.003593 0.992823 -0.058855 0.104051 -0.003593 0.992823 -0.107542 -0.365178 -0.631367 0.675615 -0.575493 -0.767910 -0.277130 0.048173 -0.575492 -0.767917 -0.277110 0.048188
-0.000995 0.839705 -0.000940 -0.069804 0.093321 0.008275 0.993152 -0.097957 0.050660 -0.012367 0.993823 0.104045 0.427726 0.055874 0.896160 -0.040805 0.571237 -0.318426 0.755399 -0.040805 0.571237 -0.318426 0.755399 -0.040805 0.571237 -0.318426 0.755399 -0.090754 0.176916 -0.073024 0.977308 0.095939 0.081236 0.010925 0.992007 -0.227439 0.164229 -0.145720 0.948718 -0.227439 0.164229 -0.145720 0.948718 -0.227439 0.164229 -0.145720 0.948718 -0.069804 0.093321 0.008276 0.993152 -0.069804 0.093321 0.008276 0.993152 -0.069804 0.093321 0.008276 0.993152 -0.069804 0.093321 0.008276 0.993152 -0.010086 0.490005 0.480238 0.727437 0.475742 -0.867571 -0.144286 -0.013127 0.475742 -0.867574 -0.144263 -0.013139 -0.069804 0.093321 0.008276 0.993152 -0.069804 0.093321 0.008276 0.993152 -0.069804 0.093321 0.008276 0.993152 -0.069804 0.093321 0.008276 0.993152 -0.106937 -0.323010 -0.684210 0.645048 -0.552760 -0.724137 -0.405934 -0.072795 -0.552762 -0.724148 -0.405915 -0.072781
-0.000938 0.849168 -0.000841 -0.069462 0.093069 0.015538 0.993112 -0.095181 0.055424 -0.013865 0.993819 0.081995 0.441354 0.046402 0.892373 -0.066878 0.580594 -0.322385 0.744651 -0.066878 0.580594 -0.322385 0.744651 -0.066878 0.580594 -0.322385 0.744651 -0.083419 0.176004 -0.077912 0.977749 0.087474 0.083326 0.008285 0.992641 -0.235692 0.169344 -0.146152 0.945733 -0.235692 0.169344 -0.146152 0.945733 -0.235692 0.169344 -0.146152 0.945733 -0.069462 0.093069 0.015539 0.993112 -0.069462 0.093069 0.015539 0.993112 -0.069462 0.093069 0.015539 0.993112 -0.069462 0.093069 0.015539 0.993112 -0.007239 0.454681 0.531853 0.714384 0.443036 -0.845631 -0.292160 0.057176 0.443038 -0.845639 -0.292138 0.057165 -0.069462 0.093069 0.015539 0.993112 -0.069462 0.093069 0.015539 0.993112 -0.069462 0.093069 0.015539 0.993112 -0.069462 0.093069 0.015539 0.993112 -0.105278 -0.306015 -0.696505 0.640431 -0.555768 -0.707772 -0.366496 -0.236351 -0.555774 -0.707781 -0.366478 -0.236336
-0.000920 0.852696 -0.000791 -0.052809 0.043827 0.026437 0.997292 -0.088143 0.033976 -0.015614 0.995406 0.075961 0.444580 0.040533 0.891592 -0.065943 0.605979 -0.303048 0.732532 -0.065943 0.605979 -0.303048 0.732532 -0.065943 0.605979 -0.303048 0.732532 -0.070493 0.140141 -0.082037 0.984206 0.100909 0.055746 0.007267 0.993306 -0.213269 0.155951 -0.149602 0.952793 -0.213269 0.155951 -0.149602 0.952793 -0.213269 0.155951 -0.149602 0.952793 -0.052809 0.043827 0.026437 0.997292 -0.052809 0.043827 0.026437 0.997292 -0.052809 0.043827 0.026437 0.997292 -0.052809 0.043827 0.026437 0.997292 -0.022959 0.329237 0.576674 0.747344 0.505668 -0.809897 -0.278070 -0.105090 0.505665 -0.809904 -0.278049 -0.105104 -0.052809 0.043827 0.026437 0.997292 -0.052809 0.043827 0.026437 0.997292 -0.052809 0.043827 0.026437 0.997292 -0.052809 0.043827 0.026437 0.997292 -0.054404 -0.352549 -0.684244 0.636050 -0.467845 -0.691642 -0.449300 -0.317619 -0.467853 -0.691654 -0.449282 -0.317607
-0.000942 0.852750 -0.000886 -0.041628 0.026973 0.030385 0.998307 -0.074522 0.040694 -0.011288 0.996325 0.093593 0.451214 0.052992 0.885911 -0.086964 0.603839 -0.287663 0.738286 -0.086964 0.603839 -0.287663 0.738286 -0.086964 0.603839 -0.287663 0.738286 -0.062461 0.131392 -0.084302 0.985763 0.123972 0.050480 0.009453 0.990956 -0.205184 0.154433 -0.144233 0.955640 -0.205183 0.154433 -0.144233 0.955640 -0.205183 0.154433 -0.144233 0.955640 -0.041628 0.026973 0.030386 0.998307 -0.041628 0.026973 0.030386 0.998307 -0.041628 0.026973 0.030386 0.998307 -0.041628 0.026973 0.030386 0.998307 -0.024120 0.204880 0.567867 0.796850 0.491264 -0.722235 -0.145815 -0.464515 0.491252 -0.722239 -0.145796 -0.464528 -0.041628 0.026973 0.030386 0.998307 -0.041628 0.026973 0.030386 0.998307 -0.041628 0.026973 0.030386 0.998307 -0.041628 0.026973 0.030386 0.998307 -0.038212 -0.250397 -0.746170 0.615688 -0.584926 -0.641110 -0.487134 0.097677 -0.584923 -0.641122 -0.487117 0.097692
-0.001028 0.848070 -0.000986 -0.037350 0.026054 0.031883 0.998454 -0.062045 0.063380 -0.006745 0.996036 0.121001 0.461282 0.074523 0.875799 -0.106108 0.594413 -0.271614 0.749427 -0.106108 0.594413 -0.271614 0.749427 -0.106108 0.594413 -0.271614 0.749427 -0.058483 0.130502 -0.084248 0.986129 0.145602 0.044457 0.018921 0.988163 -0.210275 0.148261 -0.133326 0.957093 -0.210275 0.148261 -0.133326 0.957093 -0.210275 0.148261 -0.133326 0.957093 -0.037350 0.026054 0.031884 0.998454 -0.037350 0.026054 0.031884 0.998454 -0.037350 0.026054 0.031884 0.998454 -0.037350 0.026054 0.031883 0.998454 -0.024033 0.150680 0.492073 0.857078 -0.368023 0.600665 -0.018590 0.709517 -0.368005 0.600665 -0.018605 0.709527 -0.037350 0.026054 0.031884 0.998454 -0.037350 0.026054 0.031884 0.998454 -0.037350 0.026054 0.031884 0.998454 -0.037350 0.026054 0.031883 0.998454 -0.037647 -0.207767 -0.648310 0.731512 -0.519656 -0.643123 -0.266870 0.495107 -0.519644 -0.643130 -0.266853 0.495121
-0.001109 0.842780 -0.001054 -0.046171 0.058966 0.029838 0.996745 -0.066519 0.073408 -0.009678 0.995034 0.129936 0.472831 0.084686 0.867396 -0.138133 0.596984 -0.253626 0.748467 -0.138133 0.596984 -0.253626 0.748467 -0.138133 0.596984 -0.253626 0.748467 -0.061130 0.143899 -0.083226 0.984190 0.153719 0.045222 0.032725 0.986537 -0.213275 0.131514 -0.126302 0.959826 -0.213275 0.131514 -0.126302 0.959826 -0.213275 0.131514 -0.126302 0.959826 -0.046171 0.058966 0.029839 0.996745 -0.046171 0.058966 0.029839 0.996745 -0.046171 0.058966 0.029839 0.996745 -0.046171 0.058966 0.029839 0.996745 -0.019060 0.134951 0.440794 0.887201 -0.285521 0.508488 -0.102370 0.805877 -0.285500 0.508486 -0.102383 0.805885 -0.046171 0.058966 0.029839 0.996745 -0.046171 0.058966 0.029839 0.996745 -0.046171 0.058966 0.029839 0.996745 -0.046171 0.058966 0.029839 0.996745 -0.066176 -0.153921 -0.562608 0.809569 -0.435635 -0.572728 -0.097723 0.687499 -0.435617 -0.572731 -0.097708 0.687510
-0.001198 0.838211 -0.001097 -0.047007 0.072803 0.026630 0.995882 -0.064366 0.078851 -0.004557 0.994796 0.139100 0.473020 0.097604 0.864510 -0.154317 0.587454 -0.240201 0.757223 -0.154317 0.587454 -0.240201 0.757223 -0.154317 0.587454 -0.240201 0.757223 -0.059144 0.147534 -0.074819 0.984448 0.159331 0.039789 0.043016 0.985485 -0.211348 0.114291 -0.122924 0.962891 -0.211348 0.114291 -0.122924 0.962891 -0.211348 0.114291 -0.122924 0.962891 -0.047007 0.072803 0.026631 0.995882 -0.047007 0.072803 0.026631 0.995882 -0.047007 0.072803 0.026631 0.995882 -0.047007 0.072803 0.026631 0.995882 -0.015783 0.140098 0.415537 0.898583 -0.251285 0.468912 -0.126595 0.837228 -0.251263 0.468909 -0.126607 0.837235 -0.047007 0.072803 0.026631 0.995882 -0.047007 0.072803 0.026631 0.995882 -0.047007 0.072803 0.026631 0.995882 -0.047007 0.072803 0.026631 0.995882 -0.073554 -0.141138 -0.513247 0.843355 -0.386376 -0.534799 -0.027410 0.750967 -0.386357 -0.534800 -0.027396 0.750977
-0.001287 0.835592 -0.001139 -0.037022 0.081255 0.023176 0.995736 -0.061522 0.080097 -0.007061 0.994862 0.152456 0.467559 0.103493 0.864543 -0.154322 0.576964 -0.237711 0.766023 -0.154322 0.576964 -0.237711 0.766023 -0.154322 0.576964 -0.237711 0.766023 -0.061403 0.154329 -0.058691 0.984362 0.162550 0.041222 0.043003 0.984900 -0.202168 0.109951 -0.126306 0.964928 -0.202168 0.109951 -0.126306 0.964928 -0.202168 0.109951 -0.126306 0.964928 -0.037022 0.081255 0.023177 0.995736 -0.037022 0.081255 0.023177 0.995736 -0.037022 0.081255 0.023177 0.995736 -0.037022 0.081255 0.023177 0.995736 -0.003291 0.148926 0.411775 0.899028 -0.237347 0.468378 -0.119130 0.842672 -0.237325 0.468375 -0.119143 0.842678 -0.037022 0.081255 0.023177 0.995736 -0.037022 0.081255 0.023177 0.995736 -0.037022 0.081255 0.023177 0.995736 -0.037022 0.081255 0.023177 0.995736 -0.068698 -0.142142 -0.492420 0.855920 -0.365778 -0.534358 -0.016803 0.761830 -0.365759 -0.534359 -0.016789 0.761840
-0.001356 0.834652 -0.001177 -0.032693 0.084591 0.019893 0.995681 -0.065923 0.086275 -0.006768 0.994065 0.155229 0.479746 0.102006 0.857521 -0.170128 0.586559 -0.229881 0.757733 -0.170128 0.586559 -0.229881 0.757733 -0.170128 0.586559 -0.229881 0.757733 -0.062952 0.160477 -0.044405 0.984029 0.170558 0.050208 0.040329 0.983241 -0.180417 0.116166 -0.128343 0.968237 -0.180417 0.116166 -0.128343 0.968237 -0.180417 0.116166 -0.128343 0.968237 -0.032693 0.084591 0.019893 0.995681 -0.032693 0.084591 0.019893 0.995681 -0.032693 0.084591 0.019893 0.995681 -0.032693 0.084591 0.019893 0.995681 0.002489 0.155954 0.412792 0.897371 -0.238900 0.480442 -0.116313 0.835807 -0.238878 0.480439 -0.116326 0.835813 -0.032693 0.084591 0.019893 0.995681 -0.032693 0.084591 0.019893 0.995681 -0.032693 0.084591 0.019893 0.995681 -0.032693 0.084591 0.019893 0.995681 -0.066800 -0.148316 -0.490205 0.856294 -0.364384 -0.538600 -0.018452 0.759469 -0.364365 -0.538600 -0.018438 0.759479
-0.001395 0.834523 -0.001221 -0.034126 0.094803 0.014782 0.994801 -0.071541 0.103369 -0.006535 0.992045 0.163648 0.499892 0.100570 0.844519 -0.171141 0.610738 -0.217941 0.741763 -0.171141 0.610738 -0.217941 0.741763 -0.171141 0.610738 -0.217941 0.741763 -0.060965 0.172695 -0.035474 0.982447 0.189240 0.059697 0.046708 0.979001 -0.146417 0.126258 -0.119577 0.973818 -0.146417 0.126258 -0.119577 0.973818 -0.146417 0.126258 -0.119577 0.973818 -0.034126 0.094803 0.014782 0.994801 -0.034126 0.094803 0.014782 0.994801 -0.034126 0.094803 0.014782 0.994801 -0.034126 0.094803 0.014782 0.994801 0.006507 0.166776 0.416052 0.893893 -0.251829 0.505103 -0.121551 0.816504 -0.251808 0.505100 -0.121564 0.816510 -0.034126 0.094803 0.014782 0.994801 -0.034126 0.094803 0.014782 0.994801 -0.034126 0.094803 0.014782 0.994801 -0.034126 0.094803 0.014782 0.994801 -0.074904 -0.129456 -0.498899 0.853657 -0.367575 -0.514349 -0.006643 0.774784 -0.367555 -0.514349 -0.006630 0.774793
-0.001420 0.834929 -0.001211 -0.038833 0.117213 0.002694 0.992344 -0.076803 0.120099 -0.008827 0.989747 0.168667 0.510061 0.100795 0.837395 -0.167586 0.620925 -0.214618 0.735055 -0.167586 0.620925 -0.214618 0.735055 -0.167586 0.620925 -0.214618 0.735055 -0.067450 0.183800 -0.028181 0.980242 0.198568 0.068049 0.056686 0.976077 -0.116601 0.129638 -0.109324 0.978594 -0.116601 0.129638 -0.109324 0.978594 -0.116601 0.129638 -0.109324 0.978594 -0.038833 0.117213 0.002695 0.992344 -0.038833 0.117213 0.002695 0.992344 -0.038833 0.117213 0.002695 0.992344 -0.038833 0.117213 0.002695 0.992344 0.015082 0.182327 0.425500 0.886273 -0.262725 0.523360 -0.121994 0.801366 -0.262704 0.523357 -0.122007 0.801372 -0.038833 0.117213 0.002695 0.992344 -0.038833 0.117213 0.002695 0.992344 -0.038833 0.117213 0.002695 0.992344 -0.038833 0.117213 0.002695 0.992344 -0.092970 -0.070145 -0.505471 0.854948 -0.357396 -0.449328 0.033886 0.818061 -0.357375 -0.449328 0.033898 0.818070
-0.001433 0.831500 -0.001208 -0.033436 0.140390 -0.011782 0.989461 -0.075905 0.132975 -0.004712 0.988197 0.181147 0.514826 0.112671 0.830328 -0.150562 0.632914 -0.196204 0.733659 -0.150562 0.632914 -0.196204 0.733659 -0.150562 0.632914 -0.196204 0.733659 -0.062600 0.193992 -0.026131 0.978655 0.206839 0.064121 0.067514 0.973934 -0.094553 0.120060 -0.102758 0.982897 -0.094553 0.120060 -0.102758 0.982897 -0.094553 0.120060 -0.102758 0.982897 -0.033436 0.140390 -0.011782 0.989461 -0.033436 0.140390 -0.011782 0.989461 -0.033436 0.140390 -0.011782 0.989461 -0.033436 0.140390 -0.011782 0.989461 0.036068 0.216917 0.442997 0.869138 -0.277431 0.551084 -0.115592 0.778445 -0.277411 0.551081 -0.115606 0.778452 -0.033436 0.140390 -0.011782 0.989461 -0.033436 0.140390 -0.011782 0.989461 -0.033436 0.140390 -0.011782 0.989461 -0.033436 0.140390 -0.011782 0.989461 -0.104703 -0.049644 -0.534360 0.837276 -0.364773 -0.408627 -0.010668 0.836571 -0.364751 -0.408627 -0.010657 0.836581
-0.001444 0.823858 -0.001215 -0.027907 0.156823 -0.024054 0.986939 -0.074527 0.138991 -0.010632 0.987428 0.189741 0.505520 0.117597 0.833438 -0.111090 0.633003 -0.205439 0.738079 -0.111090 0.633003 -0.205439 0.738079 -0.111090 0.633003 -0.205439 0.738079 -0.065394 0.206732 -0.027624 0.975819 0.204106 0.073845 0.070315 0.973624 -0.096408 0.127840 -0.097472 0.982274 -0.096408 0.127840 -0.097472 0.982274 -0.096408 0.127840 -0.097472 0.982274 -0.027907 0.156823 -0.024054 0.986939 -0.027907 0.156823 -0.024054 0.986939 -0.027907 0.156823 -0.024054 0.986939 -0.027907 0.156823 -0.024054 0.986939 0.062896 0.299506 0.494641 0.813432 -0.361883 0.625252 -0.094080 0.685018 -0.361866 0.625250 -0.094096 0.685027 -0.027907 0.156823 -0.024054 0.986939 -0.027907 0.156823 -0.024054 0.986939 -0.027907 0.156823 -0.024054 0.986939 -0.027907 0.156823 -0.024054 0.986939 -0.114371 -0.040739 -0.568762 0.813492 -0.372718 -0.370019 -0.096833 0.845453 -0.372696 -0.370022 -0.096824 0.845462
-0.001455 0.812547 -0.001210 -0.023049 0.165935 -0.031773 0.985355 -0.076621 0.134593 -0.028616 0.987520 0.192282 0.502308 0.123452 0.833951 -0.066093 0.652885 -0.199147 0.727814 -0.066093 0.652885 -0.199147 0.727814 -0.066093 0.652885 -0.199147 0.727814 -0.068048 0.217070 -0.029509 0.973334 0.202400 0.086144 0.069927 0.972997 -0.103328 0.140613 -0.093061 0.980250 -0.103328 0.140613 -0.093061 0.980250 -0.103328 0.140613 -0.093061 0.980250 -0.023049 0.165935 -0.031773 0.985355 -0.023049 0.165935 -0.031773 0.985355 -0.023049 0.165935 -0.031773 0.985355 -0.023049 0.165935 -0.031773 0.985355 0.082450 0.344482 0.530606 0.770059 0.422948 -0.657958 0.079905 -0.617917 0.422932 -0.657956 0.079922 -0.617928 -0.023049 0.165935 -0.031773 0.985355 -0.023049 0.165935 -0.031773 0.985355 -0.023049 0.165935 -0.031773 0.985355 -0.023049 0.165935 -0.031773 0.985355 -0.119959 -0.030047 -0.596427 0.793084 -0.360811 -0.317558 -0.194075 0.855165 -0.360789 -0.317563 -0.194066 0.855174
-0.001456 0.801318 -0.001201 -0.018101 0.154862 -0.037302 0.987066 -0.079911 0.117178 -0.052802 0.988481 0.207739 0.462011 0.118346 0.854040 0.006010 0.643745 -0.197896 0.739184 0.006010 0.643745 -0.197896 0.739184 0.006010 0.643745 -0.197896 0.739184 -0.070780 0.215040 -0.036824 0.973341 0.200427 0.094963 0.076546 0.972086 -0.101307 0.157596 -0.075288 0.979404 -0.101307 0.157596 -0.075288 0.979404 -0.101307 0.157596 -0.075288 0.979404 -0.018101 0.154862 -0.037302 0.987066 -0.018101 0.154862 -0.037302 0.987066 -0.018101 0.154862 -0.037302 0.987066 -0.018101 0.154862 -0.037302 0.987066 0.081832 0.345947 0.528376 0.771001 0.449755 -0.663820 0.126620 -0.583978 0.449740 -0.663817 0.126638 -0.583990 -0.018101 0.154862 -0.037302 0.987066 -0.018101 0.154862 -0.037302 0.987066 -0.018101 0.154862 -0.037302 0.987066 -0.018101 0.154862 -0.037302 0.987066 -0.112643 -0.027230 -0.620785 0.775368 -0.331882 -0.272195 -0.291518 0.854857 -0.331860 -0.272203 -0.291511 0.854866
-0.001443 0.797350 -0.001145 -0.015137 0.148802 -0.037979 0.988021 -0.082281 0.109500 -0.037244 0.989875 0.197151 0.457404 0.131328 0.857126 0.038662 0.650076 -0.190152 0.734676 0.038662 0.650076 -0.190152 0.734676 0.038662 0.650076 -0.190152 0.734676 -0.055689 0.208114 -0.054942 0.974971 0.197449 0.090641 0.071606 0.973484 -0.110788 0.161353 -0.075746 0.977729 -0.110788 0.161353 -0.075746 0.977729 -0.110788 0.161353 -0.075746 0.977729 -0.015137 0.148802 -0.037978 0.988021 -0.015137 0.148802 -0.037978 0.988021 -0.015137 0.148802 -0.037978 0.988021 -0.015137 0.148802 -0.037979 0.988021 0.076006 0.354187 0.494633 0.790008 0.449221 -0.670563 0.185773 -0.560387 0.449206 -0.670559 0.185791 -0.560399 -0.015137 0.148802 -0.037978 0.988021 -0.015137 0.148802 -0.037978 0.988021 -0.015137 0.148802 -0.037978 0.988021 -0.015137 0.148802 -0.037979 0.988021 -0.109016 -0.009470 -0.644449 0.756777 -0.280192 -0.190329 -0.394479 0.854198 -0.280170 -0.190339 -0.394474 0.854205
-0.001420 0.810551 -0.001091 -0.012738 0.152365 -0.034486 0.987640 -0.084381 0.096983 -0.040472 0.990876 0.167920 0.436333 0.108968 0.877236 0.031961 0.613174 -0.236386 0.753073 0.031961 0.613174 -0.236386 0.753073 0.031961 0.613174 -0.236386 0.753073 -0.041071 0.194949 -0.075064 0.977074 0.186701 0.059425 0.054042 0.979128 -0.111045 0.128553 -0.108033 0.979526 -0.111045 0.128553 -0.108033 0.979526 -0.111045 0.128553 -0.108033 0.979526 -0.012738 0.152365 -0.034486 0.987640 -0.012738 0.152365 -0.034486 0.987640 -0.012738 0.152365 -0.034486 0.987640 -0.012738 0.152365 -0.034486 0.987640 0.064408 0.382064 0.400440 0.830377 0.410498 -0.676391 0.275306 -0.546070 0.410484 -0.676384 0.275324 -0.546081 -0.012738 0.152365 -0.034486 0.987640 -0.012738 0.152365 -0.034486 0.987640 -0.012738 0.152365 -0.034486 0.987640 -0.012738 0.152365 -0.034486 0.987640 -0.111645 0.023296 -0.667438 0.735880 -0.229309 -0.096531 -0.498727 0.830283 -0.229287 -0.096544 -0.498724 0.830289
-0.001392 0.828445 -0.000884 0.000320 0.180922 -0.027481 0.983113 -0.085947 0.113493 -0.040338 0.988992 0.143801 0.442723 0.092273 0.880229 0.010309 0.600701 -0.267575 0.753297 0.010309 0.600701 -0.267575 0.753297 0.010309 0.600701 -0.267575 0.753297 -0.028082 0.201996 -0.076309 0.976005 0.154395 0.056587 0.047023 0.985266 -0.128332 0.118844 -0.120335 0.977204 -0.128332 0.118844 -0.120335 0.977204 -0.128332 0.118844 -0.120335 0.977204 0.000320 0.180922 -0.027481 0.983113 0.000320 0.180922 -0.027481 0.983113 0.000320 0.180922 -0.027481 0.983113 0.000320 0.180922 -0.027481 0.983113 0.054194 0.479142 0.220203 0.847937 0.316446 -0.686916 0.309514 -0.576376 0.316431 -0.686908 0.309532 -0.576385 0.000320 0.180922 -0.027481 0.983113 0.000320 0.180922 -0.027481 0.983113 0.000320 0.180922 -0.027481 0.983113 0.000320 0.180922 -0.027481 0.983113 -0.124601 0.051740 -0.686196 0.714795 -0.209055 -0.031474 -0.584899 0.783070 -0.209035 -0.031489 -0.584898 0.783076
-0.001374 0.831015 -0.000686 0.007971 0.211629 -0.016625 0.977176 -0.130196 0.146696 -0.039548 0.979778 0.174862 0.476424 0.111677 0.854384 0.020547 0.644617 -0.232321 0.728062 0.020547 0.644617 -0.232321 0.728062 0.020547 0.644617 -0.232321 0.728062 -0.024446 0.212120 -0.073966 0.974134 0.109587 0.062337 0.043544 0.991064 -0.160044 0.115454 -0.126439 0.972147 -0.160044 0.115454 -0.126439 0.972147 -0.160044 0.115454 -0.126439 0.972147 0.007971 0.211629 -0.016625 0.977176 0.007971 0.211629 -0.016625 0.977176 0.007971 0.211629 -0.016625 0.977176 0.007971 0.211629 -0.016625 0.977176 0.012915 0.507031 -0.012654 0.861738 0.240773 -0.628705 0.440040 -0.594241 0.240758 -0.628693 0.440057 -0.594248 0.007971 0.211629 -0.016625 0.977176 0.007971 0.211629 -0.016625 0.977176 0.007971 0.211629 -0.016625 0.977176 0.007971 0.211629 -0.016625 0.977176 -0.146140 0.080445 -0.706993 0.687265 -0.204816 0.026381 -0.644898 0.735840 -0.204797 0.026364 -0.644899 0.735845
-0.001363 0.826465 -0.000577 0.005267 0.219246 -0.009131 0.975613 -0.134628 0.169776 -0.029587 0.975795 0.403197 0.479178 0.218819 0.748291 -0.299289 -0.774026 0.008133 -0.557893 -0.299289 -0.774026 0.008133 -0.557893 -0.299289 -0.774026 0.008133 -0.557893 -0.029468 0.204759 -0.064374 0.976249 0.090503 0.049856 0.054279 0.993165 -0.143575 0.099296 -0.119749 0.977337 -0.143575 0.099296 -0.119749 0.977337 -0.143575 0.099296 -0.119749 0.977337 0.005267 0.219246 -0.009130 0.975613 0.005267 0.219246 -0.009130 0.975613 0.005267 0.219246 -0.009130 0.975613 0.005267 0.219246 -0.009130 0.975613 -0.046781 0.435569 -0.247069 0.864320 -0.231130 0.438143 -0.644634 0.582285 -0.231115 0.438126 -0.644645 0.582291 0.005267 0.219246 -0.009130 0.975613 0.005267 0.219246 -0.009130 0.975613 0.005267 0.219246 -0.009130 0.975613 0.005267 0.219246 -0.009130 0.975613 -0.155873 0.092760 -0.713726 0.676531 -0.205833 0.046374 -0.683059 0.699223 -0.205815 0.046356 -0.683060 0.699228
-0.001352 0.819461 -0.000580 0.002628 0.218472 -0.004770 0.975828 -0.172023 0.177621 -0.039972 0.968123 0.491853 0.441549 0.270620 0.699914 -0.414972 -0.773957 -0.083423 -0.470988 -0.414972 -0.773957 -0.083423 -0.470988 -0.414972 -0.773957 -0.083423 -0.470988 -0.046249 0.200170 -0.058067 0.976945 0.083847 0.047163 0.075455 0.992498 -0.132942 0.094009 -0.098193 0.981757 -0.132942 0.094008 -0.098193 0.981757 -0.132942 0.094008 -0.098193 0.981757 0.002628 0.218472 -0.004769 0.975828 0.002628 0.218472 -0.004769 0.975828 0.002628 0.218472 -0.004769 0.975828 0.002628 0.218472 -0.004770 0.975828 -0.083487 0.344329 -0.390639 0.849629 -0.239809 0.240798 -0.717478 0.608057 -0.239793 0.240779 -0.717485 0.608063 0.002628 0.218472 -0.004769 0.975828 0.002628 0.218472 -0.004769 0.975828 0.002628 0.218472 -0.004769 0.975828 0.002628 0.218472 -0.004770 0.975828 -0.157411 0.092036 -0.713239 0.676788 -0.206720 0.044996 -0.697004 0.685147 -0.206703 0.044978 -0.697005 0.685153
-0.001343 0.794892 -0.000690 0.001763 0.221845 -0.001645 0.975079 -0.207135 0.133039 -0.041322 0.968343 0.529293 0.369702 0.363482 0.671602 -0.448382 -0.737481 -0.195221 -0.465794 -0.448382 -0.737481 -0.195221 -0.465794 -0.448382 -0.737481 -0.195221 -0.465794 -0.058878 0.202618 -0.058923 0.975709 0.105420 0.047676 0.088718 0.989314 -0.094108 0.097193 -0.083196 0.987307 -0.094108 0.097193 -0.083196 0.987307 -0.094108 0.097193 -0.083196 0.987307 0.001763 0.221845 -0.001645 0.975079 0.001763 0.221845 -0.001645 0.975079 0.001763 0.221845 -0.001645 0.975079 0.001763 0.221845 -0.001645 0.975079 -0.103695 0.297657 -0.464556 0.827548 -0.250106 0.155127 -0.717533 0.631292 -0.250090 0.155109 -0.717537 0.631298 0.001763 0.221845 -0.001645 0.975079 0.001763 0.221845 -0.001645 0.975079 0.001763 0.221845 -0.001645 0.975079 0.001763 0.221845 -0.001645 0.975079 -0.159725 0.094153 -0.708153 0.681280 -0.209246 0.045579 -0.698444 0.682872 -0.209229 0.045561 -0.698445 0.682878
-0.001327 0.775460 -0.000820 0.003233 0.228242 0.003130 0.973594 -0.276028 0.119758 -0.049570 0.952370 0.498448 0.361861 0.365016 0.698119 -0.410382 -0.722346 -0.138633 -0.539058 -0.410382 -0.722346 -0.138633 -0.539058 -0.410382 -0.722346 -0.138633 -0.539058 -0.063714 0.205752 -0.060760 0.974636 0.133902 0.052369 0.096902 0.984854 -0.019817 0.101816 -0.069986 0.992140 -0.019817 0.101816 -0.069986 0.992140 -0.019817 0.101816 -0.069986 0.992140 0.003233 0.228242 0.003130 0.973594 0.003233 0.228242 0.003130 0.973594 0.003233 0.228242 0.003130 0.973594 0.003233 0.228242 0.003130 0.973594 -0.116642 0.270676 -0.505326 0.811033 -0.252579 0.122874 -0.706083 0.650040 -0.252563 0.122856 -0.706087 0.650046 0.003233 0.228242 0.003130 0.973594 0.003233 0.228242 0.003130 0.973594 0.003233 0.228242 0.003130 0.973594 0.003233 0.228242 0.003130 0.973594 -0.161259 0.088232 -0.696485 0.693628 -0.214627 0.033762 -0.687681 0.692740 -0.214609 0.033744 -0.687682 0.692746
-0.001297 0.762824 -0.000935 0.021082 0.227344 0.013143 0.973498 -0.298909 0.118797 -0.052981 0.945375 0.467039 0.373559 0.346983 0.722448 -0.390840 -0.725180 -0.104793 -0.557115 -0.390840 -0.725180 -0.104793 -0.557115 -0.390840 -0.725180 -0.104793 -0.557115 -0.073092 0.213496 -0.055023 0.972651 0.141872 0.060187 0.092901 0.983676 0.005156 0.107724 -0.076211 0.991242 0.005156 0.107724 -0.076211 0.991242 0.005156 0.107724 -0.076211 0.991242 0.021082 0.227344 0.013143 0.973498 0.021082 0.227344 0.013143 0.973498 0.021082 0.227344 0.013143 0.973498 0.021082 0.227344 0.013143 0.973498 -0.109696 0.267909 -0.528252 0.798212 -0.264381 0.091630 -0.698839 0.658278 -0.264364 0.091611 -0.698842 0.658285 0.021082 0.227344 0.013143 0.973498 0.021082 0.227344 0.013143 0.973498 0.021082 0.227344 0.013143 0.973498 0.021082 0.227344 0.013143 0.973498 -0.146499 0.046652 -0.690189 0.707107 -0.228938 -0.040251 -0.674710 0.700524 -0.228920 -0.040268 -0.674709 0.700530
-0.001275 0.757509 -0.001033 0.021893 0.222146 0.020931 0.974543 -0.294996 0.114353 -0.055666 0.946996 0.444631 0.366112 0.330016 0.747900 -0.377657 -0.706766 -0.044450 -0.596557 -0.377657 -0.706766 -0.044450 -0.596557 -0.377657 -0.706766 -0.044450 -0.596557 -0.087965 0.213297 -0.043467 0.972048 0.130043 0.052104 0.090842 0.985962 -0.023628 0.081327 -0.094006 0.991963 -0.023627 0.081327 -0.094006 0.991963 -0.023627 0.081327 -0.094006 0.991963 0.021893 0.222145 0.020931 0.974543 0.021893 0.222145 0.020931 0.974543 0.021893 0.222145 0.020931 0.974543 0.021893 0.222145 0.020931 0.974543 -0.110303 0.287766 -0.534348 0.787081 -0.260459 0.123727 -0.686133 0.667888 -0.260442 0.123709 -0.686136 0.667895 0.021893 0.222145 0.020931 0.974543 0.021893 0.222145 0.020931 0.974543 0.021893 0.222145 0.020931 0.974543 0.021893 0.222145 0.020931 0.974543 -0.138515 0.020627 -0.676929 0.722603 -0.229753 -0.078154 -0.650399 0.719782 -0.229735 -0.078171 -0.650397 0.719788
-0.001209 0.755594 -0.001123 0.028542 0.216141 0.026291 0.975591 -0.298911 0.106197 -0.052106 0.946921 0.374516 0.384500 0.297517 0.789545 -0.320304 -0.701725 0.004650 -0.636369 -0.320304 -0.701725 0.004650 -0.636369 -0.320304 -0.701725 0.004650 -0.636369 -0.100819 0.189825 -0.039045 0.975847 0.139123 0.021242 0.077542 0.987006 -0.023360 0.046004 -0.124793 0.990840 -0.023360 0.046004 -0.124793 0.990840 -0.023360 0.046004 -0.124793 0.990840 0.028542 0.216141 0.026291 0.975591 0.028542 0.216141 0.026291 0.975591 0.028542 0.216141 0.026291 0.975591 0.028542 0.216141 0.026291 0.975591 -0.105426 0.296290 -0.542671 0.778849 -0.256002 0.133543 -0.676463 0.677516 -0.255984 0.133526 -0.676466 0.677523 0.028542 0.216141 0.026291 0.975591 0.028542 0.216141 0.026291 0.975591 0.028542 0.216141 0.026291 0.975591 0.028542 0.216141 0.026291 0.975591 -0.120696 -0.097846 -0.654408 0.740005 -0.313480 -0.288623 -0.494218 0.757744 -0.313460 -0.288635 -0.494210 0.757752
-0.001141 0.751451 -0.001221 0.014988 0.228094 0.029055 0.973090 -0.312143 0.111714 -0.048131 0.942216 0.235646 0.423812 0.219977 0.846442 0.188594 0.689506 -0.108390 0.690843 0.188594 0.689506 -0.108390 0.690843 0.188594 0.689506 -0.108390 0.690843 -0.114220 0.203262 -0.034096 0.971842 0.143524 0.032206 0.074316 0.986327 -0.042209 0.036232 -0.138015 0.988867 -0.042209 0.036232 -0.138015 0.988867 -0.042209 0.036232 -0.138015 0.988867 0.014988 0.228094 0.029055 0.973090 0.014988 0.228094 0.029055 0.973090 0.014988 0.228094 0.029055 0.973090 0.014988 0.228094 0.029055 0.973090 -0.125163 0.308130 -0.545275 0.769458 -0.279221 0.137211 -0.663816 0.680115 -0.279203 0.137194 -0.663820 0.680123 0.014988 0.228094 0.029055 0.973090 0.014988 0.228094 0.029055 0.973090 0.014988 0.228094 0.029055 0.973090 0.014988 0.228094 0.029055 0.973090 -0.132024 -0.154742 -0.632078 0.747731 -0.397508 -0.390116 -0.324861 0.764370 -0.397488 -0.390125 -0.324851 0.764381
-0.001090 0.758086 -0.001333 -0.019855 0.206625 0.022094 0.977969 -0.306066 0.123904 -0.048682 0.942657 0.153968 0.449320 0.142071 0.868459 0.134076 0.682035 -0.199261 0.690758 0.134076 0.682035 -0.199261 0.690758 0.134076 0.682035 -0.199261 0.690758 -0.124272 0.188557 -0.038974 0.973388 0.147555 0.037683 0.074955 0.985489 -0.052259 0.035124 -0.131850 0.989268 -0.052259 0.035124 -0.131850 0.989268 -0.052259 0.035124 -0.131850 0.989268 -0.019855 0.206625 0.022095 0.977969 -0.019855 0.206625 0.022095 0.977969 -0.019855 0.206625 0.022095 0.977969 -0.019855 0.206625 0.022095 0.977969 -0.139731 0.281365 -0.557425 0.768496 -0.278869 0.119632 -0.655030 0.691995 -0.278851 0.119615 -0.655033 0.692002 -0.019855 0.206625 0.022095 0.977969 -0.019855 0.206625 0.022095 0.977969 -0.019855 0.206625 0.022095 0.977969 -0.019855 0.206625 0.022095 0.977969 -0.138442 -0.224962 -0.607312 0.749265 -0.474850 -0.481685 -0.161113 0.718706 -0.474832 -0.481690 -0.161100 0.718719
-0.001050 0.759844 -0.001430 -0.035331 0.205707 0.019767 0.977776 -0.279074 0.138022 -0.044184 0.949271 0.143754 0.467697 0.116518 0.864302 -0.125491 -0.697878 0.212308 -0.672417 -0.125491 -0.697878 0.212308 -0.672417 -0.125491 -0.697878 0.212308 -0.672417 -0.118510 0.201715 -0.042071 0.971337 0.167775 0.060320 0.069239 0.981539 -0.059204 0.069403 -0.128672 0.987482 -0.059204 0.069403 -0.128672 0.987482 -0.059204 0.069403 -0.128672 0.987482 -0.035331 0.205707 0.019768 0.977776 -0.035331 0.205707 0.019768 0.977776 -0.035331 0.205707 0.019768 0.977776 -0.035331 0.205707 0.019767 0.977776 -0.155159 0.230541 -0.584413 0.762390 -0.284034 0.072319 -0.651953 0.699322 -0.284016 0.072302 -0.651955 0.699330 -0.035331 0.205707 0.019768 0.977776 -0.035331 0.205707 0.019768 0.977776 -0.035331 0.205707 0.019768 0.977776 -0.035331 0.205707 0.019767 0.977776 -0.140586 -0.264579 -0.561143 0.771590 -0.506654 -0.540901 -0.026103 0.670855 -0.506637 -0.540901 -0.026089 0.670868
-0.001004 0.776068 -0.001495 -0.038823 0.194926 0.018924 0.979867 -0.215463 0.162338 -0.031148 0.962420 0.121874 0.505475 0.099335 0.848395 -0.099936 -0.740107 0.195728 -0.635566 -0.099936 -0.740107 0.195728 -0.635566 -0.099936 -0.740107 0.195728 -0.635566 -0.113243 0.193394 -0.044003 0.973570 0.174434 0.055169 0.061095 0.981222 -0.054182 0.070313 -0.136340 0.986677 -0.054182 0.070313 -0.136340 0.986677 -0.054182 0.070313 -0.136340 0.986677 -0.038823 0.194926 0.018925 0.979867 -0.038823 0.194926 0.018925 0.979867 -0.038823 0.194926 0.018925 0.979867 -0.038823 0.194926 0.018925 0.979867 -0.153025 0.210009 -0.597805 0.758359 -0.271130 0.064159 -0.639785 0.716274 -0.271111 0.064143 -0.639786 0.716281 -0.038823 0.194926 0.018925 0.979867 -0.038823 0.194926 0.018925 0.979867 -0.038823 0.194926 0.018925 0.979867 -0.038823 0.194926 0.018925 0.979867 -0.123765 -0.307263 -0.491574 0.805374 -0.480354 -0.592399 0.051629 0.644715 -0.480338 -0.592397 0.051645 0.644728
-0.000965 0.798508 -0.001513 -0.036622 0.194534 0.015497 0.980089 -0.162373 0.177632 -0.022398 0.970351 0.104933 0.524869 0.078508 0.841034 -0.084421 -0.756065 0.203881 -0.616174 -0.084421 -0.756065 0.203881 -0.616174 -0.084421 -0.756065 0.203881 -0.616174 -0.110936 0.198066 -0.045569 0.972824 0.178404 0.063023 0.057211 0.980269 -0.034399 0.071874 -0.134850 0.987657 -0.034398 0.071874 -0.134850 0.987657 -0.034398 0.071874 -0.134850 0.987657 -0.036622 0.194534 0.015497 0.980089 -0.036622 0.194534 0.015497 0.980089 -0.036622 0.194534 0.015497 0.980089 -0.036622 0.194534 0.015497 0.980089 -0.152514 0.217321 -0.610617 0.746095 -0.266155 0.082480 -0.648111 0.708739 -0.266137 0.082463 -0.648113 0.708745 -0.036622 0.194534 0.015497 0.980089 -0.036622 0.194534 0.015497 0.980089 -0.036622 0.194534 0.015497 0.980089 -0.036622 0.194534 0.015497 0.980089 -0.105520 -0.343724 -0.400332 0.842884 -0.426001 -0.635100 0.110050 0.634870 -0.425984 -0.635097 0.110067 0.634881
-0.000915 0.811258 -0.001496 -0.032335 0.182847 0.012208 0.982534 -0.142727 0.170966 -0.020339 0.974672 0.084689 0.504066 0.061890 0.857272 -0.067524 -0.715560 0.250218 -0.648695 -0.067524 -0.715560 0.250218 -0.648695 -0.067524 -0.715560 0.250218 -0.648695 -0.121355 0.195255 -0.041052 0.972349 0.165680 0.064129 0.052667 0.982682 -0.045560 0.069330 -0.140226 0.986638 -0.045560 0.069330 -0.140226 0.986638 -0.045560 0.069330 -0.140226 0.986638 -0.032335 0.182847 0.012209 0.982534 -0.032335 0.182847 0.012209 0.982534 -0.032335 0.182847 0.012209 0.982534 -0.032335 0.182847 0.012209 0.982534 -0.134931 0.321956 -0.572343 0.741999 -0.239168 0.211084 -0.629524 0.708479 -0.239150 0.211068 -0.629529 0.708485 -0.032335 0.182847 0.012209 0.982534 -0.032335 0.182847 0.012209 0.982534 -0.032335 0.182847 0.012209 0.982534 -0.032335 0.182847 0.012209 0.982534 -0.083052 -0.381885 -0.319093 0.863392 -0.366120 -0.654755 0.140112 0.646235 -0.366104 -0.654752 0.140129 0.646245
-0.000868 0.823782 -0.001432 -0.018327 0.146553 0.007874 0.989002 -0.105304 0.124715 -0.011150 0.986526 0.089041 0.441353 0.063357 0.890654 0.083549 0.643105 -0.282469 0.706857 0.083549 0.643105 -0.282469 0.706857 0.083549 0.643105 -0.282469 0.706857 -0.120197 0.168899 -0.031446 0.977771 0.161569 0.054591 0.073443 0.982609 -0.045010 0.054216 -0.114303 0.990944 -0.045010 0.054216 -0.114303 0.990944 -0.045010 0.054216 -0.114303 0.990944 -0.018327 0.146553 0.007874 0.989002 -0.018327 0.146553 0.007874 0.989002 -0.018327 0.146553 0.007874 0.989002 -0.018327 0.146553 0.007874 0.989002 -0.098869 0.361346 -0.554901 0.742791 -0.213707 0.245262 -0.620766 0.713320 -0.213689 0.245246 -0.620772 0.713325 -0.018327 0.146553 0.007874 0.989002 -0.018327 0.146553 0.007874 0.989002 -0.018327 0.146553 0.007874 0.989002 -0.018327 0.146553 0.007874 0.989002 -0.040937 -0.407016 -0.186419 0.893258 -0.283332 -0.618111 0.270150 0.681675 -0.283314 -0.618104 0.270166 0.681682
-0.000848 0.837701 -0.001363 0.007548 0.136502 0.007119 0.990585 -0.093177 0.111677 -0.005455 0.989352 0.099051 0.423180 0.058767 0.898696 0.114543 0.626073 -0.294232 0.712980 0.114543 0.626073 -0.294232 0.712980 0.114543 0.626073 -0.294232 0.712980 -0.102196 0.163680 -0.023214 0.980931 0.220216 0.051655 0.094366 0.969501 0.024758 0.067280 -0.087460 0.993585 0.024759 0.067280 -0.087460 0.993585 0.024759 0.067280 -0.087460 0.993585 0.007548 0.136502 0.007120 0.990585 0.007548 0.136502 0.007120 0.990585 0.007548 0.136502 0.007120 0.990585 0.007548 0.136502 0.007120 0.990585 -0.073365 0.363931 -0.554604 0.744705 -0.198045 0.238084 -0.623330 0.718021 -0.198026 0.238068 -0.623336 0.718026 0.007548 0.136502 0.007120 0.990585 0.007548 0.136502 0.007120 0.990585 0.007548 0.136502 0.007120 0.990585 0.007548 0.136502 0.007120 0.990585 0.015427 -0.360192 0.041633 0.931821 -0.166625 -0.436970 0.512416 0.720224 -0.166607 -0.436957 0.512427 0.720228
-0.000852 0.845292 -0.001245 0.032370 0.136097 0.007357 0.990139 -0.092017 0.138588 -0.002042 0.986064 0.111685 0.460725 0.059303 0.878488 0.108028 0.672636 -0.269930 0.680462 0.108028 0.672636 -0.269930 0.680462 0.108028 0.672636 -0.269930 0.680462 -0.089592 0.136973 -0.025228 0.986192 0.374536 -0.001824 0.096782 0.922145 0.259572 0.020006 -0.106981 0.959571 0.259572 0.020006 -0.106981 0.959571 0.259572 0.020006 -0.106981 0.959571 0.032370 0.136097 0.007357 0.990139 0.032370 0.136097 0.007357 0.990139 0.032370 0.136097 0.007357 0.990139 0.032370 0.136097 0.007357 0.990139 -0.055722 0.342830 -0.564890 0.748506 -0.184518 0.210069 -0.631441 0.723262 -0.184499 0.210052 -0.631446 0.723266 0.032370 0.136097 0.007357 0.990139 0.032370 0.136097 0.007357 0.990139 0.032370 0.136097 0.007357 0.990139 0.032370 0.136097 0.007357 0.990139 0.062412 -0.287541 0.217145 0.930738 -0.076236 -0.264162 0.607932 0.744866 -0.076217 -0.264146 0.607939 0.744868
-0.000871 0.840439 -0.001099 0.051866 0.121457 0.004751 0.991229 -0.083382 0.136302 -0.007573 0.987123 0.149340 0.473381 0.072332 0.865087 -0.153798 -0.717792 0.211123 -0.645405 -0.153798 -0.717792 0.211123 -0.645405 -0.153798 -0.717792 0.211123 -0.645405 -0.127930 0.120917 -0.038136 0.983646 0.483822 -0.055149 0.070485 0.870578 0.452482 -0.028213 -0.169338 0.875094 0.452482 -0.028213 -0.169338 0.875094 0.452482 -0.028213 -0.169338 0.875094 0.051866 0.121457 0.004751 0.991229 0.051866 0.121457 0.004751 0.991229 0.051866 0.121457 0.004751 0.991229 0.051866 0.121457 0.004751 0.991229 -0.033360 0.295965 -0.583360 0.755634 -0.154713 0.167338 -0.642352 0.731742 -0.154694 0.167321 -0.642356 0.731746 0.051866 0.121457 0.004751 0.991229 0.051866 0.121457 0.004751 0.991229 0.051866 0.121457 0.004751 0.991229 0.051866 0.121457 0.004751 0.991229 0.089067 -0.257668 0.331042 0.903374 -0.041158 -0.177114 0.632194 0.753171 -0.041138 -0.177098 0.632199 0.753172
-0.000892 0.833992 -0.000939 0.058360 0.103353 0.001443 0.992930 -0.081511 0.098549 -0.017179 0.991640 0.169325 0.441165 0.085156 0.877183 -0.238403 -0.716272 0.177736 -0.631291 -0.238403 -0.716272 0.177736 -0.631291 -0.238403 -0.716272 0.177736 -0.631291 -0.197070 0.104265 -0.074213 0.972000 0.499208 -0.076038 0.071220 0.860196 0.478229 -0.044426 -0.165772 0.861303 0.478229 -0.044426 -0.165772 0.861303 0.478229 -0.044426 -0.165772 0.861303 0.058360 0.103353 0.001443 0.992930 0.058360 0.103353 0.001443 0.992930 0.058360 0.103353 0.001443 0.992930 0.058360 0.103353 0.001443 0.992930 -0.018112 0.240418 -0.600959 0.762050 -0.130501 0.115042 -0.645163 0.743975 -0.130482 0.115026 -0.645166 0.743978 0.058360 0.103353 0.001443 0.992930 0.058360 0.103353 0.001443 0.992930 0.058360 0.103353 0.001443 0.992930 0.058360 0.103353 0.001443 0.992930 0.094400 -0.253988 0.412173 0.869881 -0.032918 -0.148954 0.635709 0.756705 -0.032899 -0.148937 0.635713 0.756706
-0.000921 0.827585 -0.000843 0.067359 0.088612 -0.001495 0.993785 -0.100894 0.080575 -0.022743 0.991368 0.165744 0.438278 0.100308 0.877713 -0.300878 -0.741572 0.114477 -0.588590 -0.300878 -0.741572 0.114477 -0.588590 -0.300878 -0.741572 0.114477 -0.588590 -0.243812 0.085472 -0.115785 0.959085 0.502070 -0.086212 0.084448 0.856366 0.493376 -0.042710 -0.117321 0.860809 0.493376 -0.042710 -0.117321 0.860809 0.493376 -0.042710 -0.117321 0.860809 0.067359 0.088612 -0.001495 0.993785 0.067359 0.088612 -0.001495 0.993785 0.067359 0.088612 -0.001495 0.993785 0.067359 0.088612 -0.001495 0.993785 0.000061 0.195838 -0.595104 0.779422 -0.098093 0.081449 -0.638142 0.759288 -0.098073 0.081432 -0.638145 0.759290 0.067359 0.088612 -0.001495 0.993785 0.067359 0.088612 -0.001495 0.993785 0.067359 0.088612 -0.001495 0.993785 0.067359 0.088612 -0.001495 0.993785 0.097518 -0.257598 0.453810 0.847461 -0.037011 -0.146230 0.658494 0.737315 -0.036992 -0.146213 0.658497 0.737316
-0.000954 0.821858 -0.000837 0.059487 0.076975 -0.005936 0.995239 -0.116496 0.052800 -0.044266 0.990798 0.154295 0.406278 0.104471 0.894549 -0.325920 -0.723163 0.105394 -0.599752 -0.325920 -0.723163 0.105394 -0.599752 -0.325920 -0.723163 0.105394 -0.599752 -0.306021 0.083517 -0.159788 0.934796 0.498111 -0.111812 0.079794 0.856164 0.623462 -0.051928 -0.055757 0.778132 0.623462 -0.051928 -0.055757 0.778132 0.623462 -0.051928 -0.055757 0.778132 0.059487 0.076975 -0.005936 0.995239 0.059487 0.076975 -0.005936 0.995239 0.059487 0.076975 -0.005936 0.995239 0.059487 0.076975 -0.005936 0.995239 0.005282 0.141196 -0.568774 0.810266 -0.067059 0.052793 -0.626470 0.774759 -0.067039 0.052777 -0.626471 0.774761 0.059487 0.076975 -0.005936 0.995239 0.059487 0.076975 -0.005936 0.995239 0.059487 0.076975 -0.005936 0.995239 0.059487 0.076975 -0.005936 0.995239 0.084468 -0.274854 0.467160 0.836112 -0.062081 -0.166674 0.688279 0.703305 -0.062063 -0.166656 0.688284 0.703306
-0.000983 0.819128 -0.000898 0.047536 0.041295 -0.013261 0.997927 -0.116749 0.003315 -0.061894 0.991225 0.129633 0.356843 0.103671 0.919299 -0.338182 -0.685828 0.110921 -0.634799 -0.338182 -0.685828 0.110921 -0.634799 -0.338182 -0.685828 0.110921 -0.634799 -0.381655 0.070918 -0.190653 0.901644 0.403134 -0.114013 0.096224 0.902898 0.510512 -0.054808 -0.019731 0.857895 0.510512 -0.054808 -0.019731 0.857895 0.510512 -0.054808 -0.019731 0.857895 0.047536 0.041295 -0.013260 0.997927 0.047536 0.041295 -0.013260 0.997927 0.047536 0.041295 -0.013260 0.997927 0.047536 0.041295 -0.013260 0.997927 0.023048 0.101384 -0.478972 0.871652 -0.033190 0.030587 -0.609748 0.791309 -0.033170 0.030571 -0.609749 0.791310 0.047536 0.041295 -0.013260 0.997927 0.047536 0.041295 -0.013260 0.997927 0.047536 0.041295 -0.013260 0.997927 0.047536 0.041295 -0.013260 0.997927 0.053477 -0.343342 0.465677 0.813881 0.120549 0.236368 -0.708239 -0.654213 0.120532 0.236350 -0.708246 -0.654216
-0.000979 0.828410 -0.001126 0.028700 -0.034751 -0.022503 0.998730 -0.118599 -0.070966 -0.068806 0.988010 0.083732 0.287418 0.085502 0.950299 0.316712 0.614026 -0.149604 0.707308 0.316712 0.614026 -0.149604 0.707308 0.316712 0.614026 -0.149604 0.707308 -0.394789 0.037629 -0.193489 0.897378 0.283976 -0.094748 0.102322 0.948636 0.268969 -0.045524 -0.008909 0.962031 0.268969 -0.045524 -0.008909 0.962031 0.268969 -0.045524 -0.008909 0.962031 0.028700 -0.034751 -0.022503 0.998730 0.028700 -0.034751 -0.022503 0.998730 0.028700 -0.034751 -0.022503 0.998730 0.028700 -0.034751 -0.022503 0.998730 0.040460 0.110183 -0.313136 0.942427 -0.005615 0.070955 -0.554212 0.829327 -0.005594 0.070940 -0.554214 0.829327 0.028700 -0.034751 -0.022503 0.998730 0.028700 -0.034751 -0.022503 0.998730 0.028700 -0.034751 -0.022503 0.998730 0.028700 -0.034751 -0.022503 0.998730 -0.002435 -0.592650 0.302673 0.746424 -0.234951 -0.518376 0.558173 0.603760 -0.234935 -0.518362 0.558187 0.603766
-0.000984 0.833744 -0.001379 -0.022267 -0.151980 -0.029397 0.987695 -0.130669 -0.187081 -0.058080 0.971881 0.056925 0.166750 0.082883 0.980859 0.367024 0.478585 -0.215452 0.768004 0.367024 0.478585 -0.215452 0.768004 0.367024 0.478585 -0.215452 0.768004 -0.357743 -0.039803 -0.173666 0.916666 0.211594 -0.132734 0.108596 0.962194 0.125787 -0.096924 -0.005294 0.987297 0.125787 -0.096924 -0.005294 0.987297 0.125787 -0.096924 -0.005294 0.987297 -0.022267 -0.151980 -0.029396 0.987695 -0.022267 -0.151980 -0.029396 0.987695 -0.022267 -0.151980 -0.029396 0.987695 -0.022267 -0.151980 -0.029396 0.987695 -0.015039 0.115979 -0.025291 0.992816 -0.059695 0.200394 -0.441567 0.872524 -0.059673 0.200382 -0.441572 0.872525 -0.022267 -0.151980 -0.029396 0.987695 -0.022267 -0.151980 -0.029396 0.987695 -0.022267 -0.151980 -0.029396 0.987695 -0.022267 -0.151980 -0.029396 0.987695 -0.033751 -0.731123 -0.021859 0.681060 -0.328933 -0.742274 0.260088 0.522673 -0.328919 -0.742267 0.260108 0.522682
-0.001007 0.833397 -0.001571 -0.046688 -0.215846 -0.036831 0.974615 -0.112673 -0.258404 -0.048398 0.958222 0.082010 0.086949 0.099896 0.987793 0.434429 0.405430 -0.219124 0.773875 0.434429 0.405430 -0.219124 0.773875 0.434429 0.405430 -0.219124 0.773875 -0.285104 -0.088669 -0.147367 0.942940 0.223293 -0.184752 0.114908 0.950160 0.101230 -0.153977 -0.023111 0.982603 0.101230 -0.153977 -0.023111 0.982603 0.101230 -0.153977 -0.023111 0.982603 -0.046688 -0.215846 -0.036830 0.974615 -0.046688 -0.215846 -0.036830 0.974615 -0.046688 -0.215846 -0.036830 0.974615 -0.046688 -0.215846 -0.036831 0.974615 -0.069951 0.078097 0.115524 0.987756 -0.125446 0.285113 -0.387853 0.867493 -0.125424 0.285103 -0.387860 0.867496 -0.046688 -0.215846 -0.036830 0.974615 -0.046688 -0.215846 -0.036830 0.974615 -0.046688 -0.215846 -0.036830 0.974615 -0.046688 -0.215846 -0.036831 0.974615 -0.002794 -0.738553 -0.248931 0.626550 -0.416442 -0.782396 0.087859 0.454658 -0.416430 -0.782394 0.087879 0.454669
-0.001081 0.831183 -0.001636 -0.063519 -0.256150 -0.042657 0.963604 -0.095465 -0.295938 -0.042966 0.949453 0.108351 0.023832 0.109211 0.987808 0.520839 0.345092 -0.213970 0.750903 0.520839 0.345092 -0.213970 0.750903 0.520839 0.345092 -0.213970 0.750903 -0.247248 -0.145643 -0.147806 0.946472 0.232294 -0.256180 0.140778 0.927682 0.093925 -0.244861 -0.029898 0.964535 0.093925 -0.244861 -0.029898 0.964535 0.093925 -0.244861 -0.029898 0.964535 -0.063519 -0.256150 -0.042657 0.963604 -0.063519 -0.256150 -0.042657 0.963604 -0.063519 -0.256150 -0.042657 0.963604 -0.063519 -0.256150 -0.042657 0.963604 -0.130726 0.036533 0.260847 0.955790 -0.215640 0.308478 -0.286982 0.880898 -0.215617 0.308470 -0.286990 0.880904 -0.063519 -0.256150 -0.042657 0.963604 -0.063519 -0.256150 -0.042657 0.963604 -0.063519 -0.256150 -0.042657 0.963604 -0.063519 -0.256150 -0.042657 0.963604 0.030909 -0.699810 -0.382257 0.602653 -0.456250 -0.789774 -0.020406 0.409483 -0.456239 -0.789775 -0.020385 0.409495
-0.001118 0.831820 -0.001612 -0.064923 -0.218194 -0.052181 0.972344 -0.092580 -0.269667 -0.053331 0.957008 0.114118 0.037786 0.101291 0.987567 0.538734 0.340459 -0.254567 0.727357 0.538734 0.340459 -0.254567 0.727357 0.538734 0.340459 -0.254567 0.727357 -0.221187 -0.134122 -0.142797 0.955352 0.244011 -0.258156 0.156000 0.921672 0.122883 -0.246671 -0.007619 0.961247 0.122883 -0.246671 -0.007619 0.961247 0.122883 -0.246671 -0.007619 0.961247 -0.064923 -0.218194 -0.052181 0.972344 -0.064923 -0.218194 -0.052181 0.972344 -0.064923 -0.218194 -0.052181 0.972344 -0.064923 -0.218194 -0.052181 0.972344 -0.144192 0.021864 0.375454 0.915295 -0.272046 0.310196 -0.197791 0.889184 -0.272023 0.310191 -0.197799 0.889191 -0.064923 -0.218194 -0.052181 0.972344 -0.064923 -0.218194 -0.052181 0.972344 -0.064923 -0.218194 -0.052181 0.972344 -0.064923 -0.218194 -0.052181 0.972344 0.035649 -0.626706 -0.488967 0.605706 -0.436970 -0.783581 -0.165749 0.409371 -0.436960 -0.783586 -0.165729 0.409382
-0.001094 0.831644 -0.001531 -0.058394 -0.206094 -0.058614 0.975028 -0.104908 -0.144261 -0.046769 0.982851 0.071169 0.226069 0.093777 0.966971 0.325780 0.454514 -0.401649 0.725233 0.325780 0.454514 -0.401649 0.725233 0.325780 0.454514 -0.401649 0.725233 -0.170859 -0.119394 -0.118313 0.970852 0.182477 -0.209744 0.146599 0.949325 -0.006733 -0.173527 0.008759 0.984767 -0.006733 -0.173527 0.008759 0.984767 -0.006733 -0.173527 0.008759 0.984767 -0.058395 -0.206094 -0.058614 0.975028 -0.058395 -0.206094 -0.058614 0.975028 -0.058395 -0.206094 -0.058614 0.975028 -0.058395 -0.206094 -0.058614 0.975028 -0.144573 0.026602 0.440619 0.885577 -0.289598 0.276581 -0.130307 0.907004 -0.289575 0.276578 -0.130314 0.907011 -0.058395 -0.206094 -0.058614 0.975028 -0.058395 -0.206094 -0.058614 0.975028 -0.058395 -0.206094 -0.058614 0.975028 -0.058395 -0.206094 -0.058614 0.975028 0.050697 -0.541985 -0.568712 0.616644 -0.356579 -0.707697 -0.286532 0.538438 -0.356565 -0.707705 -0.286514 0.538447
-0.001024 0.837047 -0.001480 -0.054825 -0.180469 -0.056566 0.980421 -0.098102 -0.110720 -0.039242 0.988219 0.055807 0.276718 0.079048 0.956067 0.228820 0.445933 -0.498977 0.706971 0.228820 0.445933 -0.498977 0.706971 0.228820 0.445933 -0.498977 0.706971 -0.134421 -0.103636 -0.106493 0.979719 0.178563 -0.206758 0.131602 0.952915 0.005682 -0.166661 0.000452 0.985998 0.005682 -0.166661 0.000452 0.985998 0.005682 -0.166661 0.000452 0.985998 -0.054825 -0.180469 -0.056566 0.980421 -0.054825 -0.180469 -0.056566 0.980421 -0.054825 -0.180469 -0.056566 0.980421 -0.054825 -0.180469 -0.056566 0.980421 -0.136807 -0.002854 0.478896 0.867141 -0.275827 0.234279 -0.069088 0.929656 -0.275803 0.234277 -0.069094 0.929663 -0.054825 -0.180469 -0.056566 0.980421 -0.054825 -0.180469 -0.056566 0.980421 -0.054825 -0.180469 -0.056566 0.980421 -0.054825 -0.180469 -0.056566 0.980421 0.036674 -0.519002 -0.558242 0.646264 -0.404311 -0.673393 -0.178989 0.592484 -0.404296 -0.673398 -0.178971 0.592494
-0.000914 0.840552 -0.001458 -0.059618 -0.169830 -0.039736 0.982865 -0.095384 -0.112753 -0.041385 0.988168 0.067404 0.270593 0.072181 0.957615 0.227021 0.419776 -0.534716 0.697373 0.227021 0.419776 -0.534716 0.697373 0.227021 0.419776 -0.534716 0.697373 -0.126501 -0.091772 -0.089161 0.983680 0.153803 -0.188008 0.116581 0.963019 -0.072131 -0.168892 -0.031694 0.982481 -0.072131 -0.168892 -0.031694 0.982481 -0.072131 -0.168892 -0.031694 0.982481 -0.059618 -0.169830 -0.039736 0.982865 -0.059618 -0.169830 -0.039736 0.982865 -0.059618 -0.169830 -0.039736 0.982865 -0.059618 -0.169830 -0.039736 0.982865 -0.141840 -0.063201 0.508849 0.846734 -0.256626 0.165449 -0.029965 0.951773 -0.256602 0.165448 -0.029970 0.951780 -0.059618 -0.169830 -0.039736 0.982865 -0.059618 -0.169830 -0.039736 0.982865 -0.059618 -0.169830 -0.039736 0.982865 -0.059618 -0.169830 -0.039736 0.982865 0.025889 -0.512887 -0.511644 0.688838 -0.408751 -0.652315 -0.069731 0.634465 -0.408735 -0.652317 -0.069714 0.634475
-0.000812 0.841205 -0.001435 -0.044116 -0.180174 -0.025623 0.982311 -0.088023 -0.117504 -0.031753 0.988654 0.068107 0.277117 0.069420 0.955902 0.195802 0.409717 -0.563544 0.690081 0.195802 0.409717 -0.563544 0.690081 0.195802 0.409717 -0.563544 0.690081 -0.111882 -0.100108 -0.080078 0.985418 0.153417 -0.196911 0.101380 0.963022 -0.099741 -0.163843 -0.055803 0.979843 -0.099741 -0.163843 -0.055803 0.979843 -0.099741 -0.163843 -0.055803 0.979843 -0.044116 -0.180174 -0.025622 0.982311 -0.044116 -0.180174 -0.025622 0.982311 -0.044116 -0.180174 -0.025622 0.982311 -0.044116 -0.180174 -0.025623 0.982311 -0.139366 -0.102375 0.544273 0.820892 -0.252268 0.129968 0.026988 0.958510 -0.252244 0.129969 0.026985 0.958516 -0.044116 -0.180174 -0.025622 0.982311 -0.044116 -0.180174 -0.025622 0.982311 -0.044116 -0.180174 -0.025622 0.982311 -0.044116 -0.180174 -0.025623 0.982311 0.036120 -0.508983 -0.448918 0.733555 -0.381093 -0.640937 0.031170 0.665580 -0.381075 -0.640936 0.031186 0.665590
-0.000763 0.839799 -0.001392 -0.033352 -0.182423 -0.014405 0.982549 -0.082612 -0.120426 -0.034460 0.988679 0.075507 0.274143 0.075726 0.955725 0.194637 0.406540 -0.566897 0.689543 0.194637 0.406540 -0.566897 0.689543 0.194637 0.406540 -0.566897 0.689543 -0.103422 -0.101268 -0.064350 0.987374 0.153043 -0.202613 0.089725 0.963055 -0.111922 -0.177219 -0.078191 0.974655 -0.111922 -0.177219 -0.078191 0.974655 -0.111922 -0.177219 -0.078191 0.974655 -0.033353 -0.182423 -0.014405 0.982549 -0.033353 -0.182423 -0.014405 0.982549 -0.033353 -0.182423 -0.014405 0.982549 -0.033353 -0.182423 -0.014405 0.982549 -0.136150 -0.108364 0.579148 0.796435 -0.254845 0.104836 0.113387 0.954571 -0.254821 0.104839 0.113385 0.954578 -0.033353 -0.182423 -0.014405 0.982549 -0.033353 -0.182423 -0.014405 0.982549 -0.033353 -0.182423 -0.014405 0.982549 -0.033353 -0.182423 -0.014405 0.982549 0.028987 -0.486039 -0.341489 0.803935 -0.332350 -0.627107 0.150171 0.688280 -0.332333 -0.627103 0.150188 0.688288
-0.000785 0.838210 -0.001278 -0.035003 -0.158700 -0.008256 0.986672 -0.082954 -0.108282 -0.036782 0.989970 0.079788 0.279528 0.080434 0.953430 0.199797 0.414538 -0.560738 0.688340 0.199797 0.414538 -0.560738 0.688340 0.199797 0.414538 -0.560738 0.688340 -0.095061 -0.074362 -0.049286 0.991466 0.157345 -0.177901 0.075820 0.968424 -0.136260 -0.155078 -0.091989 0.974126 -0.136260 -0.155078 -0.091989 0.974126 -0.136260 -0.155078 -0.091989 0.974126 -0.035003 -0.158700 -0.008255 0.986672 -0.035003 -0.158700 -0.008255 0.986672 -0.035003 -0.158700 -0.008255 0.986672 -0.035003 -0.158700 -0.008255 0.986672 -0.126129 -0.097960 0.607448 0.778140 -0.236345 0.072542 0.209470 0.946045 -0.236320 0.072548 0.209468 0.946051 -0.035003 -0.158700 -0.008255 0.986672 -0.035003 -0.158700 -0.008255 0.986672 -0.035003 -0.158700 -0.008255 0.986672 -0.035003 -0.158700 -0.008255 0.986672 -0.001698 -0.400778 -0.207131 0.892452 -0.277281 -0.551639 0.329324 0.714391 -0.277263 -0.551631 0.329338 0.714399
-0.000842 0.833785 -0.001145 -0.033525 -0.128839 -0.003671 0.991092 -0.079780 -0.063365 -0.032743 0.994257 0.087971 0.339434 0.099147 0.931244 0.156163 0.489767 -0.526746 0.676963 0.156163 0.489767 -0.526746 0.676963 0.156163 0.489767 -0.526746 0.676963 -0.085964 -0.044572 -0.035716 0.994660 0.171644 -0.155668 0.062795 0.970754 -0.142522 -0.139324 -0.106716 0.974109 -0.142522 -0.139324 -0.106716 0.974109 -0.142522 -0.139324 -0.106716 0.974109 -0.033525 -0.128839 -0.003671 0.991092 -0.033525 -0.128839 -0.003671 0.991092 -0.033525 -0.128839 -0.003671 0.991092 -0.033525 -0.128839 -0.003671 0.991092 -0.106480 -0.148745 0.615347 0.766737 -0.153072 -0.037651 0.263535 0.951683 -0.153047 -0.037645 0.263536 0.951687 -0.033525 -0.128839 -0.003671 0.991092 -0.033525 -0.128839 -0.003671 0.991092 -0.033525 -0.128839 -0.003671 0.991092 -0.033525 -0.128839 -0.003671 0.991092 -0.020433 -0.310650 -0.097640 0.945275 -0.213925 -0.472320 0.454875 0.724044 -0.213906 -0.472308 0.454887 0.724049
-0.000900 0.828646 -0.001024 -0.028492 -0.098371 -0.001751 0.994740 -0.078453 -0.026082 -0.029593 0.996137 0.082295 0.386060 0.113564 0.911750 0.111923 0.540969 -0.501553 0.665785 0.111923 0.540969 -0.501553 0.665785 0.111923 0.540969 -0.501553 0.665785 -0.084292 -0.021265 -0.029331 0.995782 0.177229 -0.141765 0.055796 0.972306 -0.145230 -0.133006 -0.115418 0.973600 -0.145230 -0.133006 -0.115418 0.973600 -0.145230 -0.133006 -0.115418 0.973600 -0.028492 -0.098371 -0.001751 0.994740 -0.028492 -0.098371 -0.001751 0.994740 -0.028492 -0.098371 -0.001751 0.994740 -0.028492 -0.098371 -0.001751 0.994740 -0.082134 -0.214616 0.606195 0.761394 -0.060384 -0.160647 0.310128 0.935076 -0.060360 -0.160639 0.310132 0.935077 -0.028492 -0.098371 -0.001751 0.994740 -0.028492 -0.098371 -0.001751 0.994740 -0.028492 -0.098371 -0.001751 0.994740 -0.028492 -0.098371 -0.001751 0.994740 -0.021519 -0.251569 -0.066466 0.965314 -0.176217 -0.422773 0.501704 0.733828 -0.176198 -0.422760 0.501715 0.733832
-0.000961 0.822385 -0.000991 -0.028199 -0.082878 0.001955 0.996159 -0.075107 -0.024833 -0.031667 0.996363 0.087700 0.372488 0.123837 0.915547 0.145407 0.544147 -0.479947 0.672616 0.145407 0.544147 -0.479947 0.672616 0.145407 0.544147 -0.479947 0.672616 -0.083166 -0.011753 -0.029421 0.996032 0.185116 -0.138994 0.053675 0.971356 -0.136604 -0.136795 -0.120146 0.973751 -0.136604 -0.136795 -0.120146 0.973751 -0.136604 -0.136795 -0.120146 0.973751 -0.028199 -0.082878 0.001956 0.996159 -0.028199 -0.082878 0.001956 0.996159 -0.028199 -0.082878 0.001956 0.996159 -0.028199 -0.082878 0.001956 0.996159 -0.072692 -0.187944 0.620215 0.758107 -0.102467 -0.094541 0.370056 0.918489 -0.102443 -0.094531 0.370058 0.918491 -0.028199 -0.082878 0.001956 0.996159 -0.028199 -0.082878 0.001956 0.996159 -0.028199 -0.082878 0.001956 0.996159 -0.028199 -0.082878 0.001956 0.996159 -0.019100 -0.257202 -0.091616 0.961815 -0.189741 -0.435150 0.500794 0.723773 -0.189722 -0.435137 0.500806 0.723778
-0.001093 0.818009 -0.000977 -0.022152 0.042041 0.009917 0.998821 -0.069205 0.062594 -0.023150 0.995368 0.090406 0.425242 0.140088 0.889590 0.124502 0.573377 -0.487942 0.646259 0.124502 0.573377 -0.487942 0.646259 0.124502 0.573377 -0.487942 0.646259 -0.074980 0.068825 -0.031855 0.994297 0.184959 -0.099382 0.053858 0.976224 -0.142618 -0.120898 -0.120363 0.974965 -0.142618 -0.120898 -0.120363 0.974965 -0.142618 -0.120898 -0.120363 0.974965 -0.022152 0.042041 0.009917 0.998821 -0.022152 0.042041 0.009917 0.998821 -0.022152 0.042041 0.009917 0.998821 -0.022152 0.042041 0.009917 0.998821 0.010395 0.024375 0.652004 0.757753 -0.102140 0.148509 0.417342 0.890695 -0.102116 0.148520 0.417338 0.890698 -0.022152 0.042041 0.009917 0.998821 -0.022152 0.042041 0.009917 0.998821 -0.022152 0.042041 0.009917 0.998821 -0.022152 0.042041 0.009917 0.998821 -0.027945 -0.193418 -0.204112 0.959243 -0.199831 -0.491967 0.361127 0.766566 -0.199811 -0.491958 0.361140 0.766571
-0.001253 0.815753 -0.001059 -0.022471 0.106143 0.022482 0.993843 -0.079694 0.114441 -0.010953 0.990168 0.084709 0.476459 0.171032 0.858231 0.053052 0.601816 -0.479370 0.636559 0.053052 0.601816 -0.479370 0.636559 0.053052 0.601816 -0.479370 0.636559 -0.063403 0.103338 -0.038126 0.991891 0.176511 -0.083097 0.057553 0.979095 -0.155001 -0.113283 -0.115016 0.974635 -0.155001 -0.113283 -0.115016 0.974635 -0.155001 -0.113283 -0.115016 0.974635 -0.022471 0.106143 0.022482 0.993843 -0.022471 0.106143 0.022482 0.993843 -0.022471 0.106143 0.022482 0.993843 -0.022471 0.106143 0.022482 0.993843 0.044809 0.215251 0.623909 0.749931 -0.139726 0.367932 0.408185 0.823704 -0.139704 0.367943 0.408175 0.823707 -0.022471 0.106143 0.022482 0.993843 -0.022471 0.106143 0.022482 0.993843 -0.022471 0.106143 0.022482 0.993843 -0.022471 0.106143 0.022482 0.993843 -0.053738 -0.170187 -0.344056 0.921832 -0.277504 -0.535627 0.174549 0.778221 -0.277483 -0.535623 0.174563 0.778228
-0.001343 0.821564 -0.001177 -0.017897 0.145751 0.029907 0.988707 -0.079365 0.146640 -0.004779 0.985989 0.102368 0.504057 0.173801 0.839786 -0.045949 -0.629798 0.473842 -0.613773 -0.045949 -0.629798 0.473842 -0.613773 -0.045949 -0.629798 0.473842 -0.613773 -0.049248 0.142899 -0.047606 0.987364 0.165707 -0.036873 0.056637 0.983857 -0.145136 -0.055596 -0.085595 0.984133 -0.145136 -0.055596 -0.085595 0.984133 -0.145136 -0.055596 -0.085595 0.984133 -0.017897 0.145751 0.029908 0.988707 -0.017897 0.145751 0.029908 0.988707 -0.017897 0.145751 0.029908 0.988707 -0.017897 0.145751 0.029908 0.988707 0.057162 0.356995 0.553169 0.750527 -0.149655 0.521876 0.373600 0.752112 -0.149636 0.521885 0.373587 0.752116 -0.017897 0.145751 0.029908 0.988707 -0.017897 0.145751 0.029908 0.988707 -0.017897 0.145751 0.029908 0.988707 -0.017897 0.145751 0.029908 0.988707 -0.081269 -0.144870 -0.474902 0.864220 -0.353612 -0.507966 0.003675 0.785440 -0.353592 -0.507966 0.003688 0.785449
-0.001424 0.828858 -0.001195 -0.011187 0.185838 0.033693 0.981939 -0.076892 0.196694 0.006548 0.977423 0.110469 0.554864 0.175659 0.805646 -0.006571 -0.673237 0.460443 -0.578533 -0.006571 -0.673237 0.460443 -0.578533 -0.006571 -0.673237 0.460443 -0.578533 -0.041300 0.183192 -0.057592 0.980519 0.155861 0.007454 0.053723 0.986289 -0.123888 -0.002824 -0.061502 0.990384 -0.123888 -0.002824 -0.061502 0.990384 -0.123888 -0.002824 -0.061502 0.990384 -0.011187 0.185838 0.033694 0.981939 -0.011187 0.185838 0.033694 0.981939 -0.011187 0.185838 0.033694 0.981939 -0.011187 0.185838 0.033694 0.981939 0.067119 0.445923 0.480767 0.752005 -0.175074 0.644085 0.296343 0.683143 -0.175056 0.644093 0.296326 0.683147 -0.011187 0.185838 0.033694 0.981939 -0.011187 0.185838 0.033694 0.981939 -0.011187 0.185838 0.033694 0.981939 -0.011187 0.185838 0.033694 0.981939 -0.112886 -0.061987 -0.558376 0.819531 -0.389967 -0.418006 -0.093988 0.815085 -0.389946 -0.418008 -0.093977 0.815095
-0.001515 0.832776 -0.001064 -0.003483 0.206569 0.034892 0.977804 -0.071549 0.223691 0.013503 0.971937 0.115475 0.580103 0.178540 0.786301 0.005866 -0.700512 0.445104 -0.557790 0.005866 -0.700512 0.445104 -0.557790 0.005866 -0.700512 0.445104 -0.557790 -0.039991 0.199183 -0.062603 0.977143 0.165548 0.021097 0.049733 0.984721 -0.086883 0.033843 -0.052991 0.994232 -0.086883 0.033843 -0.052991 0.994232 -0.086883 0.033843 -0.052991 0.994232 -0.003483 0.206569 0.034892 0.977804 -0.003483 0.206569 0.034892 0.977804 -0.003483 0.206569 0.034892 0.977804 -0.003483 0.206569 0.034892 0.977804 0.076617 0.490348 0.457932 0.737554 0.253470 -0.722217 -0.197516 -0.612489 0.253454 -0.722223 -0.197497 -0.612495 -0.003483 0.206569 0.034892 0.977804 -0.003483 0.206569 0.034892 0.977804 -0.003483 0.206569 0.034892 0.977804 -0.003483 0.206569 0.034892 0.977804 -0.129484 0.024295 -0.595455 0.792513 -0.378904 -0.311657 -0.126521 0.862145 -0.378881 -0.311660 -0.126513 0.862155
-0.001587 0.824205 -0.000991 -0.000353 0.212014 0.029944 0.976808 -0.064866 0.207027 0.018435 0.976008 0.128981 0.587123 0.208729 0.771416 0.016112 -0.746138 0.372942 -0.551301 0.016112 -0.746138 0.372942 -0.551301 0.016112 -0.746138 0.372942 -0.551301 -0.043926 0.213038 -0.065729 0.973840 0.184126 0.031246 0.044806 0.981384 -0.029619 0.048758 -0.055836 0.996809 -0.029619 0.048758 -0.055836 0.996809 -0.029619 0.048758 -0.055836 0.996809 -0.000353 0.212014 0.029944 0.976808 -0.000353 0.212014 0.029944 0.976808 -0.000353 0.212014 0.029944 0.976808 -0.000353 0.212014 0.029944 0.976808 0.085518 0.511050 0.467376 0.716292 0.336306 -0.744781 -0.115263 -0.564724 0.336292 -0.744784 -0.115243 -0.564733 -0.000353 0.212014 0.029944 0.976808 -0.000353 0.212014 0.029944 0.976808 -0.000353 0.212014 0.029944 0.976808 -0.000353 0.212014 0.029944 0.976808 -0.134418 0.057088 -0.609940 0.778875 -0.364609 -0.257168 -0.149118 0.882433 -0.364586 -0.257172 -0.149111 0.882443
-0.001613 0.810481 -0.000974 0.003871 0.211374 0.012484 0.977318 -0.062869 0.220846 0.019031 0.973094 0.142332 0.601786 0.246206 0.746310 0.019436 -0.792551 0.298626 -0.531326 0.019436 -0.792551 0.298626 -0.531326 0.019436 -0.792551 0.298626 -0.531326 -0.049058 0.233852 -0.068659 0.968603 0.200409 0.074061 0.035346 0.976269 0.013990 0.117093 -0.038032 0.992294 0.013990 0.117093 -0.038032 0.992294 0.013990 0.117093 -0.038032 0.992294 0.003871 0.211374 0.012485 0.977318 0.003871 0.211374 0.012485 0.977318 0.003871 0.211374 0.012485 0.977318 0.003871 0.211374 0.012485 0.977318 0.101178 0.523720 0.486065 0.692258 0.393641 -0.738622 -0.060113 -0.543941 0.393627 -0.738623 -0.060094 -0.543951 0.003871 0.211374 0.012485 0.977318 0.003871 0.211374 0.012485 0.977318 0.003871 0.211374 0.012485 0.977318 0.003871 0.211374 0.012485 0.977318 -0.132660 0.061488 -0.623800 0.767785 -0.357589 -0.235979 -0.147969 0.891375 -0.357566 -0.235983 -0.147963 0.891384
-0.001657 0.797956 -0.000912 0.009366 0.225335 0.000773 0.974236 -0.066768 0.235189 0.025847 0.969309 0.122615 0.606780 0.268804 0.737922 0.036111 -0.799844 0.273357 -0.533125 0.036111 -0.799844 0.273357 -0.533125 0.036111 -0.799844 0.273357 -0.533125 -0.095990 0.259457 -0.086467 0.957074 0.171800 0.110658 0.021726 0.978656 -0.010414 0.161982 -0.039941 0.985930 -0.010414 0.161982 -0.039941 0.985930 -0.010414 0.161982 -0.039941 0.985930 0.009366 0.225335 0.000774 0.974236 0.009366 0.225335 0.000774 0.974236 0.009366 0.225335 0.000774 0.974236 0.009366 0.225335 0.000774 0.974236 0.119461 0.532730 0.490073 0.679526 0.400321 -0.738549 -0.047601 -0.540391 0.400307 -0.738550 -0.047582 -0.540402 0.009366 0.225335 0.000774 0.974236 0.009366 0.225335 0.000774 0.974236 0.009366 0.225335 0.000774 0.974236 0.009366 0.225335 0.000774 0.974236 -0.136676 0.088574 -0.622435 0.765538 -0.337205 -0.197134 -0.120943 0.912581 -0.337182 -0.197137 -0.120938 0.912589
-0.001698 0.786345 -0.000843 0.005208 0.244597 -0.006090 0.969592 -0.097003 0.244438 0.016387 0.964662 0.091421 0.617186 0.263605 0.735688 0.072868 -0.788695 0.287413 -0.538558 0.072868 -0.788695 0.287413 -0.538558 0.072868 -0.788695 0.287413 -0.538558 -0.175368 0.258793 -0.115406 0.942843 0.145571 0.107149 0.020580 0.983313 -0.047822 0.152024 -0.045976 0.986148 -0.047822 0.152024 -0.045976 0.986148 -0.047822 0.152024 -0.045976 0.986148 0.005209 0.244597 -0.006090 0.969592 0.005209 0.244597 -0.006090 0.969592 0.005209 0.244597 -0.006090 0.969592 0.005209 0.244597 -0.006090 0.969592 0.128580 0.543840 0.481784 0.674974 0.398072 -0.743819 -0.038267 -0.535544 0.398058 -0.743820 -0.038247 -0.535554 0.005209 0.244597 -0.006090 0.969592 0.005209 0.244597 -0.006090 0.969592 0.005209 0.244597 -0.006090 0.969592 0.005209 0.244597 -0.006090 0.969592 -0.150668 0.098727 -0.616039 0.766843 -0.345437 -0.190831 -0.098146 0.913578 -0.345413 -0.190834 -0.098141 0.913587
-0.001712 0.779867 -0.000823 0.002642 0.246691 -0.008661 0.969052 -0.109142 0.264790 0.004360 0.958100 0.093108 0.651870 0.266407 0.703863 0.135438 -0.809206 0.255238 -0.511561 0.135438 -0.809206 0.255238 -0.511561 0.135438 -0.809206 0.255238 -0.511561 -0.215982 0.269249 -0.131847 0.929232 0.155031 0.121502 0.025617 0.980075 -0.046257 0.166741 -0.035642 0.984270 -0.046257 0.166741 -0.035642 0.984270 -0.046257 0.166741 -0.035642 0.984270 0.002643 0.246691 -0.008661 0.969052 0.002643 0.246691 -0.008661 0.969052 0.002643 0.246691 -0.008661 0.969052 0.002643 0.246691 -0.008661 0.969052 0.129909 0.542164 0.484048 0.674448 0.402367 -0.745239 -0.037730 -0.530373 0.402353 -0.745240 -0.037711 -0.530383 0.002643 0.246691 -0.008661 0.969052 0.002643 0.246691 -0.008661 0.969052 0.002643 0.246691 -0.008661 0.969052 0.002643 0.246691 -0.008661 0.969052 -0.153062 0.081906 -0.612396 0.771255 -0.361002 -0.216900 -0.091264 0.902387 -0.360979 -0.216902 -0.091259 0.902397
-0.001705 0.787202 -0.000828 -0.001698 0.252949 -0.009967 0.967427 -0.106486 0.287008 -0.006521 0.951969 0.110842 0.674905 0.243518 0.687689 0.145968 -0.822097 0.262895 -0.483463 0.145968 -0.822097 0.262895 -0.483463 0.145968 -0.822097 0.262895 -0.483463 -0.242660 0.266990 -0.134759 0.922861 0.169419 0.120660 0.048265 0.976938 -0.042984 0.161548 -0.011935 0.985856 -0.042984 0.161548 -0.011935 0.985856 -0.042984 0.161548 -0.011935 0.985856 -0.001697 0.252949 -0.009966 0.967427 -0.001697 0.252949 -0.009966 0.967427 -0.001697 0.252949 -0.009966 0.967427 -0.001697 0.252949 -0.009966 0.967427 0.132771 0.538769 0.491072 0.671527 0.418427 -0.748286 -0.033929 -0.513649 0.418414 -0.748287 -0.033909 -0.513660 -0.001697 0.252949 -0.009966 0.967427 -0.001697 0.252949 -0.009966 0.967427 -0.001697 0.252949 -0.009966 0.967427 -0.001697 0.252949 -0.009966 0.967427 -0.160417 0.062220 -0.610793 0.772869 -0.382153 -0.241470 -0.087949 0.887647 -0.382130 -0.241473 -0.087943 0.887656
-0.001687 0.794378 -0.000840 -0.007348 0.247238 -0.011342 0.968861 -0.103581 0.281084 -0.016156 0.953940 0.118187 0.667585 0.227456 0.699018 0.133926 -0.812508 0.286010 -0.489993 0.133926 -0.812508 0.286010 -0.489993 0.133926 -0.812508 0.286010 -0.489993 -0.214315 0.258023 -0.123828 0.933895 0.197234 0.103034 0.064508 0.972791 -0.028364 0.132299 -0.003500 0.990798 -0.028364 0.132299 -0.003500 0.990798 -0.028364 0.132299 -0.003500 0.990798 -0.007348 0.247238 -0.011342 0.968861 -0.007348 0.247238 -0.011342 0.968861 -0.007348 0.247238 -0.011342 0.968861 -0.007348 0.247238 -0.011342 0.968861 0.127842 0.538461 0.496159 0.668986 0.448885 -0.747963 -0.015481 -0.488686 0.448873 -0.747963 -0.015461 -0.488698 -0.007348 0.247238 -0.011342 0.968861 -0.007348 0.247238 -0.011342 0.968861 -0.007348 0.247238 -0.011342 0.968861 -0.007348 0.247238 -0.011342 0.968861 -0.161608 0.043499 -0.612332 0.772683 -0.392535 -0.257119 -0.089284 0.878541 -0.392513 -0.257122 -0.089278 0.878551
-0.001658 0.804450 -0.000852 -0.012494 0.244041 -0.010739 0.969625 -0.100049 0.277823 -0.018994 0.955219 0.124293 0.671621 0.205780 0.700807 0.144899 -0.804766 0.306805 -0.487059 0.144899 -0.804766 0.306805 -0.487059 0.144899 -0.804766 0.306805 -0.487059 -0.240294 0.255161 -0.126075 0.928039 0.179574 0.103907 0.071237 0.975644 -0.059513 0.132608 0.004605 0.989370 -0.059513 0.132608 0.004605 0.989370 -0.059513 0.132608 0.004605 0.989370 -0.012494 0.244041 -0.010739 0.969625 -0.012494 0.244041 -0.010739 0.969625 -0.012494 0.244041 -0.010739 0.969625 -0.012494 0.244041 -0.010739 0.969625 0.121831 0.548976 0.493855 0.663242 0.489470 -0.750939 0.014137 -0.443069 0.489458 -0.750939 0.014157 -0.443082 -0.012494 0.244041 -0.010739 0.969625 -0.012494 0.244041 -0.010739 0.969625 -0.012494 0.244041 -0.010739 0.969625 -0.012494 0.244041 -0.010739 0.969625 -0.163704 0.021328 -0.611761 0.773625 -0.413646 -0.290229 -0.104984 0.856529 -0.413624 -0.290231 -0.104976 0.856540
-0.001638 0.810457 -0.000860 -0.019480 0.245818 -0.007214 0.969093 -0.095507 0.262942 -0.019534 0.959874 0.114283 0.652736 0.197115 0.722510 0.146702 -0.772223 0.338630 -0.517184 0.146702 -0.772223 0.338630 -0.517184 0.146702 -0.772223 0.338630 -0.517184 -0.216108 0.242633 -0.117842 0.938371 0.179820 0.091404 0.072606 0.976749 -0.072362 0.117510 0.003606 0.990425 -0.072362 0.117510 0.003606 0.990425 -0.072362 0.117510 0.003606 0.990425 -0.019480 0.245818 -0.007214 0.969093 -0.019480 0.245818 -0.007214 0.969093 -0.019480 0.245818 -0.007214 0.969093 -0.019480 0.245818 -0.007214 0.969093 0.116821 0.555380 0.496308 0.656950 0.518606 -0.749820 0.029585 -0.409809 0.518595 -0.749819 0.029605 -0.409822 -0.019480 0.245818 -0.007214 0.969093 -0.019480 0.245818 -0.007214 0.969093 -0.019480 0.245818 -0.007214 0.969093 -0.019480 0.245818 -0.007214 0.969093 -0.170676 0.003603 -0.611758 0.772405 -0.435415 -0.316330 -0.120811 0.834118 -0.435394 -0.316333 -0.120803 0.834130
-0.001620 0.813168 -0.000860 -0.031809 0.241560 -0.000984 0.969864 -0.092010 0.259689 -0.019122 0.961109 0.118442 0.648468 0.190897 0.727337 0.144117 -0.764163 0.350926 -0.521668 0.144117 -0.764163 0.350926 -0.521668 0.144117 -0.764163 0.350926 -0.521668 -0.174460 0.246142 -0.106543 0.947431 0.186172 0.086275 0.070960 0.976146 -0.071588 0.112665 0.001216 0.991050 -0.071588 0.112665 0.001216 0.991050 -0.071588 0.112665 0.001216 0.991050 -0.031809 0.241560 -0.000984 0.969864 -0.031809 0.241560 -0.000984 0.969864 -0.031809 0.241560 -0.000984 0.969864 -0.031809 0.241560 -0.000984 0.969864 0.104632 0.560603 0.503303 0.649202 0.547668 -0.746917 0.033743 -0.375548 0.547658 -0.746916 0.033763 -0.375562 -0.031809 0.241560 -0.000984 0.969864 -0.031809 0.241560 -0.000984 0.969864 -0.031809 0.241560 -0.000984 0.969864 -0.031809 0.241560 -0.000984 0.969864 -0.177158 -0.009603 -0.609506 0.772674 -0.447164 -0.330530 -0.133427 0.820361 -0.447143 -0.330533 -0.133418 0.820372
-0.001608 0.815286 -0.000855 -0.037340 0.236593 0.007219 0.970864 -0.086369 0.252458 -0.019761 0.963543 0.123780 0.641590 0.182407 0.734690 0.148192 -0.748084 0.369347 -0.531030 0.148192 -0.748084 0.369347 -0.531030 0.148192 -0.748084 0.369347 -0.531030 -0.141298 0.241435 -0.097719 0.955089 0.176602 0.088324 0.067962 0.977953 -0.114648 0.113991 0.003233 0.986839 -0.114648 0.113991 0.003233 0.986839 -0.114648 0.113991 0.003233 0.986839 -0.037339 0.236593 0.007219 0.970864 -0.037339 0.236593 0.007219 0.970864 -0.037339 0.236593 0.007219 0.970864 -0.037339 0.236593 0.007219 0.970864 0.098013 0.561288 0.519784 0.636532 0.564980 -0.742622 0.015742 -0.359253 0.564970 -0.742622 0.015761 -0.359267 -0.037339 0.236593 0.007219 0.970864 -0.037339 0.236593 0.007219 0.970864 -0.037339 0.236593 0.007219 0.970864 -0.037339 0.236593 0.007219 0.970864 -0.177448 -0.014377 -0.606278 0.775070 -0.448678 -0.338224 -0.139086 0.815443 -0.448657 -0.338228 -0.139077 0.815455
-0.001594 0.818625 -0.000845 -0.038676 0.232270 0.016910 0.971735 -0.082498 0.240694 -0.022152 0.966835 0.126569 0.629111 0.171744 0.747465 0.133026 -0.735589 0.387926 -0.539191 0.133026 -0.735589 0.387926 -0.539191 0.133026 -0.735589 0.387926 -0.539191 -0.123651 0.231219 -0.097535 0.960070 0.157032 0.088889 0.058904 0.981820 -0.139871 0.126530 0.001725 0.982051 -0.139871 0.126530 0.001725 0.982051 -0.139871 0.126530 0.001725 0.982051 -0.038676 0.232270 0.016911 0.971735 -0.038676 0.232270 0.016911 0.971735 -0.038676 0.232270 0.016911 0.971735 -0.038676 0.232270 0.016911 0.971735 0.092880 0.564918 0.533390 0.622685 0.578815 -0.741547 -0.006393 -0.339177 0.578806 -0.741547 -0.006374 -0.339192 -0.038676 0.232270 0.016911 0.971735 -0.038676 0.232270 0.016911 0.971735 -0.038676 0.232270 0.016911 0.971735 -0.038676 0.232270 0.016911 0.971735 -0.174863 -0.031414 -0.604550 0.776502 -0.451157 -0.354264 -0.149135 0.805427 -0.451136 -0.354268 -0.149126 0.805439
-0.001583 0.821369 -0.000819 -0.037260 0.236097 0.025972 0.970667 -0.078782 0.241228 -0.022382 0.967006 0.128940 0.625422 0.167267 0.751161 0.128428 -0.728238 0.398969 -0.542217 0.128428 -0.728238 0.398969 -0.542217 0.128428 -0.728238 0.398969 -0.542217 -0.112622 0.232734 -0.102948 0.960496 0.151812 0.090267 0.051590 0.982926 -0.137801 0.134538 -0.002601 0.981277 -0.137801 0.134538 -0.002601 0.981277 -0.137801 0.134538 -0.002601 0.981277 -0.037260 0.236097 0.025972 0.970667 -0.037260 0.236097 0.025972 0.970667 -0.037260 0.236097 0.025972 0.970667 -0.037260 0.236097 0.025972 0.970667 0.092376 0.572517 0.539149 0.610744 0.589239 -0.743201 -0.020270 -0.316287 0.589231 -0.743202 -0.020250 -0.316303 -0.037260 0.236097 0.025972 0.970667 -0.037260 0.236097 0.025972 0.970667 -0.037260 0.236097 0.025972 0.970667 -0.037260 0.236097 0.025972 0.970667 -0.174851 -0.041733 -0.600493 0.779162 -0.451769 -0.364262 -0.155781 0.799344 -0.451748 -0.364266 -0.155772 0.799355
-0.001567 0.822688 -0.000803 -0.031426 0.241950 0.032758 0.969226 -0.074861 0.241985 -0.024628 0.967074 0.132545 0.619205 0.167463 0.755627 0.115527 -0.724918 0.403511 -0.546192 0.115527 -0.724918 0.403511 -0.546192 0.115527 -0.724918 0.403511 -0.546192 -0.098946 0.233307 -0.105119 0.961627 0.167390 0.086679 0.050749 0.980761 -0.114824 0.134277 -0.003337 0.984263 -0.114824 0.134277 -0.003337 0.984263 -0.114824 0.134277 -0.003337 0.984263 -0.031425 0.241950 0.032759 0.969226 -0.031425 0.241950 0.032759 0.969226 -0.031425 0.241950 0.032759 0.969226 -0.031426 0.241950 0.032759 0.969226 0.093267 0.585501 0.531474 0.605001 0.604705 -0.746319 -0.008329 -0.277976 0.604697 -0.746319 -0.008309 -0.277992 -0.031425 0.241950 0.032759 0.969226 -0.031425 0.241950 0.032759 0.969226 -0.031425 0.241950 0.032759 0.969226 -0.031425 0.241950 0.032759 0.969226 -0.172611 -0.063663 -0.598844 0.779448 -0.455313 -0.382410 -0.159314 0.788081 -0.455293 -0.382414 -0.159304 0.788093
-0.001554 0.823079 -0.000797 -0.028220 0.245725 0.037532 0.968202 -0.080373 0.242715 -0.028556 0.966341 0.127501 0.614784 0.166513 0.760301 0.106349 -0.721492 0.408187 -0.549111 0.106349 -0.721492 0.408187 -0.549111 0.106349 -0.721492 0.408187 -0.549111 -0.104402 0.236334 -0.110053 0.959758 0.178646 0.091236 0.053304 0.978223 -0.101026 0.141067 0.002496 0.984829 -0.101026 0.141067 0.002496 0.984829 -0.101026 0.141067 0.002496 0.984829 -0.028220 0.245725 0.037532 0.968202 -0.028220 0.245725 0.037532 0.968202 -0.028220 0.245725 0.037532 0.968202 -0.028220 0.245725 0.037532 0.968202 0.093410 0.587557 0.527451 0.606503 0.600719 -0.755289 -0.016354 -0.261548 0.600712 -0.755290 -0.016335 -0.261563 -0.028220 0.245725 0.037532 0.968202 -0.028220 0.245725 0.037532 0.968202 -0.028220 0.245725 0.037532 0.968202 -0.028220 0.245725 0.037532 0.968202 -0.170413 -0.078874 -0.593638 0.782517 -0.453029 -0.391817 -0.152784 0.786067 -0.453008 -0.391821 -0.152774 0.786079
-0.001548 0.823064 -0.000784 -0.026817 0.248487 0.041368 0.967380 -0.085354 0.231544 -0.032446 0.968529 0.117517 0.603887 0.160413 0.771866 0.095075 -0.711610 0.417240 -0.557210 0.095075 -0.711610 0.417240 -0.557210 0.095075 -0.711610 0.417240 -0.557210 -0.120487 0.234534 -0.119672 0.957160 0.177745 0.092934 0.054718 0.978149 -0.099109 0.144758 0.005775 0.984474 -0.099109 0.144758 0.005775 0.984474 -0.099109 0.144758 0.005775 0.984474 -0.026816 0.248487 0.041368 0.967380 -0.026816 0.248487 0.041368 0.967380 -0.026816 0.248487 0.041368 0.967380 -0.026817 0.248487 0.041368 0.967380 0.091683 0.589921 0.520976 0.610058 0.595166 -0.764302 -0.021054 -0.247341 0.595160 -0.764302 -0.021034 -0.247356 -0.026816 0.248487 0.041368 0.967380 -0.026816 0.248487 0.041368 0.967380 -0.026816 0.248487 0.041368 0.967380 -0.026817 0.248487 0.041368 0.967380 -0.168595 -0.085244 -0.585464 0.788379 -0.446300 -0.393406 -0.139805 0.791519 -0.446280 -0.393410 -0.139794 0.791531
-0.001546 0.822753 -0.000749 -0.027178 0.248605 0.044516 0.967200 -0.091929 0.229665 -0.033831 0.968328 0.109120 0.600783 0.155341 0.776545 0.087930 -0.709203 0.421691 -0.558101 0.087930 -0.709203 0.421691 -0.558101 0.087930 -0.709203 0.421691 -0.558101 -0.160473 0.227871 -0.137490 0.950484 0.162426 0.087316 0.053051 0.981417 -0.110564 0.136817 0.000342 0.984407 -0.110564 0.136817 0.000342 0.984407 -0.110564 0.136817 0.000342 0.984407 -0.027178 0.248605 0.044516 0.967200 -0.027178 0.248605 0.044516 0.967200 -0.027178 0.248605 0.044516 0.967200 -0.027178 0.248605 0.044516 0.967200 0.085858 0.591664 0.507786 0.620255 0.591274 -0.775752 -0.014002 -0.220020 0.591268 -0.775752 -0.013982 -0.220035 -0.027178 0.248605 0.044516 0.967200 -0.027178 0.248605 0.044516 0.967200 -0.027178 0.248605 0.044516 0.967200 -0.027178 0.248605 0.044516 0.967200 -0.166317 -0.090755 -0.576411 0.794891 -0.439170 -0.395718 -0.126565 0.796567 -0.439149 -0.395721 -0.126555 0.796578
-0.001546 0.822319 -0.000709 -0.029095 0.250518 0.045767 0.966592 -0.092957 0.213624 -0.034298 0.971878 0.103817 0.583260 0.155963 0.790383 0.069549 -0.697042 0.426318 -0.572318 0.069549 -0.697042 0.426318 -0.572318 0.069549 -0.697042 0.426318 -0.572318 -0.189844 0.225696 -0.152793 0.943226 0.154534 0.082657 0.058562 0.982780 -0.120817 0.127198 0.002068 0.984490 -0.120817 0.127198 0.002068 0.984490 -0.120817 0.127198 0.002068 0.984490 -0.029095 0.250518 0.045768 0.966592 -0.029095 0.250518 0.045768 0.966592 -0.029095 0.250518 0.045768 0.966592 -0.029095 0.250518 0.045768 0.966592 0.084951 0.587762 0.507647 0.624190 0.578778 -0.785270 -0.032140 -0.217563 0.578773 -0.785271 -0.032119 -0.217578 -0.029095 0.250518 0.045768 0.966592 -0.029095 0.250518 0.045768 0.966592 -0.029095 0.250518 0.045768 0.966592 -0.029095 0.250518 0.045768 0.966592 -0.167068 -0.095389 -0.569199 0.799376 -0.434618 -0.394602 -0.115796 0.801241 -0.434597 -0.394605 -0.115786 0.801252
-0.001547 0.821958 -0.000686 -0.030985 0.253709 0.046107 0.965684 -0.086876 0.209863 -0.027856 0.973465 0.111855 0.575531 0.168768 0.792319 0.036782 -0.712463 0.403555 -0.572876 0.036782 -0.712463 0.403555 -0.572876 0.036782 -0.712463 0.403555 -0.572876 -0.203420 0.222711 -0.161728 0.939608 0.151545 0.074853 0.057233 0.983949 -0.126746 0.114425 -0.004368 0.985304 -0.126746 0.114425 -0.004368 0.985304 -0.126746 0.114425 -0.004368 0.985304 -0.030985 0.253709 0.046108 0.965684 -0.030985 0.253709 0.046108 0.965684 -0.030985 0.253709 0.046108 0.965684 -0.030985 0.253709 0.046108 0.965684 0.084584 0.589455 0.505345 0.624512 0.571120 -0.792134 -0.043770 -0.210785 0.571114 -0.792135 -0.043749 -0.210800 -0.030985 0.253709 0.046108 0.965684 -0.030985 0.253709 0.046108 0.965684 -0.030985 0.253709 0.046108 0.965684 -0.030985 0.253709 0.046108 0.965684 -0.169164 -0.094645 -0.562961 0.803431 -0.430606 -0.391759 -0.113819 0.805077 -0.430586 -0.391762 -0.113808 0.805088
-0.001545 0.821677 -0.000670 -0.035151 0.240350 0.046511 0.968934 -0.085913 0.195491 -0.026434 0.976577 0.107469 0.565393 0.175753 0.798681 0.026537 -0.713801 0.390440 -0.580810 0.026537 -0.713801 0.390440 -0.580810 0.026537 -0.713801 0.390440 -0.580810 -0.221288 0.213441 -0.171270 0.936024 0.143358 0.059828 0.057737 0.986172 -0.135542 0.091414 -0.013813 0.986449 -0.135542 0.091414 -0.013813 0.986449 -0.135542 0.091414 -0.013813 0.986449 -0.035151 0.240350 0.046511 0.968934 -0.035151 0.240350 0.046511 0.968934 -0.035151 0.240350 0.046511 0.968934 -0.035151 0.240350 0.046511 0.968934 0.073290 0.589445 0.501514 0.629020 0.568364 -0.799555 -0.050454 -0.187425 0.568359 -0.799557 -0.050433 -0.187440 -0.035151 0.240350 0.046511 0.968934 -0.035151 0.240350 0.046511 0.968934 -0.035151 0.240350 0.046511 0.968934 -0.035151 0.240350 0.046511 0.968934 -0.162987 -0.103699 -0.559220 0.806198 -0.424878 -0.399270 -0.114236 0.804371 -0.424857 -0.399273 -0.114226 0.804382
-0.001540 0.820737 -0.000665 -0.040037 0.220904 0.047101 0.973334 -0.090303 0.175547 -0.027483 0.979935 0.094830 0.552330 0.172343 0.810084 0.031116 -0.696266 0.399304 -0.595653 0.031116 -0.696266 0.399304 -0.595653 0.031116 -0.696266 0.399304 -0.595653 -0.221436 0.193166 -0.178433 0.939050 0.148001 0.034926 0.053886 0.986900 -0.113527 0.067864 -0.025842 0.990877 -0.113527 0.067864 -0.025842 0.990877 -0.113527 0.067864 -0.025842 0.990877 -0.040037 0.220904 0.047102 0.973334 -0.040037 0.220904 0.047102 0.973334 -0.040037 0.220904 0.047102 0.973334 -0.040037 0.220904 0.047102 0.973334 0.063301 0.578629 0.516163 0.628297 0.569578 -0.798680 -0.074370 -0.179332 0.569573 -0.798682 -0.074349 -0.179347 -0.040037 0.220904 0.047102 0.973334 -0.040037 0.220904 0.047102 0.973334 -0.040037 0.220904 0.047102 0.973334 -0.040037 0.220904 0.047102 0.973334 -0.154380 -0.111173 -0.557461 0.808112 -0.415654 -0.402018 -0.115916 0.807575 -0.415633 -0.402021 -0.115905 0.807585
-0.001532 0.819455 -0.000666 -0.041802 0.217032 0.048740 0.974050 -0.089155 0.175799 -0.025909 0.980038 0.098325 0.553072 0.175975 0.808379 0.017326 -0.709702 0.385158 -0.589641 0.017326 -0.709702 0.385158 -0.589641 0.017326 -0.709702 0.385158 -0.589641 -0.195125 0.177080 -0.183353 0.947075 0.135766 0.025742 0.038572 0.989655 -0.114741 0.069516 -0.038995 0.990193 -0.114741 0.069516 -0.038995 0.990193 -0.114741 0.069516 -0.038995 0.990193 -0.041802 0.217032 0.048741 0.974050 -0.041802 0.217032 0.048741 0.974050 -0.041802 0.217032 0.048741 0.974050 -0.041802 0.217032 0.048741 0.974050 0.062140 0.576437 0.527886 0.620641 0.567114 -0.799595 -0.103505 -0.168275 0.567109 -0.799598 -0.103484 -0.168290 -0.041802 0.217032 0.048741 0.974050 -0.041802 0.217032 0.048741 0.974050 -0.041802 0.217032 0.048741 0.974050 -0.041802 0.217032 0.048741 0.974050 -0.153004 -0.108365 -0.554914 0.810504 -0.412198 -0.401394 -0.115682 0.809687 -0.412177 -0.401397 -0.115672 0.809698
-0.001516 0.816516 -0.000706 -0.043386 0.219602 0.049350 0.973374 -0.085251 0.187317 -0.022235 0.978341 0.117289 0.558254 0.189718 0.799126 -0.023194 -0.746821 0.344090 -0.568615 -0.023194 -0.746821 0.344090 -0.568615 -0.023194 -0.746821 0.344090 -0.568615 -0.160976 0.185708 -0.181494 0.952187 0.121688 0.050349 0.017984 0.991127 -0.126877 0.117312 -0.041416 0.984086 -0.126877 0.117312 -0.041416 0.984086 -0.126877 0.117312 -0.041416 0.984086 -0.043386 0.219602 0.049351 0.973374 -0.043386 0.219602 0.049351 0.973374 -0.043386 0.219602 0.049351 0.973374 -0.043386 0.219602 0.049351 0.973374 0.062562 0.580549 0.529367 0.615483 0.570010 -0.801005 -0.110349 -0.145954 0.570006 -0.801008 -0.110328 -0.145968 -0.043386 0.219602 0.049351 0.973374 -0.043386 0.219602 0.049351 0.973374 -0.043386 0.219602 0.049351 0.973374 -0.043386 0.219602 0.049351 0.973374 -0.155743 -0.104341 -0.553445 0.811514 -0.416029 -0.405866 -0.118746 0.805042 -0.416008 -0.405869 -0.118735 0.805053
-0.001504 0.814849 -0.000803 -0.047064 0.228659 0.048933 0.971136 -0.081628 0.185069 -0.017119 0.979180 0.134940 0.548244 0.200958 0.800522 -0.074928 -0.762503 0.319525 -0.557566 -0.074928 -0.762503 0.319525 -0.557566 -0.074928 -0.762503 0.319525 -0.557566 -0.128674 0.205190 -0.179303 0.953515 0.126828 0.074750 -0.007793 0.989074 -0.116375 0.155300 -0.054799 0.979457 -0.116375 0.155300 -0.054799 0.979457 -0.116375 0.155300 -0.054799 0.979457 -0.047063 0.228659 0.048933 0.971136 -0.047063 0.228659 0.048933 0.971136 -0.047063 0.228659 0.048933 0.971136 -0.047064 0.228659 0.048933 0.971136 0.066615 0.576008 0.533010 0.616180 0.557988 -0.805960 -0.131861 -0.147279 0.557984 -0.805963 -0.131840 -0.147294 -0.047063 0.228659 0.048933 0.971136 -0.047063 0.228659 0.048933 0.971136 -0.047063 0.228659 0.048933 0.971136 -0.047064 0.228659 0.048933 0.971136 -0.164973 -0.088972 -0.552539 0.812139 -0.426764 -0.410494 -0.128754 0.795481 -0.426743 -0.410497 -0.128743 0.795492
-0.001512 0.814300 -0.000888 -0.053934 0.236398 0.047124 0.969013 -0.090019 0.204801 -0.005771 0.974638 0.133416 0.569029 0.198747 0.786705 -0.083327 -0.786882 0.307388 -0.528570 -0.083327 -0.786882 0.307388 -0.528570 -0.083327 -0.786882 0.307388 -0.528570 -0.114301 0.229131 -0.169672 0.951654 0.129511 0.115293 -0.025633 0.984519 -0.102615 0.207214 -0.059197 0.971096 -0.102615 0.207214 -0.059197 0.971096 -0.102615 0.207214 -0.059197 0.971096 -0.053933 0.236398 0.047125 0.969013 -0.053933 0.236398 0.047125 0.969013 -0.053933 0.236398 0.047125 0.969013 -0.053933 0.236398 0.047124 0.969013 0.067241 0.567662 0.531414 0.625170 0.543180 -0.814350 -0.147360 -0.141684 0.543176 -0.814354 -0.147339 -0.141698 -0.053933 0.236398 0.047125 0.969013 -0.053933 0.236398 0.047125 0.969013 -0.053933 0.236398 0.047125 0.969013 -0.053933 0.236398 0.047124 0.969013 -0.176730 -0.070202 -0.553419 0.810904 -0.442327 -0.410835 -0.115266 0.788844 -0.442307 -0.410838 -0.115255 0.788855
-0.001518 0.815428 -0.000936 -0.060870 0.244193 0.046832 0.966681 -0.088360 0.216470 -0.005051 0.972269 0.125391 0.585612 0.185999 0.778936 -0.064388 -0.794210 0.313195 -0.516714 -0.064388 -0.794210 0.313195 -0.516714 -0.064388 -0.794210 0.313195 -0.516714 -0.102688 0.231611 -0.159068 0.954206 0.131693 0.117422 -0.030752 0.983831 -0.102469 0.208812 -0.063879 0.970473 -0.102469 0.208812 -0.063879 0.970473 -0.102469 0.208812 -0.063879 0.970473 -0.060870 0.244193 0.046833 0.966681 -0.060870 0.244193 0.046833 0.966681 -0.060870 0.244193 0.046833 0.966681 -0.060870 0.244193 0.046833 0.966681 0.063578 0.566714 0.519076 0.636674 0.531331 -0.827725 -0.149967 -0.100338 0.531329 -0.827729 -0.149945 -0.100352 -0.060870 0.244193 0.046833 0.966681 -0.060870 0.244193 0.046833 0.966681 -0.060870 0.244193 0.046833 0.966681 -0.060870 0.244193 0.046833 0.966681 -0.188435 -0.056675 -0.555425 0.807950 -0.458170 -0.412312 -0.104241 0.780521 -0.458150 -0.412315 -0.104230 0.780533
-0.001516 0.815886 -0.000959 -0.062699 0.244406 0.049621 0.966371 -0.091392 0.234852 -0.011100 0.967661 0.137249 0.618183 0.184052 0.751756 -0.017340 -0.821402 0.287355 -0.492367 -0.017340 -0.821402 0.287355 -0.492367 -0.017340 -0.821402 0.287355 -0.492367 -0.096655 0.218337 -0.159101 0.957953 0.139025 0.071109 -0.042445 0.986820 -0.074055 0.138754 -0.106017 0.981847 -0.074055 0.138754 -0.106017 0.981847 -0.074055 0.138754 -0.106017 0.981847 -0.062699 0.244406 0.049622 0.966371 -0.062699 0.244406 0.049622 0.966371 -0.062699 0.244406 0.049622 0.966371 -0.062699 0.244406 0.049622 0.966371 0.060770 0.561164 0.518907 0.641979 0.502875 -0.839414 -0.193087 -0.072231 0.502873 -0.839419 -0.193065 -0.072244 -0.062699 0.244406 0.049622 0.966371 -0.062699 0.244406 0.049622 0.966371 -0.062699 0.244406 0.049622 0.966371 -0.062699 0.244406 0.049622 0.966371 -0.190266 -0.044943 -0.553792 0.809378 -0.462074 -0.413655 -0.079508 0.780420 -0.462054 -0.413657 -0.079497 0.780432
-0.001503 0.814558 -0.001044 -0.063937 0.243833 0.051376 0.966343 -0.073974 0.212331 -0.032899 0.973838 0.183439 0.585274 0.192889 0.765897 -0.053404 -0.806584 0.283578 -0.515901 -0.053404 -0.806584 0.283578 -0.515901 -0.053404 -0.806584 0.283578 -0.515901 -0.093514 0.197643 -0.154177 0.963547 0.164943 0.016498 -0.048880 0.984953 -0.038399 0.062486 -0.145299 0.986666 -0.038399 0.062486 -0.145299 0.986666 -0.038399 0.062486 -0.145299 0.986666 -0.063937 0.243833 0.051376 0.966343 -0.063937 0.243833 0.051376 0.966343 -0.063937 0.243833 0.051376 0.966343 -0.063937 0.243833 0.051376 0.966343 0.061167 0.547109 0.527385 0.647144 0.436121 -0.847353 -0.291847 -0.081340 0.436119 -0.847361 -0.291825 -0.081351 -0.063937 0.243833 0.051376 0.966343 -0.063937 0.243833 0.051376 0.966343 -0.063937 0.243833 0.051376 0.966343 -0.063937 0.243833 0.051376 0.966343 -0.189559 -0.039741 -0.545870 0.815177 -0.464759 -0.430753 -0.061657 0.771135 -0.464739 -0.430755 -0.061646 0.771147
-0.001491 0.809855 -0.001105 -0.072618 0.260756 0.049550 0.961394 -0.073905 0.229428 -0.045522 0.969448 0.217196 0.586717 0.199259 0.754245 -0.065140 -0.813120 0.277435 -0.507565 -0.065140 -0.813120 0.277435 -0.507565 -0.065140 -0.813120 0.277435 -0.507565 -0.082308 0.194848 -0.144584 0.966621 0.198156 -0.015742 -0.057987 0.978327 0.009240 0.013143 -0.178126 0.983876 0.009240 0.013143 -0.178126 0.983876 0.009240 0.013143 -0.178126 0.983876 -0.072618 0.260756 0.049550 0.961394 -0.072618 0.260756 0.049550 0.961394 -0.072618 0.260756 0.049550 0.961394 -0.072618 0.260756 0.049550 0.961394 0.070142 0.537056 0.540067 0.644189 0.337694 -0.834990 -0.420192 -0.110423 0.337691 -0.835001 -0.420170 -0.110432 -0.072618 0.260756 0.049550 0.961394 -0.072618 0.260756 0.049550 0.961394 -0.072618 0.260756 0.049550 0.961394 -0.072618 0.260756 0.049550 0.961394 -0.205325 -0.010337 -0.529847 0.822798 -0.474169 -0.442671 -0.041748 0.759910 -0.474149 -0.442672 -0.041736 0.759922
-0.001483 0.796319 -0.001179 -0.080454 0.279808 0.046434 0.955551 -0.071212 0.253543 -0.057694 0.962973 0.260374 0.595644 0.212548 0.729545 -0.079085 -0.837907 0.242414 -0.482589 -0.079085 -0.837907 0.242414 -0.482589 -0.079085 -0.837907 0.242414 -0.482589 -0.051890 0.203286 -0.133618 0.968570 0.225692 -0.021266 -0.067333 0.971636 0.064688 -0.004988 -0.196212 0.978413 0.064688 -0.004988 -0.196212 0.978413 0.064688 -0.004988 -0.196212 0.978413 -0.080454 0.279808 0.046434 0.955551 -0.080454 0.279808 0.046434 0.955551 -0.080454 0.279808 0.046434 0.955551 -0.080454 0.279808 0.046434 0.955551 0.080631 0.526329 0.548155 0.644982 0.214286 -0.793440 -0.532900 -0.201376 0.214280 -0.793454 -0.532879 -0.201381 -0.080454 0.279808 0.046434 0.955551 -0.080454 0.279808 0.046434 0.955551 -0.080454 0.279808 0.046434 0.955551 -0.080454 0.279808 0.046434 0.955551 -0.220407 -0.007427 -0.515916 0.827766 -0.496119 -0.491071 -0.037825 0.715041 -0.496100 -0.491072 -0.037813 0.715054
-0.001467 0.787895 -0.001372 -0.075160 0.296024 0.046698 0.951073 -0.074690 0.278580 -0.066648 0.955182 0.329632 0.600380 0.256681 0.681910 -0.122790 -0.885555 0.130687 -0.428528 -0.122790 -0.885555 0.130687 -0.428528 -0.122790 -0.885555 0.130687 -0.428528 -0.027693 0.216612 -0.123899 0.967968 0.236813 -0.004297 -0.080723 0.968186 0.111563 0.033581 -0.195724 0.973714 0.111563 0.033581 -0.195724 0.973714 0.111563 0.033581 -0.195724 0.973714 -0.075160 0.296024 0.046699 0.951073 -0.075160 0.296024 0.046699 0.951073 -0.075160 0.296024 0.046699 0.951073 -0.075160 0.296024 0.046699 0.951073 0.097311 0.526630 0.556909 0.634858 0.147343 -0.764827 -0.593987 -0.201271 0.147338 -0.764842 -0.593967 -0.201274 -0.075160 0.296024 0.046699 0.951073 -0.075160 0.296024 0.046699 0.951073 -0.075160 0.296024 0.046699 0.951073 -0.075160 0.296024 0.046699 0.951073 -0.217415 -0.028687 -0.488629 0.844482 -0.500889 -0.586990 -0.055378 0.633630 -0.500873 -0.586991 -0.055363 0.633643
-0.001438 0.784048 -0.001699 -0.067482 0.309235 0.044112 0.947562 -0.096690 0.330556 -0.064125 0.936628 -0.455763 -0.607024 -0.283011 -0.586265 -0.220057 -0.929367 0.004730 -0.296359 -0.220057 -0.929367 0.004730 -0.296359 -0.220057 -0.929367 0.004730 -0.296359 -0.002731 0.252182 -0.110042 0.961399 0.242315 0.070742 -0.081599 0.964168 0.159140 0.128125 -0.162496 0.965326 0.159140 0.128125 -0.162496 0.965326 0.159140 0.128125 -0.162496 0.965326 -0.067482 0.309235 0.044113 0.947562 -0.067482 0.309235 0.044113 0.947562 -0.067482 0.309235 0.044113 0.947562 -0.067482 0.309235 0.044113 0.947562 0.123671 0.522116 0.585951 0.607257 0.011343 -0.679366 -0.690419 -0.248304 0.011337 -0.679384 -0.690402 -0.248304 -0.067482 0.309235 0.044113 0.947562 -0.067482 0.309235 0.044113 0.947562 -0.067482 0.309235 0.044113 0.947562 -0.067482 0.309235 0.044113 0.947562 -0.208317 -0.091428 -0.464619 0.855789 -0.492336 -0.692009 -0.092554 0.519772 -0.492322 -0.692012 -0.092536 0.519784
-0.001318 0.785708 -0.002038 -0.055603 0.327290 0.034303 0.942663 -0.197988 0.356995 -0.046538 0.911696 -0.511094 -0.625849 -0.275040 -0.521008 -0.258709 -0.943799 -0.049379 -0.199685 -0.258709 -0.943799 -0.049379 -0.199685 -0.258709 -0.943799 -0.049379 -0.199685 0.009704 0.292471 -0.101608 0.950812 0.231724 0.141758 -0.073753 0.959567 0.160157 0.217729 -0.124762 0.954661 0.160157 0.217729 -0.124762 0.954661 0.160157 0.217729 -0.124762 0.954661 -0.055602 0.327290 0.034304 0.942663 -0.055602 0.327290 0.034304 0.942663 -0.055602 0.327290 0.034304 0.942663 -0.055602 0.327290 0.034304 0.942663 -0.158604 -0.529892 -0.608940 -0.568552 -0.095433 -0.618557 -0.735938 -0.258216 -0.095439 -0.618576 -0.735922 -0.258213 -0.055602 0.327290 0.034304 0.942663 -0.055602 0.327290 0.034304 0.942663 -0.055602 0.327290 0.034304 0.942663 -0.055602 0.327290 0.034304 0.942663 -0.203519 -0.164251 -0.459161 0.848983 -0.491708 -0.776433 -0.101047 0.381004 -0.491699 -0.776435 -0.101027 0.381017
-0.001145 0.789356 -0.002222 -0.044043 0.340356 0.011276 0.939197 -0.289779 0.389766 -0.031649 0.873561 -0.524554 -0.657250 -0.247385 -0.481317 -0.235384 -0.952630 -0.067303 -0.180444 -0.235384 -0.952630 -0.067303 -0.180444 -0.235384 -0.952630 -0.067303 -0.180444 0.012554 0.314971 -0.096833 0.944065 0.221614 0.181938 -0.066791 0.955680 0.146339 0.268856 -0.099165 0.946820 0.146339 0.268856 -0.099165 0.946820 0.146339 0.268856 -0.099165 0.946820 -0.044043 0.340356 0.011276 0.939197 -0.044043 0.340356 0.011276 0.939197 -0.044043 0.340356 0.011276 0.939197 -0.044043 0.340356 0.011276 0.939197 -0.207608 -0.507300 -0.656716 -0.517949 -0.207933 -0.524193 -0.780721 -0.269184 -0.207940 -0.524213 -0.780708 -0.269179 -0.044043 0.340356 0.011276 0.939197 -0.044043 0.340356 0.011276 0.939197 -0.044043 0.340356 0.011276 0.939197 -0.044043 0.340356 0.011276 0.939197 -0.208597 -0.223270 -0.476322 0.824473 -0.518302 -0.818784 -0.057228 0.240170 -0.518296 -0.818785 -0.057206 0.240183
-0.000982 0.797614 -0.002159 -0.021655 0.377642 -0.000839 0.925698 -0.305631 0.459805 0.002619 0.833764 -0.510865 -0.695880 -0.177053 -0.472674 -0.089783 -0.946612 0.085687 -0.297527 -0.089783 -0.946612 0.085687 -0.297527 -0.089783 -0.946612 0.085687 -0.297527 -0.008414 0.360237 -0.091910 0.928284 0.166650 0.238328 -0.071852 0.954078 0.053479 0.322167 -0.093530 0.940532 0.053479 0.322167 -0.093530 0.940532 0.053479 0.322167 -0.093530 0.940532 -0.021654 0.377642 -0.000839 0.925698 -0.021654 0.377642 -0.000839 0.925698 -0.021654 0.377642 -0.000839 0.925698 -0.021654 0.377642 -0.000839 0.925698 -0.257974 -0.507327 -0.659400 -0.491183 -0.268714 -0.504132 -0.767443 -0.290991 -0.268721 -0.504152 -0.767430 -0.290984 -0.021654 0.377642 -0.000839 0.925698 -0.021654 0.377642 -0.000839 0.925698 -0.021654 0.377642 -0.000839 0.925698 -0.021654 0.377642 -0.000839 0.925698 -0.218115 -0.248508 -0.487777 0.807925 -0.538970 -0.834538 0.014745 0.113313 -0.538967 -0.834538 0.014766 0.113327
-0.000862 0.810173 -0.002072 -0.006664 0.384482 -0.022130 0.922843 -0.325141 0.519842 0.008501 0.789921 -0.506708 -0.716306 -0.064994 -0.475319 -0.045863 -0.911555 0.283616 -0.294153 -0.045863 -0.911555 0.283616 -0.294153 -0.045863 -0.911555 0.283616 -0.294153 -0.020856 0.374788 -0.093151 0.922183 0.126957 0.272744 -0.074006 0.950797 -0.019865 0.368953 -0.066148 0.926878 -0.019865 0.368953 -0.066148 0.926878 -0.019865 0.368953 -0.066148 0.926878 -0.006664 0.384482 -0.022129 0.922843 -0.006664 0.384482 -0.022129 0.922843 -0.006664 0.384482 -0.022129 0.922843 -0.006664 0.384482 -0.022129 0.922843 -0.284307 -0.516273 -0.660742 -0.464813 -0.307392 -0.497270 -0.766092 -0.267087 -0.307399 -0.497290 -0.766079 -0.267079 -0.006664 0.384482 -0.022129 0.922843 -0.006664 0.384482 -0.022129 0.922843 -0.006664 0.384482 -0.022129 0.922843 -0.006664 0.384482 -0.022129 0.922843 -0.232969 -0.244864 -0.531625 0.776622 -0.570964 -0.819444 -0.013991 0.048129 -0.570963 -0.819444 -0.013970 0.048144
-0.000816 0.818098 -0.001981 0.001422 0.384812 -0.037895 0.922216 -0.357796 0.534810 0.048269 0.763957 -0.331881 -0.800349 -0.031366 -0.498309 0.125239 -0.870377 0.359572 -0.312197 0.125239 -0.870377 0.359572 -0.312197 0.125239 -0.870377 0.359572 -0.312197 -0.024850 0.376191 -0.098840 0.920920 0.090130 0.305184 -0.093062 0.943440 -0.120243 0.421349 -0.044986 0.897766 -0.120243 0.421349 -0.044986 0.897766 -0.120243 0.421349 -0.044986 0.897766 0.001422 0.384812 -0.037894 0.922216 0.001422 0.384812 -0.037894 0.922216 0.001422 0.384812 -0.037894 0.922216 0.001422 0.384812 -0.037894 0.922216 -0.296094 -0.522783 -0.656434 -0.456203 -0.346127 -0.483934 -0.757476 -0.268765 -0.346134 -0.483954 -0.757463 -0.268755 0.001422 0.384812 -0.037894 0.922216 0.001422 0.384812 -0.037894 0.922216 0.001422 0.384812 -0.037894 0.922216 0.001422 0.384812 -0.037894 0.922216 -0.249191 -0.212413 -0.579036 0.746661 -0.598913 -0.787879 -0.124942 0.070283 -0.598911 -0.787882 -0.124922 0.070299
-0.000784 0.820213 -0.001858 0.003363 0.386999 -0.046883 0.920881 -0.365605 0.534919 0.068112 0.758654 -0.116362 -0.843152 -0.004649 -0.524913 0.353868 -0.746954 0.426008 -0.367906 0.353868 -0.746954 0.426008 -0.367906 0.353868 -0.746954 0.426008 -0.367906 -0.029198 0.408476 -0.125659 0.903606 0.059834 0.327901 -0.099335 0.937568 -0.191997 0.423427 -0.017937 0.885169 -0.191997 0.423427 -0.017937 0.885169 -0.191997 0.423427 -0.017937 0.885169 0.003363 0.386999 -0.046882 0.920881 0.003363 0.386999 -0.046882 0.920881 0.003363 0.386999 -0.046882 0.920881 0.003363 0.386999 -0.046882 0.920881 -0.303334 -0.524801 -0.654292 -0.452189 -0.391069 -0.458106 -0.749792 -0.273891 -0.391076 -0.458125 -0.749780 -0.273881 0.003363 0.386999 -0.046882 0.920881 0.003363 0.386999 -0.046882 0.920881 0.003363 0.386999 -0.046882 0.920881 0.003363 0.386999 -0.046882 0.920881 -0.266838 -0.165894 -0.621097 0.717994 -0.648388 -0.741380 -0.137810 0.104677 -0.648385 -0.741384 -0.137791 0.104694
-0.000745 0.814313 -0.001656 0.007202 0.422661 -0.051471 0.904796 -0.325717 0.548727 0.064041 0.767272 -0.000732 -0.848299 -0.008951 -0.529442 0.448441 -0.677448 0.431632 -0.391994 0.448441 -0.677448 0.431632 -0.391994 0.448441 -0.677448 0.431632 -0.391994 0.009732 0.436516 -0.115303 0.892224 0.085688 0.349250 -0.085619 0.929167 -0.214168 0.430051 0.018187 0.876845 -0.214168 0.430051 0.018187 0.876845 -0.214168 0.430051 0.018187 0.876845 0.007202 0.422661 -0.051471 0.904796 0.007202 0.422661 -0.051471 0.904796 0.007202 0.422661 -0.051471 0.904796 0.007202 0.422661 -0.051471 0.904796 -0.333953 -0.544190 -0.641379 -0.425401 -0.442588 -0.454247 -0.735970 -0.236904 -0.442594 -0.454266 -0.735958 -0.236893 0.007202 0.422661 -0.051471 0.904796 0.007202 0.422661 -0.051471 0.904796 0.007202 0.422661 -0.051471 0.904796 0.007202 0.422661 -0.051471 0.904796 -0.303972 -0.091444 -0.651325 0.689213 0.696757 0.682967 0.148732 -0.161137 0.696753 0.682971 0.148714 -0.161155
-0.000726 0.807668 -0.001480 0.004616 0.461972 -0.056484 0.885082 -0.272908 0.578333 0.065228 0.766027 0.069364 -0.858692 -0.019620 -0.507397 0.494604 -0.658860 0.417294 -0.383582 0.494604 -0.658860 0.417294 -0.383582 0.494604 -0.658860 0.417294 -0.383582 0.037191 0.473794 -0.107351 0.873277 0.114997 0.393435 -0.080271 0.908593 -0.208446 0.465447 0.054548 0.858448 -0.208446 0.465447 0.054548 0.858448 -0.208446 0.465447 0.054548 0.858448 0.004616 0.461972 -0.056484 0.885082 0.004616 0.461972 -0.056484 0.885082 0.004616 0.461972 -0.056484 0.885082 0.004616 0.461972 -0.056484 0.885082 -0.357592 -0.584812 -0.609622 -0.398100 -0.469963 -0.488447 -0.708098 -0.197869 -0.469968 -0.488465 -0.708085 -0.197857 0.004616 0.461972 -0.056484 0.885082 0.004616 0.461972 -0.056484 0.885082 0.004616 0.461972 -0.056484 0.885082 0.004616 0.461972 -0.056484 0.885082 -0.344863 -0.000916 -0.667201 0.660236 0.741222 0.595299 0.156571 -0.267758 0.741215 0.595303 0.156556 -0.267777
-0.000743 0.793961 -0.001362 0.000459 0.476674 -0.052010 0.877540 -0.250575 0.590620 0.040029 0.766014 0.129486 -0.857238 0.024922 -0.497750 0.514227 -0.641723 0.452273 -0.345272 0.514227 -0.641723 0.452273 -0.345272 0.514227 -0.641723 0.452273 -0.345272 0.057247 0.483886 -0.111070 0.866164 0.146773 0.403561 -0.082003 0.899373 -0.201389 0.484648 0.073238 0.848054 -0.201389 0.484648 0.073238 0.848054 -0.201389 0.484648 0.073238 0.848054 0.000459 0.476674 -0.052009 0.877540 0.000459 0.476674 -0.052009 0.877540 0.000459 0.476674 -0.052009 0.877540 0.000459 0.476674 -0.052009 0.877540 -0.360764 -0.604383 -0.597841 -0.383610 -0.499733 -0.485713 -0.697136 -0.168376 -0.499738 -0.485731 -0.697124 -0.168363 0.000459 0.476674 -0.052009 0.877540 0.000459 0.476674 -0.052009 0.877540 0.000459 0.476674 -0.052009 0.877540 0.000459 0.476674 -0.052009 0.877540 -0.357407 0.023939 -0.661219 0.659148 0.740437 0.569222 0.195201 -0.299393 0.740430 0.569227 0.195186 -0.299412
-0.000750 0.776485 -0.001345 -0.009321 0.486034 -0.044834 0.872739 -0.259769 0.589605 0.002377 0.764775 0.148515 -0.851900 0.061322 -0.498447 0.498558 -0.637591 0.489730 -0.324163 0.498558 -0.637591 0.489730 -0.324163 0.498558 -0.637591 0.489730 -0.324163 0.059123 0.492320 -0.122363 0.859740 0.167334 0.400298 -0.092269 0.896240 -0.192047 0.479211 0.067156 0.853795 -0.192047 0.479211 0.067156 0.853795 -0.192047 0.479211 0.067156 0.853795 -0.009320 0.486034 -0.044834 0.872739 -0.009320 0.486034 -0.044834 0.872739 -0.009320 0.486034 -0.044834 0.872739 -0.009320 0.486034 -0.044834 0.872739 -0.365470 -0.604613 -0.607443 -0.363165 -0.530475 -0.457682 -0.702325 -0.125950 -0.530478 -0.457701 -0.702313 -0.125936 -0.009320 0.486034 -0.044834 0.872739 -0.009320 0.486034 -0.044834 0.872739 -0.009320 0.486034 -0.044834 0.872739 -0.009320 0.486034 -0.044834 0.872739 -0.369079 0.023913 -0.652250 0.661649 0.732272 0.544162 0.234153 -0.335913 0.732264 0.544168 0.234138 -0.335932
-0.000747 0.764514 -0.001337 -0.017234 0.495940 -0.035060 0.867477 -0.250129 0.588325 -0.003426 0.768959 0.136272 -0.851990 0.025092 -0.504889 0.472028 -0.662813 0.468876 -0.343545 0.472028 -0.662813 0.468876 -0.343545 0.472028 -0.662813 0.468876 -0.343545 0.064312 0.485518 -0.128884 0.862279 0.183407 0.386464 -0.101357 0.898184 -0.157312 0.469619 0.045540 0.867547 -0.157312 0.469619 0.045540 0.867547 -0.157312 0.469619 0.045540 0.867547 -0.017233 0.495940 -0.035060 0.867477 -0.017233 0.495940 -0.035060 0.867477 -0.017233 0.495940 -0.035060 0.867477 -0.017233 0.495940 -0.035060 0.867477 -0.360906 -0.608470 -0.601180 -0.371610 -0.517323 -0.474454 -0.696543 -0.148652 -0.517327 -0.474472 -0.696531 -0.148638 -0.017233 0.495940 -0.035060 0.867477 -0.017233 0.495940 -0.035060 0.867477 -0.017233 0.495940 -0.035060 0.867477 -0.017233 0.495940 -0.035060 0.867477 -0.372695 0.014412 -0.629226 0.681883 0.720733 0.546544 0.174288 -0.389176 0.720722 0.546548 0.174274 -0.389195
-0.000697 0.762056 -0.001312 -0.025537 0.478648 -0.024877 0.877283 -0.187743 0.568706 0.035862 0.800025 0.101005 -0.830934 -0.082071 -0.540936 0.439320 -0.674482 0.403426 -0.435108 0.439320 -0.674482 0.403426 -0.435108 0.439320 -0.674482 0.403426 -0.435108 0.025479 0.452253 -0.067428 0.888972 0.202784 0.327474 -0.111780 0.916048 -0.119049 0.375535 -0.025468 0.918778 -0.119049 0.375535 -0.025468 0.918778 -0.119049 0.375535 -0.025468 0.918778 -0.025536 0.478648 -0.024876 0.877283 -0.025536 0.478648 -0.024876 0.877283 -0.025536 0.478648 -0.024876 0.877283 -0.025536 0.478648 -0.024876 0.877283 -0.343629 -0.595538 -0.619106 -0.379422 -0.487991 -0.477998 -0.710652 -0.168394 -0.487995 -0.478016 -0.710640 -0.168381 -0.025536 0.478648 -0.024876 0.877283 -0.025536 0.478648 -0.024876 0.877283 -0.025536 0.478648 -0.024876 0.877283 -0.025536 0.478648 -0.024876 0.877283 -0.356379 -0.032002 -0.613985 0.703557 0.703484 0.616506 0.108818 -0.336436 0.703476 0.616509 0.108802 -0.336454
-0.000663 0.784186 -0.001351 -0.031466 0.438484 -0.009965 0.898133 -0.156222 0.538167 0.059620 0.826085 0.063132 -0.807101 -0.112520 -0.576143 0.373042 -0.695997 0.393352 -0.470853 0.373042 -0.695997 0.393352 -0.470853 0.373042 -0.695997 0.393352 -0.470853 -0.062758 0.481581 0.034880 0.873456 0.253501 0.360251 -0.107587 0.891281 0.002435 0.374170 -0.069440 0.924754 0.002435 0.374170 -0.069440 0.924754 0.002435 0.374170 -0.069440 0.924754 -0.031466 0.438484 -0.009965 0.898133 -0.031466 0.438484 -0.009965 0.898133 -0.031466 0.438484 -0.009965 0.898133 -0.031466 0.438484 -0.009965 0.898133 -0.310959 -0.556689 -0.653540 -0.407783 -0.441941 -0.457331 -0.741825 -0.212678 -0.441946 -0.457350 -0.741813 -0.212667 -0.031466 0.438484 -0.009965 0.898133 -0.031466 0.438484 -0.009965 0.898133 -0.031466 0.438484 -0.009965 0.898133 -0.031466 0.438484 -0.009965 0.898133 -0.326839 -0.079541 -0.616566 0.711826 0.682233 0.677873 0.133073 -0.239453 0.682227 0.677877 0.133055 -0.239471
-0.000652 0.798245 -0.001403 -0.040829 0.400012 -0.003746 0.915592 -0.152025 0.515387 0.066405 0.840747 0.064953 -0.797443 -0.107568 -0.590166 0.375371 -0.686680 0.396636 -0.479841 0.375371 -0.686680 0.396636 -0.479841 0.375371 -0.686680 0.396636 -0.479841 -0.135334 0.447155 0.119953 0.875984 0.263850 0.352402 -0.067605 0.895335 0.028545 0.352131 -0.043427 0.934507 0.028545 0.352131 -0.043427 0.934507 0.028545 0.352131 -0.043427 0.934507 -0.040829 0.400012 -0.003746 0.915592 -0.040829 0.400012 -0.003746 0.915592 -0.040829 0.400012 -0.003746 0.915592 -0.040829 0.400012 -0.003746 0.915592 -0.281517 -0.515133 -0.683780 -0.433394 -0.393866 -0.433233 -0.773049 -0.244078 -0.393872 -0.433253 -0.773038 -0.244068 -0.040829 0.400012 -0.003746 0.915592 -0.040829 0.400012 -0.003746 0.915592 -0.040829 0.400012 -0.003746 0.915592 -0.040829 0.400012 -0.003746 0.915592 -0.297369 -0.151832 -0.605493 0.722425 -0.644449 -0.759471 -0.069849 0.054873 -0.644448 -0.759472 -0.069829 0.054889
-0.000651 0.804482 -0.001373 -0.051399 0.341798 0.002237 0.938364 -0.147227 0.475480 0.067961 0.864653 0.077314 -0.774436 -0.106868 -0.618750 0.375459 -0.665003 0.402694 -0.504617 0.375459 -0.665003 0.402694 -0.504617 0.375459 -0.665003 0.402694 -0.504617 -0.155390 0.402104 0.156617 0.888615 0.326566 0.352526 -0.029896 0.876462 0.121589 0.369738 0.018101 0.920968 0.121589 0.369738 0.018101 0.920968 0.121589 0.369738 0.018101 0.920968 -0.051399 0.341798 0.002238 0.938364 -0.051399 0.341798 0.002238 0.938364 -0.051399 0.341798 0.002238 0.938364 -0.051399 0.341798 0.002238 0.938364 -0.233514 -0.462752 -0.714727 -0.469572 -0.326273 -0.400690 -0.809951 -0.277440 -0.326280 -0.400711 -0.809941 -0.277432 -0.051399 0.341798 0.002238 0.938364 -0.051399 0.341798 0.002238 0.938364 -0.051399 0.341798 0.002238 0.938364 -0.051399 0.341798 0.002238 0.938364 -0.267510 -0.194131 -0.630008 0.702738 -0.630182 -0.764194 -0.127185 -0.051979 -0.630183 -0.764197 -0.127165 -0.051963
-0.000637 0.806209 -0.001341 -0.035139 0.274891 0.013745 0.960735 -0.142742 0.408332 0.062496 0.899435 0.106862 -0.722162 -0.096316 -0.676598 0.358771 -0.611199 0.434805 -0.555575 0.358771 -0.611199 0.434805 -0.555575 0.358771 -0.611199 0.434805 -0.555575 -0.134524 0.334807 0.184888 0.914125 0.425917 0.328705 0.035416 0.842196 0.244886 0.370922 0.088501 0.891412 0.244886 0.370922 0.088501 0.891412 0.244886 0.370922 0.088501 0.891412 -0.035138 0.274891 0.013745 0.960735 -0.035138 0.274891 0.013745 0.960735 -0.035138 0.274891 0.013745 0.960735 -0.035138 0.274891 0.013745 0.960735 -0.190003 -0.389358 -0.747825 -0.503048 -0.287361 -0.325919 -0.844601 -0.312809 -0.287369 -0.325941 -0.844593 -0.312802 -0.035138 0.274891 0.013745 0.960735 -0.035138 0.274891 0.013745 0.960735 -0.035138 0.274891 0.013745 0.960735 -0.035138 0.274891 0.013745 0.960735 -0.198245 -0.293169 -0.617755 0.702232 -0.581931 -0.781187 -0.124658 -0.188582 -0.581936 -0.781190 -0.124638 -0.188567
-0.000643 0.818326 -0.001318 -0.029773 0.156949 0.018192 0.986990 -0.120426 0.332137 0.066016 0.933180 -0.087754 0.686818 0.141501 0.707501 0.318018 -0.641150 0.377213 -0.587794 0.318018 -0.641150 0.377213 -0.587794 0.318018 -0.641150 0.377213 -0.587794 -0.156322 0.232038 0.189955 0.941084 0.480117 0.302880 0.114493 0.815256 0.349805 0.378545 0.182290 0.837324 0.349805 0.378545 0.182289 0.837324 0.349805 0.378545 0.182289 0.837324 -0.029773 0.156949 0.018193 0.986990 -0.029773 0.156949 0.018193 0.986990 -0.029773 0.156949 0.018193 0.986990 -0.029773 0.156949 0.018193 0.986990 -0.104868 -0.248140 -0.792131 -0.547684 -0.189907 -0.195833 -0.892480 -0.359256 -0.189916 -0.195856 -0.892475 -0.359251 -0.029773 0.156949 0.018193 0.986990 -0.029773 0.156949 0.018193 0.986990 -0.029773 0.156949 0.018193 0.986990 -0.029773 0.156949 0.018193 0.986990 -0.108911 -0.392457 -0.599730 0.688796 -0.490450 -0.791688 -0.286656 -0.224760 -0.490456 -0.791695 -0.286635 -0.224748
-0.000666 0.832413 -0.001282 -0.034302 0.099694 0.020963 0.994206 -0.097425 0.289918 0.074028 0.949197 -0.027383 0.659332 0.197065 0.725049 0.204515 -0.704264 0.313793 -0.603091 0.204515 -0.704264 0.313793 -0.603091 0.204515 -0.704264 0.313793 -0.603091 -0.192640 0.183119 0.149280 0.952404 0.465568 0.240259 0.088047 0.847213 0.271089 0.291948 0.156626 0.903740 0.271089 0.291948 0.156626 0.903740 0.271089 0.291948 0.156626 0.903740 -0.034302 0.099694 0.020964 0.994206 -0.034302 0.099694 0.020964 0.994206 -0.034302 0.099694 0.020964 0.994206 -0.034302 0.099694 0.020964 0.994206 -0.055458 -0.171760 -0.790539 -0.585210 -0.124579 -0.131442 -0.905581 -0.383571 -0.124589 -0.131466 -0.905577 -0.383568 -0.034302 0.099694 0.020964 0.994206 -0.034302 0.099694 0.020964 0.994206 -0.034302 0.099694 0.020964 0.994206 -0.034302 0.099694 0.020964 0.994206 -0.074451 -0.427187 -0.601418 0.671018 -0.440467 -0.791751 -0.397442 -0.145464 -0.440471 -0.791761 -0.397421 -0.145453
-0.000678 0.837400 -0.001247 -0.028435 0.095930 0.022355 0.994731 -0.093028 0.276831 0.060716 0.954476 -0.017490 0.639474 0.185658 0.745854 0.147209 -0.700138 0.335946 -0.612598 0.147209 -0.700138 0.335946 -0.612598 0.147209 -0.700138 0.335946 -0.612598 -0.199272 0.209576 0.129042 0.948534 0.399101 0.259921 0.057178 0.877434 0.115852 0.305659 0.146108 0.933704 0.115852 0.305659 0.146108 0.933704 0.115852 0.305659 0.146108 0.933704 -0.028434 0.095930 0.022356 0.994731 -0.028434 0.095930 0.022356 0.994731 -0.028434 0.095930 0.022356 0.994731 -0.028435 0.095930 0.022356 0.994731 -0.053018 -0.150947 -0.768551 -0.619462 -0.078210 -0.141839 -0.904851 -0.393712 -0.078220 -0.141863 -0.904848 -0.393710 -0.028434 0.095930 0.022356 0.994731 -0.028434 0.095930 0.022356 0.994731 -0.028434 0.095930 0.022356 0.994731 -0.028434 0.095930 0.022356 0.994731 -0.065652 -0.465729 -0.596540 0.650328 -0.479187 -0.800799 -0.340382 -0.115072 -0.479190 -0.800808 -0.340361 -0.115060
-0.000659 0.836734 -0.001169 -0.040988 0.050573 0.023867 0.997593 -0.096471 0.198062 0.053929 0.973939 -0.010637 0.541529 0.162180 0.824822 -0.012714 0.615405 -0.397771 0.680363 -0.012714 0.615405 -0.397771 0.680363 -0.012714 0.615405 -0.397771 0.680363 -0.168599 0.130863 0.033097 0.976398 0.315475 0.134210 0.032940 0.938817 0.012244 0.206787 0.066760 0.976029 0.012244 0.206787 0.066760 0.976029 0.012244 0.206787 0.066760 0.976029 -0.040988 0.050573 0.023867 0.997593 -0.040988 0.050573 0.023867 0.997593 -0.040988 0.050573 0.023867 0.997593 -0.040988 0.050573 0.023867 0.997593 -0.009126 -0.092696 -0.752331 -0.652167 -0.022697 -0.097493 -0.911725 -0.398419 -0.022707 -0.097517 -0.911723 -0.398418 -0.040988 0.050573 0.023867 0.997593 -0.040988 0.050573 0.023867 0.997593 -0.040988 0.050573 0.023867 0.997593 -0.040988 0.050573 0.023867 0.997593 -0.044763 -0.487753 -0.602358 0.630285 -0.448238 -0.795818 -0.394267 -0.101537 -0.448241 -0.795828 -0.394246 -0.101525
-0.000638 0.834692 -0.001135 -0.040307 -0.076275 0.032007 0.995757 -0.092231 0.027539 0.054753 0.993850 -0.014195 0.342250 0.145752 0.928127 0.163981 0.429217 -0.429996 0.777165 0.163981 0.429217 -0.429996 0.777165 0.163981 0.429217 -0.429996 0.777165 -0.165523 -0.078052 -0.082300 0.979662 0.187575 -0.136953 0.052215 0.971253 -0.114891 -0.068143 -0.015585 0.990916 -0.114891 -0.068143 -0.015585 0.990916 -0.114891 -0.068143 -0.015585 0.990916 -0.040307 -0.076275 0.032007 0.995757 -0.040307 -0.076275 0.032007 0.995757 -0.040307 -0.076275 0.032007 0.995757 -0.040307 -0.076275 0.032007 0.995757 0.082928 0.027597 -0.744314 -0.662086 0.081621 0.006699 -0.908678 -0.409386 0.081611 0.006675 -0.908678 -0.409388 -0.040307 -0.076275 0.032007 0.995757 -0.040307 -0.076275 0.032007 0.995757 -0.040307 -0.076275 0.032007 0.995757 -0.040307 -0.076275 0.032007 0.995757 0.038598 -0.556186 -0.582871 0.591125 -0.334254 -0.798066 -0.488834 -0.111382 -0.334257 -0.798079 -0.488813 -0.111373
-0.000694 0.833235 -0.001078 -0.051423 -0.162218 0.040454 0.984583 -0.063259 -0.137523 0.071569 0.985882 -0.002265 0.137444 0.165060 0.976657 0.323857 0.226377 -0.419404 0.817294 0.323857 0.226377 -0.419404 0.817294 0.323857 0.226377 -0.419404 0.817294 -0.172484 -0.211536 -0.152650 0.949842 0.123152 -0.311130 0.040201 0.941496 -0.144276 -0.253719 -0.087735 0.952425 -0.144276 -0.253719 -0.087735 0.952425 -0.144276 -0.253719 -0.087735 0.952425 -0.051423 -0.162218 0.040454 0.984583 -0.051423 -0.162218 0.040454 0.984583 -0.051423 -0.162218 0.040454 0.984583 -0.051423 -0.162218 0.040454 0.984583 0.151204 0.092886 -0.732582 -0.657141 0.167051 0.051289 -0.885492 -0.430544 0.167040 0.051266 -0.885493 -0.430548 -0.051423 -0.162218 0.040454 0.984583 -0.051423 -0.162218 0.040454 0.984583 -0.051423 -0.162218 0.040454 0.984583 -0.051423 -0.162218 0.040454 0.984583 0.086364 -0.597832 -0.556073 0.570894 -0.264754 -0.816216 -0.512024 -0.039081 -0.264755 -0.816230 -0.512003 -0.039074
-0.000795 0.828932 -0.001049 -0.057487 -0.218013 0.043571 0.973277 -0.084711 -0.224051 0.086055 0.967068 0.004968 0.027614 0.169786 0.985081 0.396578 0.119817 -0.443952 0.794529 0.396578 0.119817 -0.443952 0.794529 0.396578 0.119817 -0.443952 0.794529 -0.177739 -0.271943 -0.185359 0.927415 0.074725 -0.376670 0.016103 0.923188 -0.187489 -0.313696 -0.135220 0.920955 -0.187489 -0.313696 -0.135220 0.920955 -0.187489 -0.313696 -0.135220 0.920955 -0.057487 -0.218013 0.043572 0.973277 -0.057487 -0.218013 0.043572 0.973277 -0.057487 -0.218013 0.043572 0.973277 -0.057487 -0.218013 0.043571 0.973277 0.194571 0.121123 -0.720153 -0.654867 0.226346 0.061843 -0.858267 -0.456421 0.226334 0.061820 -0.858269 -0.456427 -0.057487 -0.218013 0.043572 0.973277 -0.057487 -0.218013 0.043572 0.973277 -0.057487 -0.218013 0.043572 0.973277 -0.057487 -0.218013 0.043571 0.973277 0.113221 -0.629066 -0.527339 0.559795 -0.242512 -0.839418 -0.486301 0.008699 -0.242512 -0.839431 -0.486280 0.008705
-0.000850 0.818678 -0.001054 -0.061388 -0.230666 0.044632 0.970068 -0.057551 -0.263640 0.112030 0.956363 0.029691 -0.016803 0.163419 0.985967 0.428742 0.049992 -0.514546 0.740894 0.428742 0.049992 -0.514546 0.740894 0.428742 0.049992 -0.514546 0.740894 -0.184631 -0.272785 -0.188575 0.925170 0.043597 -0.370822 -0.006231 0.927659 -0.214138 -0.298444 -0.152498 0.917508 -0.214138 -0.298444 -0.152498 0.917508 -0.214138 -0.298444 -0.152498 0.917508 -0.061388 -0.230666 0.044632 0.970068 -0.061388 -0.230666 0.044632 0.970068 -0.061388 -0.230666 0.044632 0.970068 -0.061388 -0.230666 0.044632 0.970068 0.208431 0.094301 -0.720622 -0.654498 0.240531 0.029265 -0.846923 -0.473297 0.240519 0.029243 -0.846923 -0.473304 -0.061388 -0.230666 0.044632 0.970068 -0.061388 -0.230666 0.044632 0.970068 -0.061388 -0.230666 0.044632 0.970068 -0.061388 -0.230666 0.044632 0.970068 0.114737 -0.639641 -0.508987 0.564471 -0.233616 -0.852672 -0.465942 0.035672 -0.233616 -0.852684 -0.465920 0.035678
-0.000873 0.802660 -0.001080 -0.060387 -0.220369 0.043122 0.972590 -0.053548 -0.246755 0.125136 0.959472 0.021902 0.006053 0.188018 0.981903 0.403646 0.074171 -0.504204 0.759834 0.403646 0.074171 -0.504204 0.759834 0.403646 0.074171 -0.504204 0.759834 -0.178476 -0.251248 -0.186539 0.932858 0.036229 -0.341864 -0.019968 0.938838 -0.235712 -0.257274 -0.157497 0.923821 -0.235712 -0.257274 -0.157497 0.923821 -0.235712 -0.257274 -0.157497 0.923821 -0.060387 -0.220368 0.043123 0.972590 -0.060387 -0.220368 0.043123 0.972590 -0.060387 -0.220368 0.043123 0.972590 -0.060387 -0.220368 0.043123 0.972590 0.200839 0.055456 -0.714114 -0.668304 0.241849 -0.019314 -0.826567 -0.507862 0.241836 -0.019336 -0.826566 -0.507868 -0.060387 -0.220368 0.043123 0.972590 -0.060387 -0.220368 0.043123 0.972590 -0.060387 -0.220368 0.043123 0.972590 -0.060387 -0.220368 0.043123 0.972590 0.107365 -0.636424 -0.506089 0.572112 -0.239235 -0.855335 -0.457026 0.047911 -0.239234 -0.855347 -0.457004 0.047917
-0.000877 0.793617 -0.001100 -0.049995 -0.219981 0.037278 0.973509 -0.040692 -0.247446 0.122685 0.960241 0.042437 0.006194 0.187670 0.981295 0.414398 0.077629 -0.520785 0.742315 0.414398 0.077629 -0.520785 0.742315 0.414398 0.077629 -0.520785 0.742315 -0.162570 -0.249882 -0.186066 0.936221 0.059152 -0.337887 -0.019875 0.939116 -0.221097 -0.250391 -0.159862 0.928905 -0.221097 -0.250391 -0.159862 0.928905 -0.221097 -0.250391 -0.159862 0.928905 -0.049995 -0.219980 0.037278 0.973509 -0.049995 -0.219980 0.037278 0.973509 -0.049995 -0.219980 0.037278 0.973509 -0.049995 -0.219980 0.037278 0.973509 0.193610 0.034314 -0.708614 -0.677646 0.265125 -0.073828 -0.812620 -0.513718 0.265112 -0.073849 -0.812618 -0.513725 -0.049995 -0.219980 0.037278 0.973509 -0.049995 -0.219980 0.037278 0.973509 -0.049995 -0.219980 0.037278 0.973509 -0.049995 -0.219980 0.037278 0.973509 0.110585 -0.628218 -0.513393 0.574057 -0.212013 -0.845351 -0.486899 0.057972 -0.212012 -0.845364 -0.486877 0.057978
-0.000850 0.789890 -0.001166 -0.043943 -0.210450 0.029399 0.976174 -0.034070 -0.240304 0.108357 0.964029 0.074471 0.055358 0.197113 0.975980 0.375617 0.152757 -0.486173 0.774089 0.375617 0.152757 -0.486173 0.774089 0.375617 0.152757 -0.486173 0.774089 -0.153989 -0.238312 -0.185153 0.940858 0.081413 -0.317021 -0.018991 0.944727 -0.196729 -0.220767 -0.146900 0.943918 -0.196729 -0.220767 -0.146900 0.943918 -0.196729 -0.220767 -0.146900 0.943918 -0.043943 -0.210450 0.029399 0.976174 -0.043943 -0.210450 0.029399 0.976174 -0.043943 -0.210450 0.029399 0.976174 -0.043943 -0.210450 0.029399 0.976174 0.181941 0.026041 -0.704420 -0.685574 0.294377 -0.122277 -0.790710 -0.522655 0.294364 -0.122297 -0.790707 -0.522663 -0.043943 -0.210450 0.029399 0.976174 -0.043943 -0.210450 0.029399 0.976174 -0.043943 -0.210450 0.029399 0.976174 -0.043943 -0.210450 0.029399 0.976174 0.108262 -0.616329 -0.534664 0.567937 -0.219368 -0.830676 -0.508671 0.055761 -0.219366 -0.830689 -0.508649 0.055767
-0.000788 0.794749 -0.001207 -0.044112 -0.192113 0.024978 0.980063 -0.074873 -0.178941 0.049352 0.979764 0.074445 0.162674 0.205189 0.962233 0.298608 0.346652 -0.315196 0.831455 0.298608 0.346652 -0.315196 0.831455 0.298608 0.346652 -0.315196 0.831455 -0.152569 -0.215714 -0.182894 0.946964 0.126975 -0.276442 0.016605 0.952461 -0.141334 -0.169905 -0.088091 0.971286 -0.141334 -0.169905 -0.088091 0.971286 -0.141334 -0.169905 -0.088091 0.971286 -0.044112 -0.192113 0.024979 0.980063 -0.044112 -0.192113 0.024979 0.980063 -0.044112 -0.192113 0.024979 0.980063 -0.044112 -0.192113 0.024979 0.980063 0.168814 0.023471 -0.706552 -0.686830 0.304295 -0.145757 -0.785512 -0.518777 0.304282 -0.145778 -0.785508 -0.518785 -0.044112 -0.192113 0.024979 0.980063 -0.044112 -0.192113 0.024979 0.980063 -0.044112 -0.192113 0.024979 0.980063 -0.044112 -0.192113 0.024979 0.980063 0.100422 -0.590586 -0.565640 0.566723 -0.225202 -0.805283 -0.545505 0.056817 -0.225200 -0.805297 -0.545484 0.056823
-0.000760 0.771816 -0.001359 -0.038086 -0.180379 0.021005 0.982635 -0.098243 -0.227104 -0.067421 0.966554 0.165112 0.046024 0.245293 0.954176 0.475995 0.359162 -0.047829 0.801339 0.475995 0.359162 -0.047829 0.801339 0.475995 0.359162 -0.047829 0.801339 -0.157211 -0.223184 -0.195138 0.942016 0.123017 -0.309570 0.000984 0.942885 -0.146861 -0.221194 -0.129149 0.955419 -0.146861 -0.221194 -0.129149 0.955419 -0.146861 -0.221194 -0.129149 0.955419 -0.038087 -0.180379 0.021006 0.982635 -0.038087 -0.180379 0.021006 0.982635 -0.038087 -0.180379 0.021006 0.982635 -0.038087 -0.180379 0.021006 0.982635 0.156486 0.001254 -0.706994 -0.689688 0.308333 -0.183518 -0.772711 -0.523612 0.308319 -0.183538 -0.772706 -0.523620 -0.038087 -0.180379 0.021006 0.982635 -0.038087 -0.180379 0.021006 0.982635 -0.038087 -0.180379 0.021006 0.982635 -0.038087 -0.180379 0.021006 0.982635 0.096047 -0.571537 -0.577974 0.574515 -0.262422 -0.799743 -0.538636 0.037634 -0.262421 -0.799757 -0.538616 0.037641
-0.000749 0.764059 -0.001528 -0.041955 -0.154553 0.017474 0.986939 -0.134099 -0.228770 -0.144488 0.953313 0.218020 0.009254 0.256410 0.941613 0.554717 0.356400 0.016636 0.751659 0.554717 0.356400 0.016636 0.751659 0.554717 0.356400 0.016636 0.751659 -0.153450 -0.215739 -0.192479 0.944914 0.118758 -0.327057 -0.017295 0.937353 -0.162259 -0.249467 -0.169185 0.939582 -0.162259 -0.249467 -0.169185 0.939582 -0.162259 -0.249467 -0.169185 0.939582 -0.041955 -0.154553 0.017475 0.986939 -0.041955 -0.154553 0.017475 0.986939 -0.041955 -0.154553 0.017475 0.986939 -0.041955 -0.154553 0.017475 0.986939 0.140587 -0.021580 -0.707356 -0.692399 0.278710 -0.190006 -0.774246 -0.535501 0.278696 -0.190027 -0.774241 -0.535508 -0.041955 -0.154553 0.017475 0.986939 -0.041955 -0.154553 0.017475 0.986939 -0.041955 -0.154553 0.017475 0.986939 -0.041955 -0.154553 0.017475 0.986939 0.075587 -0.531885 -0.586963 0.605689 -0.292184 -0.792057 -0.530058 0.079453 -0.292182 -0.792071 -0.530038 0.079461
-0.000749 0.764749 -0.001834 -0.026961 -0.047704 0.010927 0.998438 -0.166997 -0.096695 -0.159402 0.968170 0.309497 0.121405 0.271883 0.903079 0.559769 0.479822 0.082574 0.670531 0.559769 0.479822 0.082574 0.670531 0.559769 0.479822 0.082574 0.670531 -0.114136 -0.131800 -0.177114 0.968624 0.138236 -0.266342 -0.054104 0.952379 -0.129819 -0.191553 -0.184555 0.955193 -0.129819 -0.191553 -0.184555 0.955193 -0.129819 -0.191553 -0.184555 0.955193 -0.026961 -0.047704 0.010928 0.998438 -0.026961 -0.047704 0.010928 0.998438 -0.026961 -0.047704 0.010928 0.998438 -0.026961 -0.047704 0.010928 0.998438 0.053664 -0.090041 -0.707625 -0.698770 0.164901 -0.220060 -0.782580 -0.558524 0.164887 -0.220081 -0.782575 -0.558528 -0.026961 -0.047704 0.010928 0.998438 -0.026961 -0.047704 0.010928 0.998438 -0.026961 -0.047704 0.010928 0.998438 -0.026961 -0.047704 0.010928 0.998438 0.017367 -0.481508 -0.609183 0.629876 -0.412735 -0.787095 -0.453466 0.067079 -0.412734 -0.787107 -0.453445 0.067090
-0.000746 0.768281 -0.002085 0.002167 0.056574 0.009474 0.998351 -0.216122 0.046497 -0.153809 0.963053 0.353630 0.258276 0.246042 0.864698 0.490965 0.578963 0.062884 0.647921 0.490965 0.578963 0.062884 0.647921 0.490965 0.578963 0.062884 0.647921 -0.069633 -0.040574 -0.153597 0.984842 0.156393 -0.189186 -0.085806 0.965602 -0.096246 -0.126855 -0.197847 0.967213 -0.096246 -0.126855 -0.197847 0.967213 -0.096246 -0.126855 -0.197847 0.967213 0.002167 0.056574 0.009474 0.998351 0.002167 0.056574 0.009474 0.998351 0.002167 0.056574 0.009474 0.998351 0.002167 0.056574 0.009474 0.998351 0.037841 0.247377 0.682911 0.686298 0.038934 -0.346612 -0.766310 -0.539548 0.038920 -0.346632 -0.766301 -0.539549 0.002167 0.056574 0.009474 0.998351 0.002167 0.056574 0.009474 0.998351 0.002167 0.056574 0.009474 0.998351 0.002167 0.056574 0.009474 0.998351 -0.028966 -0.451420 -0.611615 0.649082 -0.469703 -0.777484 -0.388028 0.155988 -0.469699 -0.777494 -0.388008 0.156000
-0.000767 0.770983 -0.002202 -0.003306 0.071494 0.007511 0.997407 -0.257952 0.059590 -0.143043 0.953650 0.287906 0.289477 0.226013 0.884438 0.350117 0.564434 -0.001246 0.747550 0.350117 0.564434 -0.001246 0.747550 0.350117 0.564434 -0.001246 0.747550 -0.057060 -0.004020 -0.123569 0.990686 0.147830 -0.131274 -0.098667 0.975284 -0.110886 -0.062118 -0.191678 0.973193 -0.110886 -0.062118 -0.191678 0.973193 -0.110886 -0.062118 -0.191678 0.973193 -0.003306 0.071494 0.007512 0.997407 -0.003306 0.071494 0.007512 0.997407 -0.003306 0.071494 0.007512 0.997407 -0.003306 0.071494 0.007511 0.997407 -0.044360 -0.291260 -0.680496 -0.670914 -0.002151 -0.365187 -0.781014 -0.506607 -0.002164 -0.365207 -0.781005 -0.506607 -0.003306 0.071494 0.007512 0.997407 -0.003306 0.071494 0.007512 0.997407 -0.003306 0.071494 0.007512 0.997407 -0.003306 0.071494 0.007511 0.997407 -0.041149 -0.481777 -0.594994 0.642012 -0.495597 -0.777943 -0.318939 0.217870 -0.495591 -0.777951 -0.318919 0.217883
-0.000776 0.770504 -0.002224 -0.007353 0.064704 -0.003957 0.997870 -0.197841 0.054055 -0.125875 0.970615 0.268815 0.264679 0.191495 0.906098 0.346938 0.514019 -0.082660 0.780119 0.346938 0.514019 -0.082660 0.780119 0.346938 0.514019 -0.082660 0.780119 -0.057670 -0.013629 -0.113505 0.991769 0.141981 -0.141671 -0.091049 0.975439 -0.108405 -0.080248 -0.187645 0.972933 -0.108405 -0.080248 -0.187645 0.972933 -0.108405 -0.080248 -0.187645 0.972933 -0.007353 0.064704 -0.003957 0.997870 -0.007353 0.064704 -0.003957 0.997870 -0.007353 0.064704 -0.003957 0.997870 -0.007353 0.064704 -0.003957 0.997870 -0.041121 -0.292309 -0.691242 -0.659583 -0.010478 -0.353982 -0.790411 -0.499837 -0.010491 -0.354003 -0.790402 -0.499837 -0.007353 0.064704 -0.003957 0.997870 -0.007353 0.064704 -0.003957 0.997870 -0.007353 0.064704 -0.003957 0.997870 -0.007353 0.064704 -0.003957 0.997870 -0.045376 -0.496152 -0.598126 0.627709 -0.532190 -0.746759 -0.254992 0.306762 -0.532183 -0.746766 -0.254973 0.306776
-0.000775 0.780095 -0.002245 -0.012257 0.144476 -0.020171 0.989227 -0.238953 0.161084 -0.080634 0.954176 0.208609 0.387019 0.125110 0.889408 0.229535 0.574244 -0.200434 0.759858 0.229535 0.574244 -0.200434 0.759858 0.229535 0.574244 -0.200434 0.759858 -0.075125 0.047412 -0.113741 0.989531 0.129370 -0.094686 -0.074578 0.984244 -0.113498 -0.048514 -0.164131 0.978686 -0.113498 -0.048514 -0.164131 0.978686 -0.113498 -0.048514 -0.164131 0.978686 -0.012256 0.144476 -0.020171 0.989227 -0.012256 0.144476 -0.020171 0.989227 -0.012256 0.144476 -0.020171 0.989227 -0.012257 0.144476 -0.020171 0.989227 -0.098099 -0.320826 -0.682024 -0.649839 -0.072386 -0.369697 -0.779514 -0.500443 -0.072398 -0.369717 -0.779504 -0.500441 -0.012256 0.144476 -0.020171 0.989227 -0.012256 0.144476 -0.020171 0.989227 -0.012256 0.144476 -0.020171 0.989227 -0.012257 0.144476 -0.020171 0.989227 -0.103332 -0.458009 -0.587667 0.658937 -0.566448 -0.728141 -0.194525 0.333329 -0.566439 -0.728146 -0.194506 0.333343
-0.000823 0.802207 -0.002175 -0.024426 0.244617 -0.034026 0.968715 -0.288380 0.288232 -0.060731 0.911082 0.102518 0.522032 0.032461 0.846120 0.028976 0.626919 -0.314812 0.712058 0.028976 0.626919 -0.314812 0.712058 0.028976 0.626919 -0.314812 0.712058 -0.104821 0.189688 -0.105710 0.970493 0.088319 0.106098 -0.046356 0.989340 -0.154360 0.192024 -0.054057 0.967666 -0.154360 0.192024 -0.054057 0.967666 -0.154360 0.192024 -0.054057 0.967666 -0.024425 0.244617 -0.034026 0.968715 -0.024425 0.244617 -0.034026 0.968715 -0.024425 0.244617 -0.034026 0.968715 -0.024426 0.244617 -0.034026 0.968715 -0.168281 -0.379959 -0.674493 -0.610223 -0.183449 -0.386019 -0.770196 -0.473428 -0.183461 -0.386039 -0.770186 -0.473423 -0.024425 0.244617 -0.034026 0.968715 -0.024425 0.244617 -0.034026 0.968715 -0.024425 0.244617 -0.034026 0.968715 -0.024426 0.244617 -0.034026 0.968715 -0.171415 -0.392519 -0.552854 0.714771 -0.574736 -0.745587 -0.137974 0.307802 -0.574728 -0.745590 -0.137954 0.307817
-0.000916 0.815426 -0.001991 -0.016305 0.334936 -0.046465 0.940953 -0.260346 0.388811 -0.033932 0.883116 0.063999 0.635277 0.025886 0.769193 0.176340 -0.704820 0.251359 -0.639493 0.176340 -0.704820 0.251359 -0.639493 0.176340 -0.704820 0.251359 -0.639493 -0.102046 0.288521 -0.093667 0.947401 0.070072 0.215399 -0.050230 0.972713 -0.148558 0.305452 -0.035189 0.939889 -0.148558 0.305452 -0.035189 0.939889 -0.148558 0.305452 -0.035189 0.939889 -0.016304 0.334936 -0.046464 0.940953 -0.016304 0.334936 -0.046464 0.940953 -0.016304 0.334936 -0.046464 0.940953 -0.016304 0.334936 -0.046464 0.940953 -0.247817 -0.443210 -0.661582 -0.551780 -0.283699 -0.423659 -0.750594 -0.420282 -0.283710 -0.423678 -0.750583 -0.420275 -0.016304 0.334936 -0.046464 0.940953 -0.016304 0.334936 -0.046464 0.940953 -0.016304 0.334936 -0.046464 0.940953 -0.016304 0.334936 -0.046464 0.940953 -0.219030 -0.312869 -0.535253 0.753421 -0.607996 -0.760300 0.003347 0.228634 -0.607990 -0.760300 0.003367 0.228649
-0.000988 0.814384 -0.001855 -0.010600 0.403121 -0.058250 0.913229 -0.219275 0.410583 -0.014322 0.884949 0.026474 0.653344 0.066336 0.753684 0.267787 -0.694672 0.192078 -0.639396 0.267787 -0.694672 0.192078 -0.639396 0.267787 -0.694672 0.192078 -0.639396 -0.092442 0.390846 -0.073088 0.912881 0.101273 0.339367 -0.077802 0.931945 -0.105959 0.444781 -0.021073 0.889100 -0.105959 0.444781 -0.021073 0.889100 -0.105959 0.444781 -0.021073 0.889100 -0.010600 0.403121 -0.058250 0.913230 -0.010600 0.403121 -0.058250 0.913230 -0.010600 0.403121 -0.058250 0.913230 -0.010600 0.403121 -0.058250 0.913230 -0.309310 -0.490057 -0.643063 -0.500640 -0.382390 -0.433663 -0.731161 -0.362103 -0.382399 -0.433682 -0.731149 -0.362093 -0.010600 0.403121 -0.058250 0.913230 -0.010600 0.403121 -0.058250 0.913230 -0.010600 0.403121 -0.058250 0.913230 -0.010600 0.403121 -0.058250 0.913230 -0.260776 -0.222417 -0.538379 0.769853 -0.617926 -0.760718 0.089432 0.177417 -0.617921 -0.760716 0.089452 0.177433
-0.001028 0.803687 -0.001765 0.004852 0.464877 -0.066187 0.882885 -0.187599 0.471080 0.005006 0.861896 -0.015692 0.691743 0.066502 0.718904 0.335231 -0.697604 0.180741 -0.606879 0.335231 -0.697604 0.180741 -0.606879 0.335231 -0.697604 0.180741 -0.606879 -0.092083 0.447245 -0.063918 0.887359 0.113269 0.387161 -0.105150 0.908967 -0.106386 0.486781 -0.039444 0.866124 -0.106386 0.486781 -0.039444 0.866124 -0.106386 0.486781 -0.039444 0.866124 0.004852 0.464877 -0.066186 0.882885 0.004852 0.464877 -0.066186 0.882885 0.004852 0.464877 -0.066186 0.882885 0.004852 0.464877 -0.066186 0.882885 -0.360991 -0.545282 -0.603187 -0.456639 -0.459733 -0.462458 -0.692955 -0.307555 -0.459741 -0.462476 -0.692943 -0.307543 0.004852 0.464877 -0.066186 0.882885 0.004852 0.464877 -0.066186 0.882885 0.004852 0.464877 -0.066186 0.882885 0.004852 0.464877 -0.066186 0.882885 -0.302946 -0.153871 -0.561318 0.754632 -0.638421 -0.738816 0.167189 0.136446 -0.638417 -0.738812 0.167208 0.136463
-0.001056 0.793055 -0.001716 0.027174 0.501688 -0.065861 0.862109 -0.170412 0.507172 0.020111 0.844590 0.021891 -0.715808 -0.058369 -0.695509 0.360977 -0.706266 0.174554 -0.583451 0.360977 -0.706266 0.174554 -0.583451 0.360977 -0.706266 0.174554 -0.583451 -0.077841 0.473916 -0.050042 0.875694 0.136629 0.405897 -0.124699 0.895003 -0.097981 0.498081 -0.053981 0.859884 -0.097981 0.498081 -0.053981 0.859884 -0.097981 0.498081 -0.053981 0.859884 0.027174 0.501688 -0.065861 0.862109 0.027174 0.501688 -0.065861 0.862109 0.027174 0.501688 -0.065861 0.862109 0.027174 0.501688 -0.065861 0.862109 -0.389393 -0.589327 -0.568963 -0.421128 -0.504082 -0.487899 -0.668992 -0.245572 -0.504088 -0.487916 -0.668980 -0.245559 0.027174 0.501688 -0.065861 0.862109 0.027174 0.501688 -0.065861 0.862109 0.027174 0.501688 -0.065861 0.862109 0.027174 0.501688 -0.065861 0.862109 -0.319987 -0.111505 -0.575545 0.744260 -0.651058 -0.694755 0.248424 0.178112 -0.651054 -0.694749 0.248442 0.178128
-0.001035 0.790113 -0.001722 0.042936 0.533054 -0.068233 0.842232 -0.158021 0.538416 0.053549 0.825997 0.004112 -0.730359 -0.040732 -0.681836 0.347355 -0.713149 0.195728 -0.576588 0.347355 -0.713149 0.195728 -0.576588 0.347355 -0.713149 0.195728 -0.576588 -0.059016 0.497029 -0.049592 0.864303 0.144889 0.420891 -0.122249 0.887081 -0.114625 0.501187 -0.044455 0.856561 -0.114625 0.501187 -0.044455 0.856561 -0.114625 0.501187 -0.044455 0.856561 0.042937 0.533054 -0.068233 0.842232 0.042937 0.533054 -0.068233 0.842232 0.042937 0.533054 -0.068233 0.842232 0.042937 0.533054 -0.068233 0.842232 -0.405363 -0.641382 -0.527609 -0.382019 -0.529528 -0.528804 -0.639800 -0.174993 -0.529533 -0.528821 -0.639786 -0.174979 0.042937 0.533054 -0.068233 0.842232 0.042937 0.533054 -0.068233 0.842232 0.042937 0.533054 -0.068233 0.842232 0.042937 0.533054 -0.068233 0.842232 -0.342986 -0.069983 -0.591472 0.726377 0.664122 0.620586 -0.316145 -0.271786 0.664115 0.620577 -0.316161 -0.271803
-0.001016 0.788946 -0.001746 0.046764 0.538101 -0.067608 0.838862 -0.147500 0.539336 0.066119 0.826432 -0.013486 -0.733161 -0.031757 -0.679180 0.348844 -0.713352 0.196110 -0.575307 0.348844 -0.713352 0.196110 -0.575307 0.348844 -0.713352 0.196110 -0.575307 -0.050974 0.492857 -0.049633 0.867197 0.142585 0.403319 -0.113967 0.896669 -0.143154 0.478569 -0.038026 0.865467 -0.143154 0.478569 -0.038026 0.865467 -0.143154 0.478569 -0.038026 0.865467 0.046765 0.538101 -0.067607 0.838862 0.046765 0.538101 -0.067607 0.838862 0.046765 0.538101 -0.067607 0.838862 0.046765 0.538101 -0.067607 0.838862 -0.400781 -0.668027 -0.509048 -0.366038 -0.537467 -0.544796 -0.629760 -0.133150 -0.537470 -0.544813 -0.629746 -0.133136 0.046765 0.538101 -0.067607 0.838862 0.046765 0.538101 -0.067607 0.838862 0.046765 0.538101 -0.067607 0.838862 0.046765 0.538101 -0.067607 0.838862 -0.342885 -0.079058 -0.587904 0.728387 0.644685 0.622367 -0.389699 -0.212547 0.644679 0.622357 -0.389715 -0.212564
-0.001007 0.788771 -0.001769 0.049297 0.540533 -0.065188 0.837344 -0.134792 0.556742 0.078487 0.815910 -0.039984 -0.754528 -0.038672 -0.653906 0.340386 -0.742370 0.166738 -0.552469 0.340386 -0.742370 0.166738 -0.552469 0.340386 -0.742370 0.166738 -0.552469 -0.053862 0.493869 -0.051824 0.866318 0.142379 0.407224 -0.117598 0.894465 -0.155530 0.482847 -0.034507 0.861091 -0.155530 0.482847 -0.034507 0.861091 -0.155530 0.482847 -0.034507 0.861091 0.049297 0.540533 -0.065188 0.837344 0.049297 0.540533 -0.065188 0.837344 0.049297 0.540533 -0.065188 0.837344 0.049297 0.540533 -0.065188 0.837344 -0.398281 -0.684341 -0.502828 -0.346717 -0.568977 -0.521252 -0.632566 -0.066495 -0.568979 -0.521269 -0.632553 -0.066480 0.049297 0.540533 -0.065188 0.837344 0.049297 0.540533 -0.065188 0.837344 0.049297 0.540533 -0.065188 0.837344 0.049297 0.540533 -0.065188 0.837344 -0.346320 -0.060118 -0.595144 0.722670 0.655794 0.648640 -0.332843 -0.195999 0.655789 0.648631 -0.332860 -0.196016
-0.000989 0.788643 -0.001766 0.052459 0.538347 -0.059712 0.838967 -0.126600 0.560563 0.079383 0.814518 -0.053062 -0.761064 -0.038422 -0.645360 0.335823 -0.753932 0.156370 -0.542548 0.335823 -0.753932 0.156370 -0.542548 0.335823 -0.753932 0.156370 -0.542548 -0.057152 0.494255 -0.055076 0.865686 0.144578 0.407266 -0.119354 0.893860 -0.168939 0.483867 -0.027979 0.858225 -0.168939 0.483867 -0.027979 0.858225 -0.168939 0.483867 -0.027979 0.858225 0.052459 0.538347 -0.059712 0.838967 0.052459 0.538347 -0.059712 0.838967 0.052459 0.538347 -0.059712 0.838967 0.052459 0.538347 -0.059712 0.838967 -0.380309 -0.720063 -0.481186 -0.324552 -0.511103 -0.601831 -0.612479 -0.037993 -0.511104 -0.601847 -0.612463 -0.037980 0.052459 0.538347 -0.059712 0.838967 0.052459 0.538347 -0.059712 0.838967 0.052459 0.538347 -0.059712 0.838967 0.052459 0.538347 -0.059712 0.838967 -0.341643 -0.070273 -0.595173 0.723955 -0.653263 -0.686673 0.292161 0.127948 -0.653259 -0.686665 0.292178 0.127965
-0.000968 0.785505 -0.001736 0.051855 0.533706 -0.056018 0.842218 -0.130711 0.555114 0.073813 0.818117 -0.040567 -0.755414 -0.022883 -0.653590 0.347449 -0.742119 0.176301 -0.545396 0.347449 -0.742119 0.176301 -0.545396 0.347449 -0.742119 0.176301 -0.545396 -0.063210 0.493027 -0.054565 0.865998 0.146931 0.403470 -0.124202 0.894537 -0.187622 0.479515 -0.026108 0.856844 -0.187622 0.479515 -0.026108 0.856844 -0.187622 0.479515 -0.026108 0.856844 0.051855 0.533706 -0.056018 0.842218 0.051855 0.533706 -0.056018 0.842218 0.051855 0.533706 -0.056018 0.842218 0.051855 0.533706 -0.056018 0.842218 -0.367081 -0.736011 -0.471043 -0.318838 -0.521329 -0.626632 -0.566454 -0.121156 -0.521333 -0.626646 -0.566437 -0.121142 0.051855 0.533706 -0.056018 0.842218 0.051855 0.533706 -0.056018 0.842218 0.051855 0.533706 -0.056018 0.842218 0.051855 0.533706 -0.056018 0.842218 -0.353849 -0.036757 -0.622283 0.697283 0.695300 0.656205 -0.220499 -0.193220 0.695295 0.656199 -0.220516 -0.193238
-0.000941 0.783030 -0.001708 0.051242 0.528734 -0.054639 0.845476 -0.132298 0.557700 0.074976 0.815994 -0.046786 -0.757657 -0.017609 -0.650736 0.349870 -0.740852 0.176762 -0.545421 0.349870 -0.740852 0.176762 -0.545421 0.349870 -0.740852 0.176762 -0.545421 -0.066586 0.489662 -0.058010 0.867428 0.151006 0.407498 -0.131630 0.890963 -0.208659 0.481008 -0.017114 0.851352 -0.208659 0.481008 -0.017114 0.851352 -0.208659 0.481008 -0.017114 0.851352 0.051242 0.528734 -0.054638 0.845476 0.051242 0.528734 -0.054638 0.845476 0.051242 0.528734 -0.054638 0.845476 0.051242 0.528734 -0.054638 0.845476 -0.362004 -0.742728 -0.472372 -0.306875 -0.471081 -0.659663 -0.581826 -0.066384 -0.471083 -0.659678 -0.581808 -0.066371 0.051242 0.528734 -0.054638 0.845476 0.051242 0.528734 -0.054638 0.845476 0.051242 0.528734 -0.054638 0.845476 0.051242 0.528734 -0.054638 0.845476 -0.349553 -0.041428 -0.622423 0.699061 0.699303 0.680387 -0.137510 -0.170703 0.699298 0.680384 -0.137528 -0.170721
-0.000914 0.781578 -0.001698 0.048754 0.522343 -0.052626 0.849712 -0.132754 0.549817 0.076041 0.821155 -0.072571 -0.750097 0.002518 -0.657329 0.335443 -0.741139 0.194429 -0.548077 0.335443 -0.741139 0.194429 -0.548077 0.335443 -0.741139 0.194429 -0.548077 -0.060951 0.490466 -0.058810 0.867335 0.164616 0.410088 -0.131434 0.887386 -0.230407 0.485193 0.006639 0.843479 -0.230407 0.485193 0.006638 0.843479 -0.230407 0.485193 0.006638 0.843479 0.048754 0.522343 -0.052626 0.849712 0.048754 0.522343 -0.052626 0.849712 0.048754 0.522343 -0.052626 0.849712 0.048754 0.522343 -0.052626 0.849712 -0.350850 -0.754334 -0.466733 -0.300075 -0.433882 -0.695995 -0.566723 -0.078502 -0.433884 -0.696010 -0.566705 -0.078490 0.048754 0.522343 -0.052626 0.849712 0.048754 0.522343 -0.052626 0.849712 0.048754 0.522343 -0.052626 0.849712 0.048754 0.522343 -0.052626 0.849712 -0.343913 -0.043678 -0.620692 0.703248 0.698408 0.684412 -0.108185 -0.179171 0.698403 0.684409 -0.108203 -0.179189
-0.000914 0.772771 -0.001673 0.042882 0.503487 -0.045333 0.861746 -0.141138 0.536699 0.079156 0.828111 -0.084579 -0.744308 0.006541 -0.662426 0.344951 -0.734631 0.187670 -0.553269 0.344951 -0.734631 0.187670 -0.553269 0.344951 -0.734631 0.187670 -0.553269 -0.057559 0.483188 -0.068540 0.870930 0.190584 0.404590 -0.162805 0.879477 -0.228998 0.488929 -0.007884 0.841693 -0.228998 0.488929 -0.007884 0.841693 -0.228998 0.488929 -0.007884 0.841693 0.042882 0.503487 -0.045333 0.861746 0.042882 0.503487 -0.045333 0.861746 0.042882 0.503487 -0.045333 0.861746 0.042882 0.503487 -0.045333 0.861746 -0.333176 -0.767295 -0.478409 -0.267164 -0.453399 -0.695971 -0.547317 -0.102459 -0.453402 -0.695985 -0.547299 -0.102447 0.042882 0.503487 -0.045333 0.861746 0.042882 0.503487 -0.045333 0.861746 0.042882 0.503487 -0.045333 0.861746 0.042882 0.503487 -0.045333 0.861746 -0.333513 -0.045177 -0.626625 0.702901 0.708691 0.656295 -0.015256 -0.258458 0.708684 0.656295 -0.015273 -0.258476
-0.000917 0.762668 -0.001617 0.037564 0.491589 -0.035871 0.869277 -0.152807 0.529891 0.073787 0.830916 -0.092065 -0.740887 0.030800 -0.664577 0.356398 -0.730193 0.201061 -0.547151 0.356398 -0.730193 0.201061 -0.547151 0.356398 -0.730193 0.201061 -0.547151 -0.045957 0.478619 -0.057289 0.874945 0.227088 0.398975 -0.157034 0.874408 -0.222766 0.477099 0.011481 0.850070 -0.222766 0.477099 0.011481 0.850070 -0.222766 0.477099 0.011481 0.850070 0.037564 0.491589 -0.035871 0.869277 0.037564 0.491589 -0.035871 0.869277 0.037564 0.491589 -0.035871 0.869277 0.037564 0.491589 -0.035871 0.869277 -0.318719 -0.762936 -0.486329 -0.282542 -0.447761 -0.685893 -0.567179 -0.085844 -0.447764 -0.685908 -0.567161 -0.085832 0.037564 0.491589 -0.035871 0.869277 0.037564 0.491589 -0.035871 0.869277 0.037564 0.491589 -0.035871 0.869277 0.037564 0.491589 -0.035871 0.869277 -0.315054 -0.072065 -0.607309 0.725757 0.685330 0.671567 -0.012321 -0.281370 0.685323 0.671566 -0.012339 -0.281387
-0.000905 0.755759 -0.001544 0.031449 0.487052 -0.026978 0.872389 -0.160627 0.528127 0.072247 0.830699 -0.101916 -0.738288 0.048859 -0.664948 0.359192 -0.728973 0.211113 -0.543148 0.359192 -0.728973 0.211113 -0.543148 0.359192 -0.728973 0.211113 -0.543148 -0.044893 0.489101 -0.064937 0.868647 0.238696 0.419976 -0.184186 0.855991 -0.212630 0.513331 0.014749 0.831302 -0.212630 0.513331 0.014749 0.831302 -0.212630 0.513331 0.014749 0.831302 0.031449 0.487052 -0.026978 0.872389 0.031449 0.487052 -0.026978 0.872389 0.031449 0.487052 -0.026978 0.872389 0.031449 0.487052 -0.026978 0.872389 -0.308782 -0.763047 -0.492576 -0.282458 -0.458577 -0.675456 -0.571051 -0.085831 -0.458579 -0.675471 -0.571034 -0.085819 0.031449 0.487052 -0.026978 0.872389 0.031449 0.487052 -0.026978 0.872389 0.031449 0.487052 -0.026978 0.872389 0.031449 0.487052 -0.026978 0.872389 -0.295139 -0.084738 -0.573012 0.759849 0.645781 0.611090 -0.134450 -0.437560 0.645770 0.611087 -0.134466 -0.437577
-0.000869 0.749302 -0.001470 0.021593 0.480945 -0.018559 0.876288 -0.162352 0.518972 0.081541 0.835261 -0.128557 -0.738659 0.053416 -0.659548 0.342365 -0.743269 0.201822 -0.538150 0.342365 -0.743269 0.201822 -0.538150 0.342365 -0.743269 0.201822 -0.538150 -0.039518 0.491823 -0.074199 0.866628 0.244322 0.419958 -0.192137 0.852658 -0.225601 0.513016 0.011886 0.828117 -0.225601 0.513016 0.011886 0.828117 -0.225601 0.513016 0.011886 0.828117 0.021593 0.480945 -0.018558 0.876288 0.021593 0.480945 -0.018558 0.876288 0.021593 0.480945 -0.018558 0.876288 0.021593 0.480945 -0.018558 0.876288 -0.294797 -0.768952 -0.495014 -0.277073 -0.452405 -0.678316 -0.575548 -0.062945 -0.452407 -0.678331 -0.575530 -0.062933 0.021593 0.480945 -0.018558 0.876288 0.021593 0.480945 -0.018558 0.876288 0.021593 0.480945 -0.018558 0.876288 0.021593 0.480945 -0.018558 0.876288 -0.278895 -0.129232 -0.538391 0.784635 -0.617906 -0.644819 0.226975 0.388437 -0.617896 -0.644813 0.226992 0.388453
-0.000838 0.743841 -0.001398 -0.004218 0.485198 -0.016379 0.874241 -0.186244 0.531313 0.073951 0.823135 -0.099496 -0.749036 0.086122 -0.649329 0.375979 -0.742190 0.221059 -0.508849 0.375979 -0.742190 0.221059 -0.508849 0.375979 -0.742190 0.221059 -0.508849 -0.056681 0.491380 -0.100517 0.863266 0.222919 0.404751 -0.219819 0.859164 -0.245005 0.506696 -0.025110 0.826197 -0.245005 0.506696 -0.025110 0.826197 -0.245005 0.506696 -0.025110 0.826197 -0.004218 0.485198 -0.016379 0.874241 -0.004218 0.485198 -0.016379 0.874241 -0.004218 0.485198 -0.016379 0.874241 -0.004218 0.485198 -0.016379 0.874241 -0.281707 -0.784866 -0.483407 -0.266354 -0.435954 -0.695962 -0.570330 -0.017459 -0.435954 -0.695977 -0.570312 -0.017447 -0.004218 0.485198 -0.016379 0.874241 -0.004218 0.485198 -0.016379 0.874241 -0.004218 0.485198 -0.016379 0.874241 -0.004218 0.485198 -0.016379 0.874241 -0.305812 -0.104752 -0.540732 0.776605 -0.603367 -0.653393 -0.155148 0.430065 -0.603355 -0.653397 -0.155131 0.430080
-0.000817 0.741308 -0.001317 -0.036655 0.485368 -0.015536 0.873403 -0.198888 0.532214 0.070880 0.819859 -0.073359 -0.740733 0.114804 -0.657839 0.401268 -0.717726 0.258925 -0.506766 0.401268 -0.717726 0.258925 -0.506766 0.401268 -0.717726 0.258925 -0.506766 -0.075586 0.479987 -0.130301 0.864246 0.196321 0.375954 -0.242133 0.872633 -0.261153 0.488903 -0.070407 0.829347 -0.261153 0.488903 -0.070407 0.829347 -0.261153 0.488903 -0.070407 0.829347 -0.036655 0.485368 -0.015536 0.873403 -0.036655 0.485368 -0.015536 0.873403 -0.036655 0.485368 -0.015536 0.873403 -0.036655 0.485368 -0.015536 0.873403 -0.263165 -0.796761 -0.468883 -0.275798 -0.420037 -0.715263 -0.557969 -0.025275 -0.420037 -0.715277 -0.557951 -0.025264 -0.036655 0.485368 -0.015536 0.873403 -0.036655 0.485368 -0.015536 0.873403 -0.036655 0.485368 -0.015536 0.873403 -0.036655 0.485368 -0.015536 0.873403 -0.331245 -0.031435 -0.536488 0.775544 0.541960 0.477541 0.435943 -0.536831 0.541946 0.477553 0.435931 -0.536845
-0.000797 0.737392 -0.001272 -0.056202 0.481006 -0.011414 0.874840 -0.221738 0.518458 0.022028 0.825559 -0.056386 -0.721460 0.142981 -0.675183 0.410156 -0.700309 0.293816 -0.504987 0.410156 -0.700309 0.293816 -0.504987 0.410156 -0.700309 0.293816 -0.504987 -0.087098 0.466683 -0.136895 0.869414 0.173959 0.356900 -0.222126 0.890517 -0.259239 0.457136 -0.084874 0.846533 -0.259239 0.457136 -0.084874 0.846533 -0.259239 0.457136 -0.084874 0.846533 -0.056202 0.481006 -0.011414 0.874840 -0.056202 0.481006 -0.011414 0.874840 -0.056202 0.481006 -0.011414 0.874840 -0.056202 0.481006 -0.011414 0.874840 -0.257003 -0.795199 -0.479786 -0.267234 -0.432907 -0.698715 -0.569501 0.007569 -0.432907 -0.698730 -0.569483 0.007580 -0.056202 0.481006 -0.011414 0.874840 -0.056202 0.481006 -0.011414 0.874840 -0.056202 0.481006 -0.011414 0.874840 -0.056202 0.481006 -0.011414 0.874840 -0.345557 -0.011825 -0.538418 0.768477 -0.506471 -0.362997 -0.526096 0.578742 -0.506456 -0.363011 -0.526087 0.578756
-0.000796 0.740399 -0.001254 -0.057302 0.496024 0.001707 0.866414 -0.198158 0.511359 -0.034871 0.835482 0.088576 0.689152 -0.185256 0.694913 0.370441 -0.686831 0.353678 -0.515702 0.370441 -0.686831 0.353678 -0.515702 0.370441 -0.686831 0.353678 -0.515702 -0.081074 0.471348 -0.087133 0.873880 0.160738 0.375985 -0.143374 0.901245 -0.223558 0.464077 -0.027436 0.856681 -0.223558 0.464077 -0.027436 0.856681 -0.223558 0.464077 -0.027436 0.856681 -0.057302 0.496024 0.001708 0.866414 -0.057302 0.496024 0.001708 0.866414 -0.057302 0.496024 0.001708 0.866414 -0.057302 0.496024 0.001708 0.866414 -0.248273 -0.803232 -0.467906 -0.272476 -0.371529 -0.741635 -0.558517 0.001493 -0.371529 -0.741650 -0.558498 0.001503 -0.057302 0.496024 0.001708 0.866414 -0.057302 0.496024 0.001708 0.866414 -0.057302 0.496024 0.001708 0.866414 -0.057302 0.496024 0.001708 0.866414 -0.356049 -0.006391 -0.533297 0.767322 -0.504648 -0.331617 -0.524430 0.600278 -0.504633 -0.331631 -0.524421 0.600291
-0.000815 0.746698 -0.001241 -0.051248 0.517214 0.015256 0.854184 -0.166058 0.529828 -0.042691 0.830592 -0.198349 -0.709978 0.150614 -0.658714 0.258189 -0.779565 0.279266 -0.497622 0.258189 -0.779565 0.279266 -0.497622 0.258189 -0.779565 0.279266 -0.497622 -0.072053 0.504215 -0.022950 0.860261 0.167195 0.426981 -0.102940 0.882687 -0.212881 0.494495 0.028577 0.842223 -0.212881 0.494495 0.028577 0.842223 -0.212881 0.494495 0.028577 0.842223 -0.051248 0.517214 0.015257 0.854184 -0.051248 0.517214 0.015257 0.854184 -0.051248 0.517214 0.015257 0.854184 -0.051248 0.517214 0.015257 0.854184 -0.248982 -0.808262 -0.461566 -0.267725 -0.356732 -0.751218 -0.554795 0.024808 -0.356732 -0.751233 -0.554776 0.024818 -0.051248 0.517214 0.015257 0.854184 -0.051248 0.517214 0.015257 0.854184 -0.051248 0.517214 0.015257 0.854184 -0.051248 0.517214 0.015257 0.854184 -0.362516 0.012752 -0.521820 0.772090 -0.499918 -0.280184 -0.507335 0.643577 -0.499901 -0.280197 -0.507327 0.643590
-0.000859 0.751127 -0.001211 -0.049797 0.536777 0.026977 0.841821 -0.133659 0.528448 -0.018280 0.838179 -0.263445 -0.713140 0.054910 -0.647312 0.196443 -0.808454 0.171096 -0.527768 0.196443 -0.808454 0.171096 -0.527768 0.196443 -0.808454 0.171096 -0.527768 -0.087907 0.546668 0.051887 0.831104 0.189643 0.454486 -0.101966 0.864338 -0.156348 0.506810 0.017922 0.847572 -0.156348 0.506810 0.017922 0.847572 -0.156348 0.506810 0.017922 0.847572 -0.049797 0.536777 0.026978 0.841821 -0.049797 0.536777 0.026978 0.841821 -0.049797 0.536777 0.026978 0.841821 -0.049797 0.536777 0.026978 0.841821 -0.239692 -0.821477 -0.442128 -0.268784 -0.326949 -0.779729 -0.533460 0.023390 -0.326949 -0.779743 -0.533440 0.023399 -0.049797 0.536777 0.026978 0.841821 -0.049797 0.536777 0.026978 0.841821 -0.049797 0.536777 0.026978 0.841821 -0.049797 0.536777 0.026978 0.841821 -0.364521 0.081666 -0.494779 0.784633 -0.520813 -0.234657 -0.411020 0.710460 -0.520794 -0.234668 -0.411014 0.710473
-0.000887 0.771555 -0.001108 -0.049304 0.559063 0.031358 0.827064 -0.125697 0.544279 -0.028079 0.828958 -0.224141 -0.726410 0.014886 -0.649514 0.221704 -0.806008 0.142491 -0.529995 0.221704 -0.806008 0.142491 -0.529995 0.221704 -0.806008 0.142491 -0.529995 -0.127858 0.560434 0.101095 0.812001 0.217324 0.462764 -0.108465 0.852558 -0.062723 0.524049 -0.014918 0.849244 -0.062723 0.524049 -0.014918 0.849244 -0.062723 0.524049 -0.014918 0.849244 -0.049304 0.559063 0.031358 0.827064 -0.049304 0.559063 0.031358 0.827064 -0.049304 0.559063 0.031358 0.827064 -0.049304 0.559063 0.031358 0.827064 -0.243837 -0.831426 -0.429771 -0.254110 -0.332899 -0.787716 -0.517516 0.029304 -0.332898 -0.787730 -0.517495 0.029312 -0.049304 0.559063 0.031358 0.827064 -0.049304 0.559063 0.031358 0.827064 -0.049304 0.559063 0.031358 0.827064 -0.049304 0.559063 0.031358 0.827064 -0.365301 0.167023 -0.461278 0.791126 -0.515584 -0.151351 -0.398566 0.743244 -0.515565 -0.151362 -0.398562 0.743257
-0.000944 0.787320 -0.001016 -0.055585 0.580002 0.031662 0.812099 -0.117190 0.562479 -0.037480 0.817606 -0.193739 -0.744963 0.003607 -0.638343 0.251720 -0.810908 0.125359 -0.513177 0.251720 -0.810908 0.125359 -0.513177 0.251720 -0.810908 0.125359 -0.513177 -0.174388 0.577111 0.159480 0.781727 0.223933 0.460843 -0.110776 0.851591 -0.018814 0.491829 -0.070136 0.867658 -0.018814 0.491829 -0.070136 0.867658 -0.018814 0.491829 -0.070136 0.867658 -0.055585 0.580002 0.031663 0.812099 -0.055585 0.580002 0.031663 0.812099 -0.055585 0.580002 0.031663 0.812099 -0.055585 0.580002 0.031663 0.812099 -0.251183 -0.838523 -0.420369 -0.238907 -0.357466 -0.775910 -0.514000 0.077361 -0.357464 -0.775924 -0.513980 0.077370 -0.055585 0.580002 0.031663 0.812099 -0.055585 0.580002 0.031663 0.812099 -0.055585 0.580002 0.031663 0.812099 -0.055585 0.580002 0.031663 0.812099 -0.348166 0.276304 -0.395373 0.803814 -0.477593 -0.032048 -0.307050 0.822556 -0.477572 -0.032056 -0.307049 0.822568
-0.000991 0.795121 -0.000904 -0.061721 0.593513 0.030991 0.801856 -0.098045 0.561851 -0.049473 0.819916 -0.162929 -0.743280 -0.000697 -0.648836 0.280442 -0.796208 0.130600 -0.519951 0.280442 -0.796208 0.130600 -0.519951 0.280442 -0.796208 0.130600 -0.519951 -0.228906 0.569960 0.186800 0.766716 0.227790 0.434470 -0.131742 0.861389 0.013046 0.444845 -0.133387 0.885523 0.013046 0.444845 -0.133387 0.885523 0.013046 0.444845 -0.133387 0.885523 -0.061721 0.593513 0.030992 0.801856 -0.061721 0.593513 0.030992 0.801856 -0.061721 0.593513 0.030992 0.801856 -0.061721 0.593513 0.030992 0.801856 -0.246519 -0.849764 -0.401943 -0.235736 -0.345424 -0.794398 -0.493739 0.076383 -0.345422 -0.794411 -0.493719 0.076392 -0.061721 0.593513 0.030992 0.801856 -0.061721 0.593513 0.030992 0.801856 -0.061721 0.593513 0.030992 0.801856 -0.061721 0.593513 0.030992 0.801856 -0.347226 0.317637 -0.369188 0.801399 -0.471579 0.000584 -0.274342 0.838063 -0.471557 0.000577 -0.274342 0.838075
-0.001046 0.797084 -0.000819 -0.069130 0.609458 0.032307 0.789138 -0.084266 0.566013 -0.066361 0.817389 -0.133693 -0.742793 -0.003853 -0.656025 0.324664 -0.770934 0.130840 -0.532104 0.324664 -0.770934 0.130840 -0.532104 0.324664 -0.770934 0.130840 -0.532104 -0.266794 0.581095 0.215715 0.737982 0.231160 0.471910 -0.104550 0.844355 0.024420 0.485259 -0.094137 0.868945 0.024420 0.485259 -0.094137 0.868945 0.024420 0.485259 -0.094137 0.868945 -0.069130 0.609458 0.032307 0.789138 -0.069130 0.609458 0.032307 0.789138 -0.069130 0.609458 0.032307 0.789138 -0.069130 0.609458 0.032307 0.789138 -0.246653 -0.863121 -0.388677 -0.207641 -0.349378 -0.796632 -0.477804 0.122540 -0.349374 -0.796645 -0.477783 0.122549 -0.069130 0.609458 0.032307 0.789138 -0.069130 0.609458 0.032307 0.789138 -0.069130 0.609458 0.032307 0.789138 -0.069130 0.609458 0.032307 0.789138 -0.365168 0.318283 -0.365814 0.794687 -0.496368 -0.022431 -0.265706 0.826145 -0.496346 -0.022438 -0.265705 0.826158
-0.001151 0.795135 -0.000779 -0.078916 0.639982 0.023493 0.763966 -0.078312 0.582336 -0.076914 0.805504 -0.126613 -0.745930 0.004302 -0.653864 0.325676 -0.768568 0.147126 -0.530652 0.325676 -0.768568 0.147126 -0.530652 0.325676 -0.768568 0.147126 -0.530652 -0.290973 0.587943 0.222181 0.721314 0.220811 0.489272 -0.079265 0.839984 0.016629 0.513882 -0.053538 0.856027 0.016629 0.513882 -0.053538 0.856027 0.016629 0.513882 -0.053538 0.856027 -0.078915 0.639982 0.023493 0.763966 -0.078915 0.639982 0.023493 0.763966 -0.078915 0.639982 0.023493 0.763966 -0.078915 0.639982 0.023493 0.763966 -0.254349 -0.879395 -0.358466 -0.182956 -0.371552 -0.800444 -0.446427 0.148127 -0.371548 -0.800455 -0.446406 0.148137 -0.078915 0.639982 0.023493 0.763966 -0.078915 0.639982 0.023493 0.763966 -0.078915 0.639982 0.023493 0.763966 -0.078915 0.639982 0.023493 0.763966 -0.437725 0.396950 -0.423267 0.686784 -0.601243 0.110240 -0.413998 0.674507 -0.601225 0.110230 -0.414001 0.674523
-0.001228 0.790236 -0.000770 -0.086815 0.656267 0.016345 0.749340 -0.076632 0.589693 -0.082744 0.799714 -0.127122 -0.744894 0.006504 -0.654928 0.321611 -0.765857 0.155950 -0.534518 0.321611 -0.765857 0.155950 -0.534518 0.321611 -0.765857 0.155950 -0.534518 -0.317844 0.582594 0.215388 0.716358 0.191736 0.475463 -0.055193 0.856812 -0.035386 0.493614 -0.030001 0.868443 -0.035386 0.493614 -0.030001 0.868443 -0.035386 0.493614 -0.030001 0.868443 -0.086815 0.656267 0.016345 0.749340 -0.086815 0.656267 0.016345 0.749340 -0.086815 0.656267 0.016345 0.749340 -0.086815 0.656267 0.016345 0.749340 -0.257424 -0.892288 -0.336723 -0.155474 -0.366818 -0.809012 -0.421706 0.181957 -0.366813 -0.809023 -0.421685 0.181966 -0.086815 0.656267 0.016345 0.749340 -0.086815 0.656267 0.016345 0.749340 -0.086815 0.656267 0.016345 0.749340 -0.086815 0.656267 0.016345 0.749340 -0.467668 0.451478 -0.440872 0.618939 0.641190 -0.191407 0.467879 -0.577345 0.641175 -0.191395 0.467884 -0.577362
-0.001301 0.786808 -0.000792 -0.086921 0.651871 0.012186 0.753234 -0.060986 0.581473 -0.074230 0.807873 -0.151843 -0.732720 -0.016728 -0.663163 0.295471 -0.762002 0.141701 -0.558544 0.295471 -0.762002 0.141701 -0.558544 0.295471 -0.762002 0.141701 -0.558544 -0.323426 0.563687 0.210856 0.730200 0.159740 0.456762 -0.004478 0.875118 -0.063259 0.473689 0.017366 0.878246 -0.063259 0.473689 0.017366 0.878246 -0.063259 0.473689 0.017366 0.878246 -0.086921 0.651871 0.012186 0.753234 -0.086921 0.651871 0.012186 0.753234 -0.086921 0.651871 0.012186 0.753234 -0.086921 0.651871 0.012186 0.753234 -0.254204 -0.897815 -0.329666 -0.143626 -0.341005 -0.823543 -0.411058 0.191114 -0.341000 -0.823554 -0.411036 0.191123 -0.086921 0.651871 0.012186 0.753234 -0.086921 0.651871 0.012186 0.753234 -0.086921 0.651871 0.012186 0.753234 -0.086921 0.651871 0.012186 0.753234 -0.473202 0.432708 -0.456443 0.616850 0.660838 -0.142072 0.488344 -0.551932 0.660824 -0.142060 0.488347 -0.551949
-0.001391 0.784270 -0.000741 -0.083060 0.644905 0.011397 0.759650 -0.053784 0.572455 -0.077890 0.814454 -0.160715 -0.722155 -0.009381 -0.672736 0.288658 -0.753737 0.154215 -0.569890 0.288658 -0.753737 0.154215 -0.569890 0.288658 -0.753737 0.154215 -0.569890 -0.314959 0.549729 0.196780 0.748249 0.124456 0.441313 0.037084 0.887907 -0.103069 0.453773 0.063276 0.882872 -0.103069 0.453773 0.063276 0.882872 -0.103069 0.453773 0.063276 0.882872 -0.083060 0.644905 0.011397 0.759650 -0.083060 0.644905 0.011397 0.759650 -0.083060 0.644905 0.011397 0.759650 -0.083060 0.644905 0.011397 0.759650 -0.247542 -0.901880 -0.325467 -0.139310 -0.300538 -0.839786 -0.404779 0.201469 -0.300533 -0.839796 -0.404758 0.201477 -0.083060 0.644905 0.011397 0.759650 -0.083060 0.644905 0.011397 0.759650 -0.083060 0.644905 0.011397 0.759650 -0.083060 0.644905 0.011397 0.759650 -0.427017 0.392388 -0.405021 0.706856 -0.582299 0.069309 -0.302999 0.751210 -0.582279 0.069301 -0.303000 0.751225
-0.001500 0.782805 -0.000612 -0.079838 0.636942 0.013187 0.766653 -0.052218 0.570891 -0.080622 0.815387 -0.166726 -0.721289 0.004962 -0.672250 0.286641 -0.755792 0.165111 -0.565114 0.286641 -0.755792 0.165111 -0.565114 0.286641 -0.755792 0.165111 -0.565114 -0.298820 0.546582 0.180432 0.761183 0.116416 0.431183 0.038690 0.893886 -0.113628 0.444763 0.065120 0.886021 -0.113628 0.444763 0.065120 0.886021 -0.113628 0.444763 0.065120 0.886021 -0.079838 0.636942 0.013187 0.766653 -0.079838 0.636942 0.013187 0.766653 -0.079838 0.636942 0.013187 0.766653 -0.079838 0.636942 0.013187 0.766653 -0.237807 -0.903189 -0.323865 -0.151026 -0.322819 -0.837053 -0.402215 0.182627 -0.322814 -0.837064 -0.402194 0.182635 -0.079838 0.636942 0.013187 0.766653 -0.079838 0.636942 0.013187 0.766653 -0.079838 0.636942 0.013187 0.766653 -0.079838 0.636942 0.013187 0.766653 -0.375308 0.362947 -0.346540 0.779310 -0.470174 0.065704 -0.181809 0.861142 -0.470152 0.065699 -0.181811 0.861154
-0.001563 0.783255 -0.000519 -0.069372 0.626952 0.018759 0.775736 -0.052511 0.562037 -0.084456 0.821111 -0.172776 -0.710158 0.022802 -0.682132 0.275496 -0.749192 0.191421 -0.571115 0.275496 -0.749192 0.191421 -0.571115 0.275496 -0.749192 0.191421 -0.571115 -0.247937 0.533293 0.158842 0.793029 0.112858 0.397457 0.058131 0.908797 -0.135772 0.409149 0.085493 0.898250 -0.135772 0.409149 0.085493 0.898250 -0.135772 0.409149 0.085493 0.898250 -0.069372 0.626952 0.018759 0.775736 -0.069372 0.626952 0.018759 0.775736 -0.069372 0.626952 0.018759 0.775736 -0.069372 0.626952 0.018759 0.775736 -0.234049 -0.897275 -0.334934 -0.167146 -0.324927 -0.854057 -0.399088 0.075746 -0.324925 -0.854068 -0.399066 0.075754 -0.069372 0.626952 0.018759 0.775736 -0.069372 0.626952 0.018759 0.775736 -0.069372 0.626952 0.018759 0.775736 -0.069372 0.626952 0.018759 0.775736 -0.319895 0.306780 -0.292887 0.847213 -0.401320 -0.005637 -0.163106 0.901281 -0.401297 -0.005641 -0.163106 0.901291
-0.001442 0.784669 -0.000719 -0.035810 0.561202 0.030983 0.826324 -0.041570 0.498234 -0.078850 0.862448 0.169292 0.651786 -0.038470 0.738265 0.262709 -0.691650 0.249483 -0.624790 0.262709 -0.691650 0.249483 -0.624790 0.262709 -0.691650 0.249483 -0.624790 -0.180631 0.469769 0.129038 0.854423 0.116088 0.320680 0.088832 0.935840 -0.162983 0.326876 0.105174 0.924947 -0.162983 0.326876 0.105174 0.924947 -0.162983 0.326876 0.105174 0.924947 -0.035809 0.561202 0.030983 0.826324 -0.035809 0.561202 0.030983 0.826324 -0.035809 0.561202 0.030983 0.826324 -0.035810 0.561202 0.030983 0.826324 -0.194007 -0.894643 -0.347957 -0.202240 -0.211641 -0.888245 -0.404458 0.051403 -0.211640 -0.888256 -0.404435 0.051409 -0.035809 0.561202 0.030983 0.826324 -0.035809 0.561202 0.030983 0.826324 -0.035809 0.561202 0.030983 0.826324 -0.035809 0.561202 0.030983 0.826324 -0.266278 0.134785 -0.327427 0.896504 -0.362769 -0.177883 -0.233508 0.884438 -0.362746 -0.177889 -0.233503 0.884447
-0.001334 0.791817 -0.000845 -0.014962 0.495439 0.035470 0.867789 -0.028918 0.420158 -0.079081 0.903536 0.142603 0.570679 -0.053623 0.806916 -0.247113 0.600819 -0.326140 0.686720 -0.247113 0.600819 -0.326140 0.686720 -0.247113 0.600819 -0.326140 0.686720 -0.115382 0.400668 0.094235 0.904031 0.108922 0.234805 0.105018 0.960195 -0.201406 0.237832 0.105604 0.944309 -0.201406 0.237832 0.105604 0.944309 -0.201406 0.237832 0.105604 0.944309 -0.014962 0.495439 0.035470 0.867789 -0.014962 0.495439 0.035470 0.867789 -0.014962 0.495439 0.035470 0.867789 -0.014962 0.495439 0.035470 0.867789 -0.168672 -0.886356 -0.365790 -0.228297 -0.140090 -0.898839 -0.413771 0.035457 -0.140089 -0.898849 -0.413748 0.035460 -0.014962 0.495439 0.035470 0.867789 -0.014962 0.495439 0.035470 0.867789 -0.014962 0.495439 0.035470 0.867789 -0.014962 0.495439 0.035470 0.867789 -0.207158 0.048201 -0.331640 0.919118 -0.295811 -0.224665 -0.238486 0.897299 -0.295788 -0.224671 -0.238480 0.897307
-0.001252 0.792216 -0.000900 -0.021022 0.456684 0.026933 0.888973 -0.038772 0.359669 -0.090158 0.927904 0.109731 0.498005 -0.074716 0.856953 -0.233535 0.501893 -0.395010 0.733166 -0.233535 0.501893 -0.395010 0.733166 -0.233535 0.501893 -0.395010 0.733166 -0.095143 0.363336 0.048982 0.925492 0.078267 0.198464 0.109026 0.970876 -0.239159 0.218008 0.105490 0.940291 -0.239159 0.218008 0.105490 0.940291 -0.239159 0.218008 0.105490 0.940291 -0.021022 0.456684 0.026933 0.888973 -0.021022 0.456684 0.026933 0.888973 -0.021022 0.456684 0.026933 0.888973 -0.021022 0.456684 0.026933 0.888973 -0.157457 -0.892670 -0.368633 -0.206053 -0.053011 -0.907351 -0.404687 0.100657 -0.053008 -0.907362 -0.404664 0.100659 -0.021022 0.456684 0.026933 0.888973 -0.021022 0.456684 0.026933 0.888973 -0.021022 0.456684 0.026933 0.888973 -0.021022 0.456684 0.026933 0.888973 -0.185680 -0.025706 -0.320212 0.928615 -0.273470 -0.294602 -0.216772 0.889626 -0.273447 -0.294608 -0.216764 0.889633
-0.001104 0.784718 -0.001056 -0.021096 0.430123 0.025358 0.902167 -0.086036 0.350573 -0.109997 0.926065 0.116676 0.494298 -0.113348 0.853937 -0.207816 0.518192 -0.420793 0.714998 -0.207816 0.518192 -0.420793 0.714998 -0.207816 0.518192 -0.420793 0.714998 -0.089679 0.338120 0.023674 0.936521 0.055839 0.174554 0.110086 0.976880 -0.251955 0.206464 0.101483 0.939996 -0.251955 0.206464 0.101483 0.939996 -0.251955 0.206464 0.101483 0.939996 -0.021096 0.430123 0.025358 0.902167 -0.021096 0.430123 0.025358 0.902167 -0.021096 0.430123 0.025358 0.902167 -0.021096 0.430123 0.025358 0.902167 -0.131363 -0.913399 -0.338413 -0.184183 0.102466 -0.918993 -0.343452 0.164296 0.102470 -0.919002 -0.343428 0.164294 -0.021096 0.430123 0.025358 0.902167 -0.021096 0.430123 0.025358 0.902167 -0.021096 0.430123 0.025358 0.902167 -0.021096 0.430123 0.025358 0.902167 -0.162745 -0.184658 -0.307153 0.919278 -0.259160 -0.450803 -0.193018 0.832080 -0.259138 -0.450808 -0.193006 0.832086
-0.000899 0.779059 -0.001294 0.000220 0.366851 0.023280 0.929989 -0.120903 0.354472 -0.118296 0.919640 0.221358 0.491948 -0.110413 0.834744 0.007652 0.583139 -0.407596 0.702678 0.007652 0.583139 -0.407596 0.702678 0.007652 0.583139 -0.407596 0.702678 -0.073003 0.291841 0.010258 0.953622 0.063109 0.148526 0.110091 0.980733 -0.231566 0.211330 0.103735 0.943905 -0.231566 0.211330 0.103735 0.943905 -0.231566 0.211330 0.103735 0.943905 0.000221 0.366851 0.023280 0.929989 0.000221 0.366851 0.023280 0.929989 0.000221 0.366851 0.023280 0.929989 0.000221 0.366851 0.023280 0.929989 -0.040723 -0.972440 -0.164850 -0.159773 0.460124 -0.873422 -0.078282 0.138896 0.460128 -0.873424 -0.078259 0.138884 0.000221 0.366851 0.023280 0.929989 0.000221 0.366851 0.023280 0.929989 0.000221 0.366851 0.023280 0.929989 0.000221 0.366851 0.023280 0.929989 -0.106939 -0.306369 -0.291081 0.899986 -0.237717 -0.600430 -0.134497 0.751588 -0.237698 -0.600433 -0.134482 0.751594
-0.000622 0.784754 -0.001487 0.013646 0.291098 0.021693 0.956350 -0.136061 0.311750 -0.122891 0.932308 0.349825 0.459794 -0.089704 0.811274 -0.303501 -0.641629 0.303225 -0.635810 -0.303501 -0.641629 0.303225 -0.635810 -0.303501 -0.641629 0.303225 -0.635810 -0.059360 0.239082 0.007012 0.969158 0.078309 0.115078 0.111249 0.983996 -0.182907 0.209148 0.093280 0.956086 -0.182907 0.209148 0.093280 0.956086 -0.182907 0.209148 0.093280 0.956086 0.013646 0.291098 0.021693 0.956350 0.013646 0.291098 0.021693 0.956350 0.013646 0.291098 0.021693 0.956350 0.013646 0.291098 0.021693 0.956350 0.006217 -0.929263 -0.031574 -0.368013 0.881005 -0.008929 0.346443 -0.322068 0.880996 -0.008920 0.346444 -0.322091 0.013646 0.291098 0.021693 0.956350 0.013646 0.291098 0.021693 0.956350 0.013646 0.291098 0.021693 0.956350 0.013646 0.291098 0.021693 0.956350 -0.040601 -0.450310 -0.207611 0.867451 -0.203581 -0.806484 -0.029632 0.554310 -0.203567 -0.806485 -0.029611 0.554315
-0.000470 0.786581 -0.001276 0.031004 0.198786 0.030044 0.979091 -0.285343 0.241675 -0.162922 0.913033 0.177074 0.386389 -0.206028 0.881420 0.039585 0.471078 -0.494603 0.729305 0.039585 0.471078 -0.494603 0.729305 0.039585 0.471078 -0.494603 0.729305 -0.042126 0.154555 0.012235 0.987010 0.087215 0.039330 0.119552 0.988207 -0.145740 0.144587 0.089177 0.974629 -0.145740 0.144587 0.089177 0.974629 -0.145740 0.144587 0.089177 0.974629 0.031004 0.198786 0.030045 0.979091 0.031004 0.198786 0.030045 0.979091 0.031004 0.198786 0.030045 0.979091 0.031004 0.198786 0.030045 0.979091 -0.003820 -0.823539 -0.055234 -0.564551 0.791843 -0.039590 0.541465 -0.279703 0.791836 -0.039576 0.541466 -0.279723 0.031004 0.198786 0.030045 0.979091 0.031004 0.198786 0.030045 0.979091 0.031004 0.198786 0.030045 0.979091 0.031004 0.198786 0.030045 0.979091 0.009358 -0.593234 -0.166408 0.787587 -0.226741 -0.894548 0.056106 0.381082 -0.226731 -0.894547 0.056130 0.381088
-0.000450 0.786777 -0.000915 0.044033 0.108295 0.034143 0.992556 -0.398046 0.191344 -0.163524 0.882160 -0.106166 0.297920 -0.337704 0.886526 -0.317315 0.243735 -0.646513 0.649558 -0.317315 0.243735 -0.646513 0.649558 -0.317315 0.243735 -0.646513 0.649558 -0.030559 0.080203 0.017591 0.996155 0.099996 -0.023914 0.122504 0.987128 -0.126946 0.091954 0.086932 0.983805 -0.126946 0.091954 0.086932 0.983805 -0.126946 0.091954 0.086932 0.983805 0.044033 0.108295 0.034143 0.992556 0.044033 0.108295 0.034143 0.992556 0.044033 0.108295 0.034143 0.992556 0.044033 0.108295 0.034143 0.992556 -0.007531 -0.800613 -0.080009 -0.593768 0.540590 -0.577307 0.347966 -0.503388 0.540576 -0.577298 0.347981 -0.503402 0.044033 0.108295 0.034143 0.992556 0.044033 0.108295 0.034143 0.992556 0.044033 0.108295 0.034143 0.992556 0.044033 0.108295 0.034143 0.992556 0.038708 -0.699739 -0.149456 0.697517 -0.254211 -0.930021 0.068940 0.256291 -0.254205 -0.930019 0.068965 0.256298
-0.000597 0.791130 -0.000547 0.084885 -0.000344 0.027913 0.996000 -0.279136 0.024869 -0.184976 0.941939 0.061667 0.048529 -0.273714 0.958604 -0.033932 -0.004143 -0.668714 0.742733 -0.033932 -0.004143 -0.668714 0.742733 -0.033932 -0.004143 -0.668714 0.742733 -0.006980 0.003302 0.015832 0.999845 0.124110 -0.071962 0.121675 0.982147 -0.125487 0.067091 0.086968 0.985996 -0.125487 0.067091 0.086968 0.985996 -0.125487 0.067091 0.086968 0.985996 0.084885 -0.000344 0.027913 0.996000 0.084885 -0.000344 0.027913 0.996000 0.084885 -0.000344 0.027913 0.996000 0.084885 -0.000344 0.027913 0.996000 -0.036530 -0.734351 -0.099055 -0.670509 -0.315385 0.580327 -0.244994 0.709740 -0.315367 0.580320 -0.245009 0.709748 0.084885 -0.000344 0.027913 0.996000 0.084885 -0.000344 0.027913 0.996000 0.084885 -0.000344 0.027913 0.996000 0.084885 -0.000344 0.027913 0.996000 0.073643 -0.763177 -0.192764 0.612356 -0.228490 -0.956636 -0.041322 0.175875 -0.228485 -0.956637 -0.041297 0.175880
-0.000680 0.802822 -0.000395 0.085929 -0.042186 0.020236 0.995202 -0.202190 -0.027052 -0.187867 0.960777 0.137393 -0.011010 -0.232217 0.962849 0.103600 -0.038478 -0.624838 0.772894 0.103600 -0.038478 -0.624838 0.772894 0.103600 -0.038478 -0.624838 0.772894 -0.001407 -0.026329 0.007893 0.999621 0.133729 -0.079675 0.111441 0.981504 -0.122911 0.078659 0.084411 0.985688 -0.122911 0.078659 0.084411 0.985688 -0.122911 0.078659 0.084411 0.985688 0.085929 -0.042187 0.020237 0.995202 0.085929 -0.042187 0.020237 0.995202 0.085929 -0.042187 0.020237 0.995202 0.085929 -0.042187 0.020237 0.995202 0.049750 0.677247 -0.003282 0.734065 -0.274382 0.493983 -0.354521 0.744990 -0.274362 0.493973 -0.354534 0.744997 0.085929 -0.042187 0.020237 0.995202 0.085929 -0.042187 0.020237 0.995202 0.085929 -0.042187 0.020237 0.995202 0.085929 -0.042187 0.020237 0.995202 0.069629 -0.820943 -0.120985 0.553685 -0.319598 -0.921820 0.096410 0.197002 -0.319593 -0.921817 0.096434 0.197011
-0.000736 0.806902 -0.000390 0.039532 -0.116748 0.017019 0.992229 -0.180765 -0.096201 -0.179804 0.962154 0.111134 -0.087835 -0.207164 0.967996 0.125562 -0.139884 -0.615738 0.765202 0.125562 -0.139884 -0.615738 0.765202 0.125562 -0.139884 -0.615738 0.765202 -0.017674 -0.074227 -0.002961 0.997080 0.142567 -0.107369 0.104967 0.978329 -0.116856 0.070572 0.075144 0.987784 -0.116856 0.070572 0.075144 0.987784 -0.116856 0.070572 0.075144 0.987784 0.039532 -0.116748 0.017019 0.992229 0.039532 -0.116748 0.017019 0.992229 0.039532 -0.116748 0.017019 0.992229 0.039532 -0.116748 0.017019 0.992229 0.030158 0.562279 -0.059168 0.824276 -0.197702 0.515296 -0.383755 0.740349 -0.197683 0.515286 -0.383768 0.740354 0.039532 -0.116748 0.017019 0.992229 0.039532 -0.116748 0.017019 0.992229 0.039532 -0.116748 0.017019 0.992229 0.039532 -0.116748 0.017019 0.992229 0.046856 -0.868676 -0.108712 0.481029 -0.337058 -0.915833 0.082923 0.201903 -0.337053 -0.915831 0.082947 0.201912
-0.000784 0.803551 -0.000451 -0.003216 -0.209434 0.019004 0.977633 -0.174942 -0.176297 -0.168702 0.953863 0.074939 -0.132989 -0.181898 0.971396 0.107323 -0.172052 -0.570890 0.795591 0.107323 -0.172052 -0.570890 0.795591 0.107323 -0.172052 -0.570890 0.795591 -0.025723 -0.149305 0.000297 0.988457 0.156835 -0.165872 0.103280 0.968102 -0.103992 0.016363 0.066123 0.992243 -0.103992 0.016363 0.066123 0.992243 -0.103992 0.016363 0.066123 0.992243 -0.003216 -0.209434 0.019004 0.977633 -0.003216 -0.209434 0.019004 0.977633 -0.003216 -0.209434 0.019004 0.977633 -0.003216 -0.209434 0.019004 0.977633 0.016551 0.314319 -0.120240 0.941526 -0.123213 0.374967 -0.551226 0.735098 -0.123193 0.374953 -0.551235 0.735101 -0.003216 -0.209434 0.019004 0.977633 -0.003216 -0.209434 0.019004 0.977633 -0.003216 -0.209434 0.019004 0.977633 -0.003216 -0.209434 0.019004 0.977633 0.017586 -0.930820 -0.003234 0.365041 -0.511696 -0.836017 0.197924 0.008300 -0.511696 -0.836012 0.197946 0.008313
-0.000853 0.792355 -0.000449 -0.019493 -0.228527 0.022551 0.973081 -0.175165 -0.189109 -0.153164 0.953989 0.043569 -0.130365 -0.174390 0.975036 0.074640 -0.174187 -0.558465 0.807592 0.074640 -0.174187 -0.558465 0.807592 0.074640 -0.174187 -0.558465 0.807592 -0.033140 -0.181667 0.006341 0.982781 0.161630 -0.210181 0.102233 0.958774 -0.105039 -0.047275 0.047602 0.992203 -0.105039 -0.047275 0.047602 0.992203 -0.105039 -0.047275 0.047602 0.992203 -0.019493 -0.228527 0.022551 0.973081 -0.019493 -0.228527 0.022551 0.973081 -0.019493 -0.228527 0.022551 0.973081 -0.019493 -0.228527 0.022551 0.973081 0.000652 0.205163 -0.106017 0.972969 -0.096128 0.335857 -0.631632 0.692098 -0.096110 0.335841 -0.631641 0.692101 -0.019493 -0.228527 0.022551 0.973081 -0.019493 -0.228527 0.022551 0.973081 -0.019493 -0.228527 0.022551 0.973081 -0.019493 -0.228527 0.022551 0.973081 0.007008 -0.954177 0.039020 0.296604 -0.579655 -0.776084 0.210958 -0.131111 -0.579658 -0.776079 0.210978 -0.131096
-0.000948 0.780316 -0.000411 -0.020158 -0.231041 0.020032 0.972529 -0.166494 -0.196839 -0.144791 0.955285 0.028504 -0.139952 -0.173183 0.974479 0.069819 -0.196236 -0.555462 0.805034 0.069819 -0.196236 -0.555462 0.805034 0.069819 -0.196236 -0.555462 0.805034 -0.030874 -0.210174 0.007508 0.977147 0.162385 -0.259096 0.110144 0.945711 -0.126486 -0.120628 0.025045 0.984288 -0.126485 -0.120628 0.025045 0.984288 -0.126485 -0.120628 0.025045 0.984288 -0.020158 -0.231041 0.020033 0.972529 -0.020158 -0.231041 0.020033 0.972529 -0.020158 -0.231041 0.020033 0.972529 -0.020158 -0.231041 0.020033 0.972529 -0.003173 0.144770 -0.085203 0.985785 -0.076588 0.295066 -0.680570 0.666255 -0.076571 0.295048 -0.680577 0.666257 -0.020158 -0.231041 0.020033 0.972529 -0.020158 -0.231041 0.020033 0.972529 -0.020158 -0.231041 0.020033 0.972529 -0.020158 -0.231041 0.020033 0.972529 -0.003608 -0.963693 0.076428 0.255815 -0.630847 -0.708271 0.224469 -0.223603 -0.630852 -0.708266 0.224487 -0.223586
-0.001038 0.770334 -0.000379 -0.020191 -0.246501 0.015585 0.968807 -0.152081 -0.227230 -0.141924 0.951365 0.033704 -0.187356 -0.175598 0.965881 0.091786 -0.253609 -0.563260 0.781022 0.091786 -0.253609 -0.563260 0.781022 0.091786 -0.253609 -0.563260 0.781022 -0.029594 -0.219787 0.008821 0.975059 0.162565 -0.271566 0.112742 0.941867 -0.146136 -0.135094 0.014280 0.979893 -0.146136 -0.135094 0.014280 0.979893 -0.146136 -0.135094 0.014280 0.979893 -0.020191 -0.246501 0.015585 0.968807 -0.020191 -0.246501 0.015585 0.968807 -0.020191 -0.246501 0.015585 0.968807 -0.020191 -0.246501 0.015585 0.968807 -0.004254 0.080397 -0.069810 0.994306 -0.041031 0.248884 -0.687535 0.680932 -0.041013 0.248867 -0.687541 0.680933 -0.020191 -0.246501 0.015585 0.968807 -0.020191 -0.246501 0.015585 0.968807 -0.020191 -0.246501 0.015585 0.968807 -0.020191 -0.246501 0.015585 0.968807 -0.028743 -0.962936 0.155979 0.218171 -0.636602 -0.677879 0.261748 -0.258276 -0.636609 -0.677872 0.261766 -0.258260
-0.001108 0.766611 -0.000343 -0.019919 -0.269418 0.011859 0.962744 -0.142751 -0.247388 -0.134679 0.948832 0.030158 -0.207074 -0.172850 0.962462 0.096882 -0.276200 -0.561712 0.773827 0.096882 -0.276200 -0.561712 0.773827 0.096882 -0.276200 -0.561712 0.773827 -0.028267 -0.239200 0.015888 0.970429 0.162111 -0.285424 0.119652 0.936983 -0.154104 -0.151564 0.018003 0.976195 -0.154104 -0.151564 0.018003 0.976195 -0.154104 -0.151564 0.018003 0.976195 -0.019919 -0.269418 0.011860 0.962744 -0.019919 -0.269418 0.011860 0.962744 -0.019919 -0.269418 0.011860 0.962744 -0.019919 -0.269418 0.011860 0.962744 -0.005771 0.048993 -0.055264 0.997252 -0.024119 0.235361 -0.673998 0.699822 -0.024101 0.235343 -0.674004 0.699823 -0.019919 -0.269418 0.011860 0.962744 -0.019919 -0.269418 0.011860 0.962744 -0.019919 -0.269418 0.011860 0.962744 -0.019919 -0.269418 0.011860 0.962744 -0.031861 -0.967637 0.141165 0.206727 -0.595186 -0.717540 0.240728 -0.270075 -0.595193 -0.717534 0.240746 -0.270059
-0.001137 0.767306 -0.000326 -0.025088 -0.323593 0.007577 0.945833 -0.131345 -0.296655 -0.131702 0.936696 0.030784 -0.248216 -0.170361 0.953110 0.116193 -0.309285 -0.553246 0.764697 0.116193 -0.309285 -0.553246 0.764697 0.116193 -0.309285 -0.553246 0.764697 -0.015198 -0.273359 0.022457 0.961530 0.166704 -0.298729 0.122211 0.931684 -0.158887 -0.143016 0.017980 0.976718 -0.158887 -0.143016 0.017980 0.976718 -0.158887 -0.143016 0.017980 0.976718 -0.025088 -0.323593 0.007578 0.945833 -0.025088 -0.323593 0.007578 0.945833 -0.025088 -0.323593 0.007578 0.945833 -0.025088 -0.323593 0.007578 0.945833 -0.007212 -0.030811 -0.055571 0.997953 0.024544 0.155632 -0.681524 0.714634 0.024562 0.155614 -0.681528 0.714633 -0.025088 -0.323593 0.007578 0.945833 -0.025088 -0.323593 0.007578 0.945833 -0.025088 -0.323593 0.007578 0.945833 -0.025088 -0.323593 0.007578 0.945833 -0.009676 -0.976454 0.034658 0.212703 -0.661794 -0.668304 0.170790 -0.293646 -0.661802 -0.668300 0.170808 -0.293629
-0.001143 0.766422 -0.000325 -0.028305 -0.361023 0.005140 0.932113 -0.124003 -0.319419 -0.123736 0.931281 0.030565 -0.267426 -0.167532 0.948410 0.126868 -0.321043 -0.536827 0.769840 0.126868 -0.321043 -0.536827 0.769840 0.126868 -0.321043 -0.536827 0.769840 -0.007121 -0.290598 0.022658 0.956550 0.166693 -0.295791 0.125840 0.932140 -0.176628 -0.119700 0.022185 0.976720 -0.176628 -0.119700 0.022185 0.976720 -0.176628 -0.119700 0.022185 0.976720 -0.028305 -0.361023 0.005141 0.932113 -0.028305 -0.361023 0.005141 0.932113 -0.028305 -0.361023 0.005141 0.932113 -0.028305 -0.361023 0.005141 0.932113 -0.010196 -0.054682 -0.051077 0.997144 0.036421 0.122143 -0.683985 0.718275 0.036439 0.122125 -0.683988 0.718274 -0.028305 -0.361023 0.005141 0.932113 -0.028305 -0.361023 0.005141 0.932113 -0.028305 -0.361023 0.005141 0.932113 -0.028305 -0.361023 0.005141 0.932113 -0.024328 -0.977599 0.061057 0.199949 -0.628357 -0.630074 0.178321 -0.419970 -0.628368 -0.630070 0.178338 -0.419954
-0.001141 0.764687 -0.000339 -0.026439 -0.369197 0.002164 0.928972 -0.117256 -0.331449 -0.119013 0.928563 0.036139 -0.281217 -0.171650 0.943476 0.151704 -0.338034 -0.528272 0.763969 0.151704 -0.338034 -0.528272 0.763969 0.151704 -0.338034 -0.528272 0.763969 -0.002453 -0.289563 0.022469 0.956892 0.165273 -0.295248 0.131258 0.931818 -0.183453 -0.110480 0.034627 0.976187 -0.183453 -0.110480 0.034627 0.976187 -0.183453 -0.110480 0.034627 0.976187 -0.026439 -0.369197 0.002165 0.928972 -0.026439 -0.369197 0.002165 0.928972 -0.026439 -0.369197 0.002165 0.928972 -0.026439 -0.369197 0.002165 0.928972 -0.011158 -0.040171 -0.043171 0.998197 0.025995 0.130932 -0.700068 0.701488 0.026013 0.130914 -0.700072 0.701487 -0.026439 -0.369197 0.002165 0.928972 -0.026439 -0.369197 0.002165 0.928972 -0.026439 -0.369197 0.002165 0.928972 -0.026439 -0.369197 0.002165 0.928972 -0.005755 -0.983160 0.007175 0.182518 0.617739 0.612400 -0.121947 0.478011 0.617751 0.612396 -0.121963 0.477995
-0.001141 0.756784 -0.000344 -0.021178 -0.364068 0.000026 0.931132 -0.117823 -0.336118 -0.115096 0.927305 0.036163 -0.303132 -0.180201 0.935057 0.159252 -0.375094 -0.544600 0.733044 0.159252 -0.375094 -0.544600 0.733044 0.159252 -0.375094 -0.544600 0.733044 -0.006647 -0.276539 0.024049 0.960679 0.157399 -0.281789 0.143435 0.935546 -0.206053 -0.095673 0.056576 0.972208 -0.206053 -0.095673 0.056576 0.972208 -0.206053 -0.095673 0.056576 0.972208 -0.021179 -0.364068 0.000027 0.931132 -0.021179 -0.364068 0.000027 0.931132 -0.021179 -0.364068 0.000027 0.931132 -0.021179 -0.364068 0.000027 0.931132 -0.004946 -0.003500 -0.045460 0.998948 0.006717 0.163975 -0.728014 0.665629 0.006734 0.163956 -0.728019 0.665629 -0.021179 -0.364068 0.000027 0.931132 -0.021179 -0.364068 0.000027 0.931132 -0.021179 -0.364068 0.000027 0.931132 -0.021179 -0.364068 0.000027 0.931132 0.005711 -0.984352 -0.024679 0.174381 0.608099 0.604757 -0.089626 0.506411 0.608112 0.604755 -0.089642 0.506395
-0.001159 0.748713 -0.000293 -0.018061 -0.372452 0.000631 0.927876 -0.118189 -0.352498 -0.113128 0.921400 0.029698 -0.313070 -0.189538 0.930151 0.147778 -0.391831 -0.578615 0.699882 0.147778 -0.391831 -0.578615 0.699882 0.147778 -0.391831 -0.578615 0.699882 -0.008151 -0.273312 0.022788 0.961621 0.155291 -0.270825 0.152816 0.937649 -0.214551 -0.074027 0.072350 0.971212 -0.214551 -0.074027 0.072350 0.971212 -0.214551 -0.074027 0.072350 0.971212 -0.018061 -0.372452 0.000632 0.927876 -0.018061 -0.372452 0.000632 0.927876 -0.018061 -0.372452 0.000632 0.927876 -0.018061 -0.372452 0.000632 0.927876 -0.003160 0.002027 -0.040583 0.999169 0.004137 0.189423 -0.730238 0.656395 0.004154 0.189405 -0.730242 0.656395 -0.018061 -0.372452 0.000632 0.927876 -0.018061 -0.372452 0.000632 0.927876 -0.018061 -0.372452 0.000632 0.927876 -0.018061 -0.372452 0.000632 0.927876 0.016186 -0.986071 -0.046357 0.158911 0.601193 0.589251 -0.060379 0.536381 0.601207 0.589249 -0.060395 0.536365
-0.001166 0.744124 -0.000246 -0.013582 -0.384272 0.006106 0.923100 -0.112952 -0.363330 -0.111222 0.918076 0.037665 -0.321981 -0.187814 0.927165 0.156284 -0.396731 -0.581017 0.693253 0.156284 -0.396731 -0.581017 0.693253 0.156284 -0.396731 -0.581017 0.693253 -0.007254 -0.281353 0.020390 0.959360 0.159840 -0.269189 0.158235 0.936456 -0.208621 -0.067078 0.080610 0.972358 -0.208621 -0.067078 0.080610 0.972358 -0.208621 -0.067078 0.080610 0.972358 -0.013583 -0.384272 0.006107 0.923100 -0.013583 -0.384272 0.006107 0.923100 -0.013583 -0.384272 0.006107 0.923100 -0.013583 -0.384272 0.006107 0.923100 -0.001806 -0.025216 -0.030580 0.999213 0.021183 0.137886 -0.720782 0.678979 0.021200 0.137867 -0.720786 0.678978 -0.013583 -0.384272 0.006107 0.923100 -0.013583 -0.384272 0.006107 0.923100 -0.013583 -0.384272 0.006107 0.923100 -0.013583 -0.384272 0.006107 0.923100 0.027599 -0.986700 -0.055924 0.150115 0.608676 0.570801 -0.044888 0.549258 0.608691 0.570800 -0.044903 0.549242
-0.001173 0.746272 -0.000223 -0.005006 -0.386506 0.016328 0.922129 -0.104957 -0.362874 -0.109686 0.919389 0.047169 -0.317662 -0.188030 0.928176 0.161138 -0.385890 -0.580560 0.698623 0.161138 -0.385890 -0.580560 0.698623 0.161138 -0.385890 -0.580560 0.698623 -0.006557 -0.275240 0.030411 0.960872 0.162528 -0.250172 0.170134 0.939177 -0.207197 -0.042643 0.101294 0.972106 -0.207197 -0.042643 0.101294 0.972106 -0.207197 -0.042643 0.101294 0.972106 -0.005006 -0.386506 0.016328 0.922129 -0.005006 -0.386506 0.016328 0.922129 -0.005006 -0.386506 0.016328 0.922129 -0.005006 -0.386506 0.016328 0.922129 0.014636 -0.019453 -0.047030 0.998597 0.030409 0.137232 -0.710194 0.689831 0.030427 0.137214 -0.710198 0.689830 -0.005006 -0.386506 0.016328 0.922129 -0.005006 -0.386506 0.016328 0.922129 -0.005006 -0.386506 0.016328 0.922129 -0.005006 -0.386506 0.016328 0.922129 0.033345 -0.988106 -0.039688 0.144771 0.600022 0.585287 -0.046065 0.543407 0.600036 0.585286 -0.046080 0.543392
-0.001163 0.752746 -0.000219 0.023611 -0.360282 0.029514 0.932077 -0.095974 -0.335102 -0.105466 0.931328 0.053799 -0.287441 -0.182837 0.938645 0.155246 -0.358370 -0.567664 0.724726 0.155246 -0.358370 -0.567664 0.724726 0.155246 -0.358370 -0.567664 0.724726 0.000791 -0.266662 0.041636 0.962890 0.165291 -0.240449 0.176614 0.940037 -0.210424 -0.053226 0.109588 0.969989 -0.210424 -0.053226 0.109588 0.969989 -0.210424 -0.053226 0.109588 0.969989 0.023611 -0.360282 0.029515 0.932077 0.023611 -0.360282 0.029515 0.932077 0.023611 -0.360282 0.029515 0.932077 0.023611 -0.360282 0.029514 0.932077 0.058619 0.024666 -0.088528 0.994041 0.038486 0.214147 -0.737360 0.639499 0.038503 0.214128 -0.737366 0.639498 0.023611 -0.360282 0.029515 0.932077 0.023611 -0.360282 0.029515 0.932077 0.023611 -0.360282 0.029515 0.932077 0.023611 -0.360282 0.029514 0.932077 0.045412 -0.985983 -0.026333 0.158371 -0.583948 -0.662792 0.054652 -0.465536 -0.583960 -0.662791 0.054670 -0.465521
-0.001137 0.760955 -0.000231 0.048618 -0.349899 0.050586 0.934156 -0.085594 -0.336148 -0.098771 0.932696 0.057212 -0.296195 -0.175342 0.937150 0.158858 -0.354248 -0.536811 0.749071 0.158858 -0.354248 -0.536811 0.749071 0.158858 -0.354248 -0.536811 0.749071 0.018093 -0.282365 0.059044 0.957317 0.172054 -0.280284 0.183884 0.926296 -0.212933 -0.127259 0.093728 0.964199 -0.212933 -0.127259 0.093728 0.964199 -0.212933 -0.127259 0.093728 0.964199 0.048618 -0.349899 0.050586 0.934156 0.048618 -0.349899 0.050586 0.934156 0.048618 -0.349899 0.050586 0.934156 0.048618 -0.349899 0.050586 0.934156 0.092963 0.052058 -0.118547 0.987216 0.046406 0.269806 -0.768087 0.578873 0.046422 0.269786 -0.768094 0.578872 0.048618 -0.349899 0.050586 0.934156 0.048618 -0.349899 0.050586 0.934156 0.048618 -0.349899 0.050586 0.934156 0.048618 -0.349899 0.050586 0.934156 0.049048 -0.984322 0.034410 0.165892 -0.553229 -0.735359 0.100091 -0.378373 -0.553239 -0.735357 0.100110 -0.378359
-0.001135 0.774779 -0.000307 0.069140 -0.382389 0.070514 0.918709 -0.064927 -0.363622 -0.092412 0.924675 0.064193 -0.319422 -0.149141 0.933598 0.175783 -0.366468 -0.502945 0.762790 0.175783 -0.366468 -0.502945 0.762790 0.175783 -0.366468 -0.502945 0.762790 0.024665 -0.326448 0.077710 0.941693 0.183959 -0.322816 0.220999 0.901725 -0.192723 -0.187500 0.117173 0.956019 -0.192723 -0.187500 0.117173 0.956019 -0.192723 -0.187500 0.117173 0.956019 0.069140 -0.382389 0.070515 0.918709 0.069140 -0.382389 0.070515 0.918709 0.069140 -0.382389 0.070515 0.918709 0.069140 -0.382389 0.070515 0.918709 0.129260 0.050419 -0.142657 0.979999 0.070347 0.244278 -0.782175 0.568843 0.070362 0.244257 -0.782181 0.568841 0.069140 -0.382389 0.070515 0.918709 0.069140 -0.382389 0.070515 0.918709 0.069140 -0.382389 0.070515 0.918709 0.069140 -0.382389 0.070515 0.918709 0.024243 -0.975559 0.150302 0.158447 -0.599375 -0.669613 0.190699 -0.394972 -0.599385 -0.669608 0.190716 -0.394956
-0.001157 0.786219 -0.000390 0.079484 -0.377310 0.085125 0.918734 -0.034903 -0.376206 -0.098100 0.920667 0.100001 -0.345837 -0.126051 0.924396 0.235234 -0.383918 -0.473633 0.756931 0.235234 -0.383918 -0.473633 0.756931 0.235234 -0.383918 -0.473633 0.756931 0.011318 -0.331892 0.108668 0.936969 0.191931 -0.338102 0.258411 0.884349 -0.167694 -0.220866 0.161472 0.947113 -0.167694 -0.220866 0.161472 0.947113 -0.167694 -0.220866 0.161472 0.947113 0.079483 -0.377310 0.085125 0.918734 0.079483 -0.377310 0.085125 0.918734 0.079483 -0.377310 0.085125 0.918734 0.079483 -0.377310 0.085125 0.918734 0.159075 0.062436 -0.198106 0.965169 0.083587 0.222865 -0.803858 0.545121 0.083602 0.222844 -0.803864 0.545118 0.079483 -0.377310 0.085125 0.918734 0.079483 -0.377310 0.085125 0.918734 0.079483 -0.377310 0.085125 0.918734 0.079483 -0.377310 0.085125 0.918734 0.054727 -0.973576 0.124968 0.183131 -0.548992 -0.803316 0.199888 -0.115485 -0.548995 -0.803310 0.199909 -0.115470
-0.001163 0.790634 -0.000571 0.076944 -0.385396 0.082963 0.915787 -0.002875 -0.403544 -0.114904 0.907712 0.144167 -0.372276 -0.113535 0.909800 0.304373 -0.398569 -0.444129 0.742462 0.304373 -0.398569 -0.444129 0.742462 0.304373 -0.398569 -0.444129 0.742462 -0.023904 -0.340590 0.162234 0.925801 0.181872 -0.330627 0.304014 0.874748 -0.132773 -0.229691 0.224640 0.937630 -0.132773 -0.229691 0.224640 0.937630 -0.132773 -0.229691 0.224640 0.937630 0.076944 -0.385396 0.082964 0.915787 0.076944 -0.385396 0.082964 0.915787 0.076944 -0.385396 0.082964 0.915787 0.076944 -0.385396 0.082964 0.915787 0.185710 -0.110933 -0.227870 0.949358 0.160560 -0.170987 -0.799453 0.553045 0.160574 -0.171008 -0.799448 0.553041 0.076944 -0.385396 0.082964 0.915787 0.076944 -0.385396 0.082964 0.915787 0.076944 -0.385396 0.082964 0.915787 0.076944 -0.385396 0.082964 0.915787 0.025681 -0.963410 0.184790 0.192441 -0.458375 -0.844732 0.250481 -0.116534 -0.458378 -0.844725 0.250503 -0.116522
-0.001063 0.785208 -0.000784 0.076022 -0.402343 0.077510 0.909028 0.024531 -0.429020 -0.134819 0.892840 0.173645 -0.408313 -0.095373 0.891085 0.364577 -0.418934 -0.391297 0.733801 0.364577 -0.418934 -0.391297 0.733801 0.364577 -0.418934 -0.391297 0.733801 -0.022567 -0.341484 0.201938 0.917660 0.192823 -0.324399 0.325094 0.867121 -0.097392 -0.219610 0.261845 0.934732 -0.097392 -0.219610 0.261845 0.934732 -0.097392 -0.219610 0.261845 0.934732 0.076022 -0.402343 0.077511 0.909028 0.076022 -0.402343 0.077511 0.909028 0.076022 -0.402343 0.077511 0.909028 0.076022 -0.402343 0.077511 0.909028 0.182381 -0.302164 -0.180375 0.918095 0.191781 -0.564192 -0.591941 0.542690 0.191795 -0.564207 -0.591927 0.542685 0.076022 -0.402343 0.077511 0.909028 0.076022 -0.402343 0.077511 0.909028 0.076022 -0.402343 0.077511 0.909028 0.076022 -0.402343 0.077511 0.909028 0.006537 -0.960002 0.205985 0.189534 -0.380796 -0.885130 0.264846 -0.037359 -0.380797 -0.885123 0.264869 -0.037349
-0.000924 0.774386 -0.001114 0.075032 -0.445953 0.065602 0.889490 0.018043 -0.481005 -0.153497 0.862988 0.174580 -0.476827 -0.090662 0.856702 0.394320 -0.481319 -0.359743 0.695290 0.394320 -0.481319 -0.359743 0.695290 0.394320 -0.481319 -0.359743 0.695290 -0.004649 -0.382396 0.219959 0.897424 0.221445 -0.369284 0.319454 0.844121 -0.055695 -0.273230 0.245075 0.928538 -0.055695 -0.273230 0.245075 0.928538 -0.055695 -0.273230 0.245075 0.928538 0.075032 -0.445953 0.065603 0.889490 0.075032 -0.445953 0.065603 0.889490 0.075032 -0.445953 0.065603 0.889490 0.075032 -0.445953 0.065603 0.889490 0.186277 -0.413120 -0.163327 0.876332 0.188147 -0.652554 -0.371703 0.632938 0.188164 -0.652564 -0.371686 0.632933 0.075032 -0.445953 0.065603 0.889490 0.075032 -0.445953 0.065603 0.889490 0.075032 -0.445953 0.065603 0.889490 0.075032 -0.445953 0.065603 0.889490 -0.003131 -0.968222 0.178197 0.175450 -0.357061 -0.904782 0.231155 0.021098 -0.357060 -0.904776 0.231179 0.021107
-0.000798 0.758235 -0.001504 0.067046 -0.510032 0.054803 0.855786 -0.010678 -0.527102 -0.171807 0.832185 0.172124 -0.529179 -0.086570 0.826347 0.408256 -0.517430 -0.308605 0.685825 0.408256 -0.517430 -0.308605 0.685825 0.408256 -0.517430 -0.308605 0.685825 0.002463 -0.432379 0.240170 0.869115 0.239872 -0.404306 0.330560 0.818369 -0.013389 -0.309079 0.257303 0.915470 -0.013389 -0.309079 0.257303 0.915470 -0.013389 -0.309079 0.257303 0.915470 0.067046 -0.510032 0.054804 0.855786 0.067046 -0.510032 0.054804 0.855786 0.067046 -0.510032 0.054804 0.855786 0.067046 -0.510032 0.054804 0.855786 0.196297 -0.477007 -0.167673 0.840130 0.159634 -0.666139 -0.230969 0.690963 0.159652 -0.666145 -0.230951 0.690958 0.067046 -0.510032 0.054804 0.855786 0.067046 -0.510032 0.054804 0.855786 0.067046 -0.510032 0.054804 0.855786 0.067046 -0.510032 0.054804 0.855786 -0.004031 -0.978354 0.132751 0.158696 -0.321180 -0.930002 0.178234 0.013158 -0.321179 -0.929997 0.178258 0.013166
-0.000736 0.749172 -0.001800 0.058540 -0.559794 0.047494 0.825196 -0.032844 -0.543243 -0.183892 0.818530 0.186678 -0.551069 -0.078220 0.809541 0.405128 -0.515188 -0.299816 0.693227 0.405128 -0.515188 -0.299816 0.693227 0.405128 -0.515188 -0.299816 0.693227 0.006076 -0.461492 0.250781 0.850939 0.242775 -0.423993 0.332326 0.806752 0.007153 -0.318490 0.263369 0.910577 0.007153 -0.318490 0.263369 0.910577 0.007153 -0.318490 0.263369 0.910577 0.058540 -0.559794 0.047495 0.825196 0.058540 -0.559794 0.047495 0.825196 0.058540 -0.559794 0.047495 0.825196 0.058539 -0.559794 0.047495 0.825196 0.204119 -0.491249 -0.172522 0.829003 0.149033 -0.654480 -0.182872 0.718333 0.149051 -0.654485 -0.182855 0.718329 0.058540 -0.559794 0.047495 0.825196 0.058540 -0.559794 0.047495 0.825196 0.058540 -0.559794 0.047495 0.825196 0.058540 -0.559794 0.047495 0.825196 0.014778 -0.986859 0.076734 0.141435 -0.233520 -0.966268 0.108605 0.000324 -0.233520 -0.966265 0.108630 0.000330
-0.000733 0.745283 -0.001946 0.052690 -0.599160 0.036828 0.798044 -0.049120 -0.582762 -0.182259 0.790416 0.194325 -0.573959 -0.068475 0.792540 0.401086 -0.529215 -0.302489 0.683785 0.401086 -0.529215 -0.302489 0.683785 0.401086 -0.529215 -0.302489 0.683785 0.012382 -0.485115 0.251865 0.837302 0.240385 -0.440205 0.322544 0.802745 0.006661 -0.325604 0.257859 0.909641 0.006661 -0.325604 0.257859 0.909641 0.006661 -0.325604 0.257859 0.909641 0.052690 -0.599160 0.036828 0.798044 0.052690 -0.599160 0.036828 0.798044 0.052690 -0.599160 0.036828 0.798044 0.052690 -0.599160 0.036828 0.798044 0.211752 -0.484004 -0.179309 0.829909 0.160880 -0.634088 -0.190539 0.731946 0.160899 -0.634093 -0.190523 0.731942 0.052690 -0.599160 0.036828 0.798044 0.052690 -0.599160 0.036828 0.798044 0.052690 -0.599160 0.036828 0.798044 0.052690 -0.599160 0.036828 0.798044 -0.001298 -0.989495 0.073497 0.124485 -0.207834 -0.971714 0.098394 -0.053807 -0.207835 -0.971712 0.098419 -0.053801
-0.000738 0.745375 -0.001989 0.045932 -0.615630 0.029115 0.786156 -0.053204 -0.588766 -0.175164 0.787300 0.205539 -0.576321 -0.068135 0.788014 0.412600 -0.529469 -0.306169 0.675044 0.412600 -0.529469 -0.306169 0.675044 0.412600 -0.529469 -0.306169 0.675044 0.014909 -0.480196 0.254038 0.839437 0.230272 -0.422965 0.317848 0.816730 -0.014850 -0.293361 0.254631 0.921348 -0.014850 -0.293361 0.254631 0.921348 -0.014850 -0.293361 0.254631 0.921348 0.045931 -0.615630 0.029115 0.786156 0.045931 -0.615630 0.029115 0.786156 0.045931 -0.615630 0.029115 0.786156 0.045931 -0.615630 0.029115 0.786156 0.207588 -0.472700 -0.180267 0.837237 0.161388 -0.632301 -0.206862 0.728943 0.161407 -0.632306 -0.206846 0.728939 0.045931 -0.615630 0.029115 0.786156 0.045931 -0.615630 0.029115 0.786156 0.045931 -0.615630 0.029115 0.786156 0.045931 -0.615630 0.029115 0.786156 0.063782 -0.991256 -0.026176 0.112507 -0.090686 -0.994032 -0.019647 -0.057362 -0.090688 -0.994032 -0.019621 -0.057360
-0.000731 0.750714 -0.001993 0.033070 -0.582332 0.023127 0.811949 -0.042305 -0.560189 -0.154571 0.812715 0.224297 -0.543365 -0.059242 0.806806 0.424295 -0.494690 -0.304064 0.694838 0.424295 -0.494690 -0.304064 0.694838 0.424295 -0.494690 -0.304064 0.694838 0.014706 -0.457537 0.251573 0.852734 0.216167 -0.404822 0.312942 0.831540 -0.017277 -0.282846 0.263972 0.921964 -0.017277 -0.282846 0.263972 0.921964 -0.017277 -0.282846 0.263972 0.921964 0.033070 -0.582332 0.023127 0.811949 0.033070 -0.582332 0.023127 0.811949 0.033070 -0.582332 0.023127 0.811949 0.033070 -0.582332 0.023127 0.811949 0.192949 -0.444033 -0.203063 0.851100 0.131886 -0.640288 -0.232713 0.720057 0.131904 -0.640294 -0.232696 0.720053 0.033070 -0.582332 0.023127 0.811949 0.033070 -0.582332 0.023127 0.811949 0.033070 -0.582332 0.023127 0.811949 0.033070 -0.582332 0.023127 0.811949 0.100364 -0.982198 -0.093647 0.128239 -0.005675 -0.994129 -0.098567 -0.044269 -0.005677 -0.994132 -0.098541 -0.044269
-0.000723 0.762280 -0.001892 0.017703 -0.512728 0.019687 0.858143 -0.042864 -0.511404 -0.120088 0.849828 0.233818 -0.501292 -0.020348 0.832839 0.429751 -0.453771 -0.280917 0.728349 0.429751 -0.453771 -0.280917 0.728349 0.429751 -0.453771 -0.280917 0.728349 -0.001091 -0.397757 0.251723 0.882283 0.190714 -0.363026 0.314933 0.855954 -0.031973 -0.241862 0.256706 0.935191 -0.031973 -0.241862 0.256706 0.935191 -0.031973 -0.241862 0.256706 0.935191 0.017702 -0.512728 0.019688 0.858143 0.017702 -0.512728 0.019688 0.858143 0.017702 -0.512728 0.019688 0.858143 0.017702 -0.512728 0.019688 0.858143 0.155821 -0.385700 -0.215482 0.883472 0.123687 -0.628360 -0.360359 0.678238 0.123705 -0.628369 -0.360342 0.678235 0.017702 -0.512728 0.019688 0.858143 0.017702 -0.512728 0.019688 0.858143 0.017702 -0.512728 0.019688 0.858143 0.017703 -0.512728 0.019688 0.858143 0.116160 -0.970657 -0.152117 0.145572 0.071646 -0.983116 -0.167195 -0.019892 0.071645 -0.983120 -0.167170 -0.019894
-0.000746 0.780394 -0.001702 0.004413 -0.426653 0.015721 0.904268 -0.046645 -0.451863 -0.083936 0.886904 0.217009 -0.435907 0.022300 0.873152 0.397688 -0.399346 -0.261347 0.783623 0.397688 -0.399346 -0.261347 0.783623 0.397688 -0.399346 -0.261347 0.783623 -0.020009 -0.325249 0.249702 0.911845 0.192636 -0.318147 0.306292 0.876276 0.001778 -0.186735 0.258620 0.947757 0.001778 -0.186735 0.258620 0.947757 0.001778 -0.186735 0.258620 0.947757 0.004413 -0.426653 0.015722 0.904268 0.004413 -0.426653 0.015722 0.904268 0.004413 -0.426653 0.015722 0.904268 0.004413 -0.426653 0.015722 0.904268 0.102936 -0.345738 -0.195995 0.911842 0.098723 -0.639992 -0.437398 0.623977 0.098739 -0.640004 -0.437381 0.623974 0.004413 -0.426653 0.015722 0.904268 0.004413 -0.426653 0.015722 0.904268 0.004413 -0.426653 0.015722 0.904268 0.004413 -0.426653 0.015722 0.904268 0.128447 -0.949295 -0.235561 0.163865 0.151670 -0.953181 -0.261450 0.009285 0.151670 -0.953188 -0.261425 0.009281
-0.000792 0.794921 -0.001492 -0.003876 -0.357319 0.008203 0.933938 -0.056925 -0.409242 -0.057688 0.908819 0.186204 -0.399401 0.058212 0.895778 0.362840 -0.379483 -0.240717 0.816330 0.362840 -0.379483 -0.240717 0.816330 0.362840 -0.379483 -0.240717 0.816330 -0.051681 -0.264927 0.239484 0.932625 0.196684 -0.236281 0.292405 0.905531 0.028871 -0.073210 0.282940 0.955903 0.028871 -0.073210 0.282940 0.955903 0.028871 -0.073210 0.282940 0.955903 -0.003876 -0.357319 0.008203 0.933938 -0.003876 -0.357319 0.008203 0.933938 -0.003876 -0.357319 0.008203 0.933938 -0.003876 -0.357319 0.008203 0.933938 0.066277 -0.300778 -0.176468 0.934879 0.076247 -0.656750 -0.498825 0.560392 0.076261 -0.656763 -0.498808 0.560390 -0.003876 -0.357319 0.008203 0.933938 -0.003876 -0.357319 0.008203 0.933938 -0.003876 -0.357319 0.008203 0.933938 -0.003876 -0.357319 0.008203 0.933938 0.135746 -0.913279 -0.335858 0.186262 0.258673 -0.889838 -0.371537 0.056895 0.258674 -0.889848 -0.371514 0.056888
-0.000845 0.801050 -0.001285 -0.009278 -0.291534 -0.002384 0.956512 -0.059234 -0.361896 -0.038973 0.929518 0.177736 -0.361139 0.071684 0.912606 0.353582 -0.351895 -0.237106 0.833625 0.353582 -0.351895 -0.237106 0.833625 0.353582 -0.351895 -0.237106 0.833625 -0.065977 -0.229031 0.206559 0.948960 0.199336 -0.208851 0.286747 0.913468 0.061500 -0.016870 0.292666 0.954086 0.061500 -0.016870 0.292666 0.954086 0.061500 -0.016870 0.292666 0.954086 -0.009279 -0.291534 -0.002384 0.956512 -0.009279 -0.291534 -0.002384 0.956512 -0.009279 -0.291534 -0.002384 0.956512 -0.009279 -0.291534 -0.002384 0.956512 0.035522 -0.199338 -0.148980 0.967888 0.059854 -0.596137 -0.653809 0.462139 0.059866 -0.596154 -0.653793 0.462138 -0.009279 -0.291534 -0.002384 0.956512 -0.009279 -0.291534 -0.002384 0.956512 -0.009279 -0.291534 -0.002384 0.956512 -0.009279 -0.291534 -0.002384 0.956512 0.128922 -0.861636 -0.437140 0.223318 0.295346 -0.821327 -0.480160 0.087397 0.295349 -0.821340 -0.480139 0.087389
-0.000868 0.804125 -0.001094 -0.015244 -0.244581 -0.012710 0.969426 -0.059357 -0.333981 -0.026592 0.940333 0.188854 -0.358451 0.068920 0.911645 0.363996 -0.356510 -0.260499 0.820090 0.363996 -0.356510 -0.260499 0.820090 0.363996 -0.356510 -0.260499 0.820090 -0.086125 -0.224512 0.159415 0.957478 0.194702 -0.229866 0.269490 0.914674 0.048327 -0.055466 0.262269 0.962186 0.048327 -0.055466 0.262269 0.962186 0.048327 -0.055466 0.262269 0.962186 -0.015245 -0.244581 -0.012709 0.969426 -0.015245 -0.244581 -0.012709 0.969426 -0.015245 -0.244581 -0.012709 0.969426 -0.015245 -0.244581 -0.012709 0.969426 -0.012624 0.012309 -0.011639 0.999777 -0.019195 -0.255553 -0.854963 0.450956 -0.019183 -0.255576 -0.854957 0.450957 -0.015245 -0.244581 -0.012709 0.969426 -0.015245 -0.244581 -0.012709 0.969426 -0.015245 -0.244581 -0.012709 0.969426 -0.015245 -0.244581 -0.012709 0.969426 0.118292 -0.793974 -0.527462 0.278200 0.287591 -0.750941 -0.580697 0.127163 0.287594 -0.750956 -0.580677 0.127155
-0.000881 0.804989 -0.000917 -0.031960 -0.273515 -0.012400 0.961257 -0.059025 -0.352552 -0.014359 0.933818 0.195679 -0.365689 0.069015 0.907314 0.355877 -0.364333 -0.280678 0.813531 0.355877 -0.364333 -0.280678 0.813531 0.355877 -0.364333 -0.280678 0.813531 -0.097435 -0.252660 0.124392 0.954566 0.223301 -0.282888 0.248846 0.898992 0.074028 -0.136861 0.215025 0.964133 0.074028 -0.136861 0.215025 0.964133 0.074028 -0.136861 0.215025 0.964133 -0.031960 -0.273515 -0.012399 0.961257 -0.031960 -0.273515 -0.012399 0.961257 -0.031960 -0.273515 -0.012399 0.961257 -0.031960 -0.273515 -0.012399 0.961257 -0.043483 0.080475 0.040202 0.994996 -0.093510 0.052224 -0.878102 0.466332 -0.093498 0.052202 -0.878104 0.466334 -0.031960 -0.273515 -0.012399 0.961257 -0.031960 -0.273515 -0.012399 0.961257 -0.031960 -0.273515 -0.012399 0.961257 -0.031960 -0.273515 -0.012399 0.961257 0.145473 -0.753637 -0.577841 0.277434 0.332849 -0.690955 -0.636383 0.082520 0.332851 -0.690972 -0.636365 0.082511
-0.000928 0.804294 -0.000838 -0.041077 -0.268501 -0.017455 0.962245 -0.059227 -0.338645 -0.014351 0.938939 0.209680 -0.347728 0.063095 0.911668 0.358572 -0.343240 -0.294986 0.816453 0.358572 -0.343240 -0.294986 0.816453 0.358572 -0.343240 -0.294986 0.816453 -0.121288 -0.247057 0.085303 0.957588 0.259715 -0.301537 0.234024 0.887049 0.108676 -0.173923 0.189064 0.960310 0.108676 -0.173923 0.189064 0.960310 0.108676 -0.173923 0.189064 0.960310 -0.041077 -0.268501 -0.017455 0.962245 -0.041077 -0.268501 -0.017455 0.962245 -0.041077 -0.268501 -0.017455 0.962245 -0.041077 -0.268501 -0.017455 0.962245 -0.077997 0.144516 0.139526 0.976506 -0.202711 0.357436 -0.729608 0.546643 -0.202697 0.357417 -0.729618 0.546649 -0.041077 -0.268501 -0.017455 0.962245 -0.041077 -0.268501 -0.017455 0.962245 -0.041077 -0.268501 -0.017455 0.962245 -0.041077 -0.268501 -0.017455 0.962245 0.146254 -0.698402 -0.619578 0.327058 0.328268 -0.632671 -0.694637 0.097199 0.328271 -0.632689 -0.694620 0.097190
-0.001102 0.798179 -0.000770 -0.051589 -0.331808 -0.020570 0.941711 -0.072976 -0.399596 -0.022024 0.913517 0.213214 -0.395055 0.061103 0.891481 0.384902 -0.390061 -0.292026 0.783852 0.384902 -0.390061 -0.292026 0.783852 0.384902 -0.390061 -0.292026 0.783852 -0.120711 -0.329136 0.028259 0.936109 0.346650 -0.387663 0.177553 0.835480 0.209642 -0.290947 0.089790 0.929160 0.209642 -0.290947 0.089790 0.929160 0.209642 -0.290947 0.089790 0.929160 -0.051589 -0.331808 -0.020570 0.941711 -0.051589 -0.331808 -0.020570 0.941711 -0.051589 -0.331808 -0.020570 0.941711 -0.051589 -0.331808 -0.020570 0.941711 -0.140405 0.107530 0.257450 0.949970 -0.283215 0.472874 -0.545381 0.631458 -0.283199 0.472860 -0.545393 0.631465 -0.051589 -0.331808 -0.020570 0.941711 -0.051589 -0.331808 -0.020570 0.941711 -0.051589 -0.331808 -0.020570 0.941711 -0.051589 -0.331808 -0.020570 0.941711 0.179683 -0.679893 -0.609118 0.366654 0.363782 -0.601810 -0.685374 0.189076 0.363787 -0.601828 -0.685358 0.189067
-0.001246 0.785783 -0.000909 -0.056754 -0.360617 -0.032837 0.930406 -0.084059 -0.414653 -0.032858 0.905493 0.226431 -0.434269 0.078348 0.868332 0.438917 -0.429966 -0.234159 0.753426 0.438917 -0.429966 -0.234159 0.753426 0.438917 -0.429966 -0.234159 0.753426 -0.143089 -0.352720 -0.027608 0.924312 0.432193 -0.409463 0.161448 0.787073 0.370952 -0.291753 0.129285 0.872101 0.370952 -0.291753 0.129285 0.872101 0.370952 -0.291753 0.129285 0.872101 -0.056754 -0.360617 -0.032837 0.930406 -0.056754 -0.360617 -0.032837 0.930406 -0.056754 -0.360617 -0.032837 0.930406 -0.056755 -0.360617 -0.032837 0.930406 -0.254001 0.031201 0.531046 0.807775 -0.425094 0.284357 0.321598 0.796876 -0.425073 0.284366 0.321590 0.796887 -0.056754 -0.360617 -0.032837 0.930406 -0.056754 -0.360617 -0.032837 0.930406 -0.056754 -0.360617 -0.032837 0.930406 -0.056754 -0.360617 -0.032837 0.930406 0.168190 -0.712633 -0.559865 0.387836 0.207319 -0.720953 -0.639877 0.166744 0.207324 -0.720969 -0.639858 0.166739
-0.001377 0.782320 -0.001189 -0.065039 -0.360753 -0.047714 0.929167 -0.091562 -0.420040 -0.044099 0.901797 0.231404 -0.433943 0.083978 0.866656 0.479837 -0.428282 -0.184667 0.743121 0.479837 -0.428282 -0.184667 0.743121 0.479837 -0.428282 -0.184667 0.743121 -0.158781 -0.344477 -0.087068 0.921164 0.495200 -0.414485 0.155820 0.747462 0.526809 -0.286865 0.195324 0.775905 0.526809 -0.286865 0.195324 0.775905 0.526809 -0.286865 0.195324 0.775905 -0.065039 -0.360753 -0.047713 0.929167 -0.065039 -0.360753 -0.047713 0.929167 -0.065039 -0.360753 -0.047713 0.929167 -0.065039 -0.360753 -0.047713 0.929167 -0.262568 -0.088938 0.518704 0.808761 -0.415217 0.170290 0.324813 0.832522 -0.415195 0.170298 0.324809 0.832533 -0.065039 -0.360753 -0.047713 0.929167 -0.065039 -0.360753 -0.047713 0.929167 -0.065039 -0.360753 -0.047713 0.929167 -0.065039 -0.360753 -0.047713 0.929167 0.141025 -0.625305 -0.543618 0.541835 0.094852 -0.687476 -0.585292 0.419301 0.094863 -0.687491 -0.585274 0.419298
-0.001511 0.788253 -0.001510 -0.067738 -0.355385 -0.054049 0.930694 -0.086282 -0.428744 -0.050640 0.897870 0.254574 -0.464506 0.082793 0.844139 0.557188 -0.457250 -0.109128 0.684511 0.557188 -0.457250 -0.109128 0.684511 0.557188 -0.457250 -0.109128 0.684511 -0.187690 -0.328213 -0.143047 0.914651 0.515820 -0.413514 0.169030 0.731003 0.592409 -0.260275 0.269839 0.713089 0.592409 -0.260275 0.269839 0.713089 0.592409 -0.260275 0.269839 0.713089 -0.067738 -0.355385 -0.054049 0.930694 -0.067738 -0.355385 -0.054049 0.930694 -0.067738 -0.355385 -0.054049 0.930694 -0.067738 -0.355385 -0.054049 0.930694 -0.262462 -0.181212 0.507175 0.800656 -0.380046 0.031275 0.355930 0.853171 -0.380024 0.031284 0.355929 0.853181 -0.067738 -0.355385 -0.054049 0.930694 -0.067738 -0.355385 -0.054049 0.930694 -0.067738 -0.355385 -0.054049 0.930694 -0.067738 -0.355385 -0.054049 0.930694 0.127448 -0.558615 -0.536773 0.619339 0.046488 -0.630854 -0.528573 0.566103 0.046503 -0.630868 -0.528557 0.566102
-0.001638 0.798685 -0.001717 -0.061998 -0.352118 -0.046052 0.932764 -0.081793 -0.419946 -0.045468 0.902711 0.247924 -0.460678 0.078904 0.848578 0.565191 -0.453309 -0.060382 0.686603 0.565191 -0.453309 -0.060382 0.686603 0.565191 -0.453309 -0.060382 0.686603 -0.214529 -0.321901 -0.210851 0.897719 0.513431 -0.442199 0.132733 0.723347 0.615772 -0.286208 0.249264 0.690491 0.615772 -0.286208 0.249264 0.690491 0.615772 -0.286208 0.249264 0.690491 -0.061999 -0.352118 -0.046052 0.932764 -0.061999 -0.352118 -0.046052 0.932764 -0.061999 -0.352118 -0.046052 0.932764 -0.061999 -0.352118 -0.046052 0.932764 -0.260185 -0.212958 0.523542 0.782852 -0.354408 -0.055453 0.421756 0.832732 -0.354386 -0.055442 0.421758 0.832741 -0.061999 -0.352118 -0.046052 0.932764 -0.061999 -0.352118 -0.046052 0.932764 -0.061999 -0.352118 -0.046052 0.932764 -0.061999 -0.352118 -0.046052 0.932764 0.140908 -0.490107 -0.553330 0.658609 0.088125 -0.530344 -0.528224 0.657228 0.088142 -0.530358 -0.528210 0.657225
-0.001715 0.806499 -0.001812 -0.048547 -0.315560 -0.036737 0.946951 -0.092767 -0.396326 -0.043254 0.912387 0.248694 -0.449321 0.082183 0.854112 0.580835 -0.442552 -0.040156 0.682031 0.580835 -0.442552 -0.040156 0.682031 0.580835 -0.442552 -0.040156 0.682031 -0.247143 -0.288534 -0.278958 0.881958 0.487484 -0.482491 0.085108 0.722716 0.610667 -0.334353 0.195542 0.690693 0.610667 -0.334353 0.195542 0.690693 0.610667 -0.334353 0.195542 0.690693 -0.048547 -0.315560 -0.036736 0.946951 -0.048547 -0.315560 -0.036736 0.946951 -0.048547 -0.315560 -0.036736 0.946951 -0.048547 -0.315560 -0.036736 0.946951 -0.229572 -0.225989 0.543339 0.775248 -0.304383 -0.106275 0.458285 0.828271 -0.304361 -0.106263 0.458287 0.828278 -0.048547 -0.315560 -0.036736 0.946951 -0.048547 -0.315560 -0.036736 0.946951 -0.048547 -0.315560 -0.036736 0.946951 -0.048547 -0.315560 -0.036736 0.946951 0.136433 -0.417447 -0.565422 0.698156 0.097718 -0.429115 -0.501134 0.745102 0.097737 -0.429128 -0.501122 0.745099
-0.001757 0.811321 -0.001848 -0.040262 -0.283108 -0.020482 0.958024 -0.110446 -0.371427 -0.037875 0.921091 0.229258 -0.425463 0.096865 0.870080 0.554748 -0.424262 -0.058336 0.713339 0.554748 -0.424262 -0.058336 0.713339 0.554748 -0.424262 -0.058336 0.713339 -0.271982 -0.276610 -0.319284 0.864621 0.454904 -0.510674 0.058470 0.727225 0.565509 -0.375384 0.149702 0.718941 0.565509 -0.375384 0.149702 0.718941 0.565509 -0.375384 0.149702 0.718941 -0.040262 -0.283108 -0.020482 0.958024 -0.040262 -0.283108 -0.020482 0.958024 -0.040262 -0.283108 -0.020482 0.958024 -0.040262 -0.283108 -0.020482 0.958024 -0.205103 -0.235963 0.568800 0.760737 -0.271779 -0.129398 0.463924 0.833167 -0.271757 -0.129386 0.463927 0.833174 -0.040262 -0.283108 -0.020482 0.958024 -0.040262 -0.283108 -0.020482 0.958024 -0.040262 -0.283108 -0.020482 0.958024 -0.040262 -0.283108 -0.020482 0.958024 0.124786 -0.382014 -0.553634 0.729372 0.076174 -0.386245 -0.441900 0.806062 0.076195 -0.386256 -0.441890 0.806060
-0.001770 0.823342 -0.001819 -0.032971 -0.261281 0.007332 0.964672 -0.105332 -0.347774 -0.029826 0.931165 0.207828 -0.407095 0.075742 0.886197 0.530510 -0.427565 -0.124153 0.721341 0.530510 -0.427565 -0.124153 0.721341 0.530510 -0.427565 -0.124153 0.721341 -0.293281 -0.275695 -0.334603 0.852067 0.423799 -0.526143 0.039510 0.736212 0.497674 -0.403480 0.102593 0.760919 0.497674 -0.403480 0.102593 0.760919 0.497674 -0.403480 0.102593 0.760919 -0.032971 -0.261281 0.007333 0.964672 -0.032971 -0.261281 0.007333 0.964672 -0.032971 -0.261281 0.007333 0.964672 -0.032971 -0.261281 0.007333 0.964672 -0.179884 -0.229389 0.574022 0.765194 -0.245572 -0.114912 0.432348 0.859980 -0.245550 -0.114900 0.432351 0.859986 -0.032971 -0.261281 0.007333 0.964672 -0.032971 -0.261281 0.007333 0.964672 -0.032971 -0.261281 0.007333 0.964672 -0.032971 -0.261281 0.007333 0.964672 0.119180 -0.361425 -0.525870 0.760676 0.040455 -0.385665 -0.367544 0.845303 0.040477 -0.385675 -0.367534 0.845302
-0.001797 0.832050 -0.001597 -0.036907 -0.224197 0.035048 0.973214 -0.086998 -0.278940 -0.003316 0.956354 0.187274 -0.336242 0.033651 0.922354 0.476413 -0.389908 -0.247446 0.748180 0.476413 -0.389908 -0.247446 0.748180 0.476413 -0.389908 -0.247446 0.748180 -0.302211 -0.272156 -0.339381 0.848186 0.379322 -0.541262 0.013789 0.750307 0.395149 -0.440301 0.014203 0.806096 0.395149 -0.440301 0.014203 0.806096 0.395149 -0.440301 0.014203 0.806096 -0.036907 -0.224197 0.035049 0.973214 -0.036907 -0.224197 0.035049 0.973214 -0.036907 -0.224197 0.035049 0.973214 -0.036907 -0.224197 0.035049 0.973214 -0.156094 -0.184242 0.578081 0.779430 -0.243653 -0.038233 0.404686 0.880568 -0.243630 -0.038222 0.404687 0.880575 -0.036907 -0.224197 0.035049 0.973214 -0.036907 -0.224197 0.035049 0.973214 -0.036907 -0.224197 0.035049 0.973214 -0.036907 -0.224197 0.035049 0.973214 0.097807 -0.330670 -0.503308 0.792321 -0.009949 -0.376420 -0.288740 0.880249 -0.009926 -0.376428 -0.288730 0.880249
-0.001816 0.837366 -0.001250 -0.039538 -0.180636 0.059046 0.980980 -0.087993 -0.208812 0.041022 0.973125 0.149501 -0.239873 0.035369 0.958572 0.342151 -0.320894 -0.354931 0.808693 0.342151 -0.320894 -0.354931 0.808693 0.342151 -0.320894 -0.354931 0.808693 -0.298712 -0.281490 -0.317247 0.854920 0.263317 -0.504100 0.019975 0.822282 0.046634 -0.390277 -0.076337 0.916341 0.046634 -0.390277 -0.076337 0.916341 0.046634 -0.390277 -0.076337 0.916341 -0.039538 -0.180636 0.059046 0.980980 -0.039538 -0.180636 0.059046 0.980980 -0.039538 -0.180636 0.059046 0.980980 -0.039538 -0.180636 0.059046 0.980980 -0.130869 -0.138594 0.583166 0.789672 -0.245156 0.043455 0.368084 0.895837 -0.245132 0.043465 0.368083 0.895844 -0.039538 -0.180636 0.059046 0.980980 -0.039538 -0.180636 0.059046 0.980980 -0.039538 -0.180636 0.059046 0.980980 -0.039538 -0.180636 0.059046 0.980980 0.073492 -0.270888 -0.491069 0.824663 -0.070822 -0.357902 -0.185682 0.912367 -0.070798 -0.357907 -0.185672 0.912368
-0.001828 0.838587 -0.001039 -0.048272 -0.140427 0.080743 0.985612 -0.060433 -0.161301 0.080744 0.981738 0.150676 -0.184082 0.052507 0.969873 0.292332 -0.271509 -0.390477 0.829670 0.292332 -0.271509 -0.390477 0.829670 0.292332 -0.271509 -0.390477 0.829670 -0.285316 -0.299848 -0.300702 0.859223 0.187022 -0.496744 0.026479 0.847094 -0.143797 -0.369123 -0.097491 0.912998 -0.143797 -0.369123 -0.097491 0.912998 -0.143797 -0.369123 -0.097491 0.912998 -0.048272 -0.140427 0.080743 0.985612 -0.048272 -0.140427 0.080743 0.985612 -0.048272 -0.140427 0.080743 0.985612 -0.048272 -0.140427 0.080743 0.985612 -0.117025 -0.048085 0.569919 0.811902 -0.272089 0.179547 0.241981 0.913879 -0.272065 0.179553 0.241977 0.913886 -0.048272 -0.140427 0.080743 0.985612 -0.048272 -0.140427 0.080743 0.985612 -0.048272 -0.140427 0.080743 0.985612 -0.048272 -0.140427 0.080743 0.985612 0.046965 -0.266996 -0.465689 0.842402 -0.163013 -0.421857 -0.065004 0.889516 -0.162990 -0.421859 -0.064993 0.889520
-0.001849 0.830673 -0.000873 -0.046830 -0.140284 0.093638 0.984560 -0.064790 -0.172373 0.093056 0.978484 0.142092 -0.164989 0.085665 0.972240 0.289345 -0.265841 -0.388942 0.833266 0.289345 -0.265841 -0.388942 0.833266 0.289345 -0.265841 -0.388942 0.833266 -0.264922 -0.324302 -0.287265 0.861466 0.132328 -0.507141 0.021882 0.851363 -0.229734 -0.358979 -0.126628 0.895724 -0.229734 -0.358979 -0.126628 0.895724 -0.229734 -0.358979 -0.126628 0.895724 -0.046830 -0.140284 0.093638 0.984560 -0.046830 -0.140284 0.093638 0.984560 -0.046830 -0.140284 0.093638 0.984560 -0.046830 -0.140284 0.093638 0.984560 -0.116430 0.004447 0.534796 0.836909 -0.320059 0.306866 0.068469 0.893704 -0.320035 0.306868 0.068461 0.893713 -0.046830 -0.140284 0.093638 0.984560 -0.046830 -0.140284 0.093638 0.984560 -0.046830 -0.140284 0.093638 0.984560 -0.046830 -0.140284 0.093638 0.984560 0.048554 -0.274553 -0.442097 0.852534 -0.219587 -0.501789 0.021763 0.836371 -0.219566 -0.501788 0.021776 0.836376
-0.001889 0.817027 -0.000729 -0.043033 -0.152742 0.097498 0.982503 -0.019113 -0.185796 0.095349 0.977764 0.168692 -0.203055 0.070162 0.961971 0.318054 -0.303802 -0.427274 0.789926 0.318054 -0.303802 -0.427274 0.789926 0.318054 -0.303802 -0.427274 0.789926 -0.241052 -0.344792 -0.270213 0.866024 0.116634 -0.521685 0.033781 0.844453 -0.258150 -0.374629 -0.134857 0.880241 -0.258150 -0.374629 -0.134857 0.880241 -0.258150 -0.374629 -0.134857 0.880241 -0.043034 -0.152742 0.097499 0.982503 -0.043034 -0.152742 0.097499 0.982503 -0.043034 -0.152742 0.097499 0.982503 -0.043034 -0.152742 0.097499 0.982503 -0.116768 0.023669 0.493216 0.861709 -0.348257 0.405440 -0.078904 0.841492 -0.348235 0.405438 -0.078915 0.841501 -0.043034 -0.152742 0.097499 0.982503 -0.043034 -0.152742 0.097499 0.982503 -0.043034 -0.152742 0.097499 0.982503 -0.043034 -0.152742 0.097499 0.982503 0.052699 -0.271652 -0.410392 0.868911 -0.239033 -0.544492 0.096833 0.798132 -0.239012 -0.544489 0.096847 0.798139
-0.001902 0.803336 -0.000658 -0.039554 -0.175563 0.099026 0.978676 -0.013870 -0.194711 0.098169 0.975837 0.146540 -0.192450 0.079512 0.967040 0.261709 -0.319606 -0.474053 0.777582 0.261709 -0.319606 -0.474053 0.777582 0.261709 -0.319606 -0.474053 0.777582 -0.217969 -0.363544 -0.246420 0.871552 0.100485 -0.531515 0.035215 0.840330 -0.290919 -0.381660 -0.143148 0.865569 -0.290919 -0.381660 -0.143148 0.865569 -0.290919 -0.381660 -0.143148 0.865569 -0.039554 -0.175563 0.099026 0.978676 -0.039554 -0.175563 0.099026 0.978676 -0.039554 -0.175563 0.099026 0.978676 -0.039554 -0.175563 0.099026 0.978676 -0.121355 0.019772 0.468200 0.875026 -0.350854 0.438506 -0.154929 0.812780 -0.350833 0.438502 -0.154941 0.812789 -0.039554 -0.175563 0.099026 0.978676 -0.039554 -0.175563 0.099026 0.978676 -0.039554 -0.175563 0.099026 0.978676 -0.039554 -0.175563 0.099026 0.978676 0.062913 -0.277098 -0.391586 0.875168 -0.235938 -0.565351 0.123482 0.780682 -0.235917 -0.565348 0.123497 0.780688
-0.001885 0.793501 -0.000675 -0.035921 -0.208947 0.100105 0.972126 -0.017551 -0.196082 0.120792 0.972961 0.107605 -0.191096 0.102871 0.970217 0.206650 -0.339013 -0.477149 0.784025 0.206650 -0.339013 -0.477149 0.784025 0.206650 -0.339013 -0.477149 0.784025 -0.195384 -0.382380 -0.214039 0.877381 0.084692 -0.534630 0.031192 0.840253 -0.309041 -0.378209 -0.150006 0.859622 -0.309041 -0.378209 -0.150006 0.859622 -0.309041 -0.378209 -0.150006 0.859622 -0.035921 -0.208947 0.100106 0.972126 -0.035921 -0.208947 0.100106 0.972126 -0.035921 -0.208947 0.100106 0.972126 -0.035921 -0.208947 0.100106 0.972126 -0.134587 0.012743 0.470116 0.872190 -0.360121 0.431265 -0.154128 0.812753 -0.360100 0.431261 -0.154139 0.812762 -0.035921 -0.208947 0.100106 0.972126 -0.035921 -0.208947 0.100106 0.972126 -0.035921 -0.208947 0.100106 0.972126 -0.035921 -0.208947 0.100106 0.972126 0.080199 -0.313453 -0.372485 0.869811 -0.212254 -0.584506 0.093347 0.777552 -0.212234 -0.584504 0.093362 0.777558
-0.001861 0.789539 -0.000751 -0.025441 -0.230017 0.096738 0.968032 -0.016519 -0.227575 0.115243 0.966776 0.105148 -0.228140 0.108514 0.961832 0.230263 -0.372110 -0.466756 0.768539 0.230263 -0.372110 -0.466756 0.768539 0.230263 -0.372110 -0.466756 0.768539 -0.177331 -0.383070 -0.186942 0.887054 0.067712 -0.511510 0.035132 0.855884 -0.301912 -0.347951 -0.128412 0.878231 -0.301912 -0.347951 -0.128412 0.878231 -0.301912 -0.347951 -0.128412 0.878231 -0.025441 -0.230017 0.096739 0.968032 -0.025441 -0.230017 0.096739 0.968032 -0.025441 -0.230017 0.096739 0.968032 -0.025441 -0.230017 0.096739 0.968032 -0.149739 0.046641 0.517525 0.841172 -0.426708 0.461784 -0.093358 0.771984 -0.426688 0.461782 -0.093370 0.771995 -0.025441 -0.230017 0.096739 0.968032 -0.025441 -0.230017 0.096739 0.968032 -0.025441 -0.230017 0.096739 0.968032 -0.025441 -0.230017 0.096739 0.968032 0.103078 -0.348683 -0.381174 0.850001 -0.182725 -0.580496 0.045046 0.792216 -0.182705 -0.580495 0.045061 0.792221
-0.001689 0.769071 -0.000956 -0.023562 -0.233001 0.092512 0.967779 -0.070283 -0.229351 0.049673 0.969531 0.179038 -0.206952 0.221121 0.936067 0.325990 -0.285561 -0.299696 0.849922 0.325990 -0.285561 -0.299696 0.849922 0.325990 -0.285561 -0.299696 0.849922 -0.166435 -0.373286 -0.162245 0.898128 0.052662 -0.489284 0.009285 0.870483 -0.287092 -0.319638 -0.127388 0.893970 -0.287092 -0.319638 -0.127388 0.893970 -0.287092 -0.319638 -0.127388 0.893970 -0.023562 -0.233001 0.092512 0.967779 -0.023562 -0.233001 0.092512 0.967779 -0.023562 -0.233001 0.092512 0.967779 -0.023562 -0.233001 0.092512 0.967779 -0.167976 0.040756 0.602739 0.778992 -0.477848 0.410514 0.107665 0.769122 -0.477828 0.410517 0.107654 0.769134 -0.023562 -0.233001 0.092512 0.967779 -0.023562 -0.233001 0.092512 0.967779 -0.023562 -0.233001 0.092512 0.967779 -0.023562 -0.233001 0.092512 0.967779 0.114760 -0.349342 -0.421764 0.828797 -0.136618 -0.550926 -0.071588 0.820178 -0.136596 -0.550927 -0.071574 0.820181
-0.001513 0.748276 -0.001153 -0.023566 -0.231695 0.088081 0.968506 -0.131571 -0.233523 -0.030186 0.962936 0.259992 -0.149117 0.297243 0.906540 0.434581 -0.169861 -0.164845 0.868972 0.434581 -0.169861 -0.164845 0.868972 0.434581 -0.169861 -0.164845 0.868972 -0.212754 -0.347838 -0.131053 0.903642 0.047428 -0.457211 -0.008959 0.888047 -0.264476 -0.285573 -0.136582 0.910959 -0.264476 -0.285573 -0.136582 0.910959 -0.264476 -0.285573 -0.136582 0.910959 -0.023566 -0.231695 0.088082 0.968506 -0.023566 -0.231695 0.088082 0.968506 -0.023566 -0.231695 0.088082 0.968506 -0.023566 -0.231695 0.088082 0.968506 -0.176372 0.012370 0.658108 0.731870 -0.462023 0.316465 0.330828 0.759564 -0.462003 0.316473 0.330820 0.759576 -0.023566 -0.231695 0.088082 0.968506 -0.023566 -0.231695 0.088082 0.968506 -0.023566 -0.231695 0.088082 0.968506 -0.023566 -0.231695 0.088082 0.968506 0.121600 -0.334540 -0.463643 0.811377 -0.092312 -0.523652 -0.202977 0.822233 -0.092291 -0.523657 -0.202964 0.822235
-0.001329 0.736472 -0.001438 -0.023338 -0.236687 0.080092 0.967998 -0.166929 -0.246523 -0.110793 0.948201 0.295829 -0.187322 0.281860 0.893281 0.517888 -0.173544 -0.104175 0.831157 0.517888 -0.173544 -0.104175 0.831157 0.517888 -0.173544 -0.104175 0.831157 -0.231036 -0.335564 -0.122295 0.905021 0.062534 -0.451149 -0.025230 0.889898 -0.240135 -0.283590 -0.148348 0.916463 -0.240135 -0.283590 -0.148348 0.916463 -0.240135 -0.283590 -0.148348 0.916463 -0.023339 -0.236687 0.080092 0.967998 -0.023339 -0.236687 0.080092 0.967998 -0.023339 -0.236687 0.080092 0.967998 -0.023339 -0.236687 0.080092 0.967998 -0.173210 -0.103107 0.673119 0.711532 -0.381201 0.128867 0.484674 0.776640 -0.381181 0.128879 0.484671 0.776650 -0.023339 -0.236687 0.080092 0.967998 -0.023339 -0.236687 0.080092 0.967998 -0.023339 -0.236687 0.080092 0.967998 -0.023339 -0.236687 0.080092 0.967998 0.129020 -0.338354 -0.491278 0.792159 -0.064293 -0.522524 -0.305644 0.793358 -0.064272 -0.522532 -0.305630 0.793359
-0.001176 0.727919 -0.001693 -0.022632 -0.225689 0.061329 0.972004 -0.189493 -0.197539 -0.142924 0.951127 0.372132 -0.157473 0.251647 0.879428 0.608877 -0.114940 -0.083821 0.780405 0.608877 -0.114940 -0.083821 0.780405 0.608877 -0.114940 -0.083821 0.780405 -0.236335 -0.318758 -0.122954 0.909627 0.067332 -0.444839 -0.037346 0.892295 -0.231404 -0.286235 -0.157195 0.916412 -0.231404 -0.286235 -0.157195 0.916412 -0.231404 -0.286235 -0.157195 0.916412 -0.022632 -0.225689 0.061330 0.972004 -0.022632 -0.225689 0.061330 0.972004 -0.022632 -0.225689 0.061330 0.972004 -0.022632 -0.225689 0.061330 0.972004 -0.157666 -0.181772 0.656766 0.714674 -0.314486 0.005177 0.541526 0.779629 -0.314466 0.005191 0.541526 0.779637 -0.022632 -0.225689 0.061330 0.972004 -0.022632 -0.225689 0.061330 0.972004 -0.022632 -0.225689 0.061330 0.972004 -0.022632 -0.225689 0.061330 0.972004 0.127317 -0.347722 -0.530319 0.762655 -0.065252 -0.531525 -0.394026 0.746971 -0.065232 -0.531536 -0.394012 0.746973
-0.001073 0.731108 -0.001896 -0.000120 -0.209476 0.043208 0.976859 -0.125519 -0.133753 -0.178284 0.966732 0.511081 -0.177826 0.153687 0.826774 0.781484 -0.123284 -0.097837 0.603748 0.781484 -0.123284 -0.097837 0.603748 0.781484 -0.123284 -0.097837 0.603748 -0.182261 -0.310132 -0.141568 0.922257 0.086533 -0.438803 -0.048183 0.893108 -0.229924 -0.275949 -0.169589 0.917729 -0.229924 -0.275949 -0.169589 0.917729 -0.229924 -0.275949 -0.169589 0.917729 -0.000120 -0.209476 0.043208 0.976859 -0.000120 -0.209476 0.043208 0.976859 -0.000120 -0.209476 0.043208 0.976859 -0.000120 -0.209476 0.043208 0.976859 -0.125434 -0.213094 0.628476 0.737478 -0.273052 -0.023780 0.551256 0.788032 -0.273032 -0.023766 0.551256 0.788039 -0.000120 -0.209476 0.043208 0.976859 -0.000120 -0.209476 0.043208 0.976859 -0.000120 -0.209476 0.043208 0.976859 -0.000120 -0.209476 0.043208 0.976859 0.132346 -0.395515 -0.536013 0.733991 -0.073275 -0.578166 -0.413479 0.699564 -0.073256 -0.578177 -0.413464 0.699566
-0.001022 0.734614 -0.002019 0.003930 -0.209062 0.035033 0.977267 -0.121065 -0.125481 -0.208531 0.962347 0.522164 -0.193079 0.116061 0.822554 0.808024 -0.153800 -0.093155 0.561039 0.808024 -0.153800 -0.093155 0.561039 0.808024 -0.153800 -0.093155 0.561039 -0.149512 -0.312449 -0.139401 0.927679 0.099226 -0.439335 -0.067368 0.890281 -0.232961 -0.266427 -0.192939 0.915161 -0.232961 -0.266427 -0.192939 0.915161 -0.232961 -0.266427 -0.192939 0.915161 0.003930 -0.209062 0.035034 0.977267 0.003930 -0.209062 0.035034 0.977267 0.003930 -0.209062 0.035034 0.977267 0.003930 -0.209062 0.035034 0.977267 -0.114877 -0.249107 0.592973 0.757055 -0.241454 -0.062552 0.500336 0.829127 -0.241432 -0.062539 0.500337 0.829133 0.003930 -0.209062 0.035034 0.977267 0.003930 -0.209062 0.035034 0.977267 0.003930 -0.209062 0.035034 0.977267 0.003930 -0.209062 0.035034 0.977267 0.132120 -0.437322 -0.530894 0.713754 -0.087470 -0.614394 -0.399195 0.674916 -0.087452 -0.614405 -0.399179 0.674918
-0.000952 0.740095 -0.002230 -0.004933 -0.186201 0.027544 0.982113 -0.164329 -0.117216 -0.190495 0.960712 0.391875 -0.152565 0.126835 0.898371 0.636940 -0.140755 -0.102957 0.750930 0.636940 -0.140755 -0.102957 0.750930 0.636940 -0.140755 -0.102957 0.750930 -0.136715 -0.277495 -0.112669 0.944252 0.098067 -0.390266 -0.076638 0.912251 -0.254432 -0.207528 -0.180620 0.927132 -0.254432 -0.207528 -0.180620 0.927132 -0.254432 -0.207528 -0.180620 0.927132 -0.004933 -0.186201 0.027545 0.982113 -0.004933 -0.186201 0.027545 0.982113 -0.004933 -0.186201 0.027545 0.982113 -0.004933 -0.186201 0.027545 0.982113 -0.105963 -0.235549 0.573139 0.777689 -0.237486 -0.020212 0.444917 0.863273 -0.237463 -0.020201 0.444918 0.863279 -0.004933 -0.186201 0.027545 0.982113 -0.004933 -0.186201 0.027545 0.982113 -0.004933 -0.186201 0.027545 0.982113 -0.004933 -0.186201 0.027545 0.982113 0.111310 -0.450626 -0.539057 0.702825 -0.109967 -0.613022 -0.394991 0.675347 -0.109950 -0.613032 -0.394975 0.675350
-0.000913 0.752627 -0.002382 -0.002762 -0.106767 0.018880 0.994101 -0.167836 -0.087793 -0.155304 0.969538 0.287190 -0.075042 0.156551 0.942010 0.433962 -0.076020 -0.094917 0.892686 0.433962 -0.076020 -0.094917 0.892686 0.433962 -0.076020 -0.094917 0.892686 -0.110811 -0.193782 -0.100386 0.969583 0.159255 -0.303568 -0.099721 0.934099 -0.188534 -0.123588 -0.159283 0.961150 -0.188534 -0.123588 -0.159283 0.961150 -0.188534 -0.123588 -0.159283 0.961150 -0.002762 -0.106767 0.018881 0.994101 -0.002762 -0.106767 0.018881 0.994101 -0.002762 -0.106767 0.018881 0.994101 -0.002762 -0.106767 0.018880 0.994101 -0.061022 -0.134114 0.570993 0.807624 -0.199356 0.095583 0.386072 0.895583 -0.199333 0.095593 0.386069 0.895589 -0.002762 -0.106767 0.018881 0.994101 -0.002762 -0.106767 0.018881 0.994101 -0.002762 -0.106767 0.018881 0.994101 -0.002762 -0.106767 0.018880 0.994101 0.065544 -0.456367 -0.547635 0.698233 -0.233731 -0.642322 -0.318874 0.656590 -0.233714 -0.642331 -0.318857 0.656597
-0.000896 0.784617 -0.002375 0.005195 -0.028736 0.016146 0.999443 -0.148277 0.029534 -0.090393 0.984363 0.235543 0.133972 0.163980 0.948515 0.280640 0.168773 -0.016726 0.944710 0.280640 0.168773 -0.016726 0.944710 0.280640 0.168773 -0.016726 0.944710 -0.065530 -0.096472 -0.094815 0.988640 0.227700 -0.172881 -0.088999 0.954119 -0.113938 0.031943 -0.060728 0.991115 -0.113938 0.031943 -0.060728 0.991115 -0.113938 0.031943 -0.060728 0.991115 0.005195 -0.028736 0.016146 0.999443 0.005195 -0.028736 0.016146 0.999443 0.005195 -0.028736 0.016146 0.999443 0.005195 -0.028736 0.016146 0.999443 -0.010504 -0.062989 0.551117 0.831981 -0.130702 0.151856 0.239280 0.950053 -0.130678 0.151863 0.239276 0.950057 0.005195 -0.028736 0.016146 0.999443 0.005195 -0.028736 0.016146 0.999443 0.005195 -0.028736 0.016146 0.999443 0.005195 -0.028736 0.016146 0.999443 0.026776 -0.440857 -0.556309 0.703881 -0.345060 -0.671742 -0.260186 0.601663 -0.345044 -0.671749 -0.260169 0.601672
-0.000915 0.801601 -0.002206 -0.000687 0.004948 0.015506 0.999867 -0.158490 0.138354 -0.048386 0.976421 0.164542 0.319900 0.089987 0.928705 0.137362 0.374918 -0.029216 0.916359 0.137362 0.374918 -0.029216 0.916359 0.137362 0.374918 -0.029216 0.916359 -0.062970 -0.076290 -0.092388 0.990797 0.225904 -0.134856 -0.103827 0.959167 -0.074775 0.102044 -0.039730 0.991170 -0.074775 0.102044 -0.039730 0.991170 -0.074775 0.102044 -0.039730 0.991170 -0.000687 0.004948 0.015507 0.999867 -0.000687 0.004948 0.015507 0.999867 -0.000687 0.004948 0.015507 0.999867 -0.000687 0.004948 0.015507 0.999867 0.001733 0.019213 0.528334 0.848817 -0.142561 0.234724 0.069842 0.959011 -0.142536 0.234726 0.069836 0.959015 -0.000687 0.004948 0.015507 0.999867 -0.000687 0.004948 0.015507 0.999867 -0.000687 0.004948 0.015507 0.999867 -0.000687 0.004948 0.015507 0.999867 0.003376 -0.426989 -0.557225 0.712158 -0.432288 -0.682167 -0.164762 0.566241 -0.432273 -0.682172 -0.164745 0.566252
-0.000930 0.807845 -0.001948 -0.005870 0.048604 0.015983 0.998673 -0.159062 0.229512 -0.017811 0.960055 0.133869 0.431192 0.020732 0.892033 0.061880 0.481264 -0.078779 0.870833 0.061880 0.481264 -0.078779 0.870833 0.061880 0.481264 -0.078779 0.870833 -0.064731 -0.028745 -0.094970 0.992957 0.176855 -0.087193 -0.086620 0.976533 -0.112666 0.176638 -0.004670 0.977795 -0.112666 0.176638 -0.004670 0.977795 -0.112666 0.176638 -0.004670 0.977795 -0.005870 0.048604 0.015984 0.998673 -0.005870 0.048604 0.015984 0.998673 -0.005870 0.048604 0.015984 0.998673 -0.005870 0.048604 0.015984 0.998673 0.017303 0.131955 0.502122 0.854495 -0.179446 0.322010 -0.058357 0.927741 -0.179422 0.322008 -0.058365 0.927746 -0.005870 0.048604 0.015984 0.998673 -0.005870 0.048604 0.015984 0.998673 -0.005870 0.048604 0.015984 0.998673 -0.005870 0.048604 0.015984 0.998673 -0.025558 -0.390187 -0.565781 0.725943 -0.492125 -0.660803 -0.079337 0.561122 -0.492110 -0.660805 -0.079319 0.561135
-0.000928 0.808154 -0.001778 -0.007871 0.075323 0.016737 0.996988 -0.139230 0.269520 0.006882 0.952852 0.154394 0.473506 0.016230 0.867001 0.074732 0.524021 -0.078198 0.844809 0.074732 0.524021 -0.078198 0.844809 0.074732 0.524021 -0.078198 0.844809 -0.056678 0.030912 -0.085776 0.994221 0.156468 0.013950 -0.069196 0.985157 -0.121704 0.305742 0.058784 0.942472 -0.121704 0.305742 0.058784 0.942472 -0.121704 0.305742 0.058784 0.942472 -0.007871 0.075323 0.016737 0.996988 -0.007871 0.075323 0.016737 0.996988 -0.007871 0.075323 0.016737 0.996988 -0.007871 0.075323 0.016737 0.996988 0.025919 0.198594 0.476646 0.855977 -0.213162 0.380632 -0.121572 0.891572 -0.213139 0.380629 -0.121581 0.891578 -0.007871 0.075323 0.016737 0.996988 -0.007871 0.075323 0.016737 0.996988 -0.007871 0.075323 0.016737 0.996988 -0.007871 0.075323 0.016737 0.996988 -0.042726 -0.363373 -0.569343 0.736195 -0.512660 -0.646544 -0.040626 0.563480 -0.512645 -0.646545 -0.040609 0.563493
-0.000944 0.811663 -0.001708 -0.009926 0.068038 0.014593 0.997527 -0.120013 0.254978 0.033059 0.958901 0.127369 0.461695 0.024581 0.877503 -0.025575 0.491489 -0.049588 0.869095 -0.025575 0.491489 -0.049588 0.869095 -0.025575 0.491489 -0.049588 0.869095 -0.047138 0.001042 -0.086305 0.995152 0.158191 -0.029218 -0.061675 0.985047 -0.135807 0.251406 0.048596 0.957074 -0.135807 0.251406 0.048596 0.957074 -0.135807 0.251406 0.048596 0.957074 -0.009926 0.068038 0.014593 0.997527 -0.009926 0.068038 0.014593 0.997527 -0.009926 0.068038 0.014593 0.997527 -0.009926 0.068038 0.014593 0.997527 0.020669 0.199354 0.471120 0.858997 -0.222243 0.390810 -0.125739 0.884345 -0.222220 0.390807 -0.125749 0.884350 -0.009926 0.068038 0.014593 0.997527 -0.009926 0.068038 0.014593 0.997527 -0.009926 0.068038 0.014593 0.997527 -0.009926 0.068038 0.014593 0.997527 -0.041319 -0.342724 -0.570577 0.745167 -0.500823 -0.634587 -0.038378 0.587370 -0.500808 -0.634588 -0.038362 0.587383
-0.000966 0.816854 -0.001629 -0.008223 0.076193 0.013501 0.996968 -0.108241 0.250554 0.028424 0.961613 0.112898 0.453109 0.038803 0.883425 -0.089787 0.465877 -0.018827 0.880081 -0.089787 0.465877 -0.018827 0.880081 -0.089787 0.465877 -0.018827 0.880081 -0.035859 -0.009504 -0.086408 0.995569 0.181766 -0.036196 -0.055433 0.981111 -0.140554 0.226146 0.055567 0.962297 -0.140554 0.226146 0.055567 0.962297 -0.140554 0.226146 0.055567 0.962297 -0.008223 0.076193 0.013501 0.996968 -0.008223 0.076193 0.013501 0.996968 -0.008223 0.076193 0.013501 0.996968 -0.008223 0.076193 0.013501 0.996968 0.026136 0.203992 0.470721 0.857978 -0.208882 0.392121 -0.087936 0.891558 -0.208859 0.392119 -0.087946 0.891564 -0.008223 0.076193 0.013501 0.996968 -0.008223 0.076193 0.013501 0.996968 -0.008223 0.076193 0.013501 0.996968 -0.008223 0.076193 0.013501 0.996968 -0.046481 -0.305726 -0.581120 0.752775 -0.480395 -0.605519 -0.064076 0.631238 -0.480379 -0.605521 -0.064061 0.631250
-0.001062 0.824161 -0.001593 -0.022000 0.109391 0.010304 0.993702 -0.109294 0.281022 0.022123 0.953201 0.110133 0.480868 0.036314 0.869090 -0.094654 0.494477 -0.012489 0.863931 -0.094654 0.494477 -0.012489 0.863931 -0.094654 0.494477 -0.012489 0.863931 -0.018924 0.050381 -0.066603 0.996327 0.288779 0.037350 -0.058124 0.954899 -0.008486 0.294339 0.107247 0.949626 -0.008486 0.294339 0.107247 0.949626 -0.008486 0.294339 0.107247 0.949626 -0.022000 0.109391 0.010304 0.993702 -0.022000 0.109391 0.010304 0.993702 -0.022000 0.109391 0.010304 0.993702 -0.022000 0.109391 0.010304 0.993702 0.032187 0.191175 0.482208 0.854337 -0.163998 0.354011 0.005031 0.920736 -0.163974 0.354011 0.005022 0.920741 -0.022000 0.109391 0.010304 0.993702 -0.022000 0.109391 0.010304 0.993702 -0.022000 0.109391 0.010304 0.993702 -0.022000 0.109391 0.010304 0.993702 -0.082021 -0.216506 -0.613658 0.754866 -0.475851 -0.536589 -0.121744 0.686161 -0.475833 -0.536593 -0.121730 0.686173
-0.001193 0.833849 -0.001592 -0.027155 0.161369 0.008843 0.986481 -0.107884 0.312495 0.017064 0.943619 0.105512 0.496911 0.041226 0.860376 -0.092561 0.509827 -0.012166 0.855196 -0.092561 0.509827 -0.012166 0.855196 -0.092561 0.509827 -0.012166 0.855196 -0.027235 0.103508 -0.030637 0.993784 0.307972 0.082073 -0.067864 0.945416 0.031586 0.316159 0.094021 0.943507 0.031586 0.316159 0.094021 0.943507 0.031586 0.316159 0.094021 0.943507 -0.027155 0.161369 0.008844 0.986481 -0.027155 0.161369 0.008844 0.986481 -0.027155 0.161369 0.008844 0.986481 -0.027155 0.161369 0.008844 0.986481 0.053649 0.239542 0.482580 0.840748 -0.098255 0.353234 0.161561 0.916226 -0.098232 0.353238 0.161552 0.916228 -0.027155 0.161369 0.008844 0.986481 -0.027155 0.161369 0.008844 0.986481 -0.027155 0.161369 0.008844 0.986481 -0.027155 0.161369 0.008844 0.986481 -0.126371 -0.119876 -0.655434 0.734892 -0.485930 -0.446688 -0.220421 0.718162 -0.485911 -0.446694 -0.220409 0.718175
-0.001343 0.837744 -0.001448 -0.027532 0.205679 0.007172 0.978206 -0.104766 0.328857 0.014886 0.938433 0.101299 0.492753 0.060046 0.862165 -0.068344 0.482073 -0.018253 0.873271 -0.068344 0.482073 -0.018253 0.873271 -0.068344 0.482073 -0.018253 0.873271 -0.094427 0.115715 0.013817 0.988687 0.296714 0.078431 -0.102740 0.946179 0.017533 0.266525 0.018143 0.963498 0.017533 0.266525 0.018143 0.963498 0.017533 0.266525 0.018143 0.963498 -0.027532 0.205679 0.007172 0.978206 -0.027532 0.205679 0.007172 0.978206 -0.027532 0.205679 0.007172 0.978206 -0.027532 0.205679 0.007172 0.978206 0.079041 0.272657 0.495328 0.821012 -0.030823 0.366810 0.320548 0.872782 -0.030800 0.366819 0.320538 0.872783 -0.027532 0.205679 0.007172 0.978206 -0.027532 0.205679 0.007172 0.978206 -0.027532 0.205679 0.007172 0.978206 -0.027532 0.205679 0.007172 0.978206 -0.163187 0.022124 -0.679662 0.714800 -0.471951 -0.300910 -0.296608 0.773782 -0.471931 -0.300917 -0.296600 0.773795
-0.001485 0.837886 -0.001286 -0.024314 0.265042 0.005232 0.963916 -0.097588 0.379973 0.010595 0.919774 0.104634 0.535449 0.064780 0.835554 -0.055331 0.528779 -0.007964 0.846917 -0.055331 0.528779 -0.007964 0.846917 -0.055331 0.528779 -0.007964 0.846917 -0.167536 0.173757 0.070905 0.967839 0.306206 0.146273 -0.123262 0.932550 0.131284 0.316549 -0.020341 0.939227 0.131284 0.316549 -0.020341 0.939227 0.131284 0.316549 -0.020341 0.939227 -0.024314 0.265043 0.005232 0.963916 -0.024314 0.265043 0.005232 0.963916 -0.024314 0.265043 0.005232 0.963916 -0.024314 0.265043 0.005232 0.963916 0.119615 0.327154 0.513425 0.784256 0.046360 0.408164 0.464945 0.784270 0.046380 0.408176 0.464934 0.784269 -0.024314 0.265043 0.005232 0.963916 -0.024314 0.265043 0.005232 0.963916 -0.024314 0.265043 0.005232 0.963916 -0.024314 0.265043 0.005232 0.963916 -0.204468 0.128814 -0.677332 0.694853 -0.463493 -0.169135 -0.340100 0.800562 -0.463472 -0.169144 -0.340095 0.800574
-0.001614 0.838933 -0.001179 -0.018476 0.329654 0.004964 0.943908 -0.090218 0.429701 0.012029 0.898372 0.109142 0.572158 0.071580 0.809691 -0.046188 0.563284 -0.000805 0.824971 -0.046188 0.563284 -0.000805 0.824971 -0.046188 0.563284 -0.000805 0.824971 -0.236631 0.218438 0.120723 0.938998 0.296152 0.194469 -0.138925 0.924757 0.226246 0.359110 -0.065924 0.903054 0.226246 0.359110 -0.065924 0.903054 0.226246 0.359110 -0.065924 0.903054 -0.018476 0.329654 0.004964 0.943908 -0.018476 0.329654 0.004964 0.943908 -0.018476 0.329654 0.004964 0.943908 -0.018476 0.329654 0.004964 0.943908 0.161630 0.385007 0.510717 0.751540 0.105404 0.478026 0.558844 0.669384 0.105422 0.478040 0.558832 0.669381 -0.018476 0.329654 0.004964 0.943908 -0.018476 0.329654 0.004964 0.943908 -0.018476 0.329654 0.004964 0.943908 -0.018476 0.329654 0.004964 0.943908 -0.243226 0.224408 -0.654982 0.679324 -0.495627 -0.098695 -0.364615 0.782093 -0.495606 -0.098704 -0.364612 0.782106
-0.001593 0.841947 -0.001098 -0.001455 0.429683 -0.002021 0.902976 -0.087620 0.495250 0.018166 0.864130 0.093133 0.608601 0.071580 0.784734 -0.078340 0.572568 -0.009117 0.816055 -0.078340 0.572568 -0.009117 0.816055 -0.078340 0.572568 -0.009117 0.816055 -0.283907 0.275301 0.142046 0.907430 0.283071 0.222064 -0.158061 0.919552 0.230919 0.374348 -0.106292 0.891763 0.230919 0.374348 -0.106292 0.891763 0.230919 0.374348 -0.106292 0.891763 -0.001455 0.429683 -0.002020 0.902976 -0.001455 0.429683 -0.002020 0.902976 -0.001455 0.429683 -0.002020 0.902976 -0.001455 0.429683 -0.002020 0.902976 0.267597 0.477772 0.562205 0.619719 -0.227675 -0.538928 -0.703168 -0.404074 -0.227686 -0.538946 -0.703154 -0.404068 -0.001455 0.429683 -0.002020 0.902976 -0.001455 0.429683 -0.002020 0.902976 -0.001455 0.429683 -0.002020 0.902976 -0.001455 0.429683 -0.002020 0.902976 -0.298751 0.308329 -0.627071 0.649971 -0.550292 -0.032541 -0.368622 0.748490 -0.550273 -0.032550 -0.368621 0.748505
-0.001551 0.846822 -0.001102 -0.001198 0.469606 -0.013184 0.882777 -0.098211 0.510623 0.005641 0.854159 0.067660 0.605033 0.052149 0.791605 -0.098970 0.550193 -0.047448 0.827793 -0.098970 0.550193 -0.047448 0.827793 -0.098970 0.550193 -0.047448 0.827793 -0.295424 0.307148 0.169807 0.888566 0.275608 0.238908 -0.158018 0.917602 0.216341 0.376267 -0.132487 0.891104 0.216341 0.376267 -0.132487 0.891104 0.216341 0.376267 -0.132487 0.891104 -0.001198 0.469606 -0.013184 0.882777 -0.001198 0.469606 -0.013184 0.882777 -0.001198 0.469606 -0.013184 0.882777 -0.001198 0.469606 -0.013184 0.882777 0.297602 0.509043 0.546666 0.594528 -0.259584 -0.560683 -0.718263 -0.319920 -0.259592 -0.560702 -0.718249 -0.319913 -0.001198 0.469606 -0.013184 0.882777 -0.001198 0.469606 -0.013184 0.882777 -0.001198 0.469606 -0.013184 0.882777 -0.001198 0.469606 -0.013184 0.882777 -0.323340 0.323612 -0.615269 0.642006 -0.588924 -0.039516 -0.383533 0.710288 -0.588906 -0.039526 -0.383532 0.710304
-0.001483 0.851058 -0.001052 -0.010604 0.516858 -0.030369 0.855467 -0.091620 0.567726 -0.010547 0.818035 0.076236 0.664541 0.023888 0.742969 -0.107167 0.622592 -0.049165 0.773613 -0.107167 0.622592 -0.049165 0.773613 -0.107167 0.622592 -0.049165 0.773613 -0.319675 0.331283 0.162040 0.872813 0.211009 0.244266 -0.123040 0.938440 0.131496 0.380248 -0.101789 0.909813 0.131496 0.380248 -0.101789 0.909813 0.131496 0.380248 -0.101789 0.909813 -0.010604 0.516858 -0.030369 0.855467 -0.010604 0.516858 -0.030369 0.855467 -0.010604 0.516858 -0.030369 0.855467 -0.010604 0.516858 -0.030369 0.855467 -0.333596 -0.558066 -0.530513 -0.543905 -0.257581 -0.595114 -0.753955 -0.105091 -0.257583 -0.595133 -0.753939 -0.105084 -0.010604 0.516858 -0.030369 0.855467 -0.010604 0.516858 -0.030369 0.855467 -0.010604 0.516858 -0.030369 0.855467 -0.010604 0.516858 -0.030369 0.855467 -0.363469 0.341940 -0.609031 0.616481 0.644277 0.033673 0.430940 -0.630923 0.644260 0.033685 0.430939 -0.630940
-0.001380 0.854892 -0.001121 -0.001185 0.519552 -0.032087 0.853835 -0.067042 0.577357 -0.027862 0.813258 0.112662 0.671801 -0.010808 0.732034 -0.108218 0.634746 -0.062466 0.762551 -0.108218 0.634746 -0.062466 0.762551 -0.108218 0.634746 -0.062466 0.762551 -0.286178 0.336302 0.164860 0.881943 0.160768 0.277131 -0.061329 0.945299 0.044031 0.420691 -0.009918 0.906081 0.044031 0.420691 -0.009918 0.906081 0.044031 0.420691 -0.009918 0.906081 -0.001185 0.519552 -0.032086 0.853835 -0.001185 0.519552 -0.032086 0.853835 -0.001185 0.519552 -0.032086 0.853835 -0.001185 0.519552 -0.032086 0.853835 -0.336004 -0.629348 -0.514410 -0.475820 -0.009778 -0.723595 -0.675180 0.142993 -0.009775 -0.723612 -0.675161 0.142993 -0.001185 0.519552 -0.032086 0.853835 -0.001185 0.519552 -0.032086 0.853835 -0.001185 0.519552 -0.032086 0.853835 -0.001185 0.519552 -0.032086 0.853835 -0.352725 0.286216 -0.595836 0.662302 0.696143 0.267465 0.377919 -0.548657 0.696129 0.267475 0.377912 -0.548675
-0.001356 0.850934 -0.001111 -0.000009 0.523963 -0.039284 0.850835 -0.051186 0.577724 -0.046491 0.813298 0.143356 0.666436 -0.034154 0.730852 -0.113485 0.632831 -0.071084 0.762622 -0.113485 0.632831 -0.071084 0.762622 -0.113485 0.632831 -0.071084 0.762622 -0.276199 0.359447 0.137105 0.880747 0.081139 0.284152 -0.053215 0.953857 -0.086759 0.429554 0.031261 0.898320 -0.086759 0.429554 0.031261 0.898320 -0.086759 0.429554 0.031261 0.898320 -0.000008 0.523963 -0.039284 0.850835 -0.000008 0.523963 -0.039284 0.850835 -0.000008 0.523963 -0.039284 0.850835 -0.000009 0.523963 -0.039284 0.850835 -0.299708 -0.730389 -0.431927 -0.436057 0.185471 -0.771869 -0.492252 0.357081 0.185480 -0.771882 -0.492232 0.357076 -0.000008 0.523963 -0.039284 0.850835 -0.000008 0.523963 -0.039284 0.850835 -0.000008 0.523963 -0.039284 0.850835 -0.000008 0.523963 -0.039284 0.850835 -0.359715 0.411944 -0.614998 0.568053 0.654837 -0.063342 0.532622 -0.532438 0.654823 -0.063328 0.532624 -0.532455
-0.001383 0.841876 -0.001008 -0.003261 0.531996 -0.043318 0.845632 -0.032714 0.597959 -0.061728 0.798477 0.162671 0.691704 -0.024560 0.703193 -0.109111 0.674202 -0.029612 0.729842 -0.109111 0.674202 -0.029612 0.729842 -0.109111 0.674202 -0.029612 0.729842 -0.252122 0.364090 0.133363 0.886615 0.061777 0.276456 -0.054750 0.957475 -0.139762 0.408003 0.024825 0.901878 -0.139762 0.408003 0.024825 0.901878 -0.139762 0.408003 0.024825 0.901878 -0.003260 0.531996 -0.043317 0.845632 -0.003260 0.531996 -0.043317 0.845632 -0.003260 0.531996 -0.043317 0.845632 -0.003260 0.531996 -0.043317 0.845632 -0.265339 -0.796185 -0.359441 -0.408028 0.338227 -0.787587 -0.317415 0.405655 0.338237 -0.787596 -0.317395 0.405646 -0.003260 0.531996 -0.043317 0.845632 -0.003260 0.531996 -0.043317 0.845632 -0.003260 0.531996 -0.043317 0.845632 -0.003260 0.531996 -0.043317 0.845632 -0.360057 0.480958 -0.608310 0.518650 0.580239 -0.262018 0.561047 -0.529053 0.580225 -0.262003 0.561053 -0.529068
-0.001464 0.830857 -0.000792 -0.006217 0.548880 -0.040484 0.834897 -0.027655 0.616839 -0.077994 0.782727 -0.171499 -0.710726 0.029249 -0.681616 -0.107875 0.699144 -0.015030 0.706637 -0.107875 0.699144 -0.015030 0.706637 -0.107875 0.699144 -0.015030 0.706637 -0.219049 0.383787 0.122401 0.888675 0.059599 0.290466 -0.058431 0.953238 -0.144468 0.417545 0.020280 0.896869 -0.144468 0.417545 0.020280 0.896869 -0.144468 0.417545 0.020280 0.896869 -0.006216 0.548880 -0.040484 0.834897 -0.006216 0.548880 -0.040484 0.834897 -0.006216 0.548880 -0.040484 0.834897 -0.006216 0.548880 -0.040484 0.834897 -0.243202 -0.829874 -0.313169 -0.392540 0.429800 -0.781855 -0.209068 0.400331 0.429810 -0.781861 -0.209048 0.400320 -0.006216 0.548880 -0.040484 0.834897 -0.006216 0.548880 -0.040484 0.834897 -0.006216 0.548880 -0.040484 0.834897 -0.006216 0.548880 -0.040484 0.834897 -0.374023 0.509437 -0.600956 0.489318 -0.554435 0.342168 -0.562233 0.509330 -0.554422 0.342154 -0.562242 0.509345
-0.001528 0.820605 -0.000656 -0.011138 0.551396 -0.035839 0.833399 -0.012994 0.608386 -0.102643 0.786869 -0.167511 -0.703579 0.043357 -0.689229 -0.139346 0.689080 -0.013266 0.711038 -0.139346 0.689080 -0.013266 0.711038 -0.139346 0.689080 -0.013266 0.711038 -0.170568 0.385378 0.082074 0.903135 0.048003 0.283689 -0.038468 0.956941 -0.179218 0.413652 0.046611 0.891404 -0.179218 0.413652 0.046611 0.891404 -0.179218 0.413652 0.046611 0.891404 -0.011137 0.551396 -0.035839 0.833399 -0.011137 0.551396 -0.035839 0.833399 -0.011137 0.551396 -0.035839 0.833399 -0.011137 0.551396 -0.035839 0.833399 -0.231908 -0.832574 -0.304488 -0.400408 0.473553 -0.764695 -0.164676 0.404810 0.473563 -0.764699 -0.164656 0.404798 -0.011137 0.551396 -0.035839 0.833399 -0.011137 0.551396 -0.035839 0.833399 -0.011137 0.551396 -0.035839 0.833399 -0.011137 0.551396 -0.035839 0.833399 -0.383672 0.515109 -0.603841 0.472053 -0.553476 0.363282 -0.575336 0.480290 -0.553464 0.363267 -0.575345 0.480305
-0.001515 0.815137 -0.000649 -0.014251 0.546706 -0.034002 0.836512 -0.011610 0.601148 -0.118338 0.790242 -0.154859 -0.697613 0.063787 -0.696625 -0.149303 0.684121 -0.038635 0.712878 -0.149303 0.684121 -0.038635 0.712878 -0.149303 0.684121 -0.038635 0.712878 -0.127594 0.381944 0.035662 0.914640 0.031912 0.288887 -0.017498 0.956671 -0.209688 0.429640 0.086531 0.874044 -0.209688 0.429640 0.086531 0.874044 -0.209688 0.429640 0.086531 0.874044 -0.014251 0.546706 -0.034002 0.836512 -0.014251 0.546706 -0.034002 0.836512 -0.014251 0.546706 -0.034002 0.836512 -0.014251 0.546706 -0.034002 0.836512 -0.248830 -0.839149 -0.337572 -0.346350 0.550741 -0.568150 -0.174975 0.585895 0.550757 -0.568155 -0.174961 0.585881 -0.014251 0.546706 -0.034002 0.836512 -0.014251 0.546706 -0.034002 0.836512 -0.014251 0.546706 -0.034002 0.836512 -0.014251 0.546706 -0.034002 0.836512 -0.399609 0.421365 -0.624016 0.522846 0.697673 -0.076505 0.551824 -0.450432 0.697661 -0.076490 0.551826 -0.450450
-0.001536 0.819177 -0.000633 -0.028688 0.565172 -0.037537 0.823619 -0.021196 0.617638 -0.114319 0.777821 -0.202648 -0.695528 0.096768 -0.682504 -0.110753 0.689523 -0.075249 0.711779 -0.110753 0.689523 -0.075249 0.711779 -0.110753 0.689523 -0.075249 0.711779 -0.101499 0.424240 0.015627 0.899708 0.046097 0.356258 -0.011417 0.933180 -0.182459 0.511904 0.123684 0.830280 -0.182459 0.511904 0.123684 0.830280 -0.182459 0.511904 0.123684 0.830280 -0.028688 0.565172 -0.037536 0.823619 -0.028688 0.565172 -0.037536 0.823619 -0.028688 0.565172 -0.037536 0.823619 -0.028688 0.565172 -0.037536 0.823619 -0.279896 -0.796203 -0.374502 -0.384015 0.410014 -0.606812 -0.302180 0.610209 0.410030 -0.606820 -0.302164 0.610198 -0.028688 0.565172 -0.037536 0.823619 -0.028688 0.565172 -0.037536 0.823619 -0.028688 0.565172 -0.037536 0.823619 -0.028688 0.565172 -0.037536 0.823619 -0.414527 0.415199 -0.604299 0.539074 0.759307 0.048817 0.489473 -0.426013 0.759295 0.048830 0.489472 -0.426032
-0.001661 0.824764 -0.000651 -0.035480 0.571895 -0.038650 0.818648 -0.050490 0.681797 -0.062986 0.727074 -0.360248 -0.765676 0.059853 -0.529509 -0.062682 -0.801899 -0.066072 -0.590478 -0.062682 -0.801899 -0.066072 -0.590478 -0.062682 -0.801899 -0.066072 -0.590478 -0.089303 0.449089 0.009579 0.888961 0.076396 0.402899 0.006342 0.912028 -0.137761 0.569419 0.162033 0.794059 -0.137761 0.569419 0.162033 0.794059 -0.137761 0.569419 0.162033 0.794059 -0.035480 0.571895 -0.038649 0.818648 -0.035480 0.571895 -0.038649 0.818648 -0.035480 0.571895 -0.038649 0.818648 -0.035480 0.571895 -0.038649 0.818648 -0.308163 -0.739035 -0.417813 -0.429297 0.003327 -0.755896 -0.564019 0.332404 0.003335 -0.755911 -0.563999 0.332404 -0.035480 0.571895 -0.038649 0.818648 -0.035480 0.571895 -0.038649 0.818648 -0.035480 0.571895 -0.038649 0.818648 -0.035480 0.571895 -0.038649 0.818648 -0.402673 0.451358 -0.572581 0.553427 0.759710 0.058891 0.408529 -0.502471 0.759697 0.058902 0.408527 -0.502490
-0.001815 0.826944 -0.000666 -0.027341 0.578478 -0.034079 0.814527 -0.118561 0.699568 -0.003060 0.704655 -0.468866 -0.760426 0.016381 -0.449052 -0.210411 -0.820038 -0.134601 -0.514925 -0.210411 -0.820038 -0.134601 -0.514925 -0.210411 -0.820038 -0.134601 -0.514925 -0.086205 0.463299 0.027263 0.881578 0.098869 0.420342 -0.001568 0.901962 -0.097606 0.589396 0.149877 0.787796 -0.097606 0.589396 0.149877 0.787796 -0.097606 0.589396 0.149877 0.787796 -0.027341 0.578478 -0.034079 0.814527 -0.027341 0.578478 -0.034079 0.814527 -0.027341 0.578478 -0.034079 0.814527 -0.027341 0.578478 -0.034079 0.814527 -0.328240 -0.680023 -0.444880 -0.481569 -0.256786 -0.706836 -0.658467 0.029417 -0.256785 -0.706853 -0.658449 0.029424 -0.027341 0.578478 -0.034079 0.814527 -0.027341 0.578478 -0.034079 0.814527 -0.027341 0.578478 -0.034079 0.814527 -0.027341 0.578478 -0.034079 0.814527 -0.391241 0.473256 -0.552109 0.564034 0.721227 -0.007772 0.402795 -0.563496 0.721212 -0.007761 0.402796 -0.563514
-0.001947 0.826182 -0.000691 0.006990 0.575167 -0.026946 0.817562 -0.206369 0.686159 0.068798 0.694164 -0.515156 -0.751571 -0.007516 -0.411944 -0.361979 -0.831836 -0.059845 -0.416461 -0.361979 -0.831836 -0.059845 -0.416461 -0.361979 -0.831836 -0.059845 -0.416461 -0.080281 0.462166 0.049656 0.881755 0.101389 0.424184 -0.002592 0.899879 -0.091154 0.591206 0.147615 0.787639 -0.091154 0.591206 0.147615 0.787639 -0.091154 0.591206 0.147615 0.787639 0.006990 0.575167 -0.026946 0.817562 0.006990 0.575167 -0.026946 0.817562 0.006990 0.575167 -0.026946 0.817562 0.006990 0.575167 -0.026946 0.817562 -0.334467 -0.640875 -0.438913 -0.533635 -0.351187 -0.653488 -0.645804 -0.180437 -0.351192 -0.653505 -0.645787 -0.180427 0.006990 0.575167 -0.026946 0.817562 0.006990 0.575167 -0.026946 0.817562 0.006990 0.575167 -0.026946 0.817562 0.006990 0.575167 -0.026946 0.817562 -0.376448 0.447169 -0.563145 0.584119 0.698125 0.006667 0.408642 -0.587869 0.698109 0.006677 0.408641 -0.587887
-0.002042 0.825168 -0.000737 0.013324 0.563220 -0.028386 0.825712 -0.267936 0.659118 0.119088 0.692526 -0.508379 -0.748688 -0.036673 -0.423877 -0.390332 -0.834179 -0.011733 -0.389421 -0.390332 -0.834179 -0.011733 -0.389421 -0.390332 -0.834179 -0.011733 -0.389421 -0.088541 0.451388 0.052972 0.886343 0.095864 0.414917 -0.009221 0.904748 -0.102851 0.583293 0.140441 0.793390 -0.102851 0.583293 0.140441 0.793390 -0.102851 0.583293 0.140441 0.793390 0.013324 0.563220 -0.028386 0.825712 0.013324 0.563220 -0.028386 0.825712 0.013324 0.563220 -0.028386 0.825712 0.013324 0.563220 -0.028386 0.825712 0.329567 0.546484 0.440686 0.631298 -0.361055 -0.559765 -0.666049 -0.335679 -0.361064 -0.559782 -0.666035 -0.335670 0.013324 0.563220 -0.028386 0.825712 0.013324 0.563220 -0.028386 0.825712 0.013324 0.563220 -0.028386 0.825712 0.013324 0.563220 -0.028386 0.825712 -0.371552 0.410840 -0.579562 0.597719 0.689861 0.040444 0.405431 -0.598399 0.689846 0.040455 0.405430 -0.598416
-0.002087 0.827580 -0.000772 0.002884 0.529549 -0.041975 0.847235 -0.301118 0.641485 0.143788 0.690760 -0.470631 -0.781973 -0.061158 -0.404085 -0.356040 -0.861198 -0.074166 -0.355068 -0.356040 -0.861198 -0.074166 -0.355068 -0.356040 -0.861198 -0.074166 -0.355068 -0.091209 0.425544 0.032134 0.899756 0.065666 0.391590 -0.016693 0.917642 -0.130295 0.572470 0.122606 0.800169 -0.130295 0.572470 0.122606 0.800169 -0.130295 0.572470 0.122606 0.800169 0.002884 0.529549 -0.041975 0.847235 0.002884 0.529549 -0.041975 0.847235 0.002884 0.529549 -0.041975 0.847235 0.002884 0.529549 -0.041975 0.847235 0.288124 0.480355 0.419009 0.714616 -0.348700 -0.476889 -0.640199 -0.491051 -0.348712 -0.476905 -0.640187 -0.491042 0.002884 0.529549 -0.041975 0.847235 0.002884 0.529549 -0.041975 0.847235 0.002884 0.529549 -0.041975 0.847235 0.002884 0.529549 -0.041975 0.847235 -0.354789 0.345921 -0.598481 0.629511 0.678210 0.121268 0.414833 -0.594339 0.678194 0.121278 0.414830 -0.594357
-0.002085 0.830135 -0.000753 -0.014681 0.497503 -0.050504 0.865866 -0.321073 0.655998 0.105068 0.674937 -0.380679 -0.789864 0.032145 -0.479756 -0.255354 -0.850520 0.102176 -0.448297 -0.255354 -0.850520 0.102176 -0.448297 -0.255354 -0.850520 0.102176 -0.448297 -0.072134 0.372908 -0.012414 0.924977 0.051001 0.321668 -0.023775 0.945179 -0.133979 0.508392 0.092318 0.845615 -0.133979 0.508392 0.092318 0.845615 -0.133979 0.508392 0.092318 0.845615 -0.014681 0.497503 -0.050503 0.865866 -0.014681 0.497503 -0.050503 0.865866 -0.014681 0.497503 -0.050503 0.865866 -0.014681 0.497503 -0.050503 0.865866 0.240145 0.437954 0.396230 0.770408 0.307975 0.408678 0.549246 0.660653 0.307992 0.408692 0.549235 0.660645 -0.014681 0.497503 -0.050503 0.865866 -0.014681 0.497503 -0.050503 0.865866 -0.014681 0.497503 -0.050503 0.865866 -0.014681 0.497503 -0.050503 0.865866 -0.338178 0.307094 -0.600375 0.656414 0.664629 0.196333 0.332277 -0.639776 0.664612 0.196342 0.332272 -0.639794
-0.002070 0.839235 -0.000743 -0.033235 0.468466 -0.052144 0.881315 -0.323342 0.633648 0.098351 0.695894 -0.260904 -0.782797 0.017988 -0.564654 -0.090879 -0.809316 0.116549 -0.568476 -0.090879 -0.809316 0.116549 -0.568476 -0.090879 -0.809316 0.116549 -0.568476 -0.050020 0.346105 -0.087381 0.932778 0.055200 0.285733 -0.042209 0.955787 -0.090890 0.497147 0.049098 0.861495 -0.090890 0.497147 0.049098 0.861495 -0.090890 0.497147 0.049098 0.861495 -0.033235 0.468466 -0.052144 0.881315 -0.033235 0.468466 -0.052144 0.881315 -0.033235 0.468466 -0.052144 0.881315 -0.033235 0.468466 -0.052144 0.881315 0.190949 0.410555 0.371047 0.810745 0.213826 0.401673 0.420104 0.785143 0.213846 0.401684 0.420094 0.785137 -0.033235 0.468466 -0.052144 0.881315 -0.033235 0.468466 -0.052144 0.881315 -0.033235 0.468466 -0.052144 0.881315 -0.033235 0.468466 -0.052144 0.881315 -0.315380 0.270000 -0.573256 0.706409 -0.615523 -0.283832 -0.173126 0.714561 -0.615505 -0.283837 -0.173119 0.714577
-0.002047 0.842234 -0.000780 -0.044273 0.450158 -0.038649 0.891013 -0.300789 0.631938 0.081390 0.709617 -0.185212 -0.781339 0.039903 -0.594654 0.011103 -0.780843 0.144728 -0.607630 0.011103 -0.780843 0.144728 -0.607630 0.011103 -0.780843 0.144728 -0.607630 -0.031541 0.315122 -0.134965 0.938876 0.059466 0.247462 -0.090535 0.962824 -0.056976 0.468404 -0.010494 0.881613 -0.056976 0.468404 -0.010494 0.881613 -0.056976 0.468404 -0.010494 0.881613 -0.044272 0.450158 -0.038649 0.891013 -0.044272 0.450158 -0.038649 0.891013 -0.044272 0.450158 -0.038649 0.891013 -0.044273 0.450158 -0.038649 0.891013 0.140438 0.375245 0.329826 0.854800 0.044151 0.397488 0.109378 0.909995 0.044174 0.397491 0.109368 0.909993 -0.044272 0.450158 -0.038649 0.891013 -0.044272 0.450158 -0.038649 0.891013 -0.044272 0.450158 -0.038649 0.891013 -0.044272 0.450158 -0.038649 0.891013 -0.288484 0.269878 -0.519672 0.757552 -0.501968 -0.301152 0.036634 0.809934 -0.501947 -0.301151 0.036642 0.809947
-0.001938 0.835575 -0.000736 -0.053708 0.435177 -0.020008 0.898519 -0.266101 0.644295 0.067220 0.713832 -0.165553 -0.788262 0.064986 -0.589077 0.053233 -0.774624 0.164299 -0.608382 0.053233 -0.774624 0.164299 -0.608382 0.053233 -0.774624 0.164299 -0.608382 -0.017946 0.301864 -0.170520 0.937806 0.057313 0.252613 -0.120710 0.958296 -0.066630 0.487107 -0.010639 0.870732 -0.066630 0.487107 -0.010639 0.870732 -0.066630 0.487107 -0.010639 0.870732 -0.053708 0.435177 -0.020007 0.898519 -0.053708 0.435177 -0.020007 0.898519 -0.053708 0.435177 -0.020007 0.898519 -0.053708 0.435177 -0.020007 0.898519 0.100885 0.364324 0.299658 0.875954 -0.107800 0.410730 -0.167724 0.889690 -0.107777 0.410726 -0.167735 0.889693 -0.053708 0.435177 -0.020007 0.898519 -0.053708 0.435177 -0.020007 0.898519 -0.053708 0.435177 -0.020007 0.898519 -0.053708 0.435177 -0.020007 0.898519 -0.263237 0.251173 -0.454730 0.812920 -0.374828 -0.296461 0.215947 0.851459 -0.374806 -0.296455 0.215955 0.851469
-0.001706 0.826855 -0.000677 -0.054921 0.443441 -0.006924 0.894593 -0.240727 0.649032 0.053120 0.719713 -0.142686 -0.792566 0.055786 -0.590226 0.146883 -0.768423 0.098630 -0.614999 0.146883 -0.768423 0.098630 -0.614999 0.146883 -0.768423 0.098630 -0.614999 -0.010350 0.313900 -0.196298 0.928885 0.064882 0.260716 -0.141906 0.952723 -0.094815 0.510748 -0.009632 0.854432 -0.094815 0.510748 -0.009632 0.854432 -0.094815 0.510748 -0.009632 0.854432 -0.054920 0.443441 -0.006924 0.894593 -0.054920 0.443441 -0.006924 0.894593 -0.054920 0.443441 -0.006924 0.894593 -0.054920 0.443441 -0.006924 0.894593 0.089769 0.400331 0.282249 0.867186 -0.185547 0.435686 -0.281863 0.834448 -0.185525 0.435679 -0.281875 0.834452 -0.054920 0.443441 -0.006924 0.894593 -0.054920 0.443441 -0.006924 0.894593 -0.054920 0.443441 -0.006924 0.894593 -0.054920 0.443441 -0.006924 0.894593 -0.236549 0.267629 -0.375467 0.855245 -0.193150 -0.137428 0.369653 0.898423 -0.193127 -0.137419 0.369656 0.898428
-0.001540 0.821775 -0.000627 -0.053620 0.439814 0.004120 0.896477 -0.200789 0.658755 0.045352 0.723650 -0.132985 -0.808653 0.051315 -0.570755 0.193512 -0.792511 0.048311 -0.576321 0.193512 -0.792511 0.048311 -0.576321 0.193512 -0.792511 0.048311 -0.576321 0.028909 0.304472 -0.215708 0.927325 0.071919 0.271317 -0.130849 0.950838 -0.140985 0.521115 0.043722 0.840625 -0.140985 0.521115 0.043722 0.840625 -0.140985 0.521115 0.043722 0.840625 -0.053620 0.439814 0.004120 0.896477 -0.053620 0.439814 0.004120 0.896477 -0.053620 0.439814 0.004120 0.896477 -0.053620 0.439814 0.004120 0.896477 0.080755 0.416834 0.273723 0.863020 -0.219635 0.454619 -0.312114 0.804778 -0.219614 0.454611 -0.312125 0.804783 -0.053620 0.439814 0.004120 0.896477 -0.053620 0.439814 0.004120 0.896477 -0.053620 0.439814 0.004120 0.896477 -0.053620 0.439814 0.004120 0.896477 -0.226957 0.235043 -0.353548 0.876498 -0.121884 -0.030698 0.446900 0.885710 -0.121860 -0.030686 0.446900 0.885713
-0.001456 0.814506 -0.000628 -0.066580 0.428362 0.016129 0.901007 -0.169821 0.650377 0.030844 0.739743 -0.126348 -0.800695 0.044682 -0.583889 0.206388 -0.787129 0.040041 -0.579853 0.206388 -0.787129 0.040041 -0.579853 0.206388 -0.787129 0.040041 -0.579853 0.050797 0.285161 -0.227195 0.929777 0.063792 0.247334 -0.137281 0.957032 -0.203850 0.495726 0.062300 0.841914 -0.203850 0.495726 0.062300 0.841914 -0.203850 0.495726 0.062300 0.841914 -0.066579 0.428362 0.016130 0.901007 -0.066579 0.428362 0.016130 0.901007 -0.066579 0.428362 0.016130 0.901007 -0.066579 0.428362 0.016130 0.901007 0.073023 0.419853 0.301948 0.852771 -0.234973 0.453070 -0.292095 0.808824 -0.234952 0.453062 -0.292107 0.808830 -0.066579 0.428362 0.016130 0.901007 -0.066579 0.428362 0.016130 0.901007 -0.066579 0.428362 0.016130 0.901007 -0.066579 0.428362 0.016130 0.901007 -0.229232 0.096315 -0.337419 0.907923 -0.301220 -0.341248 0.327056 0.828161 -0.301199 -0.341240 0.327065 0.828169
-0.001439 0.815955 -0.000629 -0.071407 0.435928 0.017211 0.896979 -0.148547 0.637339 0.006616 0.756101 -0.094832 -0.773297 0.045612 -0.625250 0.279543 -0.731790 0.045113 -0.619922 0.279543 -0.731790 0.045113 -0.619922 0.279543 -0.731790 0.045113 -0.619922 0.065789 0.306124 -0.217545 0.924464 0.116860 0.271957 -0.124972 0.946977 -0.172044 0.510703 0.112169 0.834866 -0.172044 0.510703 0.112169 0.834866 -0.172044 0.510703 0.112169 0.834866 -0.071407 0.435928 0.017211 0.896979 -0.071407 0.435928 0.017211 0.896979 -0.071407 0.435928 0.017211 0.896979 -0.071407 0.435928 0.017211 0.896979 0.092329 0.423963 0.343174 0.833044 -0.230429 0.474398 -0.245880 0.813260 -0.230408 0.474392 -0.245892 0.813266 -0.071407 0.435928 0.017211 0.896979 -0.071407 0.435928 0.017211 0.896979 -0.071407 0.435928 0.017211 0.896979 -0.071407 0.435928 0.017211 0.896979 -0.267699 0.087975 -0.404862 0.869876 -0.416466 -0.437066 0.222695 0.765465 -0.416446 -0.437060 0.222707 0.765476
-0.001559 0.814093 -0.000633 -0.074984 0.450971 0.020711 0.889142 -0.118880 0.625171 -0.035097 0.770582 -0.076288 -0.748036 0.047325 -0.657558 0.309513 -0.692453 0.060438 -0.648890 0.309513 -0.692453 0.060438 -0.648890 0.309513 -0.692453 0.060438 -0.648890 0.035561 0.353520 -0.102252 0.929141 0.158876 0.317670 -0.178380 0.917619 -0.107091 0.572252 0.100276 0.806848 -0.107091 0.572252 0.100276 0.806848 -0.107091 0.572252 0.100276 0.806848 -0.074984 0.450971 0.020711 0.889142 -0.074984 0.450971 0.020711 0.889142 -0.074984 0.450971 0.020711 0.889142 -0.074984 0.450971 0.020711 0.889142 0.126912 0.410623 0.403397 0.807808 -0.127734 0.505801 -0.018011 0.852951 -0.127711 0.505800 -0.018025 0.852954 -0.074984 0.450971 0.020711 0.889142 -0.074984 0.450971 0.020711 0.889142 -0.074984 0.450971 0.020711 0.889142 -0.074984 0.450971 0.020711 0.889142 -0.313722 0.145677 -0.477561 0.807646 -0.518937 -0.376684 0.010183 0.767274 -0.518917 -0.376684 0.010193 0.767288
-0.001743 0.810508 -0.000659 -0.075098 0.467063 0.019046 0.880823 -0.112563 0.628712 -0.056615 0.767363 -0.070341 -0.744925 0.054027 -0.661226 0.319767 -0.684201 0.069105 -0.651799 0.319767 -0.684201 0.069105 -0.651799 0.319767 -0.684201 0.069105 -0.651799 -0.037310 0.390269 0.020368 0.919719 0.164593 0.353319 -0.164917 0.906023 -0.093589 0.594208 0.120475 0.789711 -0.093589 0.594208 0.120475 0.789711 -0.093589 0.594208 0.120475 0.789711 -0.075098 0.467063 0.019046 0.880823 -0.075098 0.467063 0.019046 0.880823 -0.075098 0.467063 0.019046 0.880823 -0.075098 0.467063 0.019046 0.880823 0.162123 0.404887 0.447762 0.780571 0.067310 0.462687 0.309968 0.827835 0.067331 0.462695 0.309956 0.827833 -0.075098 0.467063 0.019046 0.880823 -0.075098 0.467063 0.019046 0.880823 -0.075098 0.467063 0.019046 0.880823 -0.075098 0.467063 0.019046 0.880823 -0.350386 0.212806 -0.533108 0.740094 -0.588647 -0.250088 -0.197412 0.742953 -0.588628 -0.250093 -0.197405 0.742968
-0.001849 0.807357 -0.000707 -0.059316 0.501214 0.017306 0.863115 -0.124088 0.642075 -0.062910 0.753912 -0.067848 -0.743521 0.057727 -0.662752 0.321137 -0.675014 0.083131 -0.659027 0.321137 -0.675014 0.083131 -0.659027 0.321137 -0.675014 0.083131 -0.659027 -0.135470 0.405792 0.133897 0.893897 0.175086 0.351449 -0.196091 0.898542 0.000213 0.586985 0.006745 0.809569 0.000213 0.586985 0.006745 0.809569 0.000213 0.586985 0.006745 0.809569 -0.059316 0.501214 0.017307 0.863115 -0.059316 0.501214 0.017307 0.863115 -0.059316 0.501214 0.017307 0.863115 -0.059316 0.501214 0.017307 0.863115 0.212035 0.443028 0.467421 0.735041 0.201690 0.482172 0.520010 0.675589 0.201708 0.482185 0.519998 0.675584 -0.059316 0.501214 0.017307 0.863115 -0.059316 0.501214 0.017307 0.863115 -0.059316 0.501214 0.017307 0.863115 -0.059316 0.501214 0.017307 0.863115 -0.373566 0.294829 -0.552097 0.684627 -0.613183 -0.104410 -0.326765 0.711568 -0.613165 -0.104418 -0.326763 0.711584
-0.001826 0.810067 -0.000755 -0.030651 0.530032 0.024350 0.847073 -0.125942 0.668286 -0.060798 0.730641 -0.074907 -0.767320 0.050391 -0.634878 0.304543 -0.704526 0.068035 -0.637392 0.304543 -0.704526 0.068035 -0.637392 0.304543 -0.704526 0.068035 -0.637392 -0.187221 0.399665 0.195603 0.875760 0.197865 0.319669 -0.216734 0.900937 0.082050 0.536940 -0.072443 0.836490 0.082050 0.536940 -0.072443 0.836490 0.082050 0.536940 -0.072443 0.836490 -0.030651 0.530032 0.024351 0.847073 -0.030651 0.530032 0.024351 0.847073 -0.030651 0.530032 0.024351 0.847073 -0.030651 0.530032 0.024351 0.847073 0.262445 0.462734 0.480986 0.696887 -0.280067 -0.486446 -0.610519 -0.558749 -0.280081 -0.486462 -0.610506 -0.558741 -0.030651 0.530032 0.024351 0.847073 -0.030651 0.530032 0.024351 0.847073 -0.030651 0.530032 0.024351 0.847073 -0.030651 0.530032 0.024351 0.847073 -0.384401 0.336051 -0.561223 0.651410 -0.618993 -0.012465 -0.420156 0.663446 -0.618976 -0.012475 -0.420155 0.663463
-0.001738 0.810947 -0.000822 -0.011340 0.577940 0.014477 0.815872 -0.120190 0.691127 -0.039428 0.711578 -0.088528 -0.768215 0.023837 -0.633593 0.284017 -0.688870 0.063266 -0.663920 0.284017 -0.688870 0.063266 -0.663920 0.284017 -0.688870 0.063266 -0.663920 -0.184256 0.410489 0.203825 0.869485 0.194043 0.300133 -0.192276 0.913946 0.047602 0.490818 -0.043250 0.868885 0.047602 0.490818 -0.043250 0.868885 0.047602 0.490818 -0.043250 0.868885 -0.011340 0.577940 0.014477 0.815872 -0.011340 0.577940 0.014477 0.815872 -0.011340 0.577940 0.014477 0.815872 -0.011340 0.577940 0.014477 0.815872 0.326949 0.528784 0.486836 0.613582 -0.378857 -0.509257 -0.661413 -0.399573 -0.378867 -0.509274 -0.661399 -0.399563 -0.011340 0.577940 0.014477 0.815872 -0.011340 0.577940 0.014477 0.815872 -0.011340 0.577940 0.014477 0.815872 -0.011340 0.577940 0.014477 0.815872 -0.415149 0.356562 -0.565013 0.617474 0.652399 -0.019328 0.455750 -0.605222 0.652384 -0.019316 0.455750 -0.605239
-0.001653 0.815968 -0.000880 -0.002241 0.602453 0.006882 0.798122 -0.111358 0.699489 -0.026154 0.705429 -0.083038 -0.762093 0.014225 -0.641963 -0.284992 0.666668 -0.071371 0.685010 -0.284992 0.666668 -0.071371 0.685010 -0.284992 0.666668 -0.071371 0.685010 -0.170928 0.412336 0.225816 0.865892 0.218011 0.289347 -0.171103 0.916228 0.044672 0.458921 -0.024903 0.887004 0.044672 0.458921 -0.024903 0.887004 0.044672 0.458921 -0.024903 0.887004 -0.002241 0.602453 0.006882 0.798122 -0.002241 0.602453 0.006882 0.798122 -0.002241 0.602453 0.006882 0.798122 -0.002241 0.602453 0.006882 0.798122 -0.367060 -0.586714 -0.494934 -0.525427 -0.449130 -0.518721 -0.682843 -0.250870 -0.449136 -0.518739 -0.682830 -0.250858 -0.002241 0.602453 0.006882 0.798122 -0.002241 0.602453 0.006882 0.798122 -0.002241 0.602453 0.006882 0.798122 -0.002241 0.602453 0.006882 0.798122 -0.428830 0.382447 -0.561524 0.595424 0.654908 -0.075024 0.497376 -0.563990 0.654893 -0.075011 0.497378 -0.564007
-0.001549 0.817874 -0.000955 0.006019 0.606123 -0.008326 0.795304 -0.092363 0.695986 -0.017071 0.711886 -0.086291 -0.753376 -0.015225 -0.651726 -0.272891 0.651126 -0.054438 0.706117 -0.272891 0.651126 -0.054438 0.706117 -0.272891 0.651126 -0.054438 0.706117 -0.164020 0.395159 0.224556 0.875512 0.196683 0.251874 -0.117233 0.940283 -0.065307 0.400435 0.046067 0.912833 -0.065307 0.400435 0.046067 0.912833 -0.065307 0.400435 0.046067 0.912833 0.006019 0.606123 -0.008326 0.795304 0.006019 0.606123 -0.008326 0.795304 0.006019 0.606123 -0.008326 0.795304 0.006019 0.606123 -0.008326 0.795304 -0.390739 -0.619345 -0.499593 -0.462755 -0.448704 -0.553182 -0.685048 -0.152851 -0.448708 -0.553200 -0.685034 -0.152839 0.006019 0.606123 -0.008326 0.795304 0.006019 0.606123 -0.008326 0.795304 0.006019 0.606123 -0.008326 0.795304 0.006019 0.606123 -0.008326 0.795304 -0.422130 0.394026 -0.565146 0.589202 0.655628 -0.083277 0.510224 -0.550352 0.655614 -0.083264 0.510227 -0.550369
-0.001459 0.818228 -0.000950 -0.001097 0.612025 -0.024379 0.790462 0.059624 -0.708368 0.037680 -0.702311 -0.126842 -0.764635 -0.008903 -0.631795 0.225735 -0.689922 0.052139 -0.685808 0.225735 -0.689922 0.052139 -0.685808 0.225735 -0.689922 0.052139 -0.685808 -0.188886 0.403000 0.240132 0.862699 0.187740 0.271978 -0.092544 0.939264 -0.014966 0.422292 0.058621 0.904438 -0.014966 0.422292 0.058621 0.904438 -0.014966 0.422292 0.058621 0.904438 -0.001097 0.612025 -0.024379 0.790462 -0.001097 0.612025 -0.024379 0.790462 -0.001097 0.612025 -0.024379 0.790462 -0.001097 0.612025 -0.024379 0.790462 -0.395376 -0.675647 -0.484435 -0.390516 -0.377779 -0.637777 -0.671167 -0.007634 -0.377779 -0.637795 -0.671150 -0.007624 -0.001097 0.612025 -0.024379 0.790462 -0.001097 0.612025 -0.024379 0.790462 -0.001097 0.612025 -0.024379 0.790462 -0.001097 0.612025 -0.024379 0.790462 -0.413774 0.437136 -0.550787 0.578219 0.640797 -0.147735 0.502248 -0.561516 0.640782 -0.147722 0.502252 -0.561533
-0.001363 0.817739 -0.000873 -0.003711 0.608244 -0.031250 0.793126 0.010542 -0.710793 0.055793 -0.701106 -0.217240 -0.753288 -0.007245 -0.620734 0.110134 -0.722085 0.064921 -0.679889 0.110134 -0.722085 0.064921 -0.679889 0.110134 -0.722085 0.064921 -0.679889 -0.228723 0.393252 0.223030 0.862147 0.149392 0.264751 -0.071736 0.949970 0.002254 0.433023 0.062567 0.899206 0.002254 0.433023 0.062567 0.899206 0.002254 0.433023 0.062567 0.899206 -0.003711 0.608244 -0.031250 0.793126 -0.003711 0.608244 -0.031250 0.793126 -0.003711 0.608244 -0.031250 0.793126 -0.003711 0.608244 -0.031250 0.793126 -0.359830 -0.752237 -0.432648 -0.342751 -0.201477 -0.758079 -0.601060 0.153133 -0.201473 -0.758095 -0.601041 0.153139 -0.003711 0.608244 -0.031250 0.793126 -0.003711 0.608244 -0.031250 0.793126 -0.003711 0.608244 -0.031250 0.793126 -0.003711 0.608244 -0.031250 0.793126 -0.402544 0.487545 -0.546599 0.549079 0.613710 -0.244029 0.508892 -0.552122 0.613695 -0.244016 0.508899 -0.552138
-0.001280 0.816580 -0.000795 -0.010670 0.598595 -0.034920 0.800219 -0.011289 -0.706781 0.067836 -0.704082 -0.258126 -0.743797 0.006325 -0.616520 0.068468 -0.730126 0.077709 -0.675418 0.068468 -0.730126 0.077709 -0.675418 0.068468 -0.730126 0.077709 -0.675418 -0.256504 0.386971 0.189246 0.865243 0.079911 0.251721 -0.055882 0.962875 -0.058711 0.436624 0.065679 0.895320 -0.058711 0.436624 0.065679 0.895320 -0.058711 0.436624 0.065679 0.895320 -0.010670 0.598595 -0.034920 0.800219 -0.010670 0.598595 -0.034920 0.800219 -0.010670 0.598595 -0.034920 0.800219 -0.010670 0.598595 -0.034920 0.800219 -0.290608 -0.816708 -0.347226 -0.357729 0.005209 -0.856847 -0.450930 0.249896 0.005215 -0.856859 -0.450907 0.249896 -0.010670 0.598595 -0.034920 0.800219 -0.010670 0.598595 -0.034920 0.800219 -0.010670 0.598595 -0.034920 0.800219 -0.010670 0.598595 -0.034920 0.800219 -0.399718 0.519922 -0.555575 0.511119 0.605128 -0.304373 0.520308 -0.520054 0.605115 -0.304360 0.520316 -0.520070
-0.001252 0.810549 -0.000735 -0.016387 0.598295 -0.045194 0.799832 -0.011917 -0.711862 0.074631 -0.698241 -0.264505 -0.751052 0.024713 -0.604439 0.087149 -0.741134 0.074095 -0.661540 0.087149 -0.741134 0.074095 -0.661540 0.087149 -0.741134 0.074095 -0.661540 -0.240443 0.395362 0.165617 0.870889 0.071825 0.269241 -0.041381 0.959499 -0.077237 0.466889 0.105334 0.874616 -0.077237 0.466889 0.105334 0.874616 -0.077237 0.466889 0.105334 0.874616 -0.016387 0.598295 -0.045194 0.799832 -0.016387 0.598295 -0.045194 0.799832 -0.016387 0.598295 -0.045194 0.799832 -0.016387 0.598295 -0.045194 0.799832 -0.243203 -0.859535 -0.270041 -0.359345 0.185890 -0.888759 -0.287694 0.304604 0.185898 -0.888767 -0.287671 0.304599 -0.016387 0.598295 -0.045194 0.799832 -0.016387 0.598295 -0.045194 0.799832 -0.016387 0.598295 -0.045194 0.799832 -0.016387 0.598295 -0.045194 0.799832 -0.401718 0.530235 -0.563679 0.489631 0.603605 -0.329182 0.536987 -0.488820 0.603592 -0.329168 0.536995 -0.488836
-0.001244 0.794907 -0.000690 -0.020361 0.587412 -0.054360 0.807203 -0.016487 -0.707374 0.074955 -0.702661 -0.264438 -0.747169 0.034165 -0.608805 0.128360 -0.733680 0.056221 -0.664889 0.128360 -0.733680 0.056221 -0.664889 0.128360 -0.733680 0.056221 -0.664889 -0.210584 0.394827 0.157002 0.880407 0.090787 0.282930 -0.028982 0.954394 -0.087164 0.476450 0.149111 0.862070 -0.087164 0.476450 0.149110 0.862070 -0.087164 0.476450 0.149110 0.862070 -0.020361 0.587412 -0.054359 0.807203 -0.020361 0.587412 -0.054359 0.807203 -0.020361 0.587412 -0.054359 0.807203 -0.020361 0.587412 -0.054359 0.807203 -0.223622 -0.866179 -0.240201 -0.376868 0.269337 -0.893164 -0.206652 0.294975 0.269345 -0.893170 -0.206629 0.294968 -0.020361 0.587412 -0.054359 0.807203 -0.020361 0.587412 -0.054359 0.807203 -0.020361 0.587412 -0.054359 0.807203 -0.020361 0.587412 -0.054359 0.807203 -0.396069 0.522131 -0.575633 0.489034 0.595379 -0.327113 0.548234 -0.487812 0.595366 -0.327099 0.548243 -0.487828
-0.001246 0.784536 -0.000640 -0.012623 0.581528 -0.051503 0.811796 0.035351 0.699212 -0.083036 0.709195 -0.263372 -0.739919 0.042246 -0.617552 0.151318 -0.722634 0.058263 -0.671943 0.151318 -0.722634 0.058263 -0.671943 0.151318 -0.722634 0.058263 -0.671943 -0.143422 0.388843 0.132900 0.900316 0.098120 0.265773 -0.003791 0.959022 -0.116423 0.445870 0.189530 0.867020 -0.116423 0.445870 0.189530 0.867020 -0.116423 0.445870 0.189530 0.867020 -0.012622 0.581528 -0.051502 0.811796 -0.012622 0.581528 -0.051502 0.811796 -0.012622 0.581528 -0.051502 0.811796 -0.012623 0.581528 -0.051502 0.811796 -0.222656 -0.845509 -0.245033 -0.418924 0.281414 -0.911876 -0.186347 0.233587 0.281420 -0.911881 -0.186323 0.233580 -0.012622 0.581528 -0.051502 0.811796 -0.012622 0.581528 -0.051502 0.811796 -0.012622 0.581528 -0.051502 0.811796 -0.012622 0.581528 -0.051502 0.811796 -0.391067 0.524388 -0.581871 0.483229 0.582757 -0.340926 0.542716 -0.499624 0.582744 -0.340911 0.542725 -0.499639
-0.001224 0.779617 -0.000614 -0.012975 0.583712 -0.053061 0.810122 0.044523 0.701282 -0.085393 0.706350 -0.269906 -0.742033 0.042275 -0.612169 0.149307 -0.727236 0.051983 -0.667932 0.149307 -0.727236 0.051983 -0.667932 0.149307 -0.727236 0.051983 -0.667932 -0.088849 0.392814 0.111789 0.908464 0.104598 0.261133 0.019201 0.959427 -0.121956 0.431297 0.212967 0.868190 -0.121956 0.431297 0.212967 0.868190 -0.121956 0.431297 0.212967 0.868190 -0.012974 0.583712 -0.053061 0.810122 -0.012974 0.583712 -0.053061 0.810122 -0.012974 0.583712 -0.053061 0.810122 -0.012974 0.583712 -0.053061 0.810122 -0.240766 -0.860030 -0.264071 -0.364207 0.300103 -0.811592 -0.244596 0.437527 0.300114 -0.811598 -0.244575 0.437519 -0.012974 0.583712 -0.053061 0.810122 -0.012974 0.583712 -0.053061 0.810122 -0.012974 0.583712 -0.053061 0.810122 -0.012974 0.583712 -0.053061 0.810122 -0.395013 0.521257 -0.584951 0.479675 0.583113 -0.341781 0.540289 -0.501252 0.583100 -0.341767 0.540298 -0.501267
-0.001261 0.781535 -0.000610 -0.008794 0.598746 -0.056276 0.798911 -0.053123 -0.717124 0.078322 -0.690490 -0.308917 -0.756839 0.025774 -0.575413 0.053757 -0.772666 0.043405 -0.631042 0.053757 -0.772666 0.043405 -0.631042 0.053757 -0.772666 0.043405 -0.631042 -0.064557 0.412511 0.102212 0.902895 0.107736 0.282657 0.021952 0.952899 -0.098552 0.460889 0.214830 0.855404 -0.098552 0.460889 0.214830 0.855404 -0.098552 0.460889 0.214830 0.855404 -0.008794 0.598746 -0.056276 0.798911 -0.008794 0.598746 -0.056276 0.798911 -0.008794 0.598746 -0.056276 0.798911 -0.008794 0.598746 -0.056276 0.798911 -0.308022 -0.803757 -0.341001 -0.377909 0.075419 -0.789024 -0.454881 0.406001 0.075430 -0.789036 -0.454861 0.405999 -0.008794 0.598746 -0.056276 0.798911 -0.008794 0.598746 -0.056276 0.798911 -0.008794 0.598746 -0.056276 0.798911 -0.008794 0.598746 -0.056276 0.798911 -0.392236 0.527573 -0.565637 0.497868 0.634412 -0.268351 0.487547 -0.536477 0.634398 -0.268338 0.487554 -0.536493
-0.001327 0.791681 -0.000739 -0.001574 0.588868 -0.058337 0.806120 0.019528 -0.739249 0.031779 -0.672399 -0.411645 -0.755143 0.021755 -0.509739 -0.151410 -0.815193 0.073134 -0.554244 -0.151410 -0.815193 0.073134 -0.554244 -0.151410 -0.815193 0.073134 -0.554244 -0.055098 0.415429 0.071115 0.905166 0.103196 0.298458 0.030134 0.948349 -0.086320 0.489022 0.225907 0.838077 -0.086320 0.489022 0.225907 0.838077 -0.086320 0.489022 0.225907 0.838077 -0.001574 0.588868 -0.058337 0.806120 -0.001574 0.588868 -0.058337 0.806120 -0.001574 0.588868 -0.058337 0.806120 -0.001574 0.588868 -0.058337 0.806120 -0.353930 -0.701053 -0.416279 -0.458225 -0.164457 -0.716695 -0.642269 0.216316 -0.164452 -0.716712 -0.642250 0.216320 -0.001574 0.588868 -0.058337 0.806120 -0.001574 0.588868 -0.058337 0.806120 -0.001574 0.588868 -0.058337 0.806120 -0.001574 0.588868 -0.058337 0.806120 -0.376945 0.528583 -0.567022 0.506950 0.710170 -0.137565 0.464134 -0.511188 0.710157 -0.137553 0.464138 -0.511207
-0.001553 0.804866 -0.000831 0.011216 0.595483 -0.057318 0.801242 0.109015 -0.747224 -0.016494 -0.655362 -0.537116 -0.732539 -0.014849 -0.417938 -0.403041 -0.803359 0.082741 -0.430496 -0.403041 -0.803359 0.082741 -0.430496 -0.403041 -0.803359 0.082741 -0.430496 -0.044280 0.434407 0.069592 0.896932 0.102549 0.333054 0.036797 0.936592 -0.073026 0.530281 0.240063 0.809839 -0.073026 0.530281 0.240063 0.809839 -0.073026 0.530281 0.240063 0.809839 0.011216 0.595483 -0.057318 0.801242 0.011216 0.595483 -0.057318 0.801242 0.011216 0.595483 -0.057318 0.801242 0.011216 0.595483 -0.057318 0.801242 -0.375294 -0.605562 -0.436330 -0.549605 -0.323719 -0.618401 -0.715009 -0.039335 -0.323720 -0.618420 -0.714993 -0.039327 0.011216 0.595483 -0.057318 0.801242 0.011216 0.595483 -0.057318 0.801242 0.011216 0.595483 -0.057318 0.801242 0.011216 0.595483 -0.057318 0.801242 -0.377216 0.484783 -0.564603 0.551286 0.707170 -0.070036 0.502848 -0.492087 0.707157 -0.070023 0.502850 -0.492105
-0.001687 0.814823 -0.000919 0.040773 0.573348 -0.049319 0.816809 0.185560 -0.711104 -0.066384 -0.674901 -0.597489 -0.692253 -0.055187 -0.400933 -0.525104 -0.777013 0.053950 -0.342938 -0.525104 -0.777013 0.053950 -0.342938 -0.525104 -0.777013 0.053950 -0.342938 -0.039662 0.417751 0.067962 0.905147 0.101131 0.329931 0.038923 0.937765 -0.066560 0.537528 0.241998 0.805028 -0.066560 0.537528 0.241998 0.805028 -0.066560 0.537528 0.241998 0.805028 0.040773 0.573348 -0.049319 0.816809 0.040773 0.573348 -0.049319 0.816809 0.040773 0.573348 -0.049319 0.816809 0.040773 0.573348 -0.049319 0.816809 0.360406 0.512664 0.422793 0.654621 -0.331477 -0.566355 -0.709219 -0.257632 -0.331484 -0.566373 -0.709204 -0.257623 0.040773 0.573348 -0.049319 0.816809 0.040773 0.573348 -0.049319 0.816809 0.040773 0.573348 -0.049319 0.816809 0.040773 0.573348 -0.049319 0.816809 -0.356490 0.448198 -0.587107 0.572135 0.711932 0.016430 0.479116 -0.513158 0.711918 0.016443 0.479116 -0.513176
-0.001739 0.821273 -0.000958 0.053497 0.542143 -0.056959 0.836645 0.260863 -0.681397 -0.090857 -0.677786 -0.608875 -0.673734 -0.062379 -0.414082 -0.557399 -0.761689 0.089844 -0.317906 -0.557399 -0.761689 0.089844 -0.317906 -0.557399 -0.761689 0.089844 -0.317906 -0.042591 0.391918 0.069544 0.916379 0.096134 0.312898 0.037282 0.944173 -0.072591 0.530689 0.240570 0.809460 -0.072591 0.530689 0.240570 0.809460 -0.072591 0.530689 0.240570 0.809460 0.053497 0.542143 -0.056959 0.836645 0.053497 0.542143 -0.056959 0.836645 0.053497 0.542143 -0.056959 0.836645 0.053497 0.542143 -0.056959 0.836645 0.335800 0.456038 0.399147 0.721075 -0.295921 -0.557452 -0.676931 -0.378738 -0.295931 -0.557469 -0.676917 -0.378730 0.053497 0.542143 -0.056959 0.836645 0.053497 0.542143 -0.056959 0.836645 0.053497 0.542143 -0.056959 0.836645 0.053497 0.542143 -0.056959 0.836645 -0.336566 0.409010 -0.619532 0.579322 0.702787 0.063115 0.448199 -0.548840 0.702773 0.063127 0.448197 -0.548858
-0.001779 0.822991 -0.000980 0.039418 0.518223 -0.069596 0.851497 -0.331211 0.660640 0.125275 0.661936 -0.555057 -0.709452 -0.073151 -0.428064 -0.490537 -0.796613 0.092887 -0.340814 -0.490537 -0.796613 0.092887 -0.340814 -0.490537 -0.796613 0.092887 -0.340814 -0.053388 0.379257 0.067860 0.921254 0.092859 0.309332 0.041039 0.945519 -0.064816 0.538141 0.241242 0.804988 -0.064816 0.538141 0.241242 0.804988 -0.064816 0.538141 0.241242 0.804988 0.039418 0.518223 -0.069596 0.851497 0.039418 0.518223 -0.069596 0.851497 0.039418 0.518223 -0.069596 0.851497 0.039418 0.518223 -0.069596 0.851497 0.287841 0.452725 0.353881 0.766131 -0.283204 -0.555564 -0.580887 -0.523177 -0.283217 -0.555579 -0.580873 -0.523170 0.039418 0.518223 -0.069596 0.851497 0.039418 0.518223 -0.069596 0.851497 0.039418 0.518223 -0.069596 0.851497 0.039418 0.518223 -0.069596 0.851497 -0.328068 0.371094 -0.634058 0.593827 0.703356 0.140218 0.356670 -0.598679 0.703340 0.140227 0.356666 -0.598697
-0.001813 0.821999 -0.000937 0.029942 0.511320 -0.075039 0.855585 0.356078 -0.680703 -0.107904 -0.631037 -0.458747 -0.755940 -0.012081 -0.466862 -0.325070 -0.825305 0.159762 -0.433217 -0.325070 -0.825305 0.159762 -0.433217 -0.325070 -0.825305 0.159762 -0.433217 -0.076135 0.360827 0.017909 0.929347 0.060718 0.273538 0.002147 0.959940 -0.083401 0.515523 0.181194 0.833336 -0.083401 0.515523 0.181194 0.833336 -0.083401 0.515523 0.181194 0.833336 0.029942 0.511320 -0.075039 0.855585 0.029942 0.511320 -0.075039 0.855585 0.029942 0.511320 -0.075039 0.855585 0.029942 0.511320 -0.075039 0.855585 0.266833 0.456024 0.333852 0.780631 0.287813 0.497941 0.462326 0.674887 0.287830 0.497953 0.462313 0.674880 0.029942 0.511320 -0.075039 0.855585 0.029942 0.511320 -0.075039 0.855585 0.029942 0.511320 -0.075039 0.855585 0.029942 0.511320 -0.075039 0.855585 -0.313993 0.362747 -0.615264 0.625518 0.677659 0.193129 0.274668 -0.654245 0.677642 0.193136 0.274663 -0.654263
-0.001752 0.819877 -0.000998 -0.003221 0.424995 -0.087646 0.900937 -0.368276 0.650390 0.077515 0.659816 -0.304838 -0.767415 0.001329 -0.564045 -0.079608 -0.786958 0.188496 -0.582090 -0.079608 -0.786958 0.188496 -0.582090 -0.079608 -0.786958 0.188496 -0.582090 -0.095353 0.265493 -0.058350 0.957610 0.059007 0.165135 -0.058216 0.982782 -0.095664 0.434149 0.115856 0.888223 -0.095664 0.434149 0.115856 0.888223 -0.095664 0.434149 0.115856 0.888223 -0.003221 0.424995 -0.087645 0.900937 -0.003221 0.424995 -0.087645 0.900937 -0.003221 0.424995 -0.087645 0.900937 -0.003221 0.424995 -0.087645 0.900937 0.190461 0.385702 0.330579 0.840046 0.082061 0.458489 0.140243 0.873719 0.082084 0.458493 0.140232 0.873717 -0.003221 0.424995 -0.087645 0.900937 -0.003221 0.424995 -0.087645 0.900937 -0.003221 0.424995 -0.087645 0.900937 -0.003221 0.424995 -0.087645 0.900937 -0.276426 0.257298 -0.633936 0.674916 0.664623 0.334525 0.256290 -0.616996 0.664607 0.334532 0.256281 -0.617013
-0.001684 0.817468 -0.001023 -0.024987 0.382646 -0.087006 0.919450 -0.358288 0.643321 0.058721 0.674032 -0.221936 -0.779009 0.009599 -0.586342 0.054767 -0.770425 0.168506 -0.612415 0.054767 -0.770425 0.168506 -0.612415 0.054767 -0.770425 0.168506 -0.612415 -0.092326 0.221118 -0.125085 0.962775 0.060183 0.121602 -0.099548 0.985739 -0.115000 0.414758 0.095912 0.897526 -0.115000 0.414758 0.095912 0.897526 -0.115000 0.414758 0.095912 0.897526 -0.024987 0.382646 -0.087006 0.919450 -0.024987 0.382646 -0.087006 0.919450 -0.024987 0.382646 -0.087006 0.919450 -0.024987 0.382646 -0.087006 0.919450 0.145913 0.320958 0.334695 0.873885 -0.073437 0.434648 -0.149093 0.885133 -0.073414 0.434644 -0.149105 0.885134 -0.024987 0.382646 -0.087006 0.919450 -0.024987 0.382646 -0.087006 0.919450 -0.024987 0.382646 -0.087006 0.919450 -0.024987 0.382646 -0.087006 0.919450 -0.258135 0.191103 -0.616793 0.718619 0.633959 0.436532 0.131060 -0.624787 0.633943 0.436536 0.131049 -0.624803
-0.001638 0.815602 -0.001000 -0.044716 0.358350 -0.082329 0.928875 -0.344364 0.639892 0.020761 0.686674 -0.143703 -0.785489 0.034126 -0.600992 0.152935 -0.755896 0.169982 -0.613464 0.152935 -0.755896 0.169982 -0.613464 0.152935 -0.755896 0.169982 -0.613464 -0.087506 0.203911 -0.171286 0.959908 0.055915 0.109221 -0.128892 0.984038 -0.127076 0.427976 0.087851 0.890489 -0.127076 0.427976 0.087851 0.890489 -0.127076 0.427976 0.087851 0.890489 -0.044716 0.358350 -0.082328 0.928875 -0.044716 0.358350 -0.082328 0.928875 -0.044716 0.358350 -0.082328 0.928875 -0.044716 0.358350 -0.082328 0.928875 0.113109 0.325224 0.328229 0.879603 -0.183619 0.452213 -0.322321 0.811109 -0.183598 0.452204 -0.322332 0.811113 -0.044716 0.358350 -0.082328 0.928875 -0.044716 0.358350 -0.082328 0.928875 -0.044716 0.358350 -0.082328 0.928875 -0.044716 0.358350 -0.082328 0.928875 -0.250184 0.124715 -0.581850 0.763744 -0.596329 -0.520473 0.002346 0.611141 -0.596313 -0.520473 0.002359 0.611156
-0.001542 0.820091 -0.000856 -0.050345 0.390195 -0.061704 0.917282 -0.302334 0.652725 -0.006960 0.694619 -0.110600 -0.795648 0.033259 -0.594648 0.212404 -0.755930 0.142953 -0.602510 0.212404 -0.755930 0.142953 -0.602510 0.212404 -0.755930 0.142953 -0.602510 -0.065083 0.218295 -0.192562 0.954480 0.057340 0.116280 -0.148280 0.980410 -0.127545 0.435261 0.076141 0.887966 -0.127545 0.435261 0.076141 0.887966 -0.127545 0.435261 0.076141 0.887966 -0.050345 0.390195 -0.061704 0.917282 -0.050345 0.390195 -0.061704 0.917282 -0.050345 0.390195 -0.061704 0.917282 -0.050345 0.390195 -0.061704 0.917282 0.102146 0.348028 0.298976 0.882641 -0.218197 0.447787 -0.395224 0.771800 -0.218177 0.447777 -0.395235 0.771806 -0.050345 0.390195 -0.061704 0.917282 -0.050345 0.390195 -0.061704 0.917282 -0.050345 0.390195 -0.061704 0.917282 -0.050345 0.390195 -0.061704 0.917282 -0.239184 0.205544 -0.489923 0.812723 -0.387922 -0.363420 0.267559 0.803650 -0.387901 -0.363414 0.267569 0.803660
-0.001454 0.820535 -0.000681 -0.053251 0.411199 -0.042044 0.909017 -0.236466 0.665257 -0.018054 0.707948 -0.103236 -0.803671 0.024937 -0.585520 0.247605 -0.760216 0.107498 -0.590938 0.247605 -0.760216 0.107498 -0.590938 0.247605 -0.760216 0.107498 -0.590938 -0.034017 0.235869 -0.187245 0.952968 0.064822 0.140984 -0.139425 0.977999 -0.118129 0.457911 0.095418 0.875933 -0.118129 0.457911 0.095417 0.875933 -0.118129 0.457911 0.095417 0.875933 -0.053251 0.411199 -0.042043 0.909017 -0.053251 0.411199 -0.042043 0.909017 -0.053251 0.411199 -0.042043 0.909017 -0.053251 0.411199 -0.042043 0.909017 0.093770 0.360919 0.284752 0.883097 -0.219812 0.430666 -0.400302 0.778439 -0.219792 0.430655 -0.400313 0.778445 -0.053251 0.411199 -0.042043 0.909017 -0.053251 0.411199 -0.042043 0.909017 -0.053251 0.411199 -0.042043 0.909017 -0.053251 0.411199 -0.042043 0.909017 -0.231792 0.223163 -0.425707 0.845721 -0.251808 -0.228887 0.377065 0.861409 -0.251786 -0.228877 0.377071 0.861415
-0.001408 0.814299 -0.000619 -0.060410 0.412906 -0.028013 0.908336 -0.158718 0.650836 -0.040716 0.741326 -0.102893 -0.776871 0.012644 -0.621067 0.303901 -0.707617 0.088109 -0.631790 0.303901 -0.707617 0.088109 -0.631790 0.303901 -0.707617 0.088109 -0.631790 -0.019194 0.225346 -0.172684 0.958661 0.067320 0.136408 -0.103826 0.982894 -0.162477 0.440379 0.148395 0.870429 -0.162477 0.440379 0.148395 0.870429 -0.162477 0.440379 0.148395 0.870429 -0.060410 0.412906 -0.028013 0.908336 -0.060410 0.412906 -0.028013 0.908336 -0.060410 0.412906 -0.028013 0.908336 -0.060410 0.412906 -0.028013 0.908336 0.088321 0.350119 0.299734 0.883049 -0.194042 0.418010 -0.338497 0.820387 -0.194020 0.418001 -0.338507 0.820392 -0.060410 0.412906 -0.028013 0.908336 -0.060410 0.412906 -0.028013 0.908336 -0.060410 0.412906 -0.028013 0.908336 -0.060410 0.412906 -0.028013 0.908336 -0.226884 0.152171 -0.380155 0.883657 -0.322288 -0.384089 0.298713 0.812020 -0.322267 -0.384081 0.298723 0.812029
-0.001389 0.815000 -0.000597 -0.069338 0.421628 -0.017016 0.903954 -0.118060 0.648217 -0.054743 0.750253 -0.100731 -0.768341 0.019899 -0.631751 0.318442 -0.691081 0.095353 -0.641802 0.318442 -0.691081 0.095353 -0.641802 0.318442 -0.691081 0.095353 -0.641802 -0.009195 0.218443 -0.183503 0.958397 0.076142 0.118925 -0.110298 0.983816 -0.168721 0.418455 0.143355 0.880839 -0.168720 0.418455 0.143355 0.880839 -0.168720 0.418455 0.143355 0.880839 -0.069337 0.421628 -0.017016 0.903954 -0.069337 0.421628 -0.017016 0.903954 -0.069337 0.421628 -0.017016 0.903954 -0.069337 0.421628 -0.017016 0.903954 0.102086 0.352625 0.346591 0.863197 -0.160548 0.394493 -0.256455 0.867658 -0.160525 0.394487 -0.256465 0.867662 -0.069337 0.421628 -0.017016 0.903954 -0.069337 0.421628 -0.017016 0.903954 -0.069337 0.421628 -0.017016 0.903954 -0.069337 0.421628 -0.017016 0.903954 -0.251633 0.167413 -0.404284 0.863255 -0.391186 -0.386038 0.150328 0.821796 -0.391165 -0.386034 0.150338 0.821807
-0.001460 0.811530 -0.000606 -0.085228 0.445792 -0.015917 0.890928 -0.099699 0.656457 -0.094087 0.741803 -0.066747 -0.770995 0.054805 -0.630958 0.341932 -0.691987 0.129879 -0.622389 0.341932 -0.691987 0.129879 -0.622389 0.341932 -0.691987 0.129879 -0.622389 -0.012273 0.262830 -0.136232 0.955097 0.122341 0.169142 -0.169650 0.963142 -0.092276 0.462844 0.111524 0.874541 -0.092276 0.462844 0.111524 0.874541 -0.092276 0.462844 0.111524 0.874541 -0.085228 0.445793 -0.015916 0.890928 -0.085228 0.445793 -0.015916 0.890928 -0.085228 0.445793 -0.015916 0.890928 -0.085228 0.445793 -0.015916 0.890928 0.135936 0.331968 0.419263 0.833988 -0.029580 0.363103 0.002930 0.931275 -0.029556 0.363103 0.002921 0.931276 -0.085228 0.445793 -0.015916 0.890928 -0.085228 0.445793 -0.015916 0.890928 -0.085228 0.445793 -0.015916 0.890928 -0.085228 0.445793 -0.015916 0.890928 -0.309675 0.227559 -0.475756 0.791186 -0.503894 -0.300822 -0.021554 0.809402 -0.503873 -0.300823 -0.021546 0.809416
-0.001574 0.803198 -0.000616 -0.082043 0.480899 -0.010726 0.872863 -0.094356 0.694568 -0.097217 0.706556 -0.058124 -0.810181 0.072618 -0.578753 0.347997 -0.740662 0.117514 -0.562591 0.347997 -0.740662 0.117514 -0.562591 0.347997 -0.740662 0.117514 -0.562591 -0.032515 0.312652 0.010821 0.949249 0.161414 0.190268 -0.181404 0.951229 -0.033299 0.419013 0.054814 0.905712 -0.033299 0.419013 0.054814 0.905712 -0.033299 0.419013 0.054814 0.905712 -0.082043 0.480900 -0.010725 0.872863 -0.082043 0.480900 -0.010725 0.872863 -0.082043 0.480900 -0.010725 0.872863 -0.082043 0.480900 -0.010725 0.872863 0.176503 0.342062 0.450192 0.805709 0.114013 0.352775 0.275127 0.887049 0.114036 0.352782 0.275118 0.887046 -0.082043 0.480900 -0.010725 0.872863 -0.082043 0.480900 -0.010725 0.872863 -0.082043 0.480900 -0.010725 0.872863 -0.082043 0.480900 -0.010725 0.872863 -0.346409 0.290326 -0.510421 0.731561 -0.565414 -0.178760 -0.171838 0.786653 -0.565394 -0.178764 -0.171833 0.786668
-0.001680 0.798217 -0.000685 -0.072417 0.503360 -0.008155 0.860998 0.101083 -0.720824 0.083353 -0.680623 -0.068539 -0.836577 0.073070 -0.538611 0.346456 -0.773425 0.088705 -0.523368 0.346456 -0.773425 0.088705 -0.523368 0.346456 -0.773425 0.088705 -0.523368 -0.104439 0.338740 0.121319 0.927162 0.224847 0.213615 -0.269261 0.911763 0.224706 0.408658 -0.131893 0.874706 0.224706 0.408658 -0.131893 0.874706 0.224706 0.408658 -0.131893 0.874706 -0.072417 0.503360 -0.008155 0.860998 -0.072417 0.503360 -0.008155 0.860998 -0.072417 0.503360 -0.008155 0.860998 -0.072417 0.503360 -0.008155 0.860998 0.192459 0.375265 0.437387 0.794247 0.189087 0.389068 0.454265 0.778791 0.189107 0.389080 0.454255 0.778786 -0.072417 0.503360 -0.008155 0.860998 -0.072417 0.503360 -0.008155 0.860998 -0.072417 0.503360 -0.008155 0.860998 -0.072417 0.503360 -0.008155 0.860998 -0.369784 0.329900 -0.539985 0.680325 -0.602113 -0.082420 -0.269414 0.747049 -0.602094 -0.082427 -0.269412 0.747065
-0.001712 0.795462 -0.000773 -0.050848 0.524807 0.002743 0.849697 0.105507 -0.722737 0.075499 -0.678837 -0.090667 -0.822249 0.063596 -0.558249 0.329069 -0.750162 0.103496 -0.564144 0.329069 -0.750162 0.103496 -0.564144 0.329069 -0.750162 0.103496 -0.564144 -0.170950 0.355951 0.228184 0.889948 0.221442 0.241725 -0.277769 0.902982 0.261351 0.418333 -0.177931 0.851489 0.261351 0.418333 -0.177931 0.851489 0.261351 0.418333 -0.177931 0.851489 -0.050847 0.524807 0.002743 0.849697 -0.050847 0.524807 0.002743 0.849697 -0.050847 0.524807 0.002743 0.849697 -0.050847 0.524807 0.002743 0.849697 0.234446 0.422305 0.454314 0.748526 0.241914 0.468700 0.597960 0.603524 0.241929 0.468715 0.597948 0.603518 -0.050847 0.524807 0.002743 0.849697 -0.050847 0.524807 0.002743 0.849697 -0.050847 0.524807 0.002743 0.849697 -0.050847 0.524807 0.002743 0.849697 -0.382978 0.377301 -0.556739 0.633257 -0.617769 0.007080 -0.316779 0.719696 -0.617751 0.007072 -0.316779 0.719712
-0.001689 0.800837 -0.000858 -0.022137 0.556384 0.012258 0.830540 0.111209 -0.729596 0.055327 -0.672503 -0.107014 -0.810092 0.043485 -0.574811 0.309272 -0.724664 0.114508 -0.605062 0.309272 -0.724664 0.114508 -0.605062 0.309272 -0.724664 0.114508 -0.605062 -0.180746 0.360113 0.289417 0.868267 0.256468 0.269672 -0.269568 0.888164 0.299731 0.443259 -0.158581 0.829780 0.299731 0.443259 -0.158581 0.829780 0.299731 0.443259 -0.158581 0.829780 -0.022137 0.556384 0.012258 0.830540 -0.022137 0.556384 0.012258 0.830540 -0.022137 0.556384 0.012258 0.830540 -0.022137 0.556384 0.012258 0.830540 0.274999 0.476866 0.449013 0.703819 -0.296062 -0.516360 -0.653521 -0.467580 -0.296074 -0.516377 -0.653507 -0.467572 -0.022137 0.556384 0.012258 0.830540 -0.022137 0.556384 0.012258 0.830540 -0.022137 0.556384 0.012258 0.830540 -0.022137 0.556384 0.012258 0.830540 -0.400860 0.383983 -0.565660 0.609834 0.659635 -0.009075 0.390911 -0.641863 0.659618 -0.009064 0.390912 -0.641880
-0.001640 0.806348 -0.000912 -0.016082 0.587146 0.005036 0.809305 0.121215 -0.744652 0.040618 -0.655096 -0.115870 -0.812952 0.030831 -0.569854 0.293346 -0.722312 0.115433 -0.615540 0.293346 -0.722312 0.115433 -0.615540 0.293346 -0.722312 0.115433 -0.615540 -0.189800 0.368199 0.310225 0.855667 0.272234 0.277084 -0.270698 0.880815 0.300048 0.451914 -0.148308 0.826891 0.300049 0.451914 -0.148308 0.826891 0.300049 0.451914 -0.148308 0.826891 -0.016082 0.587146 0.005037 0.809305 -0.016082 0.587146 0.005037 0.809305 -0.016082 0.587146 0.005037 0.809305 -0.016082 0.587146 0.005037 0.809305 0.321955 0.555725 0.465226 0.609163 -0.413170 -0.501358 -0.697679 -0.301952 -0.413178 -0.501376 -0.697666 -0.301941 -0.016082 0.587146 0.005037 0.809305 -0.016082 0.587146 0.005037 0.809305 -0.016082 0.587146 0.005037 0.809305 -0.016082 0.587146 0.005037 0.809305 -0.422285 0.422454 -0.562792 0.571378 0.673550 -0.091731 0.472326 -0.561092 0.673535 -0.091719 0.472329 -0.561109
-0.001605 0.807236 -0.000951 -0.019540 0.614638 -0.010760 0.788494 0.125061 -0.761297 0.033699 -0.635335 -0.126628 -0.821831 0.016512 -0.555236 0.281441 -0.730646 0.101454 -0.613722 0.281441 -0.730646 0.101454 -0.613722 0.281441 -0.730646 0.101454 -0.613722 -0.195337 0.374710 0.298239 0.855856 0.263665 0.263445 -0.248156 0.894145 0.255217 0.445181 -0.109753 0.851254 0.255217 0.445181 -0.109753 0.851254 0.255217 0.445181 -0.109753 0.851254 -0.019540 0.614638 -0.010760 0.788494 -0.019540 0.614638 -0.010760 0.788494 -0.019540 0.614638 -0.010760 0.788494 -0.019540 0.614638 -0.010760 0.788494 -0.341795 -0.613788 -0.445376 -0.555050 -0.425351 -0.558951 -0.687445 -0.184581 -0.425356 -0.558968 -0.687430 -0.184570 -0.019540 0.614638 -0.010760 0.788494 -0.019540 0.614638 -0.010760 0.788494 -0.019540 0.614638 -0.010760 0.788494 -0.019540 0.614638 -0.010760 0.788494 -0.432821 0.450750 -0.545381 0.558614 0.694245 -0.103091 0.477980 -0.528139 0.694232 -0.103079 0.477983 -0.528157
-0.001635 0.814133 -0.000847 -0.024771 0.636836 -0.015687 0.770442 0.101815 -0.773023 0.049640 -0.624184 -0.144195 -0.822996 0.022882 -0.548964 0.261733 -0.739686 0.110785 -0.609989 0.261733 -0.739686 0.110785 -0.609989 0.261733 -0.739686 0.110785 -0.609989 -0.199170 0.373656 0.282993 0.860597 0.246016 0.263449 -0.180391 0.915166 0.215213 0.470442 -0.004156 0.855775 0.215213 0.470442 -0.004156 0.855775 0.215213 0.470442 -0.004156 0.855775 -0.024771 0.636836 -0.015687 0.770442 -0.024771 0.636836 -0.015687 0.770442 -0.024771 0.636836 -0.015687 0.770442 -0.024771 0.636836 -0.015687 0.770442 -0.342468 -0.650930 -0.418991 -0.532401 -0.354425 -0.651085 -0.666237 -0.081238 -0.354427 -0.651102 -0.666220 -0.081229 -0.024771 0.636836 -0.015687 0.770442 -0.024771 0.636836 -0.015687 0.770442 -0.024771 0.636836 -0.015687 0.770442 -0.024771 0.636836 -0.015687 0.770442 -0.394480 0.549322 -0.468665 0.568317 -0.611400 0.239654 -0.361838 0.661686 -0.611383 0.239645 -0.361844 0.661702
-0.001651 0.820103 -0.000756 -0.025995 0.643269 -0.018974 0.764963 0.057447 -0.771793 0.066441 -0.629778 -0.194465 -0.804778 0.026101 -0.560210 0.206923 -0.738621 0.133202 -0.627598 0.206923 -0.738621 0.133202 -0.627598 0.206923 -0.738621 0.133202 -0.627598 -0.207982 0.345102 0.259909 0.877551 0.212377 0.197378 -0.121939 0.949247 0.145906 0.405607 0.039582 0.901459 0.145906 0.405607 0.039582 0.901459 0.145906 0.405607 0.039582 0.901459 -0.025995 0.643269 -0.018974 0.764964 -0.025995 0.643269 -0.018974 0.764964 -0.025995 0.643269 -0.018974 0.764964 -0.025995 0.643269 -0.018974 0.764964 -0.324344 -0.701355 -0.385397 -0.504353 -0.231799 -0.759480 -0.605976 0.047463 -0.231798 -0.759495 -0.605957 0.047469 -0.025995 0.643269 -0.018974 0.764964 -0.025995 0.643269 -0.018974 0.764964 -0.025995 0.643269 -0.018974 0.764964 -0.025995 0.643269 -0.018974 0.764964 0.393171 -0.592353 0.463657 -0.528732 0.628307 -0.314020 0.430285 -0.566989 0.628292 -0.314009 0.430293 -0.567005
-0.001648 0.823100 -0.000662 -0.027093 0.640514 -0.018793 0.767238 0.029404 -0.768815 0.077973 -0.634018 -0.221874 -0.794292 0.039783 -0.564172 0.188019 -0.737327 0.151332 -0.630949 0.188019 -0.737327 0.151332 -0.630949 0.188019 -0.737327 0.151332 -0.630949 -0.197710 0.345596 0.228902 0.888301 0.191870 0.176801 -0.116112 0.958356 0.063387 0.400784 0.067340 0.911493 0.063387 0.400784 0.067340 0.911493 0.063387 0.400784 0.067340 0.911493 -0.027092 0.640514 -0.018792 0.767238 -0.027092 0.640514 -0.018792 0.767238 -0.027092 0.640514 -0.018792 0.767238 -0.027092 0.640514 -0.018792 0.767238 -0.288004 -0.752969 -0.343277 -0.481926 -0.005456 -0.873834 -0.460980 0.154536 -0.005452 -0.873846 -0.460957 0.154537 -0.027092 0.640514 -0.018792 0.767238 -0.027092 0.640514 -0.018792 0.767238 -0.027092 0.640514 -0.018792 0.767238 -0.027092 0.640514 -0.018792 0.767238 0.397401 -0.609531 0.472891 -0.496910 0.620537 -0.369989 0.451574 -0.523568 0.620523 -0.369977 0.451584 -0.523584
-0.001634 0.822431 -0.000585 -0.020010 0.639300 -0.011677 0.768608 0.006909 -0.766350 0.083871 -0.636887 -0.228114 -0.792144 0.040832 -0.564627 0.202863 -0.731109 0.144809 -0.635104 0.202863 -0.731109 0.144809 -0.635104 0.202863 -0.731109 0.144809 -0.635104 -0.174993 0.336555 0.174191 0.908716 0.124061 0.150306 -0.077947 0.977722 -0.039120 0.393290 0.101261 0.912984 -0.039120 0.393290 0.101261 0.912984 -0.039120 0.393290 0.101261 0.912984 -0.020010 0.639300 -0.011677 0.768608 -0.020010 0.639300 -0.011677 0.768608 -0.020010 0.639300 -0.011677 0.768608 -0.020010 0.639300 -0.011677 0.768608 -0.250380 -0.790010 -0.301353 -0.471571 0.201508 -0.919311 -0.286995 0.178593 0.201512 -0.919319 -0.286971 0.178588 -0.020010 0.639300 -0.011677 0.768608 -0.020010 0.639300 -0.011677 0.768608 -0.020010 0.639300 -0.011677 0.768608 -0.020010 0.639300 -0.011677 0.768608 0.415630 -0.595641 0.495672 -0.476207 0.626774 -0.376008 0.466205 -0.498424 0.626761 -0.375996 0.466214 -0.498440
-0.001609 0.815686 -0.000542 -0.029997 0.636975 -0.014022 0.770173 -0.004129 -0.767860 0.087625 -0.634583 -0.234288 -0.798787 0.040114 -0.552665 0.215555 -0.741437 0.123565 -0.623329 0.215555 -0.741437 0.123565 -0.623329 0.215555 -0.741437 0.123565 -0.623329 -0.127406 0.335322 0.112991 0.926585 0.115727 0.142743 -0.061811 0.981026 -0.083395 0.393315 0.139904 0.904862 -0.083395 0.393315 0.139904 0.904862 -0.083395 0.393315 0.139904 0.904862 -0.029997 0.636975 -0.014022 0.770173 -0.029997 0.636975 -0.014022 0.770173 -0.029997 0.636975 -0.014022 0.770173 -0.029997 0.636975 -0.014022 0.770173 -0.206846 -0.866967 -0.248863 -0.379012 0.432417 -0.798506 -0.134778 0.396533 0.432428 -0.798509 -0.134757 0.396522 -0.029997 0.636975 -0.014022 0.770173 -0.029997 0.636975 -0.014022 0.770173 -0.029997 0.636975 -0.014022 0.770173 -0.029997 0.636975 -0.014022 0.770173 0.438806 -0.561389 0.520780 -0.470192 0.630172 -0.364596 0.496757 -0.472425 0.630160 -0.364583 0.496766 -0.472441
-0.001570 0.805110 -0.000532 -0.040124 0.629012 -0.016194 0.776191 -0.007137 -0.770640 0.085822 -0.631425 -0.246778 -0.808331 0.029877 -0.533674 0.198114 -0.765673 0.097118 -0.604206 0.198114 -0.765673 0.097118 -0.604206 0.198114 -0.765673 0.097118 -0.604206 -0.098943 0.329249 0.074051 0.936121 0.108239 0.135574 -0.054352 0.983336 -0.089459 0.394387 0.146337 0.902797 -0.089459 0.394387 0.146337 0.902797 -0.089459 0.394387 0.146337 0.902797 -0.040124 0.629012 -0.016194 0.776191 -0.040124 0.629012 -0.016194 0.776191 -0.040124 0.629012 -0.016194 0.776191 -0.040124 0.629012 -0.016194 0.776191 -0.210326 -0.898781 -0.254782 -0.288169 0.530262 -0.660219 -0.137392 0.513865 0.530276 -0.660222 -0.137375 0.513851 -0.040124 0.629012 -0.016194 0.776191 -0.040124 0.629012 -0.016194 0.776191 -0.040124 0.629012 -0.016194 0.776191 -0.040124 0.629012 -0.016194 0.776191 -0.449546 0.528050 -0.537741 0.479485 0.630918 -0.337589 0.513352 -0.473757 0.630905 -0.337576 0.513361 -0.473773
-0.001549 0.801593 -0.000521 -0.046096 0.613660 -0.014078 0.788098 -0.001177 -0.762696 0.085467 -0.641084 -0.262954 -0.803091 0.022995 -0.534201 0.157044 -0.780226 0.098037 -0.597473 0.157044 -0.780226 0.098037 -0.597473 0.157044 -0.780226 0.098037 -0.597473 -0.079320 0.315271 0.043640 0.944674 0.101918 0.125383 -0.048476 0.985668 -0.087768 0.395381 0.149881 0.901946 -0.087768 0.395381 0.149881 0.901946 -0.087768 0.395381 0.149881 0.901946 -0.046095 0.613660 -0.014078 0.788098 -0.046095 0.613660 -0.014078 0.788098 -0.046095 0.613660 -0.014078 0.788098 -0.046096 0.613660 -0.014078 0.788098 -0.212454 -0.884453 -0.275889 -0.310630 0.471481 -0.678431 -0.174702 0.535646 0.471495 -0.678435 -0.174684 0.535633 -0.046095 0.613660 -0.014078 0.788098 -0.046095 0.613660 -0.014078 0.788098 -0.046095 0.613660 -0.014078 0.788098 -0.046095 0.613660 -0.014078 0.788098 -0.448120 0.505308 -0.550209 0.491042 0.623236 -0.319795 0.531434 -0.476326 0.623224 -0.319781 0.531442 -0.476342
-0.001443 0.796216 -0.000743 -0.046552 0.607885 -0.012933 0.792554 0.027658 -0.776127 0.053068 -0.627730 -0.267504 -0.822443 0.023212 -0.501489 0.146892 -0.807182 0.083191 -0.565649 0.146892 -0.807182 0.083191 -0.565649 0.146892 -0.807182 0.083191 -0.565649 -0.058303 0.319822 0.000260 0.945682 0.103012 0.142852 -0.054622 0.982852 -0.088308 0.428950 0.166634 0.883423 -0.088308 0.428950 0.166634 0.883423 -0.088308 0.428950 0.166634 0.883423 -0.046552 0.607885 -0.012933 0.792554 -0.046552 0.607885 -0.012933 0.792554 -0.046552 0.607885 -0.012933 0.792554 -0.046552 0.607885 -0.012933 0.792554 -0.233027 -0.882455 -0.305799 -0.271031 0.416083 -0.588910 -0.247204 0.647263 0.416100 -0.588917 -0.247189 0.647252 -0.046552 0.607885 -0.012933 0.792554 -0.046552 0.607885 -0.012933 0.792554 -0.046552 0.607885 -0.012933 0.792554 -0.046552 0.607885 -0.012933 0.792554 -0.471064 0.294392 -0.574387 0.601258 0.752194 0.175823 0.384616 -0.505333 0.752180 0.175833 0.384611 -0.505353
-0.001537 0.803410 -0.000710 -0.026861 0.624362 -0.000376 0.780673 0.063352 -0.804826 -0.003134 -0.590111 -0.351443 -0.840339 -0.001652 -0.412694 0.001911 -0.885000 0.046013 -0.463308 0.001911 -0.885000 0.046013 -0.463308 0.001911 -0.885000 0.046013 -0.463308 -0.030041 0.346508 -0.023052 0.937283 0.097447 0.184930 -0.042871 0.976968 -0.070762 0.483473 0.186157 0.852404 -0.070762 0.483473 0.186157 0.852404 -0.070762 0.483473 0.186157 0.852404 -0.026861 0.624362 -0.000375 0.780673 -0.026861 0.624362 -0.000375 0.780673 -0.026861 0.624362 -0.000375 0.780673 -0.026861 0.624362 -0.000375 0.780673 -0.230264 -0.806690 -0.306767 -0.449582 0.135049 -0.900014 -0.336166 0.242341 0.135056 -0.900023 -0.336142 0.242338 -0.026861 0.624362 -0.000375 0.780673 -0.026861 0.624362 -0.000375 0.780673 -0.026861 0.624362 -0.000375 0.780673 -0.026861 0.624362 -0.000376 0.780673 -0.406421 0.439362 -0.480869 0.640740 -0.616045 0.024394 -0.228005 0.753597 -0.616025 0.024388 -0.228005 0.753613
-0.001625 0.807585 -0.000628 -0.004584 0.629197 0.011382 0.777149 0.124674 -0.793672 -0.057689 -0.592632 -0.470370 -0.808697 -0.048596 -0.349858 -0.174247 -0.896683 -0.031820 -0.405690 -0.174247 -0.896683 -0.031820 -0.405690 -0.174247 -0.896683 -0.031820 -0.405690 0.002787 0.385041 -0.016411 0.922749 0.113626 0.258990 -0.026608 0.958804 -0.022350 0.566761 0.213770 0.795352 -0.022350 0.566761 0.213770 0.795352 -0.022350 0.566761 0.213770 0.795352 -0.004584 0.629197 0.011382 0.777149 -0.004584 0.629197 0.011382 0.777149 -0.004584 0.629197 0.011382 0.777149 -0.004584 0.629197 0.011382 0.777149 -0.236869 -0.768342 -0.310163 -0.507289 0.002134 -0.930365 -0.365569 -0.027863 0.002133 -0.930374 -0.365545 -0.027863 -0.004584 0.629197 0.011382 0.777149 -0.004584 0.629197 0.011382 0.777149 -0.004584 0.629197 0.011382 0.777149 -0.004584 0.629197 0.011382 0.777149 -0.349627 0.504762 -0.417831 0.669622 -0.444904 0.170302 -0.128740 0.869761 -0.444881 0.170299 -0.128744 0.869772
-0.001771 0.816220 -0.000573 0.005843 0.625455 0.007145 0.780206 0.188404 -0.766987 -0.080198 -0.608115 -0.565855 -0.752502 -0.092356 -0.324066 -0.346657 -0.878540 -0.051377 -0.324587 -0.346657 -0.878540 -0.051377 -0.324587 -0.346657 -0.878540 -0.051377 -0.324587 0.002280 0.388537 -0.004254 0.921421 0.108785 0.271848 -0.021914 0.955921 -0.020877 0.582054 0.218102 0.783077 -0.020877 0.582054 0.218102 0.783077 -0.020877 0.582054 0.218102 0.783077 0.005843 0.625455 0.007145 0.780206 0.005843 0.625455 0.007145 0.780206 0.005843 0.625455 0.007145 0.780206 0.005843 0.625455 0.007145 0.780206 -0.266799 -0.743449 -0.336514 -0.512700 -0.178582 -0.855214 -0.478334 -0.088956 -0.178585 -0.855227 -0.478312 -0.088952 0.005843 0.625455 0.007145 0.780206 0.005843 0.625455 0.007145 0.780206 0.005843 0.625455 0.007145 0.780206 0.005843 0.625455 0.007145 0.780206 -0.350305 0.481473 -0.437771 0.673667 -0.503253 0.128725 -0.220540 0.825548 -0.503231 0.128720 -0.220543 0.825561
-0.001866 0.818234 -0.000539 0.010110 0.616022 -0.001541 0.787663 0.232557 -0.741397 -0.080824 -0.624272 -0.621351 -0.699231 -0.110732 -0.335763 -0.471487 -0.836008 -0.011780 -0.280450 -0.471487 -0.836008 -0.011780 -0.280450 -0.471487 -0.836008 -0.011780 -0.280450 -0.010548 0.373763 0.003944 0.927456 0.106381 0.252326 -0.030620 0.961289 -0.022453 0.562582 0.200317 0.801792 -0.022453 0.562582 0.200317 0.801792 -0.022453 0.562582 0.200317 0.801792 0.010111 0.616022 -0.001540 0.787663 0.010111 0.616022 -0.001540 0.787663 0.010111 0.616022 -0.001540 0.787663 0.010111 0.616022 -0.001540 0.787663 -0.311051 -0.711942 -0.387798 -0.495982 -0.273422 -0.765183 -0.579352 -0.063924 -0.273423 -0.765198 -0.579332 -0.063917 0.010111 0.616022 -0.001540 0.787663 0.010111 0.616022 -0.001540 0.787663 0.010111 0.616022 -0.001540 0.787663 0.010111 0.616022 -0.001540 0.787663 -0.351430 0.462715 -0.461508 0.670375 -0.582323 0.032869 -0.304498 0.753061 -0.582304 0.032861 -0.304499 0.753076
-0.001897 0.827606 -0.000597 0.012631 0.599637 -0.005945 0.800150 0.262074 -0.711712 -0.088310 -0.645744 -0.573183 -0.716377 -0.154908 -0.366428 -0.470810 -0.833956 -0.022144 -0.286992 -0.470810 -0.833956 -0.022144 -0.286992 -0.470810 -0.833956 -0.022144 -0.286992 -0.033787 0.350186 -0.004409 0.936060 0.060759 0.222709 -0.032889 0.972434 -0.086201 0.542884 0.188965 0.813719 -0.086201 0.542884 0.188965 0.813719 -0.086201 0.542884 0.188965 0.813719 0.012632 0.599637 -0.005944 0.800150 0.012632 0.599637 -0.005944 0.800150 0.012632 0.599637 -0.005944 0.800150 0.012632 0.599637 -0.005944 0.800150 -0.332288 -0.615615 -0.425202 -0.574288 -0.329100 -0.653743 -0.652428 -0.196596 -0.329105 -0.653760 -0.652411 -0.196588 0.012632 0.599637 -0.005944 0.800150 0.012632 0.599637 -0.005944 0.800150 0.012632 0.599637 -0.005944 0.800150 0.012632 0.599637 -0.005944 0.800150 -0.366155 0.420224 -0.506617 0.657785 -0.636073 -0.041809 -0.344922 0.688979 -0.636055 -0.041818 -0.344921 0.688995
-0.001895 0.830697 -0.000730 -0.000391 0.574717 -0.017766 0.818159 0.276668 -0.710232 -0.077919 -0.642615 -0.478728 -0.760441 -0.120448 -0.421950 -0.361858 -0.859202 0.052248 -0.357912 -0.361858 -0.859202 0.052248 -0.357912 -0.361858 -0.859202 0.052248 -0.357912 -0.053730 0.319911 -0.033598 0.945326 0.032119 0.192402 -0.025467 0.980460 -0.118262 0.525711 0.181916 0.822526 -0.118262 0.525711 0.181916 0.822526 -0.118262 0.525711 0.181916 0.822526 -0.000390 0.574717 -0.017766 0.818159 -0.000390 0.574717 -0.017766 0.818159 -0.000390 0.574717 -0.017766 0.818159 -0.000391 0.574717 -0.017766 0.818159 0.295532 0.558376 0.403904 0.661618 -0.331117 -0.597351 -0.620291 -0.385710 -0.331127 -0.597367 -0.620276 -0.385701 -0.000390 0.574717 -0.017766 0.818159 -0.000390 0.574717 -0.017766 0.818159 -0.000390 0.574717 -0.017766 0.818159 -0.000391 0.574717 -0.017766 0.818159 -0.368152 0.374666 -0.535229 0.661528 -0.650801 -0.097961 -0.358675 0.661977 -0.650784 -0.097970 -0.358672 0.661994
-0.001889 0.830936 -0.000819 -0.017116 0.551065 -0.032552 0.833651 0.277022 -0.711726 -0.072288 -0.641467 -0.368345 -0.796241 -0.089950 -0.471414 -0.206839 -0.857033 0.109232 -0.459109 -0.206839 -0.857033 0.109232 -0.459109 -0.206839 -0.857033 0.109232 -0.459109 -0.066226 0.281281 -0.059593 0.955481 0.021405 0.143596 -0.032857 0.988859 -0.128995 0.483280 0.157064 0.851547 -0.128995 0.483280 0.157064 0.851547 -0.128995 0.483280 0.157064 0.851547 -0.017116 0.551065 -0.032552 0.833651 -0.017116 0.551065 -0.032552 0.833651 -0.017116 0.551065 -0.032552 0.833651 -0.017116 0.551065 -0.032552 0.833651 0.259518 0.512830 0.384738 0.722242 0.290131 0.519639 0.467776 0.653441 0.290148 0.519651 0.467763 0.653433 -0.017116 0.551065 -0.032552 0.833651 -0.017116 0.551065 -0.032552 0.833651 -0.017116 0.551065 -0.032552 0.833651 -0.017116 0.551065 -0.032552 0.833651 -0.359149 0.318094 -0.540647 0.691035 -0.642018 -0.195363 -0.294489 0.680384 -0.642000 -0.195371 -0.294484 0.680401
-0.001846 0.829439 -0.000858 -0.055550 0.522237 -0.047904 0.849640 0.276943 -0.722921 -0.031035 -0.632238 -0.222903 -0.828885 0.025465 -0.512460 0.085171 -0.808267 0.188029 -0.551448 0.085171 -0.808267 0.188029 -0.551448 0.085171 -0.808267 0.188029 -0.551448 -0.090621 0.246090 -0.094060 0.960406 0.004054 0.103012 -0.081883 0.991296 -0.139517 0.457947 0.102030 0.872014 -0.139517 0.457947 0.102030 0.872014 -0.139517 0.457947 0.102030 0.872014 -0.055549 0.522237 -0.047904 0.849640 -0.055549 0.522237 -0.047904 0.849640 -0.055549 0.522237 -0.047904 0.849640 -0.055549 0.522237 -0.047904 0.849640 0.184857 0.464050 0.342807 0.795593 0.082227 0.414330 0.087675 0.902154 0.082251 0.414332 0.087664 0.902152 -0.055549 0.522237 -0.047904 0.849640 -0.055549 0.522237 -0.047904 0.849640 -0.055549 0.522237 -0.047904 0.849640 -0.055549 0.522237 -0.047904 0.849640 -0.341121 0.309640 -0.505803 0.729331 -0.576793 -0.267017 -0.076036 0.768265 -0.576773 -0.267019 -0.076029 0.768280
-0.001694 0.827525 -0.000871 -0.062290 0.515339 -0.045022 0.853533 0.226657 -0.728674 0.004237 -0.646253 -0.154376 -0.828554 0.054550 -0.535434 0.238598 -0.761551 0.177600 -0.575820 0.238598 -0.761551 0.177600 -0.575820 0.238598 -0.761551 0.177600 -0.575820 -0.096148 0.240841 -0.106514 0.959899 0.015814 0.095955 -0.112687 0.988860 -0.113035 0.456427 0.074157 0.879430 -0.113035 0.456427 0.074157 0.879430 -0.113035 0.456427 0.074157 0.879430 -0.062290 0.515339 -0.045022 0.853533 -0.062290 0.515339 -0.045022 0.853533 -0.062290 0.515339 -0.045022 0.853533 -0.062290 0.515339 -0.045022 0.853533 0.162447 0.473143 0.324740 0.802677 -0.104213 0.446158 -0.170114 0.872436 -0.104190 0.446153 -0.170126 0.872438 -0.062290 0.515339 -0.045022 0.853533 -0.062290 0.515339 -0.045022 0.853533 -0.062290 0.515339 -0.045022 0.853533 -0.062290 0.515339 -0.045022 0.853533 -0.311061 0.338753 -0.452439 0.764059 -0.402152 -0.191823 0.158266 0.881153 -0.402129 -0.191819 0.158271 0.881163
-0.001554 0.818942 -0.000851 -0.067416 0.505823 -0.027348 0.859564 0.165638 -0.714908 0.038112 -0.678247 -0.102896 -0.824402 0.044985 -0.554752 0.307496 -0.729361 0.155439 -0.591030 0.307496 -0.729361 0.155439 -0.591030 0.307496 -0.729361 0.155439 -0.591030 -0.087575 0.245835 -0.111914 0.958838 0.047774 0.111578 -0.135941 0.983254 -0.054731 0.480417 0.065090 0.872907 -0.054731 0.480417 0.065090 0.872907 -0.054731 0.480417 0.065090 0.872907 -0.067415 0.505824 -0.027348 0.859564 -0.067415 0.505824 -0.027348 0.859564 -0.067415 0.505824 -0.027348 0.859564 -0.067415 0.505824 -0.027348 0.859564 0.137401 0.503375 0.312089 0.793937 -0.218931 0.458568 -0.283030 0.813436 -0.218910 0.458560 -0.283042 0.813442 -0.067415 0.505824 -0.027348 0.859564 -0.067415 0.505824 -0.027348 0.859564 -0.067415 0.505824 -0.027348 0.859564 -0.067415 0.505824 -0.027348 0.859564 -0.290001 0.325821 -0.403207 0.804465 -0.267987 -0.139987 0.312943 0.900363 -0.267964 -0.139979 0.312947 0.900370
-0.001396 0.808384 -0.000728 -0.069667 0.494674 -0.009068 0.866234 -0.116141 0.698882 -0.057725 0.703379 -0.074506 -0.817042 0.016960 -0.571493 0.333435 -0.713270 0.123768 -0.603944 0.333435 -0.713270 0.123768 -0.603944 0.333435 -0.713270 0.123768 -0.603944 -0.074692 0.239059 -0.110685 0.961780 0.073426 0.112364 -0.135437 0.981651 -0.025631 0.484145 0.078845 0.871051 -0.025631 0.484145 0.078845 0.871051 -0.025631 0.484145 0.078845 0.871051 -0.069667 0.494674 -0.009067 0.866234 -0.069667 0.494674 -0.009067 0.866234 -0.069667 0.494674 -0.009067 0.866234 -0.069667 0.494674 -0.009067 0.866234 0.121171 0.496354 0.315692 0.799556 -0.282179 0.460426 -0.348710 0.766018 -0.282159 0.460417 -0.348722 0.766025 -0.069667 0.494674 -0.009067 0.866234 -0.069667 0.494674 -0.009067 0.866234 -0.069667 0.494674 -0.009067 0.866234 -0.069667 0.494674 -0.009067 0.866234 -0.265551 0.321892 -0.352974 0.837423 -0.148700 -0.039020 0.400966 0.903101 -0.148677 -0.039009 0.400967 0.903105
-0.001290 0.807078 -0.000643 -0.061223 0.502427 0.002543 0.862445 -0.093201 0.694437 -0.067905 0.710254 -0.062989 -0.809257 0.024683 -0.583547 0.361245 -0.691487 0.130053 -0.611910 0.361245 -0.691487 0.130053 -0.611910 0.361245 -0.691487 0.130053 -0.611910 -0.046551 0.240064 -0.118332 0.962393 0.083998 0.112772 -0.116883 0.983141 -0.033187 0.484558 0.109707 0.867218 -0.033187 0.484558 0.109707 0.867218 -0.033187 0.484558 0.109707 0.867218 -0.061222 0.502427 0.002544 0.862445 -0.061222 0.502427 0.002544 0.862445 -0.061222 0.502427 0.002544 0.862445 -0.061223 0.502427 0.002544 0.862445 0.116386 0.491239 0.300860 0.809087 -0.295164 0.451785 -0.386632 0.747853 -0.295145 0.451775 -0.386644 0.747860 -0.061222 0.502427 0.002544 0.862445 -0.061222 0.502427 0.002544 0.862445 -0.061222 0.502427 0.002544 0.862445 -0.061223 0.502427 0.002544 0.862445 -0.245286 0.329514 -0.315128 0.855541 -0.069570 0.033243 0.449894 0.889747 -0.069547 0.033254 0.449893 0.889749
-0.001226 0.802582 -0.000597 -0.062897 0.502476 0.003339 0.862294 -0.089252 0.699073 -0.066104 0.706372 -0.071098 -0.816230 0.027983 -0.572652 0.357760 -0.704952 0.123921 -0.599745 0.357760 -0.704952 0.123921 -0.599745 0.357760 -0.704952 0.123921 -0.599745 -0.035942 0.220147 -0.137769 0.965020 0.070621 0.077259 -0.128782 0.986133 -0.064252 0.446388 0.087970 0.888184 -0.064252 0.446388 0.087970 0.888184 -0.064252 0.446388 0.087970 0.888184 -0.062897 0.502476 0.003339 0.862294 -0.062897 0.502476 0.003339 0.862294 -0.062897 0.502476 0.003339 0.862294 -0.062897 0.502476 0.003339 0.862294 0.122104 0.495093 0.313123 0.801204 -0.302293 0.442366 -0.393648 0.746976 -0.302273 0.442356 -0.393659 0.746984 -0.062897 0.502476 0.003339 0.862294 -0.062897 0.502476 0.003339 0.862294 -0.062897 0.502476 0.003339 0.862294 -0.062897 0.502476 0.003339 0.862294 -0.248795 0.319652 -0.317507 0.857387 -0.077612 0.036239 0.448347 0.889746 -0.077589 0.036250 0.448346 0.889748
-0.001285 0.796732 -0.000599 -0.074426 0.505221 -0.005285 0.859759 0.117348 -0.724421 0.022380 -0.678928 -0.142215 -0.840559 0.016299 -0.522465 0.296574 -0.764000 0.086851 -0.566396 0.296574 -0.764000 0.086851 -0.566396 0.296574 -0.764000 0.086851 -0.566396 -0.031502 0.212756 -0.148353 0.965264 0.059979 0.070810 -0.119677 0.988466 -0.091092 0.442365 0.098508 0.886742 -0.091092 0.442365 0.098508 0.886742 -0.091092 0.442365 0.098508 0.886742 -0.074426 0.505221 -0.005284 0.859759 -0.074426 0.505221 -0.005284 0.859759 -0.074426 0.505221 -0.005284 0.859759 -0.074426 0.505221 -0.005284 0.859759 0.138737 0.494584 0.346547 0.784885 -0.296642 0.472640 -0.350572 0.752140 -0.296622 0.472631 -0.350584 0.752148 -0.074426 0.505221 -0.005284 0.859759 -0.074426 0.505221 -0.005284 0.859759 -0.074426 0.505221 -0.005284 0.859759 -0.074426 0.505221 -0.005284 0.859759 -0.265020 0.307498 -0.328587 0.852784 -0.136006 -0.111946 0.482105 0.858222 -0.135984 -0.111934 0.482108 0.858226
-0.001388 0.801588 -0.000602 -0.077362 0.510453 -0.009999 0.856360 0.157451 -0.738187 -0.014785 -0.655797 -0.220391 -0.852667 -0.014430 -0.473475 0.191390 -0.823710 0.049282 -0.531454 0.191390 -0.823710 0.049282 -0.531454 0.191390 -0.823710 0.049282 -0.531454 -0.021323 0.213331 -0.159437 0.963647 0.057032 0.072811 -0.117992 0.988698 -0.086019 0.446370 0.095978 0.885518 -0.086019 0.446370 0.095978 0.885518 -0.086019 0.446370 0.095978 0.885518 -0.077362 0.510453 -0.009998 0.856360 -0.077362 0.510453 -0.009998 0.856360 -0.077362 0.510453 -0.009998 0.856360 -0.077362 0.510453 -0.009998 0.856360 0.174367 0.502177 0.396153 0.748651 -0.245344 0.541176 -0.208570 0.776810 -0.245324 0.541170 -0.208584 0.776816 -0.077362 0.510453 -0.009998 0.856360 -0.077362 0.510453 -0.009998 0.856360 -0.077362 0.510453 -0.009998 0.856360 -0.077362 0.510453 -0.009998 0.856360 -0.287646 0.336701 -0.365051 0.818920 -0.224054 -0.167431 0.387153 0.878567 -0.224031 -0.167421 0.387158 0.878572
-0.001472 0.805348 -0.000607 -0.062861 0.520811 -0.004217 0.851344 0.193456 -0.741026 -0.044109 -0.641490 -0.286923 -0.837160 0.004728 -0.465635 0.083013 -0.858436 0.105398 -0.495064 0.083013 -0.858436 0.105398 -0.495064 0.083013 -0.858436 0.105398 -0.495064 -0.015394 0.221712 -0.160240 0.961733 0.037676 0.081749 -0.120697 0.988600 -0.087849 0.454139 0.078481 0.883109 -0.087849 0.454139 0.078481 0.883109 -0.087849 0.454139 0.078481 0.883109 -0.062861 0.520811 -0.004217 0.851344 -0.062861 0.520811 -0.004217 0.851344 -0.062861 0.520811 -0.004217 0.851344 -0.062861 0.520811 -0.004217 0.851344 0.212986 0.468685 0.433625 0.739554 -0.044783 0.556514 0.068496 0.826798 -0.044761 0.556515 0.068481 0.826800 -0.062861 0.520811 -0.004217 0.851344 -0.062861 0.520811 -0.004217 0.851344 -0.062861 0.520811 -0.004217 0.851344 -0.062861 0.520811 -0.004217 0.851344 -0.311974 0.333616 -0.417882 0.785333 -0.386843 -0.209717 0.175581 0.880649 -0.386820 -0.209713 0.175586 0.880659
-0.001588 0.807092 -0.000603 -0.055842 0.531153 -0.002575 0.845430 0.228120 -0.743262 -0.074363 -0.624494 -0.359236 -0.832345 -0.017966 -0.421697 -0.030433 -0.897393 0.068475 -0.434822 -0.030433 -0.897393 0.068475 -0.434822 -0.030433 -0.897393 0.068475 -0.434822 -0.010227 0.230685 -0.154037 0.960704 0.025345 0.090925 -0.121449 0.988099 -0.092188 0.461583 0.069619 0.879543 -0.092187 0.461583 0.069619 0.879543 -0.092187 0.461583 0.069619 0.879543 -0.055841 0.531153 -0.002575 0.845430 -0.055841 0.531153 -0.002575 0.845430 -0.055841 0.531153 -0.002575 0.845430 -0.055842 0.531153 -0.002575 0.845430 0.237339 0.440752 0.453177 0.737590 0.198248 0.444165 0.359666 0.796276 0.198268 0.444174 0.359655 0.796271 -0.055841 0.531153 -0.002575 0.845430 -0.055841 0.531153 -0.002575 0.845430 -0.055841 0.531153 -0.002575 0.845430 -0.055841 0.531153 -0.002575 0.845430 -0.343117 0.347097 -0.470534 0.735113 -0.523260 -0.170838 -0.052975 0.833191 -0.523238 -0.170839 -0.052971 0.833205
-0.001772 0.809293 -0.000607 -0.050921 0.542033 -0.004654 0.838800 0.248808 -0.732935 -0.097747 -0.625577 -0.429992 -0.818010 -0.074188 -0.374784 -0.155783 -0.915881 -0.004360 -0.369964 -0.155783 -0.915881 -0.004360 -0.369964 -0.155783 -0.915881 -0.004360 -0.369964 0.005506 0.254836 -0.151306 0.955057 0.032291 0.130233 -0.124671 0.983084 -0.070543 0.504692 0.079949 0.856690 -0.070543 0.504692 0.079949 0.856690 -0.070543 0.504692 0.079949 0.856690 -0.050921 0.542033 -0.004654 0.838800 -0.050921 0.542033 -0.004654 0.838800 -0.050921 0.542033 -0.004654 0.838800 -0.050921 0.542033 -0.004654 0.838800 0.241399 0.426510 0.440565 0.752142 0.292696 0.372366 0.484546 0.735451 0.292715 0.372379 0.484536 0.735443 -0.050921 0.542033 -0.004654 0.838800 -0.050921 0.542033 -0.004654 0.838800 -0.050921 0.542033 -0.004654 0.838800 -0.050921 0.542033 -0.004654 0.838800 -0.362537 0.374719 -0.499232 0.692041 -0.579683 -0.064111 -0.231982 0.778487 -0.579663 -0.064117 -0.231980 0.778502
-0.001982 0.810735 -0.000637 -0.043752 0.554605 -0.007566 0.830928 0.268981 -0.715356 -0.114326 -0.634700 -0.449669 -0.805817 -0.125971 -0.364125 -0.217570 -0.916219 -0.046529 -0.333228 -0.217570 -0.916219 -0.046529 -0.333228 -0.217570 -0.916219 -0.046529 -0.333228 0.021292 0.272495 -0.154009 0.949513 0.032093 0.158491 -0.114162 0.980213 -0.079184 0.532079 0.105258 0.836386 -0.079184 0.532079 0.105258 0.836386 -0.079184 0.532079 0.105258 0.836386 -0.043752 0.554605 -0.007565 0.830928 -0.043752 0.554605 -0.007565 0.830928 -0.043752 0.554605 -0.007565 0.830928 -0.043752 0.554605 -0.007565 0.830928 0.253270 0.392690 0.434829 0.769787 0.349288 0.286643 0.548194 0.703787 0.349306 0.286657 0.548187 0.703778 -0.043752 0.554605 -0.007565 0.830928 -0.043752 0.554605 -0.007565 0.830928 -0.043752 0.554605 -0.007565 0.830928 -0.043752 0.554605 -0.007565 0.830928 -0.377470 0.400127 -0.519408 0.653935 -0.608425 0.019065 -0.345222 0.714337 -0.608407 0.019056 -0.345222 0.714352
-0.002160 0.811200 -0.000683 -0.039225 0.579752 -0.017633 0.813657 0.304950 -0.699873 -0.135669 -0.631488 -0.377471 -0.823621 -0.174181 -0.385780 -0.088990 -0.888421 -0.127933 -0.431765 -0.088990 -0.888421 -0.127933 -0.431765 -0.088990 -0.888421 -0.127933 -0.431765 0.025428 0.285763 -0.155963 0.945182 0.042058 0.156931 -0.105032 0.981107 -0.089679 0.516354 0.119344 0.843263 -0.089679 0.516354 0.119344 0.843263 -0.089679 0.516354 0.119344 0.843263 -0.039225 0.579752 -0.017633 0.813657 -0.039225 0.579752 -0.017633 0.813657 -0.039225 0.579752 -0.017633 0.813657 -0.039225 0.579752 -0.017633 0.813657 0.275595 0.348636 0.429376 0.786217 0.384701 0.210641 0.593575 0.674763 0.384719 0.210656 0.593569 0.674753 -0.039225 0.579752 -0.017633 0.813657 -0.039225 0.579752 -0.017633 0.813657 -0.039225 0.579752 -0.017633 0.813657 -0.039225 0.579752 -0.017633 0.813657 -0.400201 0.474228 -0.537454 0.571043 0.636148 -0.176042 0.473085 -0.583537 0.636133 -0.176030 0.473089 -0.583554
-0.002246 0.810865 -0.000739 -0.035732 0.594400 -0.023269 0.803038 0.311682 -0.701582 -0.141283 -0.625041 -0.286078 -0.840490 -0.167757 -0.428477 0.029899 -0.863842 -0.104300 -0.491939 0.029899 -0.863842 -0.104300 -0.491939 0.029899 -0.863842 -0.104300 -0.491939 0.024471 0.270544 -0.155426 0.949763 0.035559 0.106918 -0.104135 0.988160 -0.130310 0.447626 0.106317 0.878263 -0.130310 0.447626 0.106317 0.878264 -0.130310 0.447626 0.106317 0.878264 -0.035732 0.594400 -0.023269 0.803038 -0.035732 0.594400 -0.023269 0.803038 -0.035732 0.594400 -0.023269 0.803038 -0.035732 0.594400 -0.023269 0.803038 0.288601 0.312944 0.425652 0.798496 0.391094 0.168821 0.619110 0.659733 0.391111 0.168837 0.619106 0.659723 -0.035732 0.594400 -0.023269 0.803038 -0.035732 0.594400 -0.023269 0.803038 -0.035732 0.594400 -0.023269 0.803038 -0.035732 0.594400 -0.023269 0.803038 -0.411337 0.529785 -0.546300 0.501682 0.629487 -0.300530 0.542973 -0.467556 0.629475 -0.300516 0.542981 -0.467572
-0.002235 0.799475 -0.000789 -0.034685 0.607568 -0.027399 0.793037 0.295231 -0.699983 -0.144223 -0.634084 -0.162925 -0.837352 -0.142759 -0.501914 0.195967 -0.784066 -0.050437 -0.586765 0.195967 -0.784066 -0.050437 -0.586765 0.195967 -0.784066 -0.050437 -0.586765 0.019136 0.269382 -0.165068 0.948588 0.012462 0.091139 -0.103950 0.990320 -0.206745 0.424218 0.117502 0.873779 -0.206745 0.424218 0.117502 0.873779 -0.206745 0.424218 0.117502 0.873779 -0.034685 0.607568 -0.027399 0.793037 -0.034685 0.607568 -0.027399 0.793037 -0.034685 0.607568 -0.027399 0.793037 -0.034685 0.607568 -0.027399 0.793037 0.302976 0.279902 0.428727 0.803775 0.401055 0.121377 0.633272 0.650684 0.401072 0.121393 0.633269 0.650673 -0.034685 0.607568 -0.027399 0.793037 -0.034685 0.607568 -0.027399 0.793037 -0.034685 0.607568 -0.027399 0.793037 -0.034685 0.607568 -0.027399 0.793037 0.417548 -0.563428 0.544126 -0.460575 0.621114 -0.366815 0.560997 -0.406136 0.621104 -0.366800 0.561006 -0.406152
-0.002169 0.785978 -0.000821 -0.027674 0.629800 -0.024800 0.775868 0.262662 -0.715213 -0.142031 -0.631907 -0.062807 -0.833739 -0.123678 -0.534451 0.316678 -0.718419 -0.025425 -0.618823 0.316678 -0.718419 -0.025425 -0.618823 0.316678 -0.718419 -0.025425 -0.618823 0.044382 0.279088 -0.174178 0.943293 0.015451 0.085328 -0.094585 0.991733 -0.232364 0.405242 0.132933 0.874136 -0.232364 0.405242 0.132933 0.874136 -0.232364 0.405242 0.132933 0.874136 -0.027674 0.629800 -0.024800 0.775868 -0.027674 0.629800 -0.024800 0.775868 -0.027674 0.629800 -0.024800 0.775868 -0.027674 0.629800 -0.024800 0.775868 0.320749 0.263967 0.420196 0.806769 0.408205 0.110645 0.614436 0.666030 0.408222 0.110661 0.614433 0.666019 -0.027674 0.629800 -0.024800 0.775868 -0.027674 0.629800 -0.024800 0.775868 -0.027674 0.629800 -0.024800 0.775868 -0.027674 0.629800 -0.024800 0.775868 0.433552 -0.578081 0.537783 -0.434331 0.630714 -0.391047 0.544640 -0.390705 0.630703 -0.391032 0.544650 -0.390722
-0.002117 0.769307 -0.000836 -0.018508 0.645251 -0.014159 0.763615 0.222837 -0.729621 -0.118457 -0.635582 0.021983 -0.827542 -0.086030 -0.554337 0.403159 -0.674405 0.012197 -0.618460 0.403159 -0.674405 0.012197 -0.618460 0.403159 -0.674405 0.012197 -0.618460 0.036695 0.292952 -0.188648 0.936614 0.013520 0.089840 -0.113656 0.989358 -0.250538 0.408163 0.127214 0.868591 -0.250538 0.408163 0.127214 0.868591 -0.250538 0.408163 0.127214 0.868591 -0.018507 0.645251 -0.014159 0.763615 -0.018507 0.645251 -0.014159 0.763615 -0.018507 0.645251 -0.014159 0.763615 -0.018507 0.645251 -0.014159 0.763615 0.344214 0.249315 0.424811 0.799309 0.407484 0.128546 0.629676 0.648799 0.407501 0.128562 0.629673 0.648788 -0.018507 0.645251 -0.014159 0.763615 -0.018507 0.645251 -0.014159 0.763615 -0.018507 0.645251 -0.014159 0.763615 -0.018507 0.645251 -0.014159 0.763615 0.447166 -0.592540 0.530454 -0.409338 0.630066 -0.423700 0.535359 -0.369980 0.630057 -0.423686 0.535370 -0.369996
-0.002100 0.764772 -0.000834 -0.007921 0.647921 0.000362 0.761667 0.174532 -0.735108 -0.095540 -0.648095 0.048881 -0.820879 -0.081814 -0.563094 0.419013 -0.662446 0.021366 -0.620593 0.419013 -0.662446 0.021366 -0.620593 0.419013 -0.662446 0.021366 -0.620593 0.042282 0.292492 -0.187496 0.936753 0.039939 0.075222 -0.135426 0.987120 -0.234786 0.386978 0.111095 0.884749 -0.234786 0.386978 0.111095 0.884749 -0.234786 0.386978 0.111095 0.884749 -0.007921 0.647921 0.000363 0.761667 -0.007921 0.647921 0.000363 0.761667 -0.007921 0.647921 0.000363 0.761667 -0.007921 0.647921 0.000363 0.761667 0.361361 0.228456 0.434618 0.792675 0.408759 0.123108 0.636642 0.642220 0.408776 0.123125 0.636639 0.642210 -0.007921 0.647921 0.000363 0.761667 -0.007921 0.647921 0.000363 0.761667 -0.007921 0.647921 0.000363 0.761667 -0.007921 0.647921 0.000363 0.761667 0.451802 -0.598382 0.525873 -0.401586 0.631210 -0.433552 0.533776 -0.358733 0.631201 -0.433538 0.533788 -0.358749
-0.002123 0.779102 -0.000781 0.003345 0.635463 0.020227 0.771859 0.134801 -0.728822 -0.067008 -0.667950 0.070233 -0.803278 -0.069987 -0.587293 0.396024 -0.654351 0.063067 -0.641102 0.396024 -0.654351 0.063067 -0.641102 0.396024 -0.654351 0.063067 -0.641102 0.037388 0.285096 -0.155635 0.945040 0.064494 0.058911 -0.157375 0.983668 -0.196749 0.363839 0.081278 0.906810 -0.196749 0.363839 0.081278 0.906810 -0.196749 0.363839 0.081278 0.906810 0.003345 0.635463 0.020228 0.771859 0.003345 0.635463 0.020228 0.771859 0.003345 0.635463 0.020228 0.771859 0.003345 0.635463 0.020228 0.771859 0.363580 0.229329 0.444783 0.785739 -0.410980 -0.119990 -0.656912 -0.620616 -0.410996 -0.120007 -0.656909 -0.620605 0.003345 0.635463 0.020228 0.771859 0.003345 0.635463 0.020228 0.771859 0.003345 0.635463 0.020228 0.771859 0.003345 0.635463 0.020228 0.771859 0.445361 -0.591290 0.524347 -0.420820 0.625206 -0.423622 0.523468 -0.394516 0.625195 -0.423609 0.523479 -0.394532
-0.002075 0.787011 -0.000744 -0.005846 0.594329 0.036176 0.803386 -0.136539 0.690756 0.026163 0.709598 0.039841 -0.775966 -0.055295 -0.627082 -0.348825 0.649190 -0.098818 0.668662 -0.348825 0.649190 -0.098818 0.668662 -0.348825 0.649190 -0.098818 0.668662 0.001422 0.249474 -0.090356 0.964156 0.085241 0.020356 -0.211710 0.973395 -0.118896 0.314218 -0.011603 0.941805 -0.118896 0.314218 -0.011603 0.941805 -0.118896 0.314218 -0.011603 0.941805 -0.005846 0.594329 0.036176 0.803386 -0.005846 0.594329 0.036176 0.803386 -0.005846 0.594329 0.036176 0.803386 -0.005846 0.594329 0.036176 0.803386 0.339576 0.223540 0.480275 0.777209 -0.391784 -0.110186 -0.690471 -0.598009 -0.391800 -0.110204 -0.690468 -0.597999 -0.005846 0.594329 0.036176 0.803386 -0.005846 0.594329 0.036176 0.803386 -0.005846 0.594329 0.036176 0.803386 -0.005846 0.594329 0.036176 0.803386 0.430991 -0.570814 0.543527 -0.439315 0.619234 -0.393552 0.537044 -0.416232 0.619223 -0.393538 0.537055 -0.416248
-0.001937 0.768346 -0.000912 -0.034289 0.508830 0.032969 0.859552 -0.218840 0.606590 -0.036281 0.763441 0.042908 -0.724697 -0.059834 -0.685122 -0.343776 0.606646 -0.107541 0.708684 -0.343776 0.606646 -0.107541 0.708684 -0.343776 0.606646 -0.107541 0.708684 -0.074703 0.160266 0.017649 0.984085 0.126801 -0.089648 -0.329675 0.931235 0.008119 0.170368 -0.193589 0.966143 0.008119 0.170368 -0.193589 0.966143 0.008119 0.170368 -0.193589 0.966143 -0.034289 0.508830 0.032970 0.859552 -0.034289 0.508830 0.032970 0.859552 -0.034289 0.508830 0.032970 0.859552 -0.034289 0.508830 0.032970 0.859552 0.279127 0.152015 0.534160 0.783360 -0.310373 -0.063324 -0.745768 -0.586079 -0.310388 -0.063343 -0.745767 -0.586071 -0.034289 0.508830 0.032970 0.859552 -0.034289 0.508830 0.032970 0.859552 -0.034289 0.508830 0.032970 0.859552 -0.034289 0.508830 0.032970 0.859552 -0.387162 0.507049 -0.587629 0.497693 -0.552911 0.351484 -0.614704 0.439189 -0.552900 0.351468 -0.614713 0.439203
-0.001818 0.760284 -0.001007 -0.041180 0.439374 0.042826 0.896337 -0.222312 0.546395 -0.014411 0.807355 -0.015187 0.664605 0.095452 0.740917 -0.328587 0.526628 -0.099101 0.777736 -0.328587 0.526628 -0.099101 0.777736 -0.328587 0.526628 -0.099101 0.777736 -0.113934 0.144007 0.146064 0.972083 0.189905 -0.020407 -0.306789 0.932416 0.042262 0.273169 -0.091839 0.956639 0.042262 0.273169 -0.091839 0.956639 0.042262 0.273169 -0.091839 0.956639 -0.041180 0.439374 0.042827 0.896337 -0.041180 0.439374 0.042827 0.896337 -0.041180 0.439374 0.042827 0.896337 -0.041180 0.439374 0.042827 0.896337 0.239219 0.093489 0.570260 0.780281 -0.258834 -0.013748 -0.777295 -0.573261 -0.258849 -0.013769 -0.777294 -0.573255 -0.041180 0.439374 0.042827 0.896337 -0.041180 0.439374 0.042827 0.896337 -0.041180 0.439374 0.042827 0.896337 -0.041180 0.439374 0.042827 0.896337 -0.347651 0.448981 -0.614081 0.548141 -0.500285 0.303047 -0.657424 0.475050 -0.500272 0.303030 -0.657431 0.475063
-0.001648 0.769534 -0.000999 -0.033840 0.346291 0.049896 0.936188 -0.173715 0.511974 0.035761 0.840492 0.019087 0.661842 0.142434 0.735740 -0.275995 0.567666 -0.042666 0.774443 -0.275995 0.567666 -0.042666 0.774443 -0.275995 0.567666 -0.042666 0.774443 -0.105617 0.043435 0.174257 0.978056 0.360269 -0.200959 -0.474361 0.777691 0.452829 -0.167083 -0.465752 0.741690 0.452829 -0.167083 -0.465752 0.741690 0.452829 -0.167083 -0.465752 0.741690 -0.033840 0.346291 0.049896 0.936188 -0.033840 0.346291 0.049896 0.936188 -0.033840 0.346291 0.049896 0.936188 -0.033840 0.346291 0.049896 0.936188 0.195019 0.025090 0.606156 0.770658 -0.195832 0.032718 -0.797609 -0.569561 -0.195847 0.032697 -0.797610 -0.569556 -0.033840 0.346291 0.049896 0.936188 -0.033840 0.346291 0.049896 0.936188 -0.033840 0.346291 0.049896 0.936188 -0.033840 0.346291 0.049896 0.936188 -0.278957 0.383794 -0.639768 0.604634 -0.428744 0.240392 -0.689886 0.531458 -0.428731 0.240374 -0.689892 0.531469
-0.001487 0.785437 -0.000925 -0.006668 0.243590 0.052978 0.968407 -0.135820 0.456902 0.055962 0.877304 0.011784 0.634099 0.163122 0.755758 -0.256652 0.541541 -0.020310 0.800281 -0.256652 0.541541 -0.020310 0.800281 -0.256652 0.541541 -0.020310 0.800281 -0.079921 -0.045258 0.265135 0.959827 0.558971 -0.014554 -0.280601 0.780130 0.825609 0.097374 -0.024795 0.555224 0.825609 0.097374 -0.024795 0.555224 0.825609 0.097374 -0.024795 0.555224 -0.006668 0.243590 0.052978 0.968407 -0.006668 0.243590 0.052978 0.968407 -0.006668 0.243590 0.052978 0.968407 -0.006668 0.243590 0.052978 0.968407 0.157211 -0.055497 0.633614 0.755472 -0.139952 0.099783 -0.812418 -0.557165 -0.139967 0.099762 -0.812421 -0.557162 -0.006668 0.243590 0.052978 0.968407 -0.006668 0.243590 0.052978 0.968407 -0.006668 0.243590 0.052978 0.968407 -0.006668 0.243590 0.052978 0.968407 -0.188404 0.308810 -0.663938 0.654467 -0.329268 0.175598 -0.713726 0.592742 -0.329252 0.175579 -0.713731 0.592751
-0.001351 0.805266 -0.000849 0.037017 0.131295 0.045422 0.989610 -0.106925 0.396139 0.071911 0.909104 0.013104 0.606914 0.179136 0.774205 -0.174283 0.534583 -0.014347 0.826826 -0.174283 0.534583 -0.014347 0.826826 -0.174283 0.534583 -0.014347 0.826826 -0.098475 -0.156996 0.223256 0.956980 0.573562 -0.070429 -0.191949 0.793235 0.856585 0.097531 0.140594 0.486809 0.856585 0.097531 0.140594 0.486809 0.856585 0.097531 0.140594 0.486809 0.037017 0.131295 0.045422 0.989610 0.037017 0.131295 0.045422 0.989610 0.037017 0.131295 0.045422 0.989610 0.037017 0.131295 0.045422 0.989610 0.118861 -0.121149 0.643563 0.746338 -0.082005 0.151490 -0.826046 -0.536633 -0.082019 0.151469 -0.826050 -0.536630 0.037017 0.131295 0.045422 0.989610 0.037017 0.131295 0.045422 0.989610 0.037017 0.131295 0.045422 0.989610 0.037017 0.131295 0.045422 0.989610 -0.073056 0.191173 -0.682364 0.701780 -0.197398 0.073967 -0.748280 0.628999 -0.197382 0.073948 -0.748282 0.629004
-0.001276 0.829422 -0.000872 0.055580 0.093527 0.039744 0.993269 -0.089532 0.372378 0.076827 0.920552 0.038332 0.590663 0.208487 0.778576 -0.114527 0.556801 0.023978 0.822364 -0.114527 0.556801 0.023978 0.822364 -0.114527 0.556801 0.023978 0.822364 -0.163043 -0.240166 0.180199 0.939822 0.510741 -0.167853 -0.105527 0.836560 0.640588 0.043733 0.451636 0.619484 0.640588 0.043733 0.451636 0.619484 0.640588 0.043733 0.451636 0.619484 0.055580 0.093527 0.039745 0.993269 0.055580 0.093527 0.039745 0.993269 0.055580 0.093527 0.039745 0.993269 0.055580 0.093527 0.039745 0.993269 0.108027 -0.118000 0.661945 0.732281 -0.074821 0.146076 -0.835381 -0.524597 -0.074835 0.146054 -0.835385 -0.524595 0.055580 0.093527 0.039745 0.993269 0.055580 0.093527 0.039745 0.993269 0.055580 0.093527 0.039745 0.993269 0.055580 0.093527 0.039745 0.993269 -0.028140 0.107715 -0.682406 0.722445 -0.153968 -0.016201 -0.767524 0.622044 -0.153952 -0.016221 -0.767524 0.622048
-0.001256 0.849572 -0.000880 0.068218 0.075871 0.042129 0.993889 -0.096008 0.348008 0.061958 0.930502 0.035468 0.564067 0.213443 0.796877 -0.092357 0.538458 0.016960 0.837404 -0.092357 0.538458 0.016960 0.837404 -0.092357 0.538458 0.016960 0.837404 -0.218920 -0.277524 0.100097 0.930073 0.353559 -0.350792 -0.144678 0.854991 0.303695 -0.099805 0.499151 0.805392 0.303695 -0.099805 0.499151 0.805392 0.303695 -0.099805 0.499151 0.805392 0.068218 0.075871 0.042129 0.993889 0.068218 0.075871 0.042129 0.993889 0.068218 0.075871 0.042129 0.993889 0.068218 0.075871 0.042129 0.993889 0.105980 -0.114708 0.683409 0.713136 -0.077635 0.140281 -0.836796 -0.523514 -0.077649 0.140259 -0.836799 -0.523512 0.068218 0.075871 0.042129 0.993889 0.068218 0.075871 0.042129 0.993889 0.068218 0.075871 0.042129 0.993889 0.068218 0.075871 0.042129 0.993889 -0.003054 0.076884 -0.665136 0.742747 -0.128609 -0.052131 -0.766551 0.627010 -0.128593 -0.052151 -0.766550 0.627014
-0.001281 0.865571 -0.000819 0.076643 0.061245 0.047744 0.994030 -0.088018 0.314122 0.068084 0.942839 0.045674 0.508604 0.208109 0.834222 -0.027896 0.458235 -0.020028 0.888167 -0.027896 0.458235 -0.020028 0.888167 -0.027896 0.458235 -0.020028 0.888167 -0.204872 -0.337280 0.049544 0.917505 0.302588 -0.479004 -0.156703 0.808975 0.147109 -0.234085 0.444054 0.852279 0.147109 -0.234085 0.444054 0.852279 0.147109 -0.234085 0.444054 0.852279 0.076643 0.061245 0.047745 0.994030 0.076643 0.061245 0.047745 0.994030 0.076643 0.061245 0.047745 0.994030 0.076643 0.061245 0.047745 0.994030 -0.102053 0.108503 -0.708378 -0.689937 -0.079738 0.131998 -0.841596 -0.517624 -0.079752 0.131977 -0.841599 -0.517622 0.076643 0.061245 0.047745 0.994030 0.076643 0.061245 0.047745 0.994030 0.076643 0.061245 0.047745 0.994030 0.076643 0.061245 0.047745 0.994030 0.015037 0.053322 -0.656167 0.752579 -0.102103 -0.069721 -0.762271 0.635340 -0.102086 -0.069740 -0.762269 0.635342
-0.001330 0.874795 -0.000691 0.065285 0.030567 0.046218 0.996327 -0.078110 0.232784 0.073959 0.966561 0.036951 0.388366 0.198676 0.899074 0.069194 0.297364 -0.093363 0.947666 0.069194 0.297364 -0.093363 0.947666 0.069194 0.297364 -0.093363 0.947666 -0.230440 -0.445445 -0.031168 0.864584 0.228395 -0.648714 -0.106341 0.718121 -0.062888 -0.369040 0.421072 0.826167 -0.062888 -0.369040 0.421072 0.826167 -0.062888 -0.369040 0.421072 0.826167 0.065285 0.030567 0.046218 0.996327 0.065285 0.030567 0.046218 0.996327 0.065285 0.030567 0.046218 0.996327 0.065285 0.030567 0.046218 0.996327 -0.072361 0.127045 -0.721908 -0.676367 -0.037034 0.130651 -0.842320 -0.521590 -0.037047 0.130629 -0.842323 -0.521589 0.065285 0.030567 0.046218 0.996327 0.065285 0.030567 0.046218 0.996327 0.065285 0.030567 0.046218 0.996327 0.065285 0.030567 0.046218 0.996327 0.028979 0.016768 -0.650559 0.758718 -0.076872 -0.099352 -0.748671 0.650931 -0.076855 -0.099371 -0.748669 0.650933
-0.001349 0.874362 -0.000634 0.029489 -0.052776 0.049366 0.996949 -0.050348 0.078573 0.092107 0.991367 0.052728 0.157597 0.202958 0.964982 0.188463 -0.005675 -0.170803 0.967097 0.188463 -0.005675 -0.170803 0.967097 0.188463 -0.005675 -0.170803 0.967097 -0.258637 -0.540262 -0.060106 0.798505 0.108382 -0.756459 -0.053869 0.642745 -0.266101 -0.415690 0.376225 0.784122 -0.266101 -0.415690 0.376225 0.784122 -0.266101 -0.415690 0.376225 0.784122 0.029489 -0.052776 0.049367 0.996949 0.029489 -0.052776 0.049367 0.996949 0.029489 -0.052776 0.049367 0.996949 0.029489 -0.052776 0.049367 0.996949 0.009398 0.195948 -0.727917 -0.657003 0.050463 0.182790 -0.822520 -0.536192 0.050449 0.182769 -0.822525 -0.536193 0.029489 -0.052776 0.049367 0.996949 0.029489 -0.052776 0.049367 0.996949 0.029489 -0.052776 0.049367 0.996949 0.029489 -0.052776 0.049367 0.996949 0.058359 -0.042200 -0.631598 0.771944 -0.033780 -0.151865 -0.720538 0.675737 -0.033762 -0.151884 -0.720534 0.675738
-0.001329 0.862398 -0.000658 0.002379 -0.134754 0.059960 0.989060 -0.047841 -0.005689 0.121900 0.991372 0.044980 0.022193 0.220537 0.974088 0.193797 -0.172974 -0.202836 0.944129 0.193797 -0.172974 -0.202836 0.944129 0.193797 -0.172974 -0.202836 0.944129 -0.240193 -0.597799 -0.072082 0.761412 0.058043 -0.800866 -0.077481 0.590966 -0.328779 -0.446424 0.310739 0.772044 -0.328779 -0.446424 0.310739 0.772044 -0.328779 -0.446424 0.310739 0.772044 0.002379 -0.134754 0.059960 0.989060 0.002379 -0.134754 0.059960 0.989060 0.002379 -0.134754 0.059960 0.989060 0.002379 -0.134754 0.059960 0.989060 0.084697 0.248449 -0.743073 -0.615583 0.121649 0.232991 -0.831283 -0.489780 0.121636 0.232970 -0.831289 -0.489784 0.002379 -0.134754 0.059960 0.989060 0.002379 -0.134754 0.059960 0.989060 0.002379 -0.134754 0.059960 0.989060 0.002379 -0.134754 0.059960 0.989060 0.089961 -0.098898 -0.602387 0.786929 0.020224 -0.190958 -0.683022 0.704703 0.020242 -0.190976 -0.683017 0.704703
-0.001323 0.838699 -0.000712 -0.014725 -0.210876 0.064854 0.975248 -0.038286 -0.074894 0.146175 0.985676 0.032383 -0.027737 0.243108 0.969062 0.184016 -0.230594 -0.200597 0.934198 0.184016 -0.230594 -0.200597 0.934198 0.184016 -0.230594 -0.200597 0.934198 -0.221549 -0.646720 -0.074899 0.725989 0.018508 -0.828777 -0.082885 0.553097 -0.364142 -0.455360 0.281425 0.762133 -0.364142 -0.455360 0.281425 0.762133 -0.364142 -0.455360 0.281425 0.762133 -0.014725 -0.210876 0.064855 0.975248 -0.014725 -0.210876 0.064855 0.975248 -0.014725 -0.210876 0.064855 0.975248 -0.014725 -0.210876 0.064855 0.975248 0.134312 0.332397 -0.678622 -0.641050 0.166035 0.314350 -0.722282 -0.593232 0.166020 0.314332 -0.722290 -0.593237 -0.014725 -0.210876 0.064855 0.975248 -0.014725 -0.210876 0.064855 0.975248 -0.014725 -0.210876 0.064855 0.975248 -0.014725 -0.210876 0.064855 0.975248 0.123203 -0.147111 -0.579827 0.791821 0.064276 -0.230369 -0.649415 0.721844 0.064294 -0.230386 -0.649409 0.721842
-0.001336 0.812636 -0.000797 -0.022321 -0.313143 0.062741 0.947368 -0.017024 -0.164753 0.147877 0.975038 0.052376 -0.115762 0.257777 0.957814 0.211524 -0.307672 -0.211850 0.903169 0.211524 -0.307672 -0.211850 0.903169 0.211524 -0.307672 -0.211850 0.903169 -0.189036 -0.711317 -0.091498 0.670762 0.011980 -0.861899 -0.082966 0.500104 -0.378557 -0.487844 0.259756 0.742449 -0.378557 -0.487844 0.259756 0.742449 -0.378557 -0.487844 0.259756 0.742449 -0.022321 -0.313143 0.062742 0.947368 -0.022321 -0.313143 0.062742 0.947368 -0.022321 -0.313143 0.062742 0.947368 -0.022321 -0.313143 0.062741 0.947368 0.198613 0.406356 -0.637859 -0.623349 0.242483 0.376124 -0.676507 -0.584869 0.242467 0.376106 -0.676517 -0.584875 -0.022321 -0.313143 0.062742 0.947368 -0.022321 -0.313143 0.062742 0.947368 -0.022321 -0.313143 0.062742 0.947368 -0.022321 -0.313143 0.062741 0.947368 0.178310 -0.209379 -0.553535 0.786107 0.145795 -0.262381 -0.634377 0.712366 0.145813 -0.262398 -0.634370 0.712363
-0.001366 0.790694 -0.000905 -0.028517 -0.386350 0.056050 0.920206 -0.008770 -0.221654 0.146482 0.964021 0.064115 -0.153264 0.268514 0.948841 0.232864 -0.322910 -0.191176 0.897193 0.232864 -0.322910 -0.191176 0.897193 0.232864 -0.322910 -0.191176 0.897193 -0.162165 -0.751625 -0.100275 0.631433 0.009066 -0.878532 -0.081655 0.470566 -0.381611 -0.499568 0.256610 0.734137 -0.381611 -0.499568 0.256610 0.734137 -0.381611 -0.499568 0.256610 0.734137 -0.028517 -0.386350 0.056051 0.920206 -0.028517 -0.386350 0.056051 0.920206 -0.028517 -0.386350 0.056051 0.920206 -0.028517 -0.386350 0.056051 0.920206 -0.242703 -0.454529 0.598749 0.613187 0.288510 0.425059 -0.650345 -0.559588 0.288496 0.425042 -0.650356 -0.559595 -0.028517 -0.386350 0.056051 0.920206 -0.028517 -0.386350 0.056051 0.920206 -0.028517 -0.386350 0.056051 0.920206 -0.028517 -0.386350 0.056051 0.920206 0.217107 -0.248261 -0.538328 0.775522 0.205197 -0.275770 -0.629934 0.696440 0.205215 -0.275786 -0.629927 0.696434
-0.001392 0.782172 -0.001017 -0.031763 -0.435428 0.044428 0.898565 -0.007424 -0.250865 0.140695 0.957714 0.075880 -0.149340 0.283291 0.944291 0.261649 -0.282910 -0.114533 0.915633 0.261649 -0.282910 -0.114533 0.915633 0.261649 -0.282910 -0.114533 0.915633 -0.147990 -0.769973 -0.103012 0.612069 0.017158 -0.878295 -0.076328 0.471676 -0.350514 -0.497154 0.277717 0.743540 -0.350514 -0.497154 0.277717 0.743540 -0.350514 -0.497154 0.277717 0.743540 -0.031763 -0.435428 0.044429 0.898565 -0.031763 -0.435428 0.044429 0.898565 -0.031763 -0.435428 0.044429 0.898565 -0.031763 -0.435428 0.044429 0.898565 -0.274044 -0.475446 0.569390 0.612083 0.312754 0.451734 -0.622185 -0.557680 0.312740 0.451718 -0.622196 -0.557689 -0.031763 -0.435428 0.044429 0.898565 -0.031763 -0.435428 0.044429 0.898565 -0.031763 -0.435428 0.044429 0.898565 -0.031763 -0.435428 0.044429 0.898565 0.243093 -0.278952 -0.528908 0.763772 0.247542 -0.285537 -0.619793 0.687785 0.247560 -0.285553 -0.619786 0.687779
-0.001430 0.782915 -0.001119 -0.032008 -0.418798 0.032544 0.906932 -0.021359 -0.234064 0.073922 0.969171 0.108372 -0.127383 0.256445 0.951979 0.336577 -0.218813 -0.049234 0.914556 0.336577 -0.218813 -0.049234 0.914556 0.336577 -0.218813 -0.049234 0.914556 -0.134975 -0.759535 -0.105850 0.627443 0.021964 -0.868107 -0.075383 0.490128 -0.327821 -0.488353 0.292404 0.754019 -0.327821 -0.488353 0.292404 0.754019 -0.327821 -0.488353 0.292404 0.754019 -0.032008 -0.418798 0.032545 0.906932 -0.032008 -0.418798 0.032545 0.906932 -0.032008 -0.418798 0.032545 0.906932 -0.032008 -0.418798 0.032545 0.906932 -0.272909 -0.455658 0.579142 0.618458 0.313535 0.428741 -0.633523 -0.562606 0.313521 0.428724 -0.633534 -0.562614 -0.032008 -0.418798 0.032545 0.906932 -0.032008 -0.418798 0.032545 0.906932 -0.032008 -0.418798 0.032545 0.906932 -0.032008 -0.418798 0.032545 0.906932 0.231622 -0.273969 -0.538570 0.762387 0.239867 -0.274431 -0.618227 0.696381 0.239885 -0.274447 -0.618220 0.696375
-0.001343 0.781920 -0.001261 -0.030129 -0.364538 0.023098 0.930414 -0.066686 -0.191027 -0.028462 0.978903 0.182657 -0.114301 0.300728 0.929050 0.474212 -0.135082 0.075353 0.866716 0.474212 -0.135082 0.075353 0.866716 0.474212 -0.135082 0.075353 0.866716 -0.127106 -0.733338 -0.100621 0.660253 0.019419 -0.853676 -0.078470 0.514493 -0.329308 -0.474146 0.290660 0.763059 -0.329308 -0.474146 0.290660 0.763059 -0.329308 -0.474146 0.290660 0.763059 -0.030129 -0.364538 0.023098 0.930414 -0.030129 -0.364538 0.023098 0.930414 -0.030129 -0.364538 0.023098 0.930414 -0.030129 -0.364538 0.023098 0.930414 -0.246921 -0.432459 0.606383 0.619927 0.283583 0.406867 -0.645154 -0.581220 0.283568 0.406850 -0.645164 -0.581228 -0.030129 -0.364538 0.023098 0.930414 -0.030129 -0.364538 0.023098 0.930414 -0.030129 -0.364538 0.023098 0.930414 -0.030129 -0.364538 0.023098 0.930414 0.200874 -0.245827 -0.560346 0.765004 0.201157 -0.255385 -0.636910 0.699043 0.201175 -0.255401 -0.636903 0.699038
-0.001211 0.778376 -0.001358 -0.028316 -0.315679 0.016254 0.948304 -0.111260 -0.155347 -0.135126 0.972229 0.203229 -0.116195 0.253901 0.938473 0.483758 -0.163302 -0.022128 0.859547 0.483758 -0.163302 -0.022128 0.859547 0.483758 -0.163302 -0.022128 0.859547 -0.124430 -0.708189 -0.100827 0.687619 0.017279 -0.842048 -0.083379 0.532639 -0.335480 -0.459922 0.288243 0.769962 -0.335480 -0.459922 0.288243 0.769962 -0.335480 -0.459922 0.288243 0.769962 -0.028316 -0.315678 0.016254 0.948304 -0.028316 -0.315678 0.016254 0.948304 -0.028316 -0.315678 0.016254 0.948304 -0.028316 -0.315678 0.016254 0.948304 0.221089 0.410573 -0.629552 -0.621462 0.254567 0.386387 -0.657709 -0.594406 0.254551 0.386370 -0.657720 -0.594413 -0.028316 -0.315678 0.016254 0.948304 -0.028316 -0.315678 0.016254 0.948304 -0.028316 -0.315678 0.016254 0.948304 -0.028316 -0.315678 0.016254 0.948304 0.172583 -0.221033 -0.575940 0.767889 0.164444 -0.241383 -0.659275 0.692855 0.164462 -0.241400 -0.659269 0.692851
-0.001084 0.772743 -0.001310 -0.033388 -0.261118 0.009808 0.964679 -0.129945 -0.100847 -0.165891 0.972329 0.241664 -0.075454 0.255237 0.933145 0.521492 -0.098990 0.011134 0.847422 0.521492 -0.098990 0.011134 0.847422 0.521492 -0.098990 0.011134 0.847422 -0.121724 -0.679780 -0.107291 0.715242 0.020466 -0.828300 -0.101252 0.550679 -0.334053 -0.447493 0.275886 0.782333 -0.334053 -0.447493 0.275886 0.782333 -0.334053 -0.447493 0.275886 0.782333 -0.033388 -0.261118 0.009809 0.964679 -0.033388 -0.261118 0.009809 0.964679 -0.033388 -0.261118 0.009809 0.964679 -0.033388 -0.261118 0.009809 0.964679 0.195700 0.370433 -0.656735 -0.627041 0.228012 0.347332 -0.686469 -0.596767 0.227997 0.347314 -0.686478 -0.596773 -0.033388 -0.261118 0.009809 0.964679 -0.033388 -0.261118 0.009809 0.964679 -0.033388 -0.261118 0.009809 0.964679 -0.033388 -0.261118 0.009809 0.964679 0.137012 -0.182973 -0.597578 0.768537 0.108222 -0.226812 -0.678238 0.690534 0.108240 -0.226830 -0.678232 0.690531
-0.001062 0.768903 -0.001374 0.006721 -0.087276 -0.005657 0.996145 -0.106731 0.051546 -0.166173 0.978947 0.445727 0.017436 0.340617 0.827649 0.739212 0.090349 0.171333 0.645017 0.739212 0.090349 0.171333 0.645017 0.739212 0.090349 0.171333 0.645017 -0.060990 -0.550538 -0.161099 0.816844 0.028511 -0.738193 -0.114665 0.664161 -0.266884 -0.402333 0.280115 0.829721 -0.266884 -0.402333 0.280115 0.829721 -0.266884 -0.402333 0.280115 0.829721 0.006721 -0.087276 -0.005657 0.996145 0.006721 -0.087276 -0.005657 0.996145 0.006721 -0.087276 -0.005657 0.996145 0.006721 -0.087276 -0.005657 0.996145 0.058166 0.275393 -0.696843 -0.659685 0.077749 0.262855 -0.715681 -0.642389 0.077733 0.262836 -0.715688 -0.642391 0.006721 -0.087276 -0.005657 0.996145 0.006721 -0.087276 -0.005657 0.996145 0.006721 -0.087276 -0.005657 0.996145 0.006721 -0.087276 -0.005657 0.996145 0.060756 -0.068158 -0.639059 0.763719 0.002261 -0.138681 -0.712344 0.687989 0.002279 -0.138700 -0.712340 0.687989
-0.001067 0.766857 -0.001540 0.031344 0.006351 -0.009022 0.999448 -0.140310 0.146921 -0.187717 0.960984 0.491798 0.086704 0.303311 0.811553 0.745782 0.144467 0.148939 0.633053 0.745782 0.144467 0.148939 0.633053 0.745782 0.144467 0.148939 0.633053 -0.068847 -0.491044 -0.147866 0.855729 0.049005 -0.715370 -0.143678 0.682056 -0.278079 -0.395107 0.257771 0.836730 -0.278079 -0.395107 0.257771 0.836730 -0.278079 -0.395107 0.257771 0.836730 0.031344 0.006351 -0.009022 0.999448 0.031344 0.006351 -0.009022 0.999448 0.031344 0.006351 -0.009022 0.999448 0.031344 0.006351 -0.009022 0.999448 -0.023757 0.208757 -0.708092 -0.674138 -0.007533 0.196656 -0.718623 -0.666971 -0.007550 0.196637 -0.718628 -0.666971 0.031344 0.006351 -0.009022 0.999448 0.031344 0.006351 -0.009022 0.999448 0.031344 0.006351 -0.009022 0.999448 0.031344 0.006351 -0.009022 0.999448 0.018950 -0.022254 -0.665790 0.745567 -0.056679 -0.107044 -0.746111 0.654712 -0.056662 -0.107064 -0.746108 0.654713
-0.001128 0.781131 -0.001592 0.051704 0.079319 -0.006932 0.995483 -0.207594 0.199333 -0.180283 0.940569 0.432549 0.194445 0.274601 0.836473 0.643913 0.228138 0.162843 0.711907 0.643913 0.228138 0.162843 0.711907 0.643913 0.228138 0.162843 0.711907 -0.074962 -0.411909 -0.124246 0.899597 0.065930 -0.642957 -0.155556 0.747035 -0.195178 -0.339000 0.284034 0.875391 -0.195178 -0.339000 0.284034 0.875391 -0.195178 -0.339000 0.284034 0.875391 0.051704 0.079319 -0.006932 0.995483 0.051704 0.079319 -0.006932 0.995483 0.051704 0.079319 -0.006932 0.995483 0.051704 0.079319 -0.006932 0.995483 -0.090840 0.159037 -0.712334 -0.677521 -0.090036 0.161962 -0.722390 -0.666194 -0.090053 0.161943 -0.722394 -0.666192 0.051704 0.079319 -0.006932 0.995483 0.051704 0.079319 -0.006932 0.995483 0.051704 0.079319 -0.006932 0.995483 0.051704 0.079319 -0.006932 0.995483 -0.016626 0.029365 -0.685390 0.727394 -0.103109 -0.061168 -0.775341 0.620059 -0.103093 -0.061188 -0.775339 0.620062
-0.001174 0.798287 -0.001580 0.060511 0.103476 -0.007897 0.992758 -0.289434 0.239315 -0.173532 0.910408 0.375800 0.288967 0.233289 0.849028 0.524294 0.298510 0.151186 0.783039 0.524294 0.298510 0.151186 0.783039 0.524294 0.298510 0.151186 0.783039 -0.080763 -0.367800 -0.109384 0.919911 0.080513 -0.590389 -0.158271 0.787343 -0.150928 -0.280490 0.312907 0.894782 -0.150928 -0.280490 0.312907 0.894782 -0.150928 -0.280490 0.312907 0.894782 0.060511 0.103475 -0.007897 0.992758 0.060511 0.103475 -0.007897 0.992758 0.060511 0.103475 -0.007897 0.992758 0.060511 0.103475 -0.007897 0.992758 -0.114243 0.139738 -0.706649 -0.684156 -0.113995 0.146050 -0.723829 -0.664640 -0.114012 0.146031 -0.723833 -0.664637 0.060511 0.103475 -0.007897 0.992758 0.060511 0.103475 -0.007897 0.992758 0.060511 0.103475 -0.007897 0.992758 0.060511 0.103475 -0.007897 0.992758 -0.029370 0.046600 -0.701085 0.710947 -0.119060 -0.043054 -0.793670 0.595029 -0.119045 -0.043074 -0.793669 0.595032
-0.001238 0.810691 -0.001481 0.055332 0.095836 -0.015446 0.993738 -0.368611 0.279452 -0.151006 0.873630 0.282665 0.372260 0.160043 0.869430 0.301253 0.338620 0.075086 0.888226 0.301253 0.338620 0.075086 0.888226 0.301253 0.338620 0.075086 0.888226 -0.092352 -0.368385 -0.099655 0.919692 0.075354 -0.587723 -0.161696 0.789150 -0.160943 -0.272299 0.306045 0.897935 -0.160943 -0.272299 0.306045 0.897935 -0.160943 -0.272299 0.306045 0.897935 0.055332 0.095836 -0.015445 0.993738 0.055332 0.095836 -0.015445 0.993738 0.055332 0.095836 -0.015445 0.993738 0.055332 0.095836 -0.015445 0.993738 -0.103854 0.137557 -0.697418 -0.695630 -0.104830 0.146867 -0.720229 -0.669859 -0.104847 0.146848 -0.720233 -0.669856 0.055332 0.095836 -0.015445 0.993738 0.055332 0.095836 -0.015445 0.993738 0.055332 0.095836 -0.015445 0.993738 0.055332 0.095836 -0.015445 0.993738 -0.030187 0.043981 -0.719743 0.692188 -0.111524 -0.033661 -0.806307 0.579912 -0.111509 -0.033682 -0.806306 0.579915
-0.001290 0.816402 -0.001397 0.064753 0.122168 -0.018410 0.990224 -0.366578 0.330340 -0.122040 0.861164 0.270989 0.419958 0.113318 0.858696 0.268290 0.369075 0.007879 0.889799 0.268290 0.369075 0.007879 0.889799 0.268290 0.369075 0.007879 0.889799 -0.098667 -0.330592 -0.083765 0.934857 0.083645 -0.542793 -0.169404 0.818341 -0.138882 -0.232224 0.285974 0.919240 -0.138882 -0.232224 0.285974 0.919240 -0.138882 -0.232224 0.285974 0.919240 0.064753 0.122168 -0.018410 0.990224 0.064753 0.122168 -0.018410 0.990224 0.064753 0.122168 -0.018410 0.990224 0.064753 0.122168 -0.018410 0.990224 0.129246 -0.098748 0.687182 0.708043 -0.122070 0.103096 -0.722528 -0.672624 -0.122087 0.103077 -0.722531 -0.672621 0.064753 0.122168 -0.018410 0.990224 0.064753 0.122168 -0.018410 0.990224 0.064753 0.122168 -0.018410 0.990224 0.064753 0.122168 -0.018410 0.990224 -0.046471 0.069934 -0.740580 0.666702 -0.129285 -0.003995 -0.812258 0.568776 -0.129270 -0.004016 -0.812258 0.568779
-0.001293 0.819653 -0.001305 0.046612 0.177011 -0.023279 0.982829 -0.343526 0.375693 -0.092160 0.855775 0.239463 0.466933 0.096016 0.845821 0.226231 0.414173 -0.002742 0.881631 0.226231 0.414173 -0.002742 0.881631 0.226231 0.414173 -0.002742 0.881631 -0.118289 -0.280070 -0.075211 0.949690 0.082745 -0.501244 -0.167843 0.844829 -0.108746 -0.196627 0.293156 0.929286 -0.108746 -0.196627 0.293156 0.929286 -0.108746 -0.196627 0.293156 0.929286 0.046612 0.177011 -0.023279 0.982829 0.046612 0.177011 -0.023279 0.982829 0.046612 0.177011 -0.023279 0.982829 0.046612 0.177011 -0.023279 0.982829 0.154875 -0.028530 0.673488 0.722229 -0.156001 0.045141 -0.728607 -0.665401 -0.156018 0.045122 -0.728608 -0.665396 0.046612 0.177011 -0.023279 0.982829 0.046612 0.177011 -0.023279 0.982829 0.046612 0.177011 -0.023279 0.982829 0.046612 0.177011 -0.023279 0.982829 -0.100482 0.128061 -0.745076 0.646812 -0.182215 0.055894 -0.807325 0.558481 -0.182200 0.055873 -0.807326 0.558485
-0.001406 0.819661 -0.001144 0.014388 0.259235 -0.031408 0.965196 -0.298316 0.420131 -0.065484 0.854523 0.113723 0.522772 0.082922 0.840774 -0.036044 0.453907 0.056619 0.888518 -0.036044 0.453907 0.056619 0.888518 -0.036044 0.453907 0.056619 0.888518 -0.141280 -0.187804 -0.061002 0.970077 0.046312 -0.402687 -0.173904 0.897472 -0.078591 -0.079108 0.288493 0.950966 -0.078591 -0.079108 0.288493 0.950966 -0.078591 -0.079108 0.288493 0.950966 0.014388 0.259235 -0.031408 0.965196 0.014388 0.259235 -0.031408 0.965196 0.014388 0.259235 -0.031408 0.965196 0.014388 0.259235 -0.031408 0.965196 0.185960 0.028146 0.648003 0.738051 -0.184364 -0.010522 -0.730141 -0.657870 -0.184381 -0.010541 -0.730141 -0.657866 0.014388 0.259235 -0.031408 0.965196 0.014388 0.259235 -0.031408 0.965196 0.014388 0.259235 -0.031408 0.965196 0.014388 0.259235 -0.031408 0.965196 -0.178894 0.238096 -0.729114 0.616198 -0.258426 0.169863 -0.776804 0.548578 -0.258412 0.169843 -0.776808 0.548585
-0.001676 0.818121 -0.001036 -0.014039 0.345896 -0.049384 0.936867 -0.233690 0.473635 -0.067996 0.846425 0.027889 0.558603 0.070912 0.825927 -0.167531 0.488195 0.092861 0.851455 -0.167531 0.488195 0.092861 0.851455 -0.167531 0.488195 0.092861 0.851455 -0.132265 -0.073760 -0.060200 0.986631 0.019426 -0.268590 -0.190343 0.944061 -0.024973 0.079082 0.299020 0.950636 -0.024973 0.079082 0.299020 0.950636 -0.024973 0.079082 0.299020 0.950636 -0.014039 0.345896 -0.049384 0.936867 -0.014039 0.345896 -0.049384 0.936867 -0.014039 0.345896 -0.049384 0.936867 -0.014039 0.345896 -0.049384 0.936867 0.218755 0.070226 0.613152 0.755817 -0.225931 -0.034888 -0.730034 -0.644040 -0.225948 -0.034907 -0.730033 -0.644034 -0.014039 0.345896 -0.049384 0.936867 -0.014039 0.345896 -0.049384 0.936867 -0.014039 0.345896 -0.049384 0.936867 -0.014039 0.345896 -0.049384 0.936867 -0.250574 0.340330 -0.704117 0.570620 -0.346423 0.260215 -0.726393 0.533509 -0.346409 0.260196 -0.726400 0.533518
-0.001895 0.815833 -0.000993 -0.019842 0.402590 -0.062586 0.913023 -0.179995 0.524646 -0.059016 0.829980 -0.026991 0.603960 0.058212 0.794427 -0.235509 0.531362 0.112436 0.805946 -0.235509 0.531362 0.112436 0.805946 -0.235509 0.531362 0.112436 0.805946 -0.104386 -0.009398 -0.065080 0.992361 0.005670 -0.197606 -0.196652 0.960337 -0.009585 0.155554 0.311935 0.937234 -0.009585 0.155554 0.311935 0.937234 -0.009585 0.155554 0.311935 0.937234 -0.019842 0.402590 -0.062585 0.913023 -0.019842 0.402590 -0.062585 0.913023 -0.019842 0.402590 -0.062585 0.913023 -0.019842 0.402590 -0.062586 0.913023 0.242384 0.106886 0.571365 0.776768 -0.277227 -0.025554 -0.726429 -0.628326 -0.277243 -0.025573 -0.726428 -0.628318 -0.019842 0.402590 -0.062585 0.913023 -0.019842 0.402590 -0.062585 0.913023 -0.019842 0.402590 -0.062585 0.913023 -0.019842 0.402590 -0.062586 0.913023 -0.286925 0.401765 -0.686880 0.533343 -0.409544 0.300981 -0.696625 0.506357 -0.409531 0.300963 -0.696633 0.506367
-0.002015 0.816610 -0.000926 -0.017677 0.489384 -0.073490 0.868786 -0.149208 0.602544 -0.032400 0.783344 -0.028511 0.666660 0.054353 0.742831 -0.237096 0.588073 0.124451 0.763195 -0.237096 0.588073 0.124451 0.763195 -0.237096 0.588073 0.124451 0.763195 -0.061271 0.066249 -0.054575 0.994424 0.013231 -0.139096 -0.184052 0.972935 -0.002796 0.190461 0.328073 0.925248 -0.002796 0.190461 0.328073 0.925248 -0.002796 0.190461 0.328073 0.925248 -0.017677 0.489384 -0.073490 0.868786 -0.017677 0.489384 -0.073490 0.868786 -0.017677 0.489384 -0.073490 0.868786 -0.017677 0.489384 -0.073490 0.868786 0.290420 0.178829 0.517074 0.785055 -0.331947 -0.090504 -0.696742 -0.629421 -0.331963 -0.090523 -0.696740 -0.629412 -0.017677 0.489384 -0.073490 0.868786 -0.017677 0.489384 -0.073490 0.868786 -0.017677 0.489384 -0.073490 0.868786 -0.017677 0.489384 -0.073490 0.868786 -0.337365 0.468066 -0.651403 0.492721 -0.480494 0.349119 -0.656777 0.464635 -0.480482 0.349101 -0.656786 0.464648
-0.002034 0.814228 -0.000890 -0.005607 0.559852 -0.076062 0.825075 -0.141765 0.657835 -0.007323 0.739663 0.026326 -0.707349 -0.056164 -0.704137 -0.233500 0.619141 0.132413 0.737976 -0.233500 0.619141 0.132413 0.737976 -0.233500 0.619141 0.132413 0.737976 -0.049950 0.119670 -0.047501 0.990418 0.003489 -0.113517 -0.170521 0.978787 -0.006303 0.202356 0.347835 0.915436 -0.006303 0.202356 0.347835 0.915436 -0.006303 0.202356 0.347835 0.915436 -0.005607 0.559852 -0.076062 0.825075 -0.005607 0.559852 -0.076062 0.825075 -0.005607 0.559852 -0.076062 0.825075 -0.005607 0.559852 -0.076062 0.825075 0.342885 0.246900 0.479482 0.769134 -0.421173 -0.096206 -0.686331 -0.585070 -0.421188 -0.096223 -0.686329 -0.585060 -0.005607 0.559852 -0.076062 0.825075 -0.005607 0.559852 -0.076062 0.825075 -0.005607 0.559852 -0.076062 0.825075 -0.005607 0.559852 -0.076062 0.825075 -0.374836 0.512947 -0.617455 0.463823 -0.533639 0.377557 -0.621441 0.431847 -0.533628 0.377541 -0.621451 0.431861
-0.002011 0.808376 -0.000891 0.005571 0.604029 -0.071566 0.793723 -0.144124 0.689675 0.004295 0.709618 0.033096 -0.731068 -0.044299 -0.680060 -0.239693 0.637069 0.121317 0.722477 -0.239693 0.637069 0.121317 0.722477 -0.239693 0.637069 0.121317 0.722477 -0.054933 0.160361 -0.041091 0.984672 0.004215 -0.088672 -0.169434 0.981535 -0.011964 0.220697 0.356807 0.907655 -0.011964 0.220697 0.356807 0.907655 -0.011964 0.220697 0.356807 0.907655 0.005571 0.604028 -0.071565 0.793723 0.005571 0.604028 -0.071565 0.793723 0.005571 0.604028 -0.071565 0.793723 0.005571 0.604028 -0.071565 0.793723 0.375464 0.290397 0.452007 0.755239 -0.471154 -0.117198 -0.645584 -0.589492 -0.471169 -0.117215 -0.645580 -0.589480 0.005571 0.604028 -0.071565 0.793723 0.005571 0.604028 -0.071565 0.793723 0.005571 0.604028 -0.071565 0.793723 0.005571 0.604028 -0.071565 0.793723 -0.398911 0.552315 -0.593578 0.428349 -0.556934 0.419897 -0.597810 0.395138 -0.556924 0.419882 -0.597821 0.395152
-0.001997 0.799768 -0.000864 0.014084 0.631093 -0.065183 0.772836 0.149437 -0.710554 -0.008263 -0.687541 0.035362 -0.746374 -0.012132 -0.664476 -0.252489 0.652204 0.098538 0.707934 -0.252489 0.652204 0.098538 0.707934 -0.252489 0.652204 0.098538 0.707934 -0.063744 0.191836 -0.037334 0.978643 0.005386 -0.058858 -0.171833 0.983352 0.001074 0.247592 0.364139 0.897831 0.001074 0.247592 0.364139 0.897831 0.001074 0.247592 0.364139 0.897831 0.014085 0.631093 -0.065183 0.772836 0.014085 0.631093 -0.065183 0.772836 0.014085 0.631093 -0.065183 0.772836 0.014085 0.631093 -0.065183 0.772836 0.395770 0.321307 0.434907 0.742283 -0.502399 -0.134326 -0.623851 -0.583405 -0.502414 -0.134343 -0.623848 -0.583392 0.014085 0.631093 -0.065183 0.772836 0.014085 0.631093 -0.065183 0.772836 0.014085 0.631093 -0.065183 0.772836 0.014085 0.631093 -0.065183 0.772836 -0.414738 0.575847 -0.576407 0.405151 -0.571112 0.445862 -0.580436 0.371661 -0.571103 0.445847 -0.580448 0.371676
-0.001978 0.787819 -0.000832 0.013106 0.645379 -0.061567 0.761265 0.155268 -0.721837 -0.006164 -0.674393 0.030093 -0.754455 0.015339 -0.655482 -0.258332 0.662206 0.079532 0.698872 -0.258332 0.662206 0.079532 0.698872 -0.258332 0.662206 0.079532 0.698872 -0.068895 0.207194 -0.031654 0.975357 -0.002130 -0.037714 -0.171589 0.984444 -0.015983 0.278481 0.380364 0.881769 -0.015983 0.278481 0.380364 0.881769 -0.015983 0.278481 0.380364 0.881769 0.013106 0.645379 -0.061567 0.761265 0.013106 0.645379 -0.061567 0.761265 0.013106 0.645379 -0.061567 0.761265 0.013106 0.645379 -0.061567 0.761265 0.402033 0.341938 0.426690 0.734427 -0.514701 -0.151659 -0.613420 -0.579481 -0.514716 -0.151675 -0.613416 -0.579468 0.013106 0.645379 -0.061567 0.761265 0.013106 0.645379 -0.061567 0.761265 0.013106 0.645379 -0.061567 0.761265 0.013106 0.645379 -0.061567 0.761265 0.424744 -0.590996 0.565276 -0.388304 0.577243 -0.465431 0.569495 -0.354739 0.577234 -0.465417 0.569507 -0.354754
-0.001997 0.768728 -0.000803 0.004101 0.656527 -0.061568 0.751774 0.177324 -0.715206 0.015708 -0.675863 0.059135 -0.744939 0.052381 -0.662439 -0.326911 0.642044 0.065157 0.690408 -0.326911 0.642044 0.065157 0.690408 -0.326911 0.642044 0.065157 0.690408 -0.087048 0.221104 -0.046103 0.970263 -0.020534 -0.026209 -0.178646 0.983350 -0.050883 0.313042 0.394461 0.862448 -0.050883 0.313042 0.394461 0.862448 -0.050883 0.313042 0.394461 0.862448 0.004102 0.656527 -0.061568 0.751774 0.004102 0.656527 -0.061568 0.751774 0.004102 0.656527 -0.061568 0.751774 0.004102 0.656527 -0.061568 0.751774 0.406715 0.348565 0.428486 0.727657 -0.518452 -0.163237 -0.609189 -0.577451 -0.518467 -0.163253 -0.609185 -0.577438 0.004102 0.656527 -0.061568 0.751774 0.004102 0.656527 -0.061568 0.751774 0.004102 0.656527 -0.061568 0.751774 0.004102 0.656527 -0.061568 0.751774 0.435744 -0.601669 0.557697 -0.370264 0.582115 -0.481420 0.568607 -0.325673 0.582107 -0.481406 0.568619 -0.325688
-0.001995 0.751570 -0.000811 -0.005032 0.665440 -0.058685 0.744124 0.177747 -0.717740 0.021930 -0.672885 0.043287 -0.742078 0.040813 -0.667668 -0.342789 0.626867 0.091633 0.693641 -0.342789 0.626867 0.091633 0.693641 -0.342789 0.626867 0.091633 0.693641 -0.098221 0.227304 -0.054792 0.967307 -0.031504 -0.028536 -0.195348 0.979813 -0.062994 0.319684 0.385422 0.863298 -0.062994 0.319684 0.385422 0.863298 -0.062994 0.319684 0.385422 0.863298 -0.005031 0.665440 -0.058684 0.744124 -0.005031 0.665440 -0.058684 0.744124 -0.005031 0.665440 -0.058684 0.744124 -0.005032 0.665440 -0.058684 0.744124 0.411789 0.349974 0.435063 0.720186 -0.523097 -0.166362 -0.606665 -0.575022 -0.523112 -0.166378 -0.606661 -0.575009 -0.005031 0.665440 -0.058684 0.744124 -0.005031 0.665440 -0.058684 0.744124 -0.005031 0.665440 -0.058684 0.744124 -0.005032 0.665440 -0.058685 0.744124 0.443034 -0.610944 0.546554 -0.362971 0.584022 -0.495000 0.559447 -0.317665 0.584014 -0.494986 0.559460 -0.317681
-0.001963 0.744523 -0.000824 -0.009300 0.674217 -0.051192 0.736698 0.162014 -0.728478 0.021197 -0.665298 -0.013444 -0.756293 0.031388 -0.653341 -0.303417 0.649649 0.119481 0.686745 -0.303417 0.649649 0.119481 0.686745 -0.303417 0.649649 0.119481 0.686745 -0.098305 0.234553 -0.062017 0.965129 -0.028374 -0.027016 -0.205929 0.977782 -0.025943 0.305563 0.365040 0.879036 -0.025943 0.305563 0.365040 0.879036 -0.025943 0.305563 0.365040 0.879036 -0.009300 0.674217 -0.051191 0.736698 -0.009300 0.674217 -0.051191 0.736698 -0.009300 0.674217 -0.051191 0.736698 -0.009300 0.674217 -0.051191 0.736698 0.414182 0.358055 0.435237 0.714716 -0.527427 -0.174683 -0.603205 -0.572233 -0.527442 -0.174699 -0.603200 -0.572219 -0.009300 0.674217 -0.051191 0.736698 -0.009300 0.674217 -0.051191 0.736698 -0.009300 0.674217 -0.051191 0.736698 -0.009300 0.674217 -0.051192 0.736698 0.449783 -0.619174 0.533510 -0.360121 0.587826 -0.505153 0.545578 -0.318788 0.587818 -0.505139 0.545591 -0.318803
-0.001940 0.740806 -0.000828 -0.011027 0.680318 -0.044750 0.731467 0.154401 -0.728885 0.026948 -0.666454 -0.062997 -0.759242 0.047469 -0.646011 -0.271400 0.656495 0.113181 0.694655 -0.271400 0.656495 0.113181 0.694655 -0.271400 0.656495 0.113181 0.694655 -0.101131 0.238847 -0.061575 0.963812 -0.034928 -0.028230 -0.212692 0.976087 -0.041120 0.307265 0.362034 0.879107 -0.041120 0.307265 0.362034 0.879107 -0.041120 0.307265 0.362034 0.879107 -0.011027 0.680318 -0.044750 0.731467 -0.011027 0.680318 -0.044750 0.731467 -0.011027 0.680318 -0.044750 0.731467 -0.011027 0.680318 -0.044750 0.731467 0.415206 0.366467 0.433837 0.710698 -0.530230 -0.184026 -0.598701 -0.571443 -0.530245 -0.184041 -0.598696 -0.571429 -0.011027 0.680318 -0.044750 0.731467 -0.011027 0.680318 -0.044750 0.731467 -0.011027 0.680318 -0.044750 0.731467 -0.011027 0.680318 -0.044750 0.731467 0.455211 -0.623533 0.524635 -0.358814 0.588243 -0.513027 0.538970 -0.316678 0.588235 -0.513013 0.538983 -0.316693
-0.001929 0.735203 -0.000823 -0.011540 0.681913 -0.039209 0.730290 0.144331 -0.728035 0.022833 -0.669785 -0.123568 -0.752924 0.067062 -0.642915 -0.251382 0.649584 0.111049 0.708883 -0.251382 0.649584 0.111049 0.708883 -0.251382 0.649584 0.111049 0.708883 -0.105765 0.230734 -0.052958 0.965801 -0.012336 -0.043976 -0.202016 0.978317 -0.042990 0.283955 0.381724 0.878526 -0.042990 0.283955 0.381724 0.878526 -0.042990 0.283955 0.381724 0.878526 -0.011540 0.681913 -0.039209 0.730290 -0.011540 0.681913 -0.039209 0.730290 -0.011540 0.681913 -0.039209 0.730290 -0.011540 0.681913 -0.039209 0.730290 0.416564 0.363919 0.437193 0.709154 -0.520088 -0.198149 -0.625133 -0.547224 -0.520102 -0.198165 -0.625128 -0.547210 -0.011540 0.681913 -0.039209 0.730290 -0.011540 0.681913 -0.039209 0.730290 -0.011540 0.681913 -0.039209 0.730290 -0.011540 0.681913 -0.039209 0.730290 0.457594 -0.624238 0.519831 -0.361538 0.585595 -0.517327 0.537426 -0.317214 0.585586 -0.517313 0.537440 -0.317230
-0.001921 0.730453 -0.000811 -0.022416 0.661689 -0.029003 0.748882 0.128034 -0.706190 0.059866 -0.693772 -0.165497 -0.715294 0.141108 -0.664119 -0.277548 0.635750 0.055270 0.718147 -0.277548 0.635750 0.055270 0.718147 -0.277548 0.635750 0.055270 0.718147 -0.123070 0.229301 0.006543 0.965522 -0.001611 -0.024039 -0.181059 0.983177 -0.019306 0.300715 0.402658 0.864329 -0.019306 0.300715 0.402658 0.864329 -0.019306 0.300715 0.402658 0.864329 -0.022415 0.661689 -0.029003 0.748882 -0.022415 0.661689 -0.029003 0.748882 -0.022415 0.661689 -0.029003 0.748882 -0.022416 0.661689 -0.029003 0.748882 0.397950 0.365852 0.458255 0.705543 -0.513505 -0.192270 -0.616463 -0.565083 -0.513520 -0.192286 -0.616458 -0.565069 -0.022415 0.661689 -0.029003 0.748882 -0.022415 0.661689 -0.029003 0.748882 -0.022415 0.661689 -0.029003 0.748882 -0.022415 0.661689 -0.029003 0.748882 0.452774 -0.611350 0.526371 -0.379712 0.576622 -0.506301 0.550312 -0.329125 0.576614 -0.506286 0.550325 -0.329140
-0.001923 0.718599 -0.000799 -0.033901 0.641842 -0.016901 0.765901 -0.152965 0.685187 -0.087238 0.706761 0.118027 0.687851 -0.188677 0.690892 -0.351891 0.608765 0.010341 0.710965 -0.351891 0.608765 0.010341 0.710965 -0.351891 0.608765 0.010341 0.710965 -0.146743 0.193180 0.033059 0.969564 -0.018447 -0.086337 -0.197527 0.976314 -0.070114 0.239230 0.364521 0.897205 -0.070114 0.239230 0.364521 0.897205 -0.070114 0.239230 0.364521 0.897205 -0.033901 0.641842 -0.016900 0.765901 -0.033901 0.641842 -0.016900 0.765901 -0.033901 0.641842 -0.016900 0.765901 -0.033901 0.641842 -0.016900 0.765901 0.383942 0.362325 0.485421 0.696904 -0.504129 -0.189769 -0.623863 -0.566248 -0.504144 -0.189785 -0.623858 -0.566235 -0.033901 0.641842 -0.016900 0.765901 -0.033901 0.641842 -0.016900 0.765901 -0.033901 0.641842 -0.016900 0.765901 -0.033901 0.641842 -0.016900 0.765901 0.450851 -0.597458 0.532877 -0.394739 0.569740 -0.494904 0.560570 -0.340921 0.569731 -0.494889 0.560583 -0.340936
-0.001961 0.689427 -0.000800 -0.054703 0.628177 -0.023579 0.775787 -0.208871 0.662677 -0.136313 0.706152 0.030895 0.654867 -0.250423 0.712379 -0.445352 0.575336 -0.052374 0.684037 -0.445352 0.575336 -0.052374 0.684037 -0.445352 0.575336 -0.052374 0.684037 -0.184417 0.157896 0.025157 0.969756 -0.095776 -0.186616 -0.276552 0.937828 -0.215863 0.155319 0.246561 0.931926 -0.215863 0.155319 0.246561 0.931927 -0.215863 0.155319 0.246561 0.931927 -0.054703 0.628177 -0.023579 0.775787 -0.054703 0.628177 -0.023579 0.775787 -0.054703 0.628177 -0.023579 0.775787 -0.054703 0.628177 -0.023579 0.775787 0.371787 0.353775 0.506226 0.693075 -0.491393 -0.184357 -0.654299 -0.544461 -0.491407 -0.184374 -0.654294 -0.544449 -0.054703 0.628177 -0.023579 0.775787 -0.054703 0.628177 -0.023579 0.775787 -0.054703 0.628177 -0.023579 0.775787 -0.054703 0.628177 -0.023579 0.775787 0.448666 -0.582546 0.540334 -0.409118 -0.560976 0.484853 -0.565330 0.361421 -0.560967 0.484838 -0.565343 0.361436
-0.002033 0.664021 -0.000783 -0.075062 0.609602 -0.028666 0.788625 -0.245494 0.642823 -0.151003 0.709725 -0.036255 0.653247 -0.236949 0.718199 -0.465299 0.554874 -0.054757 0.687469 -0.465299 0.554874 -0.054757 0.687469 -0.465299 0.554874 -0.054757 0.687469 -0.198899 0.139709 0.023083 0.969736 -0.130039 -0.233765 -0.322259 0.908071 -0.276343 0.112083 0.176407 0.938058 -0.276343 0.112083 0.176407 0.938058 -0.276343 0.112083 0.176407 0.938058 -0.075062 0.609602 -0.028666 0.788625 -0.075062 0.609602 -0.028666 0.788625 -0.075062 0.609602 -0.028666 0.788625 -0.075062 0.609602 -0.028666 0.788625 0.350471 0.324545 0.524882 0.704514 -0.468248 -0.158753 -0.649946 -0.577158 -0.468263 -0.158770 -0.649942 -0.577146 -0.075062 0.609602 -0.028666 0.788625 -0.075062 0.609602 -0.028666 0.788625 -0.075062 0.609602 -0.028666 0.788625 -0.075062 0.609602 -0.028666 0.788625 0.443416 -0.566761 0.547733 -0.426793 -0.546058 0.476944 -0.571961 0.383674 -0.546048 0.476929 -0.571974 0.383688
-0.002060 0.656085 -0.000758 -0.084743 0.577554 -0.015409 0.811796 -0.259120 0.607074 -0.157454 0.734524 -0.047948 0.637799 -0.184995 0.746117 -0.454102 0.528419 -0.023624 0.716942 -0.454102 0.528419 -0.023624 0.716942 -0.454102 0.528419 -0.023624 0.716942 -0.205107 0.126837 0.029198 0.970047 -0.110850 -0.211320 -0.336412 0.910979 -0.224586 0.154564 0.188321 0.943507 -0.224586 0.154564 0.188321 0.943507 -0.224586 0.154564 0.188321 0.943507 -0.084743 0.577554 -0.015409 0.811796 -0.084743 0.577554 -0.015409 0.811796 -0.084743 0.577554 -0.015409 0.811796 -0.084743 0.577554 -0.015409 0.811796 0.329013 0.305166 0.556865 0.698946 -0.443403 -0.148295 -0.688695 -0.554167 -0.443417 -0.148313 -0.688691 -0.554156 -0.084743 0.577554 -0.015409 0.811796 -0.084743 0.577554 -0.015409 0.811796 -0.084743 0.577554 -0.015409 0.811796 -0.084743 0.577554 -0.015409 0.811796 -0.433671 0.542165 -0.557179 0.455564 -0.548432 0.438367 -0.570765 0.425775 -0.548421 0.438352 -0.570776 0.425789
-0.002068 0.657972 -0.000747 -0.103123 0.559038 -0.008167 0.822664 -0.256971 0.595817 -0.166106 0.742548 -0.043321 0.636391 -0.152629 0.754873 -0.409557 0.539766 -0.009308 0.735411 -0.409557 0.539766 -0.009308 0.735411 -0.409557 0.539766 -0.009308 0.735411 -0.207186 0.102383 0.036473 0.972246 -0.080222 -0.226810 -0.344103 0.907587 -0.187661 0.124800 0.176360 0.958178 -0.187660 0.124800 0.176360 0.958178 -0.187660 0.124800 0.176360 0.958178 -0.103123 0.559038 -0.008167 0.822664 -0.103123 0.559038 -0.008167 0.822664 -0.103123 0.559038 -0.008167 0.822664 -0.103123 0.559038 -0.008167 0.822664 0.301089 0.283259 0.569931 0.710133 -0.431418 -0.111417 -0.635526 -0.630533 -0.431434 -0.111434 -0.635523 -0.630522 -0.103123 0.559038 -0.008167 0.822664 -0.103123 0.559038 -0.008167 0.822664 -0.103123 0.559038 -0.008167 0.822664 -0.103123 0.559038 -0.008167 0.822664 -0.433493 0.524583 -0.557969 0.474939 -0.562910 0.401662 -0.566598 0.448070 -0.562899 0.401647 -0.566608 0.448085
-0.001998 0.697903 -0.000762 -0.111150 0.554409 0.001333 0.824788 -0.194988 0.609118 -0.128452 0.757928 0.046151 0.661448 -0.070891 0.745205 -0.288565 0.571415 0.052235 0.766477 -0.288565 0.571415 0.052235 0.766477 -0.288565 0.571415 0.052235 0.766477 -0.156948 0.101024 0.088781 0.978406 0.025449 -0.196697 -0.402121 0.893846 -0.024601 0.069009 0.126604 0.989244 -0.024601 0.069009 0.126604 0.989244 -0.024601 0.069009 0.126604 0.989244 -0.111150 0.554409 0.001334 0.824788 -0.111150 0.554409 0.001334 0.824788 -0.111150 0.554409 0.001334 0.824788 -0.111150 0.554409 0.001334 0.824788 0.299960 0.292320 0.586017 0.693655 -0.411837 -0.151859 -0.684861 -0.581631 -0.411852 -0.151877 -0.684857 -0.581620 -0.111150 0.554409 0.001334 0.824788 -0.111150 0.554409 0.001334 0.824788 -0.111150 0.554409 0.001334 0.824788 -0.111150 0.554409 0.001334 0.824788 -0.437087 0.517532 -0.551385 0.486919 0.579865 -0.375764 0.563633 -0.452632 0.579853 -0.375749 0.563643 -0.452647
-0.001918 0.729714 -0.000790 -0.112372 0.556266 0.006353 0.823347 -0.170499 0.614995 -0.115202 0.761209 0.060147 0.662908 -0.041050 0.745151 -0.259471 0.574098 0.074835 0.772972 -0.259471 0.574098 0.074835 0.772972 -0.259471 0.574098 0.074835 0.772972 -0.146470 0.104334 0.134536 0.974454 0.048153 -0.206699 -0.441195 0.871954 0.000554 -0.002844 0.047511 0.998867 0.000554 -0.002844 0.047511 0.998867 0.000554 -0.002844 0.047511 0.998867 -0.112372 0.556267 0.006353 0.823347 -0.112372 0.556267 0.006353 0.823347 -0.112372 0.556267 0.006353 0.823347 -0.112372 0.556267 0.006353 0.823347 0.301523 0.289054 0.589298 0.691563 -0.421828 -0.132419 -0.716947 -0.538992 -0.421842 -0.132438 -0.716944 -0.538981 -0.112372 0.556267 0.006353 0.823347 -0.112372 0.556267 0.006353 0.823347 -0.112372 0.556267 0.006353 0.823347 -0.112372 0.556267 0.006353 0.823347 -0.440215 0.515299 -0.546257 0.492221 0.587249 -0.366180 0.559472 -0.456116 0.587237 -0.366166 0.559482 -0.456131
-0.001866 0.758879 -0.000805 -0.111031 0.558977 0.010839 0.821644 -0.132808 0.629378 -0.086513 0.760763 0.093451 0.671584 -0.014037 0.734877 -0.203504 0.589212 0.090973 0.776620 -0.203504 0.589212 0.090973 0.776620 -0.203504 0.589212 0.090973 0.776620 -0.133857 0.114246 0.200559 0.963746 0.078552 -0.171314 -0.428662 0.883589 0.066145 -0.003392 0.047939 0.996652 0.066145 -0.003392 0.047939 0.996652 0.066145 -0.003392 0.047939 0.996652 -0.111030 0.558977 0.010839 0.821644 -0.111030 0.558977 0.010839 0.821644 -0.111030 0.558977 0.010839 0.821644 -0.111031 0.558977 0.010839 0.821644 0.304846 0.291443 0.590431 0.688128 -0.413771 -0.146315 -0.739528 -0.510375 -0.413785 -0.146334 -0.739524 -0.510365 -0.111030 0.558977 0.010839 0.821644 -0.111030 0.558977 0.010839 0.821644 -0.111030 0.558977 0.010839 0.821644 -0.111031 0.558977 0.010839 0.821644 -0.443647 0.513297 -0.544124 0.493591 0.587787 -0.366049 0.558354 -0.456897 0.587775 -0.366034 0.558364 -0.456913
-0.001853 0.777485 -0.000810 -0.105892 0.569291 0.014293 0.815163 -0.118123 0.642433 -0.063569 0.754510 0.096886 0.685437 -0.005466 0.721636 -0.182925 0.599878 0.091486 0.773508 -0.182925 0.599878 0.091486 0.773508 -0.182925 0.599878 0.091486 0.773508 -0.122115 0.121532 0.231949 0.957349 0.100472 -0.133995 -0.367125 0.914970 0.062118 0.075667 0.174015 0.979864 0.062119 0.075667 0.174015 0.979864 0.062119 0.075667 0.174015 0.979864 -0.105892 0.569291 0.014294 0.815163 -0.105892 0.569291 0.014294 0.815163 -0.105892 0.569291 0.014294 0.815163 -0.105892 0.569291 0.014294 0.815163 0.309825 0.300595 0.579725 0.691065 -0.423209 -0.150613 -0.724311 -0.523052 -0.423222 -0.150632 -0.724307 -0.523041 -0.105892 0.569291 0.014294 0.815163 -0.105892 0.569291 0.014294 0.815163 -0.105892 0.569291 0.014294 0.815163 -0.105892 0.569291 0.014294 0.815163 -0.449755 0.517271 -0.540206 0.488189 0.596358 -0.366676 0.553631 -0.450997 0.596346 -0.366662 0.553641 -0.451013
-0.001851 0.786870 -0.000806 -0.100435 0.578649 0.018425 0.809159 -0.105454 0.651417 -0.047351 0.749862 0.103193 0.693249 0.008117 0.713226 -0.174328 0.603990 0.105894 0.770449 -0.174328 0.603990 0.105894 0.770449 -0.174328 0.603990 0.105894 0.770449 -0.117955 0.116076 0.241422 0.956205 0.122423 -0.135673 -0.358098 0.915626 0.099929 0.050751 0.170972 0.978880 0.099929 0.050751 0.170972 0.978880 0.099929 0.050751 0.170972 0.978880 -0.100435 0.578649 0.018425 0.809159 -0.100435 0.578649 0.018425 0.809159 -0.100435 0.578649 0.018425 0.809159 -0.100435 0.578649 0.018425 0.809159 0.320345 0.301071 0.577015 0.688324 -0.439215 -0.139969 -0.719047 -0.520067 -0.439228 -0.139987 -0.719044 -0.520056 -0.100435 0.578649 0.018425 0.809159 -0.100435 0.578649 0.018425 0.809159 -0.100435 0.578649 0.018425 0.809159 -0.100435 0.578649 0.018425 0.809159 -0.454977 0.524320 -0.536178 0.480206 0.606106 -0.368658 0.553498 -0.436311 0.606094 -0.368644 0.553508 -0.436326
-0.001822 0.796247 -0.000867 -0.088559 0.579653 0.026467 0.809604 -0.090298 0.656384 -0.030889 0.748366 0.104039 0.698888 0.013701 0.707491 -0.172222 0.607857 0.112983 0.766866 -0.172222 0.607857 0.112983 0.766866 -0.172222 0.607857 0.112983 0.766866 -0.126190 0.117472 0.244760 0.954133 0.072079 -0.207525 -0.394948 0.892051 -0.414277 0.162948 0.346731 0.825591 -0.414277 0.162948 0.346731 0.825591 -0.414277 0.162948 0.346731 0.825591 -0.088559 0.579653 0.026468 0.809604 -0.088559 0.579653 0.026468 0.809604 -0.088559 0.579653 0.026468 0.809604 -0.088559 0.579653 0.026468 0.809604 0.327064 0.298343 0.575489 0.687629 -0.445653 -0.135132 -0.712646 -0.524661 -0.445666 -0.135151 -0.712642 -0.524649 -0.088559 0.579653 0.026468 0.809604 -0.088559 0.579653 0.026468 0.809604 -0.088559 0.579653 0.026468 0.809604 -0.088559 0.579653 0.026468 0.809604 0.450017 -0.536941 0.531237 -0.476410 0.601972 -0.383308 0.553462 -0.429399 0.601961 -0.383294 0.553472 -0.429414
-0.001802 0.805708 -0.000917 -0.085150 0.581891 0.029727 0.808250 -0.083066 0.661264 -0.025359 0.745109 0.101324 0.702869 0.006484 0.704036 -0.165684 0.612864 0.100000 0.766124 -0.165684 0.612864 0.100000 0.766124 -0.165684 0.612864 0.100000 0.766124 -0.071600 0.108385 0.241597 0.961643 0.159160 -0.176113 -0.451498 0.860117 -0.297439 0.128963 0.308996 0.894103 -0.297439 0.128963 0.308996 0.894103 -0.297439 0.128963 0.308996 0.894103 -0.085150 0.581891 0.029728 0.808250 -0.085150 0.581891 0.029728 0.808250 -0.085150 0.581891 0.029728 0.808250 -0.085150 0.581891 0.029728 0.808250 0.328019 0.304431 0.571790 0.687591 -0.449741 -0.139759 -0.700373 -0.536356 -0.449755 -0.139777 -0.700370 -0.536344 -0.085150 0.581891 0.029728 0.808250 -0.085150 0.581891 0.029728 0.808250 -0.085150 0.581891 0.029728 0.808250 -0.085150 0.581891 0.029727 0.808250 0.449687 -0.545499 0.527870 -0.470707 0.600827 -0.394514 0.554750 -0.419068 0.600816 -0.394500 0.554760 -0.419084
-0.001816 0.812238 -0.000927 -0.076872 0.585113 0.034670 0.806555 -0.080645 0.661487 -0.027525 0.745099 0.086774 0.702020 -0.002631 0.706846 -0.177055 0.611028 0.087489 0.766578 -0.177055 0.611028 0.087489 0.766578 -0.177055 0.611028 0.087489 0.766578 -0.027303 0.161431 0.203384 0.965313 0.221104 0.056351 -0.279865 0.932531 0.121558 0.255736 0.427013 0.858768 0.121558 0.255736 0.427013 0.858768 0.121558 0.255736 0.427013 0.858768 -0.076872 0.585113 0.034670 0.806555 -0.076872 0.585113 0.034670 0.806555 -0.076872 0.585113 0.034670 0.806555 -0.076872 0.585113 0.034670 0.806555 0.329097 0.318871 0.562912 0.687856 -0.449168 -0.159552 -0.694928 -0.538393 -0.449182 -0.159570 -0.694924 -0.538381 -0.076872 0.585113 0.034670 0.806555 -0.076872 0.585113 0.034670 0.806555 -0.076872 0.585113 0.034670 0.806555 -0.076872 0.585113 0.034670 0.806555 0.447402 -0.554459 0.522305 -0.468620 0.599565 -0.403821 0.554909 -0.411736 0.599555 -0.403806 0.554919 -0.411752
-0.001837 0.813272 -0.000912 -0.075605 0.580356 0.037941 0.809958 -0.074255 0.655862 -0.040545 0.750125 0.066751 0.693021 -0.005084 0.717802 -0.181851 0.604027 0.075491 0.772258 -0.181851 0.604027 0.075491 0.772258 -0.181851 0.604027 0.075491 0.772258 -0.100273 0.109351 0.086387 0.985152 0.105255 -0.095967 -0.194959 0.970414 0.006333 0.150607 0.351568 0.923947 0.006333 0.150607 0.351568 0.923947 0.006333 0.150607 0.351568 0.923947 -0.075604 0.580356 0.037941 0.809957 -0.075604 0.580356 0.037941 0.809957 -0.075604 0.580356 0.037941 0.809957 -0.075604 0.580356 0.037941 0.809957 0.322164 0.319142 0.560732 0.692775 -0.443703 -0.158508 -0.700246 -0.536338 -0.443717 -0.158526 -0.700242 -0.536326 -0.075604 0.580356 0.037941 0.809957 -0.075604 0.580356 0.037941 0.809957 -0.075604 0.580356 0.037941 0.809957 -0.075604 0.580356 0.037941 0.809957 0.444197 -0.554874 0.522270 -0.471208 0.593504 -0.407853 0.560363 -0.409147 0.593494 -0.407838 0.560374 -0.409163
-0.001856 0.814068 -0.000895 -0.070242 0.576716 0.043981 0.812730 -0.067330 0.650254 -0.038113 0.755767 0.067394 0.685734 0.015519 0.724559 -0.173111 0.595125 0.089893 0.779602 -0.173111 0.595125 0.089893 0.779602 -0.173111 0.595125 0.089893 0.779602 -0.103904 0.082761 0.069189 0.988720 0.061336 -0.151643 -0.134802 0.977277 -0.066189 0.094470 0.365539 0.923621 -0.066189 0.094470 0.365539 0.923621 -0.066189 0.094470 0.365539 0.923621 -0.070242 0.576716 0.043981 0.812730 -0.070242 0.576716 0.043981 0.812730 -0.070242 0.576716 0.043981 0.812730 -0.070242 0.576716 0.043981 0.812730 0.320098 0.316834 0.559955 0.695416 -0.437605 -0.161310 -0.702542 -0.537509 -0.437619 -0.161329 -0.702538 -0.537497 -0.070242 0.576716 0.043981 0.812730 -0.070242 0.576716 0.043981 0.812730 -0.070242 0.576716 0.043981 0.812730 -0.070242 0.576716 0.043981 0.812730 0.440870 -0.554885 0.521041 -0.475659 0.589206 -0.409065 0.562774 -0.410838 0.589195 -0.409051 0.562785 -0.410853
-0.001867 0.817237 -0.000876 -0.065331 0.572412 0.048535 0.815917 -0.066960 0.643544 -0.037764 0.761539 0.055937 0.677897 0.036587 0.732112 -0.164947 0.581503 0.096995 0.790720 -0.164947 0.581503 0.096995 0.790720 -0.164947 0.581503 0.096995 0.790720 -0.072439 0.064301 0.042483 0.994391 0.072361 -0.173300 -0.106256 0.976443 -0.064839 0.062435 0.378745 0.921113 -0.064839 0.062435 0.378745 0.921113 -0.064839 0.062435 0.378745 0.921113 -0.065330 0.572412 0.048536 0.815917 -0.065330 0.572412 0.048536 0.815917 -0.065330 0.572412 0.048536 0.815917 -0.065330 0.572412 0.048536 0.815917 0.317000 0.311766 0.558237 0.700488 -0.430087 -0.160149 -0.709965 -0.534160 -0.430101 -0.160168 -0.709961 -0.534149 -0.065330 0.572412 0.048536 0.815917 -0.065330 0.572412 0.048536 0.815917 -0.065330 0.572412 0.048536 0.815917 -0.065330 0.572412 0.048536 0.815917 0.436995 -0.552170 0.521022 -0.482368 0.587450 -0.403581 0.564752 -0.416028 0.587440 -0.403566 0.564763 -0.416043
-0.001871 0.817549 -0.000848 -0.056821 0.560992 0.051495 0.824262 -0.070183 0.629702 -0.036713 0.772789 0.035760 0.667921 0.050541 0.741653 -0.171144 0.568385 0.103344 0.798103 -0.171144 0.568385 0.103344 0.798103 -0.171144 0.568385 0.103344 0.798103 -0.041550 0.042819 0.004783 0.998207 0.089065 -0.196993 -0.078346 0.973203 -0.075628 0.038484 0.409288 0.908451 -0.075628 0.038484 0.409288 0.908451 -0.075628 0.038484 0.409288 0.908451 -0.056821 0.560992 0.051495 0.824262 -0.056821 0.560992 0.051495 0.824262 -0.056821 0.560992 0.051495 0.824262 -0.056821 0.560992 0.051495 0.824262 0.315419 0.299583 0.562183 0.703357 -0.423974 -0.150692 -0.715454 -0.534475 -0.423988 -0.150711 -0.715450 -0.534464 -0.056821 0.560992 0.051495 0.824262 -0.056821 0.560992 0.051495 0.824262 -0.056821 0.560992 0.051495 0.824262 -0.056821 0.560992 0.051495 0.824262 0.426528 -0.540979 0.526584 -0.498122 0.578027 -0.390472 0.570300 -0.433790 0.578016 -0.390457 0.570310 -0.433805
-0.001815 0.816032 -0.000899 -0.039819 0.521923 0.053613 0.850374 -0.072433 0.600668 -0.040960 0.795156 0.026417 0.649115 0.063881 0.757543 -0.170822 0.555843 0.112983 0.805664 -0.170822 0.555843 0.112983 0.805664 -0.170822 0.555843 0.112983 0.805664 -0.011933 0.017095 -0.015095 0.999669 0.128835 -0.199047 -0.081647 0.968047 -0.032249 0.037006 0.424034 0.904315 -0.032249 0.037006 0.424034 0.904315 -0.032249 0.037006 0.424034 0.904315 -0.039818 0.521923 0.053614 0.850374 -0.039818 0.521923 0.053614 0.850374 -0.039818 0.521923 0.053614 0.850374 -0.039818 0.521923 0.053614 0.850374 0.303742 0.272071 0.576837 0.707797 -0.404694 -0.131259 -0.722067 -0.545539 -0.404708 -0.131278 -0.722063 -0.545529 -0.039818 0.521923 0.053614 0.850374 -0.039818 0.521923 0.053614 0.850374 -0.039818 0.521923 0.053614 0.850374 -0.039818 0.521923 0.053614 0.850374 -0.397380 0.512119 -0.555081 0.521256 -0.550484 0.361698 -0.598006 0.456652 -0.550472 0.361682 -0.598016 0.456666
-0.001738 0.815613 -0.000948 -0.016839 0.461171 0.051948 0.885629 -0.057969 0.554112 -0.033500 0.829745 0.045371 0.609423 0.086515 0.786804 -0.149258 0.519448 0.127353 0.831671 -0.149258 0.519448 0.127353 0.831671 -0.149258 0.519448 0.127353 0.831671 0.005319 -0.040468 -0.034476 0.998572 0.148345 -0.240548 -0.078999 0.955976 -0.045510 0.010517 0.440547 0.896514 -0.045510 0.010517 0.440547 0.896514 -0.045510 0.010517 0.440547 0.896514 -0.016838 0.461171 0.051949 0.885629 -0.016838 0.461171 0.051949 0.885629 -0.016838 0.461171 0.051949 0.885629 -0.016839 0.461171 0.051949 0.885629 0.288572 0.215587 0.604402 0.710596 -0.350744 -0.120907 -0.734536 -0.568170 -0.350759 -0.120926 -0.734533 -0.568161 -0.016838 0.461171 0.051949 0.885629 -0.016838 0.461171 0.051949 0.885629 -0.016838 0.461171 0.051949 0.885629 -0.016839 0.461171 0.051949 0.885629 -0.348061 0.468177 -0.595510 0.552296 -0.503762 0.318940 -0.630465 0.497006 -0.503749 0.318923 -0.630473 0.497019
-0.001620 0.814176 -0.001004 0.029373 0.354247 0.048646 0.933424 -0.069751 0.447434 -0.059794 0.889586 0.069073 0.499156 0.079269 0.860110 -0.108446 0.396239 0.065620 0.909356 -0.108446 0.396239 0.065620 0.909356 -0.108446 0.396239 0.065620 0.909356 0.012531 -0.145081 -0.051752 0.987986 0.159330 -0.331358 -0.062195 0.927873 -0.116793 -0.057454 0.454607 0.881130 -0.116793 -0.057454 0.454607 0.881130 -0.116793 -0.057454 0.454607 0.881130 0.029373 0.354247 0.048647 0.933424 0.029373 0.354247 0.048647 0.933424 0.029373 0.354247 0.048647 0.933424 0.029373 0.354247 0.048647 0.933424 0.258972 0.147220 0.644182 0.704478 -0.297729 -0.075865 -0.767893 -0.562087 -0.297744 -0.075885 -0.767891 -0.562079 0.029373 0.354247 0.048647 0.933424 0.029373 0.354247 0.048647 0.933424 0.029373 0.354247 0.048647 0.933424 0.029373 0.354247 0.048647 0.933424 -0.248159 0.371100 -0.653599 0.611155 -0.405681 0.221744 -0.671110 0.579537 -0.405666 0.221727 -0.671116 0.579547
-0.001513 0.799749 -0.001066 0.066536 0.225089 0.036439 0.971381 -0.162834 0.319118 -0.103059 0.927916 0.056466 0.361174 0.041601 0.929857 -0.114040 0.209125 -0.032672 0.970667 -0.114040 0.209125 -0.032672 0.970667 -0.114040 0.209125 -0.032672 0.970667 0.013457 -0.248980 -0.073401 0.965629 0.177090 -0.410869 -0.062712 0.892128 -0.149062 -0.119852 0.444520 0.875110 -0.149062 -0.119852 0.444520 0.875110 -0.149062 -0.119852 0.444520 0.875110 0.066536 0.225089 0.036439 0.971380 0.066536 0.225089 0.036439 0.971380 0.066536 0.225089 0.036439 0.971380 0.066536 0.225089 0.036439 0.971380 0.203922 0.043872 0.679097 0.703789 -0.213387 -0.005106 -0.782331 -0.585149 -0.213402 -0.005126 -0.782330 -0.585143 0.066536 0.225089 0.036439 0.971380 0.066536 0.225089 0.036439 0.971380 0.066536 0.225089 0.036439 0.971380 0.066536 0.225089 0.036439 0.971380 -0.132710 0.226553 -0.724445 0.637371 -0.280731 0.097038 -0.766632 0.569253 -0.280717 0.097018 -0.766634 0.569260
-0.001386 0.789065 -0.001114 0.090053 0.148627 0.025661 0.984450 -0.202343 0.293265 -0.117706 0.926929 0.154829 0.307267 0.023174 0.938657 0.035667 0.158923 -0.081482 0.983276 0.035667 0.158923 -0.081482 0.983276 0.035667 0.158923 -0.081482 0.983276 0.012478 -0.297017 -0.081455 0.951310 0.184014 -0.434859 -0.059846 0.879463 -0.152571 -0.127478 0.449461 0.870894 -0.152571 -0.127478 0.449461 0.870894 -0.152571 -0.127478 0.449461 0.870894 0.090053 0.148627 0.025661 0.984450 0.090053 0.148627 0.025661 0.984450 0.090053 0.148627 0.025661 0.984450 0.090053 0.148627 0.025661 0.984450 -0.169580 0.018911 -0.699512 -0.693951 -0.163784 0.038898 -0.784204 -0.597231 -0.163800 0.038878 -0.784205 -0.597227 0.090053 0.148627 0.025661 0.984450 0.090053 0.148627 0.025661 0.984450 0.090053 0.148627 0.025661 0.984450 0.090053 0.148627 0.025661 0.984450 -0.051044 0.136465 -0.723429 0.674850 -0.149737 0.046607 -0.745062 0.648297 -0.149720 0.046588 -0.745064 0.648301
-0.001339 0.788917 -0.001107 0.067756 0.114718 0.019292 0.990897 -0.309756 0.308553 -0.147279 0.887218 0.112268 0.345938 -0.056117 0.929824 -0.070876 0.208997 -0.130044 0.966636 -0.070876 0.208997 -0.130044 0.966636 -0.070876 0.208997 -0.130044 0.966636 0.000325 -0.329104 -0.072448 0.941511 0.188807 -0.458123 -0.061716 0.866410 -0.144843 -0.163428 0.431723 0.875172 -0.144843 -0.163428 0.431723 0.875172 -0.144843 -0.163428 0.431723 0.875172 0.067756 0.114718 0.019292 0.990897 0.067756 0.114718 0.019292 0.990897 0.067756 0.114718 0.019292 0.990897 0.067756 0.114718 0.019292 0.990897 -0.130470 0.033211 -0.718086 -0.682808 -0.124523 0.047165 -0.793337 -0.594042 -0.124539 0.047144 -0.793338 -0.594039 0.067756 0.114718 0.019292 0.990897 0.067756 0.114718 0.019292 0.990897 0.067756 0.114718 0.019292 0.990897 0.067756 0.114718 0.019292 0.990897 -0.037037 0.063418 -0.718036 0.692121 -0.104486 -0.000177 -0.772567 0.626278 -0.104469 -0.000197 -0.772567 0.626280
-0.001356 0.790843 -0.001015 0.045750 0.086597 0.018908 0.995013 -0.372547 0.314758 -0.185743 0.853016 -0.000040 0.344238 -0.161860 0.924825 -0.256862 0.209890 -0.213902 0.918811 -0.256862 0.209890 -0.213902 0.918811 -0.256862 0.209890 -0.213902 0.918811 0.000107 -0.352672 -0.065611 0.933444 0.186961 -0.479053 -0.063953 0.855257 -0.129864 -0.192966 0.418157 0.878091 -0.129864 -0.192966 0.418157 0.878091 -0.129864 -0.192966 0.418157 0.878091 0.045750 0.086597 0.018909 0.995013 0.045750 0.086597 0.018909 0.995013 0.045750 0.086597 0.018909 0.995013 0.045750 0.086597 0.018908 0.995013 -0.095691 0.055416 -0.732561 -0.671660 -0.105956 0.079911 -0.794773 -0.592219 -0.105972 0.079890 -0.794775 -0.592216 0.045750 0.086597 0.018909 0.995013 0.045750 0.086597 0.018909 0.995013 0.045750 0.086597 0.018909 0.995013 0.045750 0.086597 0.018908 0.995013 -0.029068 0.018796 -0.704428 0.708930 -0.070519 -0.025049 -0.799702 0.595716 -0.070503 -0.025070 -0.799701 0.595717
-0.001327 0.791822 -0.000957 0.047058 0.077092 0.021580 0.995679 -0.306214 0.293541 -0.190113 0.885394 0.171797 0.274162 -0.156296 0.933216 -0.074559 0.143561 -0.267562 0.949864 -0.074559 0.143561 -0.267562 0.949864 -0.074559 0.143561 -0.267562 0.949864 0.005602 -0.350882 -0.059877 0.934487 0.181980 -0.468288 -0.063979 0.862263 -0.114553 -0.175395 0.423487 0.881347 -0.114553 -0.175395 0.423487 0.881347 -0.114553 -0.175395 0.423487 0.881347 0.047059 0.077092 0.021581 0.995679 0.047059 0.077092 0.021581 0.995679 0.047059 0.077092 0.021581 0.995679 0.047058 0.077092 0.021581 0.995679 -0.090113 0.063571 -0.743316 -0.659788 -0.114598 0.098590 -0.795395 -0.586937 -0.114613 0.098569 -0.795397 -0.586934 0.047059 0.077092 0.021581 0.995679 0.047059 0.077092 0.021581 0.995679 0.047059 0.077092 0.021581 0.995679 0.047059 0.077092 0.021581 0.995679 -0.018980 0.003875 -0.687290 0.726125 -0.067535 -0.050995 -0.817051 0.570322 -0.067521 -0.051016 -0.817049 0.570324
-0.001317 0.789110 -0.000878 0.037826 0.066123 0.020992 0.996873 -0.318858 0.264893 -0.215069 0.884255 0.094727 0.162384 -0.186714 0.964259 -0.173597 -0.005720 -0.328290 0.928470 -0.173597 -0.005720 -0.328290 0.928470 -0.173597 -0.005720 -0.328290 0.928470 0.013383 -0.367719 -0.055735 0.928169 0.180446 -0.488941 -0.054657 0.851697 -0.139931 -0.193426 0.426148 0.872584 -0.139931 -0.193426 0.426148 0.872584 -0.139931 -0.193426 0.426148 0.872584 0.037826 0.066123 0.020992 0.996873 0.037826 0.066123 0.020992 0.996873 0.037826 0.066123 0.020992 0.996873 0.037826 0.066123 0.020992 0.996873 -0.076021 0.068058 -0.751837 -0.651407 -0.106516 0.104601 -0.794111 -0.589152 -0.106531 0.104581 -0.794114 -0.589149 0.037826 0.066123 0.020992 0.996873 0.037826 0.066123 0.020992 0.996873 0.037826 0.066123 0.020992 0.996873 0.037826 0.066123 0.020992 0.996873 -0.016517 0.001329 -0.672075 0.740298 -0.064907 -0.055792 -0.814731 0.573488 -0.064893 -0.055813 -0.814729 0.573489
-0.001313 0.785891 -0.000724 0.042148 0.058555 0.021252 0.997168 -0.239184 0.184908 -0.224354 0.926426 0.105859 0.020993 -0.208135 0.972128 -0.227511 -0.195731 -0.437190 0.847817 -0.227511 -0.195731 -0.437190 0.847817 -0.227511 -0.195731 -0.437190 0.847817 0.004664 -0.374828 -0.046822 0.925900 0.178721 -0.495871 -0.043870 0.848673 -0.140697 -0.203155 0.428955 0.868867 -0.140697 -0.203155 0.428955 0.868867 -0.140697 -0.203155 0.428955 0.868867 0.042148 0.058554 0.021253 0.997168 0.042148 0.058554 0.021253 0.997168 0.042148 0.058554 0.021253 0.997168 0.042148 0.058554 0.021253 0.997168 -0.073238 0.068865 -0.760257 -0.641797 -0.112572 0.109826 -0.791462 -0.590638 -0.112587 0.109805 -0.791465 -0.590635 0.042148 0.058554 0.021253 0.997168 0.042148 0.058554 0.021253 0.997168 0.042148 0.058554 0.021253 0.997168 0.042148 0.058554 0.021253 0.997168 -0.006712 0.007030 -0.655381 0.755236 -0.058628 -0.052932 -0.813193 0.576609 -0.058613 -0.052954 -0.813192 0.576610
-0.001305 0.782645 -0.000548 0.049584 0.048070 0.022024 0.997369 -0.133771 0.142047 -0.210929 0.957829 0.121528 -0.017787 -0.190537 0.973966 -0.182746 -0.250455 -0.433509 0.846136 -0.182746 -0.250455 -0.433509 0.846136 -0.182746 -0.250455 -0.433509 0.846136 0.003153 -0.387971 -0.038625 0.920857 0.176654 -0.510937 -0.035202 0.840534 -0.152778 -0.221450 0.427589 0.863010 -0.152778 -0.221450 0.427589 0.863010 -0.152778 -0.221450 0.427589 0.863010 0.049584 0.048070 0.022025 0.997369 0.049584 0.048070 0.022025 0.997369 0.049584 0.048070 0.022025 0.997369 0.049584 0.048070 0.022025 0.997369 -0.070011 0.067820 -0.765449 -0.636071 -0.111642 0.108730 -0.790942 -0.591713 -0.111657 0.108709 -0.790945 -0.591710 0.049584 0.048070 0.022025 0.997369 0.049584 0.048070 0.022025 0.997369 0.049584 0.048070 0.022025 0.997369 0.049584 0.048070 0.022025 0.997369 0.007157 0.011276 -0.639347 0.768802 -0.052117 -0.054900 -0.809857 0.581723 -0.052102 -0.054921 -0.809855 0.581724
-0.001305 0.780028 -0.000403 0.048082 0.029200 0.021153 0.998192 -0.073715 0.123579 -0.181299 0.972844 0.093361 -0.001030 -0.187259 0.977863 -0.173512 -0.247323 -0.397347 0.866511 -0.173512 -0.247323 -0.397347 0.866511 -0.173512 -0.247323 -0.397347 0.866511 0.006737 -0.408522 -0.031113 0.912193 0.175798 -0.532296 -0.028678 0.827608 -0.166975 -0.246596 0.422270 0.856153 -0.166975 -0.246596 0.422270 0.856153 -0.166975 -0.246596 0.422270 0.856153 0.048082 0.029200 0.021154 0.998192 0.048082 0.029200 0.021154 0.998192 0.048082 0.029200 0.021154 0.998192 0.048082 0.029200 0.021154 0.998192 -0.054509 0.071805 -0.768722 -0.633198 -0.087818 0.102737 -0.784710 -0.604949 -0.087833 0.102717 -0.784713 -0.604946 0.048082 0.029200 0.021154 0.998192 0.048082 0.029200 0.021154 0.998192 0.048082 0.029200 0.021154 0.998192 0.048082 0.029200 0.021154 0.998192 0.019306 -0.000738 -0.625248 0.780187 -0.039855 -0.068726 -0.807614 0.584336 -0.039839 -0.068747 -0.807612 0.584337
-0.001275 0.778136 -0.000353 0.041494 -0.010293 0.015567 0.998964 -0.049343 0.096303 -0.160744 0.981047 0.063020 -0.003798 -0.179414 0.981746 -0.160978 -0.256102 -0.362257 0.881628 -0.160978 -0.256102 -0.362257 0.881628 -0.160978 -0.256102 -0.362257 0.881628 0.014234 -0.451808 -0.021461 0.891744 0.166186 -0.578399 -0.027282 0.798181 -0.192878 -0.296402 0.405877 0.842738 -0.192878 -0.296402 0.405877 0.842738 -0.192878 -0.296402 0.405877 0.842738 0.041494 -0.010293 0.015568 0.998964 0.041494 -0.010293 0.015568 0.998964 0.041494 -0.010293 0.015568 0.998964 0.041494 -0.010293 0.015568 0.998964 -0.019535 0.097948 -0.773795 -0.625512 -0.031635 0.107973 -0.774992 -0.621875 -0.031652 0.107953 -0.774995 -0.621874 0.041494 -0.010293 0.015568 0.998964 0.041494 -0.010293 0.015568 0.998964 0.041494 -0.010293 0.015568 0.998964 0.041494 -0.010293 0.015568 0.998964 0.039737 -0.036135 -0.607688 0.792358 -0.015173 -0.106169 -0.792418 0.600476 -0.015157 -0.106190 -0.792416 0.600476
-0.001221 0.779418 -0.000365 0.037574 -0.035059 0.007854 0.998648 -0.042720 0.091448 -0.143164 0.984539 0.044149 -0.000311 -0.183336 0.982058 -0.161528 -0.247397 -0.347399 0.889954 -0.161528 -0.247397 -0.347399 0.889954 -0.161528 -0.247397 -0.347399 0.889954 0.024795 -0.473964 -0.013717 0.880088 0.168932 -0.597017 -0.023249 0.783895 -0.203798 -0.315134 0.404921 0.833784 -0.203798 -0.315134 0.404921 0.833784 -0.203798 -0.315134 0.404921 0.833784 0.037574 -0.035059 0.007855 0.998648 0.037574 -0.035059 0.007855 0.998648 0.037574 -0.035059 0.007855 0.998648 0.037574 -0.035059 0.007855 0.998648 0.002780 0.131479 -0.773343 -0.620198 0.002996 0.129462 -0.762200 -0.634257 0.002979 0.129442 -0.762203 -0.634257 0.037574 -0.035059 0.007855 0.998648 0.037574 -0.035059 0.007855 0.998648 0.037574 -0.035059 0.007855 0.998648 0.037574 -0.035059 0.007855 0.998648 0.051458 -0.062888 -0.593553 0.800682 -0.002686 -0.139126 -0.785727 0.602719 -0.002671 -0.139146 -0.785723 0.602719
-0.001154 0.783579 -0.000413 0.037021 -0.063227 -0.000787 0.997312 -0.042170 0.081827 -0.135438 0.986500 0.034384 0.009592 -0.175499 0.983832 -0.147276 -0.237488 -0.325571 0.903279 -0.147276 -0.237488 -0.325571 0.903279 -0.147276 -0.237488 -0.325571 0.903279 0.037359 -0.494892 -0.006947 0.868123 0.170898 -0.611710 -0.018910 0.772170 -0.220797 -0.324052 0.410346 0.823319 -0.220797 -0.324052 0.410346 0.823319 -0.220797 -0.324052 0.410346 0.823319 0.037021 -0.063228 -0.000787 0.997312 0.037021 -0.063228 -0.000787 0.997312 0.037021 -0.063228 -0.000787 0.997312 0.037021 -0.063228 -0.000787 0.997312 0.025383 0.162564 -0.763795 -0.624137 0.036862 0.150752 -0.749300 -0.643789 0.036845 0.150732 -0.749304 -0.643790 0.037021 -0.063228 -0.000787 0.997312 0.037021 -0.063228 -0.000787 0.997312 0.037021 -0.063228 -0.000787 0.997312 0.037021 -0.063228 -0.000787 0.997312 0.066720 -0.095761 -0.582672 0.804284 0.014026 -0.177486 -0.777501 0.603154 0.014041 -0.177506 -0.777496 0.603153
-0.001100 0.786220 -0.000455 0.038490 -0.077516 -0.005690 0.996232 -0.045765 0.076858 -0.130651 0.987385 0.027921 0.008028 -0.175779 0.984001 -0.140658 -0.237457 -0.317696 0.907138 -0.140658 -0.237457 -0.317696 0.907138 -0.140658 -0.237457 -0.317696 0.907138 0.032262 -0.504008 -0.000523 0.863096 0.173191 -0.615779 -0.010081 0.768583 -0.210621 -0.332229 0.415706 0.820031 -0.210621 -0.332229 0.415706 0.820031 -0.210621 -0.332229 0.415706 0.820031 0.038490 -0.077516 -0.005689 0.996232 0.038490 -0.077516 -0.005689 0.996232 0.038490 -0.077516 -0.005689 0.996232 0.038489 -0.077516 -0.005689 0.996232 0.035383 0.177532 -0.754778 -0.630508 0.049593 0.163029 -0.739445 -0.651294 0.049576 0.163010 -0.739449 -0.651295 0.038490 -0.077516 -0.005689 0.996232 0.038490 -0.077516 -0.005689 0.996232 0.038490 -0.077516 -0.005689 0.996232 0.038489 -0.077516 -0.005689 0.996232 0.075313 -0.118970 -0.577292 0.804306 0.023028 -0.205351 -0.769957 0.603711 0.023044 -0.205371 -0.769952 0.603710
-0.001075 0.787835 -0.000484 0.035791 -0.083517 -0.006326 0.995843 -0.045657 0.073238 -0.127915 0.988023 0.030690 0.007066 -0.177114 0.983686 -0.129746 -0.238071 -0.315765 0.909275 -0.129746 -0.238071 -0.315765 0.909275 -0.129746 -0.238071 -0.315765 0.909275 0.032743 -0.499519 0.003232 0.865678 0.169898 -0.603058 -0.001024 0.779394 -0.204197 -0.311492 0.430651 0.822080 -0.204197 -0.311492 0.430651 0.822080 -0.204197 -0.311492 0.430651 0.822080 0.035791 -0.083517 -0.006325 0.995843 0.035791 -0.083517 -0.006325 0.995843 0.035791 -0.083517 -0.006325 0.995843 0.035791 -0.083517 -0.006325 0.995843 0.041102 0.180390 -0.749052 -0.636154 0.057434 0.163885 -0.733274 -0.657383 0.057417 0.163866 -0.733278 -0.657385 0.035791 -0.083517 -0.006325 0.995843 0.035791 -0.083517 -0.006325 0.995843 0.035791 -0.083517 -0.006325 0.995843 0.035791 -0.083517 -0.006325 0.995843 0.076376 -0.131695 -0.576703 0.802643 0.024190 -0.221106 -0.765549 0.603707 0.024205 -0.221126 -0.765543 0.603706
-0.001069 0.789033 -0.000502 0.035646 -0.073279 -0.005765 0.996658 -0.048638 0.080356 -0.126318 0.987533 0.036105 0.011842 -0.175901 0.983674 -0.118781 -0.235767 -0.314324 0.911869 -0.118781 -0.235767 -0.314324 0.911869 -0.118781 -0.235767 -0.314324 0.911869 0.041177 -0.481578 0.005248 0.875420 0.177152 -0.575431 0.008195 0.798392 -0.164089 -0.292926 0.442836 0.831364 -0.164089 -0.292926 0.442836 0.831364 -0.164089 -0.292926 0.442836 0.831364 0.035646 -0.073279 -0.005764 0.996658 0.035646 -0.073279 -0.005764 0.996658 0.035646 -0.073279 -0.005764 0.996658 0.035646 -0.073279 -0.005764 0.996658 0.032944 0.171532 -0.746748 -0.641763 0.049471 0.153181 -0.722898 -0.671942 0.049454 0.153163 -0.722902 -0.671944 0.035646 -0.073279 -0.005764 0.996658 0.035646 -0.073279 -0.005764 0.996658 0.035646 -0.073279 -0.005764 0.996658 0.035646 -0.073279 -0.005764 0.996658 0.070491 -0.127401 -0.578288 0.802735 0.011556 -0.226083 -0.766450 0.601089 0.011572 -0.226103 -0.766444 0.601088
-0.001079 0.787462 -0.000517 0.036037 -0.061890 -0.003155 0.997427 -0.049822 0.091173 -0.126807 0.986471 0.044904 0.022384 -0.175557 0.983190 -0.110859 -0.222831 -0.313939 0.916242 -0.110859 -0.222831 -0.313939 0.916242 -0.110859 -0.222831 -0.313939 0.916242 0.026305 -0.454828 0.016309 0.890041 0.167434 -0.536604 0.013980 0.826938 -0.160995 -0.231454 0.471122 0.835795 -0.160995 -0.231454 0.471122 0.835795 -0.160995 -0.231454 0.471122 0.835795 0.036037 -0.061890 -0.003155 0.997427 0.036037 -0.061890 -0.003155 0.997427 0.036037 -0.061890 -0.003155 0.997427 0.036037 -0.061890 -0.003155 0.997427 0.023400 0.161252 -0.745323 -0.646486 0.038537 0.141668 -0.709254 -0.689495 0.038519 0.141650 -0.709258 -0.689496 0.036037 -0.061890 -0.003155 0.997427 0.036037 -0.061890 -0.003155 0.997427 0.036037 -0.061890 -0.003155 0.997427 0.036037 -0.061890 -0.003155 0.997427 0.064600 -0.118979 -0.579019 0.803995 0.001169 -0.223433 -0.772559 0.594331 0.001185 -0.223453 -0.772553 0.594331
-0.001102 0.783425 -0.000537 0.036265 -0.053570 0.002670 0.997902 -0.052694 0.095414 -0.128442 0.985709 0.046794 0.019121 -0.178461 0.982648 -0.114557 -0.227967 -0.322153 0.911661 -0.114557 -0.227967 -0.322153 0.911661 -0.114557 -0.227967 -0.322153 0.911661 0.024005 -0.434089 0.024077 0.900228 0.166285 -0.502501 0.018819 0.848226 -0.135349 -0.183298 0.498574 0.836365 -0.135349 -0.183298 0.498574 0.836365 -0.135349 -0.183298 0.498574 0.836365 0.036265 -0.053570 0.002670 0.997902 0.036265 -0.053570 0.002670 0.997902 0.036265 -0.053570 0.002670 0.997902 0.036265 -0.053570 0.002670 0.997902 0.016854 0.153692 -0.753892 -0.638546 0.035736 0.129480 -0.707519 -0.693811 0.035718 0.129462 -0.707523 -0.693812 0.036265 -0.053570 0.002670 0.997902 0.036265 -0.053570 0.002670 0.997902 0.036265 -0.053570 0.002670 0.997902 0.036265 -0.053570 0.002670 0.997902 0.060559 -0.114222 -0.575981 0.807175 -0.008595 -0.227783 -0.776284 0.587728 -0.008579 -0.227803 -0.776278 0.587729
-0.001122 0.780534 -0.000530 0.037527 -0.060498 0.010742 0.997405 -0.056335 0.088234 -0.128413 0.986180 0.046558 0.011341 -0.178420 0.982787 -0.113450 -0.235462 -0.322857 0.909643 -0.113450 -0.235462 -0.322857 0.909643 -0.113450 -0.235462 -0.322857 0.909643 0.016576 -0.446036 0.031886 0.894293 0.157878 -0.521517 0.025296 0.838126 -0.156497 -0.200053 0.499005 0.828542 -0.156497 -0.200053 0.499005 0.828542 -0.156497 -0.200053 0.499005 0.828542 0.037527 -0.060498 0.010743 0.997405 0.037527 -0.060498 0.010743 0.997405 0.037527 -0.060498 0.010743 0.997405 0.037527 -0.060498 0.010743 0.997405 0.020821 0.159501 -0.761256 -0.628184 0.044268 0.130619 -0.707245 -0.693386 0.044250 0.130601 -0.707248 -0.693387 0.037527 -0.060498 0.010743 0.997405 0.037527 -0.060498 0.010743 0.997405 0.037527 -0.060498 0.010743 0.997405 0.037527 -0.060498 0.010743 0.997405 0.066117 -0.118799 -0.563488 0.814860 -0.003638 -0.237403 -0.775563 0.584917 -0.003623 -0.237424 -0.775557 0.584917
-0.001123 0.778037 -0.000494 0.039520 -0.081973 0.020749 0.995634 -0.050254 0.058247 -0.124903 0.989182 0.052400 -0.024822 -0.179106 0.982120 -0.107213 -0.273486 -0.334815 0.895327 -0.107213 -0.273486 -0.334815 0.895327 -0.107213 -0.273486 -0.334815 0.895327 0.029290 -0.465300 0.034935 0.883978 0.152596 -0.543625 0.028793 0.824838 -0.155265 -0.226751 0.488850 0.827951 -0.155265 -0.226751 0.488850 0.827951 -0.155265 -0.226751 0.488850 0.827951 0.039520 -0.081973 0.020750 0.995634 0.039520 -0.081973 0.020750 0.995634 0.039520 -0.081973 0.020750 0.995634 0.039520 -0.081973 0.020750 0.995634 0.035789 0.186710 -0.773461 -0.604663 0.063833 0.157132 -0.730955 -0.661014 0.063816 0.157113 -0.730959 -0.661016 0.039520 -0.081973 0.020750 0.995634 0.039520 -0.081973 0.020750 0.995634 0.039520 -0.081973 0.020750 0.995634 0.039520 -0.081973 0.020750 0.995634 0.080065 -0.122166 -0.542791 0.827069 0.012861 -0.240942 -0.773462 0.586121 0.012877 -0.240962 -0.773456 0.586121
-0.001111 0.776733 -0.000479 0.035904 -0.123695 0.032081 0.991151 -0.044488 0.009771 -0.116591 0.992135 0.061004 -0.069515 -0.173137 0.980546 -0.100535 -0.317063 -0.345782 0.877381 -0.100535 -0.317063 -0.345782 0.877381 -0.100535 -0.317063 -0.345782 0.877381 0.041871 -0.501799 0.046235 0.862732 0.170839 -0.574558 0.038644 0.799502 -0.184299 -0.264493 0.491424 0.809061 -0.184299 -0.264493 0.491424 0.809061 -0.184299 -0.264493 0.491424 0.809061 0.035904 -0.123695 0.032081 0.991151 0.035904 -0.123695 0.032081 0.991151 0.035904 -0.123695 0.032081 0.991151 0.035904 -0.123695 0.032081 0.991151 0.068930 0.244245 -0.781219 -0.570342 0.102792 0.213174 -0.746299 -0.622117 0.102776 0.213154 -0.746304 -0.622119 0.035904 -0.123695 0.032081 0.991151 0.035904 -0.123695 0.032081 0.991151 0.035904 -0.123695 0.032081 0.991151 0.035904 -0.123695 0.032081 0.991151 0.098920 -0.128016 -0.515106 0.841720 0.034315 -0.247995 -0.763287 0.595578 0.034331 -0.248015 -0.763281 0.595577
-0.001079 0.777316 -0.000556 0.043085 -0.172554 0.041058 0.983200 -0.035976 -0.037415 -0.107154 0.992887 0.075146 -0.113193 -0.162776 0.977264 -0.094271 -0.350275 -0.353314 0.862317 -0.094271 -0.350275 -0.353314 0.862317 -0.094271 -0.350275 -0.353314 0.862317 0.043661 -0.537194 0.060443 0.840157 0.175687 -0.599508 0.050945 0.779185 -0.219224 -0.286138 0.495019 0.790583 -0.219224 -0.286138 0.495019 0.790583 -0.219224 -0.286138 0.495019 0.790583 0.043085 -0.172554 0.041058 0.983200 0.043085 -0.172554 0.041058 0.983200 0.043085 -0.172554 0.041058 0.983200 0.043085 -0.172554 0.041058 0.983200 0.099690 0.317846 -0.777018 -0.534115 0.148850 0.276191 -0.737902 -0.597548 0.148834 0.276172 -0.737909 -0.597552 0.043085 -0.172554 0.041058 0.983200 0.043085 -0.172554 0.041058 0.983200 0.043085 -0.172554 0.041058 0.983200 0.043085 -0.172554 0.041058 0.983200 0.128171 -0.130852 -0.485770 0.854680 0.059444 -0.257883 -0.740403 0.617872 0.059460 -0.257902 -0.740397 0.617870
-0.001093 0.778610 -0.000754 0.033397 -0.278756 0.053457 0.958291 -0.053702 -0.116947 -0.101142 0.986514 0.063894 -0.176637 -0.146657 0.971189 -0.094863 -0.387890 -0.334905 0.853452 -0.094863 -0.387890 -0.334905 0.853452 -0.094863 -0.387890 -0.334905 0.853452 0.058546 -0.604809 0.084591 0.789698 0.213596 -0.638700 0.083162 0.734522 -0.179754 -0.348727 0.515450 0.761833 -0.179754 -0.348727 0.515450 0.761833 -0.179754 -0.348727 0.515450 0.761833 0.033397 -0.278756 0.053457 0.958291 0.033397 -0.278756 0.053457 0.958291 0.033397 -0.278756 0.053457 0.958291 0.033396 -0.278756 0.053457 0.958291 0.177888 0.410718 -0.748853 -0.488759 0.261273 0.343914 -0.682692 -0.589399 0.261258 0.343897 -0.682701 -0.589406 0.033397 -0.278756 0.053457 0.958291 0.033397 -0.278756 0.053457 0.958291 0.033397 -0.278756 0.053457 0.958291 0.033397 -0.278756 0.053457 0.958291 0.173277 -0.169791 -0.460844 0.853680 0.115200 -0.285675 -0.720305 0.621514 0.115216 -0.285693 -0.720297 0.621511
-0.001138 0.781848 -0.000966 0.032004 -0.345093 0.064795 0.935782 -0.074089 -0.181066 -0.095341 0.976031 0.046410 -0.237180 -0.116424 0.963347 -0.095256 -0.444997 -0.307943 0.835509 -0.095256 -0.444997 -0.307943 0.835509 -0.095256 -0.444997 -0.307943 0.835509 0.082021 -0.654278 0.113705 0.743145 0.239934 -0.677661 0.123571 0.684059 -0.200661 -0.407548 0.533391 0.713536 -0.200661 -0.407548 0.533391 0.713536 -0.200661 -0.407548 0.533391 0.713536 0.032004 -0.345093 0.064795 0.935782 0.032004 -0.345093 0.064795 0.935782 0.032004 -0.345093 0.064795 0.935782 0.032004 -0.345093 0.064795 0.935782 0.210120 0.494941 -0.705522 -0.461651 0.309577 0.412462 -0.630383 -0.580219 0.309562 0.412446 -0.630394 -0.580227 0.032004 -0.345093 0.064795 0.935782 0.032004 -0.345093 0.064795 0.935782 0.032004 -0.345093 0.064795 0.935782 0.032004 -0.345093 0.064795 0.935782 0.208594 -0.199491 -0.449798 0.845206 0.160756 -0.300522 -0.681241 0.647885 0.160773 -0.300539 -0.681233 0.647881
-0.001178 0.786397 -0.001126 0.033252 -0.372388 0.070779 0.924777 -0.077975 -0.207133 -0.083312 0.971635 0.047090 -0.254232 -0.095960 0.961218 -0.078607 -0.462704 -0.281633 0.836904 -0.078607 -0.462704 -0.281633 0.836904 -0.078607 -0.462704 -0.281633 0.836904 0.109920 -0.668713 0.136163 0.722634 0.274028 -0.680318 0.141436 0.664884 -0.168271 -0.436901 0.548549 0.692746 -0.168271 -0.436901 0.548549 0.692746 -0.168271 -0.436901 0.548549 0.692746 0.033252 -0.372388 0.070779 0.924777 0.033252 -0.372388 0.070779 0.924777 0.033252 -0.372388 0.070779 0.924777 0.033252 -0.372388 0.070779 0.924777 0.216982 0.534072 -0.680719 -0.452003 0.336925 0.436623 -0.610880 -0.568039 0.336910 0.436607 -0.610891 -0.568048 0.033252 -0.372388 0.070779 0.924777 0.033252 -0.372388 0.070779 0.924777 0.033252 -0.372388 0.070779 0.924777 0.033252 -0.372388 0.070779 0.924777 0.226866 -0.213650 -0.447956 0.837986 0.183851 -0.305871 -0.650296 0.670640 0.183868 -0.305887 -0.650288 0.670635
-0.001254 0.788500 -0.001178 0.031963 -0.415854 0.068724 0.906267 -0.074617 -0.254538 -0.074335 0.961310 0.049740 -0.289848 -0.082140 0.952243 -0.042221 -0.505189 -0.259841 0.821878 -0.042221 -0.505189 -0.259841 0.821878 -0.042221 -0.505189 -0.259841 0.821878 0.136619 -0.692845 0.154629 0.690934 0.311840 -0.692249 0.151923 0.632824 -0.120701 -0.486301 0.536907 0.678729 -0.120701 -0.486301 0.536907 0.678729 -0.120701 -0.486301 0.536907 0.678729 0.031963 -0.415854 0.068725 0.906267 0.031963 -0.415854 0.068725 0.906267 0.031963 -0.415854 0.068725 0.906267 0.031963 -0.415854 0.068725 0.906267 -0.211973 -0.630701 0.600290 0.443774 -0.275162 -0.543725 0.505947 0.610464 -0.275146 -0.543712 0.505961 0.610471 0.031963 -0.415854 0.068725 0.906267 0.031963 -0.415854 0.068725 0.906267 0.031963 -0.415854 0.068725 0.906267 0.031963 -0.415854 0.068725 0.906267 0.261904 -0.198025 -0.475299 0.816262 0.283956 -0.159166 -0.669707 0.667479 0.283973 -0.159184 -0.669703 0.667471
-0.001245 0.785915 -0.001386 0.027354 -0.462128 0.062255 0.884202 -0.092333 -0.314539 -0.067906 0.942300 0.036748 -0.364222 -0.062489 0.928487 -0.018346 -0.582879 -0.231623 0.778631 -0.018346 -0.582879 -0.231623 0.778631 -0.018346 -0.582879 -0.231623 0.778631 0.130625 -0.728945 0.191947 0.643997 0.322442 -0.715029 0.205357 0.585315 -0.124973 -0.526071 0.566862 0.621529 -0.124973 -0.526071 0.566862 0.621529 -0.124973 -0.526071 0.566862 0.621529 0.027354 -0.462128 0.062255 0.884202 0.027354 -0.462128 0.062255 0.884202 0.027354 -0.462128 0.062255 0.884202 0.027354 -0.462128 0.062255 0.884202 -0.212178 -0.678561 0.525068 0.467803 -0.283976 -0.567114 0.434683 0.639367 -0.283960 -0.567103 0.434697 0.639374 0.027354 -0.462128 0.062255 0.884202 0.027354 -0.462128 0.062255 0.884202 0.027354 -0.462128 0.062255 0.884202 0.027354 -0.462128 0.062255 0.884202 0.278370 -0.277096 -0.447736 0.803281 0.297132 -0.267179 -0.579631 0.710181 0.297151 -0.267194 -0.579624 0.710173
-0.001247 0.781381 -0.001566 0.023470 -0.481488 0.055686 0.874367 -0.110992 -0.335413 -0.073618 0.932609 0.043277 -0.384684 -0.034581 0.921384 -0.000286 -0.600147 -0.204026 0.773432 -0.000286 -0.600147 -0.204026 0.773432 -0.000286 -0.600147 -0.204026 0.773432 0.126445 -0.732207 0.212018 0.634770 0.333831 -0.699752 0.228499 0.588805 -0.127233 -0.506999 0.596833 0.608732 -0.127233 -0.506999 0.596833 0.608732 -0.127233 -0.506999 0.596833 0.608732 0.023470 -0.481488 0.055687 0.874367 0.023470 -0.481488 0.055687 0.874367 0.023470 -0.481488 0.055687 0.874367 0.023470 -0.481488 0.055687 0.874367 -0.230636 -0.680042 0.520024 0.462520 -0.347145 -0.559368 0.462415 0.593944 -0.347130 -0.559356 0.462429 0.593953 0.023470 -0.481488 0.055687 0.874367 0.023470 -0.481488 0.055687 0.874367 0.023470 -0.481488 0.055687 0.874367 0.023470 -0.481488 0.055687 0.874367 0.289976 -0.309901 -0.452515 0.784287 0.294737 -0.320820 -0.541775 0.718808 0.294755 -0.320834 -0.541767 0.718800
-0.001231 0.776406 -0.001705 0.020463 -0.491451 0.048774 0.869298 -0.132715 -0.345228 -0.083791 0.925302 0.055863 -0.396285 -0.005207 0.916412 0.009016 -0.610063 -0.189717 0.769252 0.009016 -0.610063 -0.189717 0.769252 0.009016 -0.610063 -0.189717 0.769252 0.120533 -0.734025 0.221630 0.630524 0.335560 -0.689254 0.244297 0.593841 0.150894 0.493858 -0.609003 -0.602039 0.150894 0.493858 -0.609003 -0.602039 0.150894 0.493858 -0.609003 -0.602039 0.020462 -0.491451 0.048775 0.869298 0.020462 -0.491451 0.048775 0.869298 0.020462 -0.491451 0.048775 0.869298 0.020462 -0.491451 0.048775 0.869298 -0.246888 -0.670973 0.522634 0.464430 -0.394162 -0.537792 0.482836 0.567702 -0.394147 -0.537779 0.482850 0.567713 0.020462 -0.491451 0.048775 0.869298 0.020462 -0.491451 0.048775 0.869298 0.020462 -0.491451 0.048775 0.869298 0.020462 -0.491451 0.048775 0.869298 0.296548 -0.323313 -0.460324 0.771771 0.285693 -0.355487 -0.537578 0.709238 0.285711 -0.355501 -0.537568 0.709231
-0.001217 0.779086 -0.001773 0.017104 -0.475416 0.039947 0.878687 -0.135221 -0.331589 -0.089195 0.929413 0.087736 -0.379935 0.021311 0.920596 0.037569 -0.589121 -0.171684 0.788701 0.037569 -0.589121 -0.171684 0.788701 0.037569 -0.589121 -0.171684 0.788701 0.117073 -0.726007 0.219958 0.640958 0.328432 -0.686129 0.240363 0.602980 -0.168121 -0.487410 0.602330 0.609397 -0.168121 -0.487410 0.602330 0.609397 -0.168121 -0.487410 0.602330 0.609397 0.017104 -0.475416 0.039948 0.878687 0.017104 -0.475416 0.039948 0.878687 0.017104 -0.475416 0.039948 0.878687 0.017104 -0.475416 0.039948 0.878687 -0.253187 -0.642279 0.539269 0.482248 -0.400960 -0.511420 0.507372 0.565910 -0.400946 -0.511406 0.507385 0.565921 0.017104 -0.475416 0.039948 0.878687 0.017104 -0.475416 0.039948 0.878687 0.017104 -0.475416 0.039948 0.878687 0.017104 -0.475416 0.039948 0.878687 0.287286 -0.319039 -0.476568 0.767180 0.264482 -0.366686 -0.554887 0.698349 0.264500 -0.366701 -0.554877 0.698342
-0.001182 0.787163 -0.001851 0.017098 -0.428039 0.028209 0.903158 -0.137867 -0.295768 -0.094161 0.940557 0.103031 -0.349567 0.039793 0.930379 0.074729 -0.561058 -0.135603 0.813167 0.074729 -0.561058 -0.135603 0.813167 0.074729 -0.561058 -0.135603 0.813167 0.110690 -0.691705 0.214934 0.680512 0.323857 -0.656830 0.233365 0.639712 -0.145116 -0.447797 0.607609 0.639711 -0.145116 -0.447797 0.607609 0.639711 -0.145116 -0.447797 0.607609 0.639711 0.017098 -0.428039 0.028209 0.903158 0.017098 -0.428039 0.028209 0.903158 0.017098 -0.428039 0.028209 0.903158 0.017098 -0.428039 0.028209 0.903158 -0.244298 -0.587502 0.574742 0.514618 -0.386525 -0.462703 0.551507 0.576493 -0.386510 -0.462689 0.551519 0.576504 0.017098 -0.428039 0.028209 0.903158 0.017098 -0.428039 0.028209 0.903158 0.017098 -0.428039 0.028209 0.903158 0.017098 -0.428039 0.028209 0.903158 0.258054 -0.292250 -0.494193 0.777028 0.219775 -0.361432 -0.583031 0.693644 0.219793 -0.361447 -0.583021 0.693638
-0.001123 0.798965 -0.001825 0.016154 -0.340038 0.013272 0.940179 -0.127577 -0.228239 -0.097396 0.960284 0.115830 -0.295952 0.048748 0.946900 0.104053 -0.516986 -0.094394 0.844386 0.104053 -0.516986 -0.094394 0.844386 0.104053 -0.516986 -0.094394 0.844386 0.086369 -0.634920 0.209811 0.738509 0.309288 -0.611781 0.217802 0.694713 -0.120629 -0.387217 0.614781 0.676428 -0.120629 -0.387217 0.614781 0.676428 -0.120629 -0.387217 0.614781 0.676428 0.016154 -0.340038 0.013272 0.940179 0.016154 -0.340038 0.013272 0.940179 0.016154 -0.340038 0.013272 0.940179 0.016154 -0.340038 0.013272 0.940179 0.206645 0.505013 -0.617957 -0.566029 -0.336544 -0.383871 0.591584 0.624027 -0.336528 -0.383855 0.591594 0.624036 0.016154 -0.340038 0.013272 0.940179 0.016154 -0.340038 0.013272 0.940179 0.016154 -0.340038 0.013272 0.940179 0.016154 -0.340038 0.013272 0.940179 0.206727 -0.231363 -0.524900 0.792600 0.152866 -0.320275 -0.649115 0.672834 0.152884 -0.320292 -0.649107 0.672830
-0.001056 0.808921 -0.001749 0.016968 -0.283673 -0.000170 0.958771 -0.114145 -0.182790 -0.095553 0.971817 0.110857 -0.258087 0.056210 0.958093 0.114411 -0.477283 -0.062393 0.869033 0.114411 -0.477283 -0.062393 0.869033 0.114411 -0.477283 -0.062393 0.869033 0.073183 -0.604207 0.201453 0.767460 0.298167 -0.588983 0.213517 0.720143 -0.111791 -0.359442 0.615445 0.692482 -0.111791 -0.359442 0.615445 0.692482 -0.111791 -0.359442 0.615445 0.692482 0.016968 -0.283673 -0.000169 0.958771 0.016968 -0.283673 -0.000169 0.958771 0.016968 -0.283673 -0.000169 0.958771 0.016968 -0.283673 -0.000169 0.958771 0.178113 0.456187 -0.637311 -0.594983 -0.298596 -0.341442 0.614392 0.645585 -0.298580 -0.341426 0.614401 0.645593 0.016968 -0.283673 -0.000169 0.958771 0.016968 -0.283673 -0.000169 0.958771 0.016968 -0.283673 -0.000169 0.958771 0.016968 -0.283673 -0.000169 0.958771 0.174291 -0.185443 -0.541251 0.801424 0.110480 -0.284193 -0.700646 0.645076 0.110497 -0.284211 -0.700639 0.645073
-0.001026 0.816567 -0.001627 0.016976 -0.219825 -0.009692 0.975343 -0.094856 -0.136996 -0.090042 0.981900 0.108761 -0.226174 0.057952 0.966260 0.098052 -0.451850 -0.072754 0.883699 0.098052 -0.451850 -0.072754 0.883699 0.098052 -0.451850 -0.072754 0.883699 0.030865 -0.537465 0.194932 0.819866 0.261125 -0.508351 0.215757 0.791733 -0.054832 -0.224415 0.643412 0.729830 -0.054832 -0.224415 0.643412 0.729830 -0.054832 -0.224415 0.643412 0.729830 0.016975 -0.219825 -0.009691 0.975343 0.016975 -0.219825 -0.009691 0.975343 0.016975 -0.219825 -0.009691 0.975343 0.016975 -0.219825 -0.009691 0.975343 0.140620 0.403305 -0.654325 -0.624043 -0.236741 -0.310818 0.639850 0.661768 -0.236724 -0.310802 0.639858 0.661775 0.016975 -0.219825 -0.009691 0.975343 0.016975 -0.219825 -0.009691 0.975343 0.016975 -0.219825 -0.009691 0.975343 0.016975 -0.219825 -0.009691 0.975343 0.138089 -0.137805 -0.556390 0.807695 0.067467 -0.240467 -0.737161 0.627868 0.067483 -0.240486 -0.737155 0.627866
-0.001034 0.820193 -0.001491 0.010242 -0.151011 -0.018384 0.988308 -0.078508 -0.088122 -0.074601 0.990205 0.108488 -0.190772 0.066957 0.973321 0.094290 -0.428737 -0.076274 0.895252 0.094290 -0.428737 -0.076274 0.895252 0.094290 -0.428737 -0.076274 0.895252 0.007818 -0.509522 0.171206 0.843217 0.248872 -0.509249 0.193371 0.800834 -0.058369 -0.240956 0.611676 0.751256 -0.058369 -0.240956 0.611676 0.751256 -0.058369 -0.240956 0.611676 0.751256 0.010242 -0.151011 -0.018383 0.988308 0.010242 -0.151011 -0.018383 0.988308 0.010242 -0.151011 -0.018383 0.988308 0.010242 -0.151011 -0.018383 0.988308 0.102531 0.344634 -0.672914 -0.646453 -0.177945 -0.273158 0.668171 0.668781 -0.177928 -0.273141 0.668178 0.668785 0.010242 -0.151011 -0.018383 0.988308 0.010242 -0.151011 -0.018383 0.988308 0.010242 -0.151011 -0.018383 0.988308 0.010242 -0.151011 -0.018383 0.988308 0.094221 -0.087191 -0.572320 0.809920 0.014840 -0.195643 -0.780226 0.593929 0.014855 -0.195663 -0.780221 0.593929
-0.001044 0.823060 -0.001383 0.004260 -0.122871 -0.029625 0.991971 -0.065353 -0.062429 -0.058530 0.994186 0.109655 -0.166155 0.071867 0.977345 0.088807 -0.405998 -0.075868 0.906379 0.088807 -0.405998 -0.075868 0.906379 0.088807 -0.405998 -0.075868 0.906379 -0.004925 -0.508442 0.146397 0.848546 0.269334 -0.523679 0.169455 0.790256 -0.034215 -0.283937 0.585030 0.758913 -0.034215 -0.283937 0.585030 0.758913 -0.034215 -0.283937 0.585030 0.758913 0.004260 -0.122871 -0.029625 0.991971 0.004260 -0.122871 -0.029625 0.991971 0.004260 -0.122871 -0.029625 0.991971 0.004260 -0.122871 -0.029625 0.991971 0.090705 0.317160 -0.678571 -0.656295 0.153716 0.258421 -0.679620 -0.669109 0.153698 0.258403 -0.679627 -0.669113 0.004260 -0.122871 -0.029625 0.991971 0.004260 -0.122871 -0.029625 0.991971 0.004260 -0.122871 -0.029625 0.991971 0.004260 -0.122871 -0.029625 0.991971 0.071198 -0.082292 -0.566316 0.816973 -0.003264 -0.191926 -0.813778 0.548562 -0.003250 -0.191947 -0.813773 0.548562
-0.001053 0.827044 -0.001345 -0.004833 -0.081752 -0.042185 0.995748 -0.056355 -0.016352 -0.044984 0.997263 0.119584 -0.115611 0.082745 0.982592 0.100427 -0.353775 -0.056726 0.928192 0.100427 -0.353775 -0.056726 0.928192 0.100427 -0.353775 -0.056726 0.928192 -0.041912 -0.477869 0.124024 0.868621 0.283561 -0.505630 0.138151 0.803022 0.001358 -0.283519 0.563580 0.775882 0.001358 -0.283519 0.563580 0.775882 0.001358 -0.283519 0.563580 0.775882 -0.004833 -0.081752 -0.042185 0.995748 -0.004833 -0.081752 -0.042185 0.995748 -0.004833 -0.081752 -0.042185 0.995748 -0.004833 -0.081752 -0.042185 0.995748 -0.070312 -0.308845 0.656573 0.684531 -0.102535 -0.279230 0.664893 0.685152 -0.102517 -0.279213 0.664901 0.685155 -0.004833 -0.081752 -0.042185 0.995748 -0.004833 -0.081752 -0.042185 0.995748 -0.004833 -0.081752 -0.042185 0.995748 -0.004833 -0.081752 -0.042185 0.995748 0.036427 -0.083248 -0.536251 0.839153 -0.018181 -0.192754 -0.828336 0.525713 -0.018167 -0.192775 -0.828331 0.525714
-0.001053 0.828721 -0.001322 -0.006261 -0.080608 -0.048771 0.995532 -0.040826 -0.027678 -0.037015 0.998097 0.128367 -0.139972 0.086989 0.977938 0.114443 -0.384885 -0.065313 0.913510 0.114443 -0.384885 -0.065313 0.913510 0.114443 -0.384885 -0.065313 0.913510 -0.075739 -0.503209 0.090525 0.856066 0.344461 -0.534913 0.130405 0.760401 0.071365 -0.362573 0.548245 0.750250 0.071365 -0.362573 0.548245 0.750250 0.071365 -0.362573 0.548245 0.750250 -0.006261 -0.080608 -0.048770 0.995532 -0.006261 -0.080608 -0.048770 0.995532 -0.006261 -0.080608 -0.048770 0.995532 -0.006261 -0.080608 -0.048770 0.995532 -0.068383 -0.300259 0.605909 0.733514 0.105144 0.286514 -0.684176 -0.662388 0.105127 0.286496 -0.684183 -0.662391 -0.006261 -0.080608 -0.048770 0.995532 -0.006261 -0.080608 -0.048770 0.995532 -0.006261 -0.080608 -0.048770 0.995532 -0.006261 -0.080608 -0.048770 0.995532 0.032770 -0.066849 -0.511656 0.855959 -0.069613 -0.256379 -0.833219 0.484944 -0.069601 -0.256400 -0.833212 0.484945
-0.001167 0.826617 -0.001345 -0.014312 -0.105376 -0.050579 0.993042 -0.031196 -0.085548 -0.037540 0.995138 0.154637 -0.221341 0.070174 0.960297 0.160397 -0.474320 -0.112985 0.858212 0.160397 -0.474320 -0.112985 0.858212 0.160397 -0.474320 -0.112985 0.858212 -0.149073 -0.536267 0.026123 0.830369 0.411623 -0.570618 0.105579 0.702719 0.165431 -0.458494 0.507882 0.710262 0.165431 -0.458494 0.507882 0.710262 0.165431 -0.458494 0.507882 0.710262 -0.014312 -0.105376 -0.050579 0.993042 -0.014312 -0.105376 -0.050579 0.993042 -0.014312 -0.105376 -0.050579 0.993042 -0.014312 -0.105376 -0.050579 0.993042 -0.083220 -0.227621 0.568178 0.786407 0.205965 0.096428 -0.707750 -0.668857 0.205948 0.096410 -0.707753 -0.668862 -0.014312 -0.105376 -0.050579 0.993042 -0.014312 -0.105376 -0.050579 0.993042 -0.014312 -0.105376 -0.050579 0.993042 -0.014312 -0.105376 -0.050579 0.993042 0.033827 -0.110864 -0.489384 0.864331 -0.129179 -0.433004 -0.763493 0.461410 -0.129167 -0.433023 -0.763482 0.461414
-0.001233 0.824567 -0.001362 -0.032315 -0.118264 -0.049504 0.991221 -0.033365 -0.087089 -0.028896 0.995222 0.190926 -0.264145 0.057200 0.943665 0.236169 -0.536237 -0.153028 0.795774 0.236169 -0.536237 -0.153028 0.795774 0.236169 -0.536237 -0.153028 0.795774 -0.207468 -0.530221 -0.021862 0.821794 0.486321 -0.557991 0.050422 0.670519 0.370593 -0.502953 0.393072 0.674680 0.370593 -0.502953 0.393072 0.674680 0.370593 -0.502953 0.393072 0.674680 -0.032315 -0.118264 -0.049504 0.991221 -0.032315 -0.118264 -0.049504 0.991221 -0.032315 -0.118264 -0.049504 0.991221 -0.032315 -0.118264 -0.049504 0.991221 -0.098749 -0.135125 0.546965 0.820256 -0.289995 0.151719 0.634582 0.700135 -0.289977 0.151736 0.634578 0.700143 -0.032315 -0.118264 -0.049504 0.991221 -0.032315 -0.118264 -0.049504 0.991221 -0.032315 -0.118264 -0.049504 0.991221 -0.032315 -0.118264 -0.049504 0.991221 0.020006 -0.151441 -0.468790 0.870001 -0.194095 -0.588008 -0.646232 0.446047 -0.194084 -0.588025 -0.646217 0.446052
-0.001326 0.814586 -0.001375 -0.034756 -0.126640 -0.046646 0.990242 -0.040747 -0.095306 -0.029686 0.994171 0.218073 -0.295668 0.029685 0.929593 0.294017 -0.578891 -0.173526 0.740491 0.294017 -0.578891 -0.173526 0.740491 0.294017 -0.578891 -0.173526 0.740491 -0.281271 -0.529370 -0.048939 0.798912 0.488831 -0.543429 0.062561 0.679570 0.443132 -0.467184 0.400242 0.652058 0.443133 -0.467184 0.400242 0.652058 0.443133 -0.467184 0.400242 0.652058 -0.034756 -0.126640 -0.046645 0.990242 -0.034756 -0.126640 -0.046645 0.990242 -0.034756 -0.126640 -0.046645 0.990242 -0.034756 -0.126640 -0.046646 0.990242 -0.098364 0.001693 0.540423 0.835622 -0.306367 0.336697 0.462617 0.760763 -0.306347 0.336709 0.462608 0.760771 -0.034756 -0.126640 -0.046645 0.990242 -0.034756 -0.126640 -0.046645 0.990242 -0.034756 -0.126640 -0.046645 0.990242 -0.034756 -0.126640 -0.046646 0.990242 0.018080 -0.217764 -0.458061 0.861645 -0.261785 -0.718775 -0.436797 0.473329 -0.261773 -0.718786 -0.436778 0.473336
-0.001478 0.809051 -0.001428 -0.033837 -0.128245 -0.042612 0.990249 -0.041009 -0.104401 -0.025281 0.993368 0.234342 -0.315886 0.007059 0.919375 0.301663 -0.596689 -0.212737 0.712534 0.301663 -0.596689 -0.212737 0.712534 0.301663 -0.596689 -0.212737 0.712534 -0.341876 -0.517604 -0.099711 0.777988 0.501864 -0.566850 0.011434 0.653209 0.425471 -0.537604 0.287156 0.668952 0.425471 -0.537604 0.287156 0.668952 0.425471 -0.537604 0.287156 0.668952 -0.033837 -0.128245 -0.042612 0.990249 -0.033837 -0.128245 -0.042612 0.990249 -0.033837 -0.128245 -0.042612 0.990249 -0.033837 -0.128245 -0.042612 0.990249 -0.095276 0.025582 0.520381 0.848217 -0.304167 0.354055 0.262353 0.844570 -0.304145 0.354062 0.262344 0.844578 -0.033837 -0.128245 -0.042612 0.990249 -0.033837 -0.128245 -0.042612 0.990249 -0.033837 -0.128245 -0.042612 0.990249 -0.033837 -0.128245 -0.042612 0.990249 0.016210 -0.286712 -0.444334 0.848587 -0.299083 -0.770935 -0.282055 0.486472 -0.299070 -0.770942 -0.282034 0.486479
-0.001630 0.808449 -0.001474 -0.035864 -0.139859 -0.039324 0.988740 -0.040438 -0.123174 -0.030582 0.991089 0.229816 -0.341851 0.010579 0.911159 0.306349 -0.620741 -0.207279 0.691279 0.306349 -0.620741 -0.207279 0.691279 0.306349 -0.620741 -0.207279 0.691279 -0.395594 -0.512549 -0.112638 0.753732 0.511001 -0.551421 0.032164 0.658618 0.388176 -0.513999 0.346564 0.681922 0.388176 -0.513999 0.346564 0.681922 0.388176 -0.513999 0.346564 0.681922 -0.035864 -0.139859 -0.039324 0.988740 -0.035864 -0.139859 -0.039324 0.988740 -0.035864 -0.139859 -0.039324 0.988740 -0.035864 -0.139859 -0.039324 0.988740 -0.101257 0.039229 0.507710 0.854657 -0.303263 0.335845 0.039155 0.890902 -0.303240 0.335846 0.039146 0.890910 -0.035864 -0.139859 -0.039324 0.988740 -0.035864 -0.139859 -0.039324 0.988740 -0.035864 -0.139859 -0.039324 0.988740 -0.035864 -0.139859 -0.039324 0.988740 0.023364 -0.332785 -0.468517 0.818047 -0.355812 -0.753880 -0.149377 0.531741 -0.355799 -0.753884 -0.149358 0.531750
-0.001745 0.811047 -0.001488 -0.043300 -0.159933 -0.029662 0.985732 -0.054018 -0.113837 -0.031093 0.991542 0.221819 -0.307239 0.024007 0.925108 0.284591 -0.584280 -0.190235 0.735823 0.284591 -0.584280 -0.190235 0.735823 0.284591 -0.584280 -0.190235 0.735823 -0.451051 -0.500335 -0.133790 0.726855 0.518305 -0.564262 0.001665 0.642623 0.421550 -0.557165 0.238278 0.674600 0.421551 -0.557165 0.238278 0.674600 0.421551 -0.557165 0.238278 0.674600 -0.043300 -0.159933 -0.029661 0.985732 -0.043300 -0.159933 -0.029661 0.985732 -0.043300 -0.159933 -0.029661 0.985732 -0.043300 -0.159933 -0.029661 0.985732 -0.118749 0.067255 0.515308 0.846069 -0.341154 0.347248 -0.098635 0.867931 -0.341131 0.347246 -0.098645 0.867940 -0.043300 -0.159933 -0.029661 0.985732 -0.043300 -0.159933 -0.029661 0.985732 -0.043300 -0.159933 -0.029661 0.985732 -0.043300 -0.159933 -0.029661 0.985732 0.038538 -0.385695 -0.515885 0.763948 -0.415710 -0.703528 -0.060327 0.573231 -0.415695 -0.703530 -0.060309 0.573242
-0.001814 0.812321 -0.001440 -0.042115 -0.168192 -0.012923 0.984769 -0.057279 -0.123678 -0.040975 0.989820 0.214918 -0.317890 0.022280 0.923179 0.277541 -0.593108 -0.187519 0.732141 0.277541 -0.593108 -0.187519 0.732141 0.277541 -0.593108 -0.187519 0.732141 -0.494817 -0.487740 -0.137206 0.706003 0.500401 -0.571709 -0.009358 0.650123 0.441325 -0.561506 0.206626 0.668767 0.441325 -0.561506 0.206626 0.668767 0.441325 -0.561506 0.206626 0.668767 -0.042115 -0.168192 -0.012922 0.984769 -0.042115 -0.168192 -0.012922 0.984769 -0.042115 -0.168192 -0.012922 0.984769 -0.042115 -0.168192 -0.012922 0.984769 -0.125017 0.106163 0.532147 0.830614 -0.411629 0.438731 -0.086245 0.794128 -0.411608 0.438729 -0.086257 0.794138 -0.042115 -0.168192 -0.012922 0.984769 -0.042115 -0.168192 -0.012922 0.984769 -0.042115 -0.168192 -0.012922 0.984769 -0.042115 -0.168192 -0.012922 0.984769 0.053645 -0.440533 -0.529053 0.723295 -0.432195 -0.705315 -0.069534 0.557587 -0.432181 -0.705317 -0.069516 0.557598
-0.001847 0.812172 -0.001232 -0.031302 -0.172998 -0.000154 0.984425 -0.058390 -0.136606 -0.045323 0.987864 0.202307 -0.334049 0.014127 0.920480 0.259771 -0.609276 -0.202007 0.721453 0.259771 -0.609276 -0.202007 0.721453 0.259771 -0.609276 -0.202007 0.721453 -0.514662 -0.473379 -0.132796 0.702424 0.483904 -0.572862 -0.022954 0.661165 0.452010 -0.565019 0.181780 0.665881 0.452010 -0.565019 0.181780 0.665881 0.452010 -0.565019 0.181780 0.665881 -0.031302 -0.172998 -0.000154 0.984425 -0.031302 -0.172998 -0.000154 0.984425 -0.031302 -0.172998 -0.000154 0.984425 -0.031302 -0.172998 -0.000154 0.984425 -0.122079 0.172252 0.548430 0.809105 -0.474747 0.530802 -0.043380 0.700701 -0.474729 0.530801 -0.043394 0.700714 -0.031302 -0.172998 -0.000154 0.984425 -0.031302 -0.172998 -0.000154 0.984425 -0.031302 -0.172998 -0.000154 0.984425 -0.031302 -0.172998 -0.000154 0.984425 0.069719 -0.515817 -0.519763 0.677435 -0.423485 -0.781787 -0.174401 0.423147 -0.423474 -0.781792 -0.174380 0.423158
-0.001816 0.818243 -0.000965 -0.025822 -0.170110 0.017366 0.984934 -0.073216 -0.135558 -0.042602 0.987142 0.170625 -0.336243 0.007216 0.926162 0.222755 -0.615146 -0.215494 0.724940 0.222755 -0.615146 -0.215494 0.724940 0.222755 -0.615146 -0.215494 0.724940 -0.509698 -0.475011 -0.126818 0.706037 0.458772 -0.583199 -0.033310 0.669550 0.415040 -0.580266 0.148442 0.684835 0.415040 -0.580266 0.148442 0.684835 0.415040 -0.580266 0.148442 0.684835 -0.025823 -0.170110 0.017366 0.984934 -0.025823 -0.170110 0.017366 0.984934 -0.025823 -0.170110 0.017366 0.984934 -0.025823 -0.170110 0.017366 0.984934 -0.119096 0.255184 0.543472 0.790782 -0.499425 0.597706 0.017874 0.626899 -0.499409 0.597706 0.017858 0.626912 -0.025823 -0.170110 0.017366 0.984934 -0.025823 -0.170110 0.017366 0.984934 -0.025823 -0.170110 0.017366 0.984934 -0.025823 -0.170110 0.017366 0.984934 0.082867 -0.564475 -0.518818 0.636655 -0.415304 -0.837190 -0.266435 0.235896 -0.415298 -0.837197 -0.266413 0.235907
-0.001757 0.827877 -0.000754 -0.000384 -0.161213 0.040178 0.986101 -0.071393 -0.119703 -0.012455 0.990161 0.153282 -0.307238 -0.003812 0.939199 0.181174 -0.590564 -0.257467 0.743048 0.181174 -0.590564 -0.257467 0.743048 0.181174 -0.590564 -0.257467 0.743048 -0.507916 -0.469338 -0.119902 0.712297 0.340537 -0.583492 -0.059061 0.734904 0.126653 -0.497109 0.015538 0.858254 0.126653 -0.497109 0.015538 0.858254 0.126653 -0.497109 0.015538 0.858254 -0.000384 -0.161213 0.040178 0.986101 -0.000384 -0.161213 0.040178 0.986101 -0.000384 -0.161213 0.040178 0.986101 -0.000384 -0.161213 0.040178 0.986101 -0.097612 0.348408 0.508377 0.781433 0.504521 -0.752138 -0.082418 -0.415877 0.504510 -0.752140 -0.082398 -0.415891 -0.000384 -0.161213 0.040178 0.986101 -0.000384 -0.161213 0.040178 0.986101 -0.000384 -0.161213 0.040178 0.986101 -0.000384 -0.161213 0.040178 0.986101 0.109834 -0.608173 -0.521653 0.588167 -0.433572 -0.844324 -0.312229 -0.040580 -0.433573 -0.844332 -0.312207 -0.040569
-0.001584 0.833985 -0.000640 0.012936 -0.184847 0.063577 0.980623 -0.068626 -0.123014 0.029430 0.989592 0.139645 -0.285855 0.023103 0.947762 0.158130 -0.568010 -0.234862 0.772786 0.158130 -0.568010 -0.234862 0.772786 0.158130 -0.568010 -0.234862 0.772786 -0.431345 -0.556081 -0.131556 0.698146 0.213045 -0.615555 -0.005000 0.758735 -0.175456 -0.420450 0.044557 0.889073 -0.175456 -0.420450 0.044557 0.889073 -0.175456 -0.420450 0.044557 0.889073 0.012936 -0.184847 0.063578 0.980623 0.012936 -0.184847 0.063578 0.980623 0.012936 -0.184847 0.063578 0.980623 0.012936 -0.184847 0.063578 0.980623 -0.110064 0.371770 0.509772 0.767988 0.546283 -0.812318 -0.044384 -0.199361 0.546277 -0.812319 -0.044363 -0.199375 0.012936 -0.184847 0.063578 0.980623 0.012936 -0.184847 0.063578 0.980623 0.012936 -0.184847 0.063578 0.980623 0.012936 -0.184847 0.063578 0.980623 0.155804 -0.607607 -0.581291 0.518304 -0.361248 -0.783960 -0.481110 -0.153099 -0.361252 -0.783972 -0.481090 -0.153090
-0.001405 0.838047 -0.000552 0.011676 -0.305576 0.080621 0.948677 -0.071111 -0.190906 0.056895 0.977375 0.106906 -0.287951 0.054247 0.950112 0.098024 -0.539289 -0.171421 0.818641 0.098024 -0.539289 -0.171421 0.818641 0.098024 -0.539289 -0.171421 0.818641 -0.340785 -0.647197 -0.148166 0.665619 0.142440 -0.659781 -0.005935 0.737811 -0.264116 -0.413406 0.019895 0.871173 -0.264116 -0.413406 0.019895 0.871173 -0.264116 -0.413406 0.019895 0.871173 0.011676 -0.305576 0.080621 0.948677 0.011676 -0.305576 0.080621 0.948677 0.011676 -0.305576 0.080621 0.948677 0.011676 -0.305576 0.080621 0.948677 -0.173836 -0.013481 0.573813 0.800211 -0.483698 0.462773 0.310344 0.674954 -0.483680 0.462782 0.310332 0.674967 0.011676 -0.305576 0.080621 0.948677 0.011676 -0.305576 0.080621 0.948677 0.011676 -0.305576 0.080621 0.948677 0.011676 -0.305576 0.080621 0.948677 0.245183 -0.589913 -0.586522 0.497875 -0.103546 -0.742312 -0.661492 -0.026074 -0.103546 -0.742329 -0.661472 -0.026071
-0.001278 0.839814 -0.000527 0.013328 -0.373878 0.090641 0.922942 -0.035073 -0.221209 0.075533 0.971664 0.111297 -0.277744 0.064112 0.952030 0.089290 -0.502281 -0.134124 0.849560 0.089290 -0.502281 -0.134124 0.849560 0.089290 -0.502281 -0.134124 0.849560 -0.275688 -0.689133 -0.116690 0.659906 0.089780 -0.667188 -0.009281 0.739401 -0.291220 -0.398356 0.012448 0.869683 -0.291220 -0.398356 0.012448 0.869683 -0.291220 -0.398356 0.012448 0.869683 0.013328 -0.373878 0.090641 0.922942 0.013328 -0.373878 0.090641 0.922942 0.013328 -0.373878 0.090641 0.922942 0.013328 -0.373878 0.090641 0.922942 -0.211897 -0.163535 0.589884 0.761836 -0.428556 0.156438 0.406418 0.791638 -0.428536 0.156449 0.406414 0.791649 0.013328 -0.373878 0.090641 0.922942 0.013328 -0.373878 0.090641 0.922942 0.013328 -0.373878 0.090641 0.922942 0.013328 -0.373878 0.090641 0.922942 0.292561 -0.591399 -0.561010 0.499923 -0.000569 -0.742303 -0.665638 0.076897 -0.000567 -0.742320 -0.665618 0.076897
-0.001172 0.836477 -0.000545 0.029290 -0.294160 0.082488 0.951739 -0.010784 -0.153434 0.101374 0.982886 0.136217 -0.227916 0.063198 0.962032 0.111836 -0.468622 -0.154259 0.862606 0.111836 -0.468622 -0.154259 0.862606 0.111836 -0.468622 -0.154259 0.862606 -0.220608 -0.669972 -0.096864 0.702201 0.067996 -0.655203 -0.012459 0.752284 -0.286147 -0.399546 0.011522 0.870833 -0.286147 -0.399546 0.011522 0.870833 -0.286147 -0.399546 0.011522 0.870833 0.029290 -0.294160 0.082488 0.951739 0.029290 -0.294160 0.082488 0.951739 0.029290 -0.294160 0.082488 0.951739 0.029290 -0.294160 0.082488 0.951739 -0.188528 -0.012577 0.683684 0.704894 0.373304 -0.238782 -0.757567 -0.479291 0.373291 -0.238802 -0.757560 -0.479301 0.029290 -0.294160 0.082488 0.951739 0.029290 -0.294160 0.082488 0.951739 0.029290 -0.294160 0.082488 0.951739 0.029290 -0.294160 0.082488 0.951739 0.251798 -0.548402 -0.609726 0.513895 -0.046456 -0.711925 -0.688720 0.129112 -0.046453 -0.711943 -0.688701 0.129113
-0.001113 0.832497 -0.000526 0.039431 -0.243726 0.076448 0.966022 -0.012446 -0.098728 0.116556 0.988187 0.113294 -0.171573 0.070576 0.976087 0.067194 -0.423429 -0.150420 0.890824 0.067194 -0.423429 -0.150420 0.890824 0.067194 -0.423429 -0.150420 0.890824 -0.170761 -0.651940 -0.095633 0.732578 0.034518 -0.638042 -0.026088 0.768785 -0.311690 -0.371923 -0.002659 0.874366 -0.311690 -0.371923 -0.002659 0.874366 -0.311690 -0.371923 -0.002659 0.874366 0.039431 -0.243726 0.076449 0.966022 0.039431 -0.243726 0.076449 0.966022 0.039431 -0.243726 0.076449 0.966022 0.039431 -0.243726 0.076448 0.966022 0.153704 -0.019673 -0.713579 -0.683222 0.318960 -0.251915 -0.841481 -0.355967 0.318951 -0.251937 -0.841475 -0.355975 0.039431 -0.243726 0.076449 0.966022 0.039431 -0.243726 0.076449 0.966022 0.039431 -0.243726 0.076449 0.966022 0.039431 -0.243726 0.076448 0.966022 0.228177 -0.477483 -0.670501 0.519975 -0.035029 -0.629528 -0.749584 0.201472 -0.035024 -0.629548 -0.749568 0.201473
-0.001091 0.827323 -0.000534 0.026469 -0.222859 0.075261 0.971581 -0.026808 -0.077211 0.120943 0.989289 0.104806 -0.151082 0.078922 0.979776 0.045283 -0.405536 -0.145900 0.901223 0.045283 -0.405536 -0.145900 0.901223 0.045283 -0.405536 -0.145900 0.901223 -0.142216 -0.640419 -0.090397 0.749311 0.026846 -0.618344 -0.031577 0.784814 -0.305660 -0.343748 0.004805 0.887911 -0.305660 -0.343748 0.004805 0.887911 -0.305660 -0.343748 0.004805 0.887911 0.026469 -0.222859 0.075262 0.971581 0.026469 -0.222859 0.075262 0.971581 0.026469 -0.222859 0.075262 0.971581 0.026469 -0.222859 0.075262 0.971581 0.145695 0.005873 -0.717994 -0.680605 0.294192 -0.196142 -0.857765 -0.373121 0.294182 -0.196165 -0.857760 -0.373128 0.026469 -0.222859 0.075262 0.971581 0.026469 -0.222859 0.075262 0.971581 0.026469 -0.222859 0.075262 0.971581 0.026469 -0.222859 0.075262 0.971581 0.210279 -0.412049 -0.715387 0.523660 0.037265 -0.520105 -0.802840 0.289051 0.037272 -0.520126 -0.802826 0.289050
-0.001082 0.788704 -0.000596 0.036494 -0.202889 0.071256 0.975924 -0.027393 -0.112160 0.077835 0.990258 0.257722 -0.206679 0.171182 0.928203 0.339346 -0.420038 -0.030852 0.841107 0.339346 -0.420038 -0.030852 0.841107 0.339346 -0.420038 -0.030852 0.841107 -0.131222 -0.620006 -0.084979 0.768864 0.024265 -0.596823 -0.036694 0.801166 -0.291622 -0.320659 0.011852 0.901107 -0.291622 -0.320659 0.011852 0.901107 -0.291622 -0.320659 0.011852 0.901107 0.036494 -0.202889 0.071256 0.975924 0.036494 -0.202889 0.071256 0.975924 0.036494 -0.202889 0.071256 0.975924 0.036494 -0.202889 0.071256 0.975924 0.119312 0.082403 -0.724123 -0.674256 0.247734 -0.056654 -0.843152 -0.473827 0.247722 -0.056676 -0.843151 -0.473834 0.036494 -0.202889 0.071256 0.975924 0.036494 -0.202889 0.071256 0.975924 0.036494 -0.202889 0.071256 0.975924 0.036494 -0.202889 0.071256 0.975924 0.199062 -0.355387 -0.735260 0.541726 0.048943 -0.454319 -0.815165 0.355956 0.048953 -0.454340 -0.815153 0.355954
-0.001024 0.762727 -0.001193 0.005696 -0.099148 0.058063 0.993361 -0.093547 -0.047833 0.005166 0.994452 0.337614 -0.160990 0.244370 0.894641 0.473782 -0.339120 0.076992 0.809074 0.473782 -0.339120 0.076992 0.809074 0.473782 -0.339120 0.076992 0.809074 -0.148280 -0.554928 -0.076456 0.814998 0.031109 -0.547182 -0.048380 0.835035 -0.264261 -0.285591 0.015145 0.921072 -0.264261 -0.285591 0.015145 0.921072 -0.264261 -0.285591 0.015145 0.921072 0.005696 -0.099148 0.058063 0.993361 0.005696 -0.099148 0.058063 0.993361 0.005696 -0.099148 0.058063 0.993361 0.005696 -0.099148 0.058063 0.993361 0.068911 0.011230 -0.735702 -0.673697 0.213683 -0.134193 -0.813623 -0.523784 0.213669 -0.134214 -0.813619 -0.523790 0.005696 -0.099148 0.058063 0.993361 0.005696 -0.099148 0.058063 0.993361 0.005696 -0.099148 0.058063 0.993361 0.005696 -0.099148 0.058063 0.993361 0.092642 -0.312963 -0.708983 0.625152 -0.146091 -0.505473 -0.718731 0.454512 -0.146079 -0.505491 -0.718718 0.454516
-0.000978 0.745099 -0.001793 -0.013683 -0.084867 0.042503 0.995391 -0.165834 -0.044823 -0.073258 0.982407 0.312923 -0.144271 0.257867 0.902646 0.463707 -0.299447 0.162410 0.817881 0.463707 -0.299447 0.162410 0.817881 0.463707 -0.299447 0.162410 0.817881 -0.173583 -0.535399 -0.072583 0.823377 0.044037 -0.526285 -0.058507 0.847149 -0.263300 -0.258878 0.014890 0.929211 -0.263300 -0.258878 0.014890 0.929211 -0.263300 -0.258878 0.014890 0.929211 -0.013683 -0.084867 0.042504 0.995391 -0.013683 -0.084867 0.042504 0.995391 -0.013683 -0.084867 0.042504 0.995391 -0.013683 -0.084867 0.042504 0.995391 0.068786 0.043493 -0.716935 -0.692374 0.222264 -0.109321 -0.731455 -0.635312 0.222247 -0.109340 -0.731452 -0.635317 -0.013683 -0.084867 0.042504 0.995391 -0.013683 -0.084867 0.042504 0.995391 -0.013683 -0.084867 0.042504 0.995391 -0.013683 -0.084867 0.042504 0.995391 0.062035 -0.314678 -0.676823 0.662601 -0.204548 -0.541962 -0.633962 0.512377 -0.204534 -0.541978 -0.633947 0.512382
-0.001036 0.733358 -0.002146 -0.021641 -0.079880 0.021914 0.996329 -0.234586 -0.036473 -0.120361 0.963926 0.303078 -0.119351 0.259009 0.909293 0.465473 -0.265085 0.220944 0.815015 0.465473 -0.265085 0.220944 0.815015 0.465473 -0.265085 0.220944 0.815015 -0.200613 -0.518901 -0.062287 0.828623 0.056170 -0.516736 -0.069432 0.851474 -0.261573 -0.248685 0.008166 0.932560 -0.261573 -0.248685 0.008166 0.932560 -0.261573 -0.248685 0.008166 0.932560 -0.021641 -0.079880 0.021915 0.996329 -0.021641 -0.079880 0.021915 0.996329 -0.021641 -0.079880 0.021915 0.996329 -0.021641 -0.079880 0.021915 0.996329 -0.066723 -0.109770 0.662378 0.738075 -0.185044 0.025356 0.636169 0.748602 -0.185024 0.025372 0.636168 0.748607 -0.021641 -0.079880 0.021915 0.996329 -0.021641 -0.079880 0.021915 0.996329 -0.021641 -0.079880 0.021915 0.996329 -0.021641 -0.079880 0.021915 0.996329 0.046897 -0.237522 -0.701394 0.670396 -0.152328 -0.415799 -0.683272 0.580558 -0.152313 -0.415816 -0.683261 0.580562
-0.001125 0.732854 -0.002376 0.002158 0.005619 -0.002841 0.999978 -0.198259 0.082854 -0.145234 0.965782 0.508983 -0.031025 0.217340 0.832309 0.755146 -0.138711 0.151950 0.622434 0.755146 -0.138711 0.151950 0.622434 0.755146 -0.138711 0.151950 0.622434 -0.160444 -0.476120 -0.088298 0.860100 0.102548 -0.494320 -0.098058 0.857623 -0.208623 -0.254420 -0.014598 0.944211 -0.208623 -0.254420 -0.014598 0.944211 -0.208623 -0.254420 -0.014598 0.944211 0.002158 0.005619 -0.002841 0.999978 0.002158 0.005619 -0.002841 0.999978 0.002158 0.005619 -0.002841 0.999978 0.002158 0.005619 -0.002841 0.999978 0.004776 -0.126397 0.614813 0.778464 -0.088485 0.001764 0.567321 0.818727 -0.088464 0.001779 0.567321 0.818729 0.002158 0.005619 -0.002841 0.999978 0.002158 0.005619 -0.002841 0.999978 0.002158 0.005619 -0.002841 0.999978 0.002158 0.005619 -0.002841 0.999978 -0.002840 -0.116491 -0.712316 0.692118 -0.158852 -0.263050 -0.680896 0.664795 -0.158835 -0.263067 -0.680889 0.664799
-0.001200 0.749896 -0.002411 0.037079 0.082896 -0.012243 0.995793 -0.219794 0.180770 -0.179400 0.941716 0.537391 0.032941 0.125186 0.833339 0.782475 -0.108319 0.072040 0.608942 0.782475 -0.108319 0.072040 0.608942 0.782475 -0.108319 0.072040 0.608942 -0.125494 -0.425639 -0.095207 0.891077 0.099564 -0.465834 -0.107026 0.872715 -0.184400 -0.241155 -0.018756 0.952622 -0.184400 -0.241155 -0.018756 0.952622 -0.184400 -0.241155 -0.018756 0.952622 0.037079 0.082896 -0.012242 0.995793 0.037079 0.082896 -0.012242 0.995793 0.037079 0.082896 -0.012242 0.995793 0.037079 0.082896 -0.012242 0.995793 0.077668 -0.087099 0.587759 0.800576 0.008572 0.022017 0.529049 0.848262 0.008594 0.022031 0.529049 0.848262 0.037079 0.082896 -0.012242 0.995793 0.037079 0.082896 -0.012242 0.995793 0.037079 0.082896 -0.012242 0.995793 0.037079 0.082896 -0.012242 0.995793 -0.032149 -0.044826 -0.698648 0.713336 -0.178504 -0.190539 -0.644490 0.718654 -0.178486 -0.190555 -0.644485 0.718659
-0.001261 0.769749 -0.002314 0.032202 0.075127 -0.023795 0.996370 -0.350694 0.186041 -0.192073 0.897502 0.417901 0.107498 0.113817 0.894901 0.640148 -0.034234 0.136904 0.755179 0.640148 -0.034234 0.136904 0.755179 0.640148 -0.034234 0.136904 0.755179 -0.114601 -0.426051 -0.097248 0.892127 0.102641 -0.459775 -0.108610 0.875372 -0.175648 -0.228606 -0.012556 0.957460 -0.175648 -0.228606 -0.012556 0.957460 -0.175648 -0.228606 -0.012556 0.957460 0.032202 0.075127 -0.023795 0.996370 0.032202 0.075127 -0.023795 0.996370 0.032202 0.075127 -0.023795 0.996370 0.032202 0.075127 -0.023795 0.996370 0.066996 -0.060660 0.552619 0.828519 0.011260 0.034574 0.491949 0.869864 0.011283 0.034587 0.491948 0.869864 0.032202 0.075127 -0.023795 0.996370 0.032202 0.075127 -0.023795 0.996370 0.032202 0.075127 -0.023795 0.996370 0.032202 0.075127 -0.023795 0.996370 -0.029127 -0.030364 -0.687442 0.725019 -0.175664 -0.179120 -0.594009 0.764337 -0.175645 -0.179135 -0.594004 0.764342
-0.001287 0.791127 -0.002253 0.041515 0.100429 -0.027820 0.993688 -0.392007 0.196382 -0.157432 0.884861 0.382295 0.236559 0.141936 0.881898 0.562422 0.136978 0.290108 0.762073 0.562422 0.136978 0.290108 0.762073 0.562422 0.136978 0.290108 0.762073 -0.095480 -0.397508 -0.097936 0.907348 0.128304 -0.416901 -0.128785 0.890588 -0.125904 -0.187176 -0.010557 0.974167 -0.125904 -0.187176 -0.010557 0.974167 -0.125904 -0.187176 -0.010557 0.974167 0.041515 0.100429 -0.027819 0.993688 0.041515 0.100429 -0.027819 0.993688 0.041515 0.100429 -0.027819 0.993688 0.041515 0.100429 -0.027819 0.993688 0.086782 -0.022968 0.511840 0.854378 0.041860 0.058172 0.470192 0.879649 0.041883 0.058184 0.470191 0.879648 0.041515 0.100429 -0.027819 0.993688 0.041515 0.100429 -0.027819 0.993688 0.041515 0.100429 -0.027819 0.993688 0.041515 0.100429 -0.027819 0.993688 -0.037623 -0.015989 -0.673088 0.738432 -0.183964 -0.169539 -0.536859 0.805727 -0.183943 -0.169553 -0.536854 0.805732
-0.001295 0.799695 -0.002114 0.053867 0.099019 -0.031656 0.993122 -0.394902 0.205774 -0.164429 0.880155 0.290116 0.207942 0.055979 0.932448 0.339313 0.075439 0.204679 0.915031 0.339313 0.075439 0.204679 0.915031 0.339313 0.075439 0.204679 0.915031 -0.096870 -0.380324 -0.102338 0.914055 0.108650 -0.383998 -0.137563 0.906541 -0.168086 -0.140486 -0.012157 0.975635 -0.168086 -0.140486 -0.012157 0.975635 -0.168086 -0.140486 -0.012157 0.975635 0.053867 0.099019 -0.031656 0.993122 0.053867 0.099019 -0.031656 0.993122 0.053867 0.099019 -0.031656 0.993122 0.053867 0.099019 -0.031656 0.993122 0.093788 -0.016202 0.467827 0.878680 0.057604 0.055480 0.442996 0.892949 0.057627 0.055491 0.442994 0.892948 0.053867 0.099019 -0.031656 0.993122 0.053867 0.099019 -0.031656 0.993122 0.053867 0.099019 -0.031656 0.993122 0.053867 0.099019 -0.031656 0.993122 -0.026222 -0.016701 -0.664049 0.747042 -0.170366 -0.171028 -0.492528 0.836146 -0.170344 -0.171041 -0.492524 0.836151
-0.001310 0.801422 -0.001780 0.052923 0.108019 -0.036542 0.992066 -0.406666 0.231300 -0.134822 0.873468 0.131894 0.245005 0.001620 0.960507 0.100312 0.124260 0.193255 0.968065 0.100312 0.124260 0.193255 0.968065 0.100312 0.124260 0.193255 0.968065 -0.115425 -0.313521 -0.083883 0.938800 0.076114 -0.247203 -0.098581 0.960926 -0.180284 0.055531 0.095386 0.977402 -0.180284 0.055531 0.095386 0.977402 -0.180284 0.055531 0.095386 0.977402 0.052923 0.108019 -0.036542 0.992066 0.052923 0.108019 -0.036542 0.992066 0.052923 0.108019 -0.036542 0.992066 0.052923 0.108019 -0.036542 0.992066 0.095015 0.001388 0.432996 0.896373 0.073705 0.047335 0.416372 0.904965 0.073729 0.047345 0.416370 0.904963 0.052923 0.108019 -0.036542 0.992066 0.052923 0.108019 -0.036542 0.992066 0.052923 0.108019 -0.036542 0.992066 0.052923 0.108019 -0.036542 0.992066 -0.031290 -0.001067 -0.656334 0.753820 -0.165527 -0.150020 -0.464668 0.856842 -0.165505 -0.150032 -0.464664 0.856846
-0.001423 0.804778 -0.001347 0.046524 0.145445 -0.036045 0.987614 -0.353489 0.307086 -0.067887 0.880985 0.088485 0.343251 0.028568 0.934630 0.031745 0.257807 0.296678 0.918972 0.031745 0.257807 0.296678 0.918972 0.031745 0.257807 0.296678 0.918972 -0.102782 -0.228585 -0.107631 0.962081 0.062850 -0.100002 -0.119852 0.985741 -0.163913 0.260379 0.146547 0.940138 -0.163912 0.260380 0.146547 0.940138 -0.163912 0.260380 0.146547 0.940138 0.046524 0.145445 -0.036044 0.987614 0.046524 0.145445 -0.036044 0.987614 0.046524 0.145445 -0.036044 0.987614 0.046524 0.145445 -0.036044 0.987614 0.102607 0.016122 0.401699 0.909862 0.093468 0.036190 0.411613 0.905830 0.093492 0.036201 0.411612 0.905828 0.046524 0.145445 -0.036044 0.987614 0.046524 0.145445 -0.036044 0.987614 0.046524 0.145445 -0.036044 0.987614 0.046524 0.145445 -0.036044 0.987614 -0.057230 0.036253 -0.641906 0.763785 -0.179162 -0.110354 -0.453264 0.866184 -0.179139 -0.110366 -0.453261 0.866189
-0.001559 0.813839 -0.001020 0.036800 0.181137 -0.034317 0.982170 -0.287791 0.345228 -0.026771 0.892904 0.063056 0.392038 0.037560 0.917016 0.006531 0.317900 0.322685 0.891500 0.006531 0.317900 0.322685 0.891500 0.006531 0.317900 0.322685 0.891500 -0.086977 -0.181609 -0.132033 0.970577 0.070278 -0.037393 -0.138999 0.987088 -0.146295 0.330490 0.161740 0.918267 -0.146295 0.330490 0.161740 0.918267 -0.146295 0.330490 0.161740 0.918267 0.036800 0.181137 -0.034317 0.982170 0.036800 0.181137 -0.034317 0.982170 0.036800 0.181137 -0.034317 0.982170 0.036800 0.181137 -0.034317 0.982170 0.104109 0.022198 0.373051 0.921684 0.096057 0.040595 0.399972 0.910575 0.096081 0.040605 0.399971 0.910573 0.036800 0.181137 -0.034317 0.982170 0.036800 0.181137 -0.034317 0.982170 0.036800 0.181137 -0.034317 0.982170 0.036800 0.181137 -0.034317 0.982170 -0.085077 0.062042 -0.629468 0.769859 -0.203681 -0.087565 -0.459892 0.859852 -0.203659 -0.087577 -0.459890 0.859858
-0.001637 0.826772 -0.000848 0.022369 0.209285 -0.035027 0.976971 -0.207645 0.348739 0.008412 0.913889 0.044441 0.356489 0.026733 0.932859 -0.055317 0.251611 0.302749 0.917592 -0.055317 0.251611 0.302749 0.917592 -0.055317 0.251611 0.302749 0.917592 -0.073978 -0.171648 -0.148494 0.971089 0.063541 -0.036768 -0.139362 0.987516 -0.152890 0.323258 0.153918 0.921107 -0.152890 0.323258 0.153918 0.921107 -0.152890 0.323258 0.153918 0.921107 0.022369 0.209285 -0.035027 0.976971 0.022369 0.209285 -0.035027 0.976971 0.022369 0.209285 -0.035027 0.976971 0.022369 0.209285 -0.035027 0.976971 0.095827 0.029126 0.342619 0.934120 0.099188 0.019019 0.380670 0.919179 0.099212 0.019029 0.380670 0.919177 0.022369 0.209285 -0.035027 0.976971 0.022369 0.209285 -0.035027 0.976971 0.022369 0.209285 -0.035027 0.976971 0.022369 0.209285 -0.035027 0.976971 -0.115545 0.070513 -0.632681 0.762491 -0.244012 -0.087571 -0.473705 0.841661 -0.243990 -0.087583 -0.473702 0.841668
-0.001671 0.838687 -0.000731 0.015087 0.231568 -0.028719 0.972278 -0.150653 0.372447 0.031018 0.915218 0.039553 0.377249 0.017637 0.925099 -0.060749 0.262183 0.290547 0.918233 -0.060749 0.262183 0.290547 0.918233 -0.060749 0.262183 0.290547 0.918233 -0.052703 -0.168728 -0.152751 0.972327 0.064768 -0.045098 -0.144798 0.986309 -0.151095 0.306594 0.139745 0.929323 -0.151095 0.306594 0.139745 0.929323 -0.151095 0.306594 0.139745 0.929323 0.015088 0.231568 -0.028719 0.972278 0.015088 0.231568 -0.028719 0.972278 0.015088 0.231568 -0.028719 0.972278 0.015088 0.231568 -0.028719 0.972278 0.095285 0.044652 0.333493 0.936861 0.107249 0.012045 0.378376 0.919339 0.107273 0.012055 0.378376 0.919336 0.015088 0.231568 -0.028719 0.972278 0.015088 0.231568 -0.028719 0.972278 0.015088 0.231568 -0.028719 0.972278 0.015088 0.231568 -0.028719 0.972278 -0.134499 0.092442 -0.625871 0.762659 -0.265821 -0.073780 -0.492979 0.825147 -0.265799 -0.073793 -0.492977 0.825154
-0.001688 0.840352 -0.000646 0.010455 0.244010 -0.018887 0.969532 -0.134782 0.397982 0.025109 0.907091 0.013225 0.412311 -0.004816 0.910935 -0.055044 0.312591 0.268155 0.909588 -0.055044 0.312591 0.268155 0.909588 -0.055044 0.312591 0.268155 0.909588 -0.014103 -0.145154 -0.119795 0.982029 0.129423 -0.021845 -0.202968 0.970349 -0.047969 0.307167 0.094830 0.945703 -0.047969 0.307167 0.094830 0.945703 -0.047969 0.307167 0.094830 0.945703 0.010456 0.244010 -0.018886 0.969532 0.010456 0.244010 -0.018886 0.969532 0.010456 0.244010 -0.018886 0.969532 0.010455 0.244010 -0.018886 0.969532 0.096366 0.055198 0.338584 0.934360 0.111526 0.015839 0.388065 0.914722 0.111550 0.015850 0.388065 0.914719 0.010456 0.244010 -0.018886 0.969532 0.010456 0.244010 -0.018886 0.969532 0.010456 0.244010 -0.018886 0.969532 0.010456 0.244010 -0.018886 0.969532 -0.143995 0.116659 -0.614041 0.767209 -0.276922 -0.058625 -0.510029 0.812248 -0.276901 -0.058638 -0.510028 0.812256
-0.001703 0.844176 -0.000619 0.005005 0.257198 -0.008860 0.966305 -0.116686 0.415058 0.023448 0.901977 0.033017 0.434341 -0.002683 0.900139 -0.021818 0.335713 0.270424 0.902048 -0.021818 0.335713 0.270424 0.902048 -0.021818 0.335713 0.270424 0.902048 0.009715 -0.150099 -0.038465 0.987875 0.223133 -0.037033 -0.256376 0.939740 0.101842 0.225993 0.004705 0.968779 0.101842 0.225993 0.004705 0.968779 0.101842 0.225993 0.004705 0.968779 0.005005 0.257198 -0.008859 0.966305 0.005005 0.257198 -0.008859 0.966305 0.005005 0.257198 -0.008859 0.966305 0.005005 0.257198 -0.008859 0.966305 0.098602 0.060027 0.350296 0.929499 0.113986 0.022667 0.415266 0.902246 0.114010 0.022678 0.415265 0.902243 0.005005 0.257198 -0.008859 0.966305 0.005005 0.257198 -0.008859 0.966305 0.005005 0.257198 -0.008859 0.966305 0.005005 0.257198 -0.008859 0.966305 -0.155863 0.153715 -0.605766 0.764935 -0.293241 -0.031690 -0.524574 0.798641 -0.293220 -0.031703 -0.524573 0.798649
-0.001705 0.840495 -0.000616 -0.008058 0.286434 0.000354 0.958066 -0.104093 0.454014 0.019434 0.884680 0.076736 0.490878 0.001920 0.867840 0.035534 0.395875 0.291147 0.870203 0.035534 0.395875 0.291147 0.870203 0.035534 0.395875 0.291147 0.870203 0.002692 -0.124140 0.052502 0.990871 0.290516 -0.002417 -0.297719 0.909372 0.281598 0.211192 -0.066236 0.933656 0.281598 0.211192 -0.066236 0.933656 0.281598 0.211192 -0.066236 0.933656 -0.008058 0.286434 0.000354 0.958066 -0.008058 0.286434 0.000354 0.958066 -0.008058 0.286434 0.000354 0.958066 -0.008058 0.286434 0.000354 0.958066 0.101225 0.067647 0.364631 0.923158 0.117579 0.030565 0.432303 0.893507 0.117602 0.030576 0.432303 0.893504 -0.008058 0.286434 0.000354 0.958066 -0.008058 0.286434 0.000354 0.958066 -0.008058 0.286434 0.000354 0.958066 -0.008058 0.286434 0.000354 0.958066 -0.187116 0.166253 -0.604385 0.756350 -0.341329 -0.040363 -0.547010 0.763312 -0.341309 -0.040377 -0.547009 0.763321
-0.001706 0.836110 -0.000624 -0.014745 0.319495 0.005902 0.947455 -0.103453 0.483172 0.014057 0.869278 0.103251 0.517936 -0.001470 0.849164 0.055998 0.420684 0.300063 0.854313 0.055998 0.420684 0.300063 0.854313 0.055998 0.420684 0.300063 0.854313 -0.023690 -0.090229 0.144865 0.985044 0.291237 0.039810 -0.293830 0.909538 0.314793 0.238844 -0.082492 0.914906 0.314793 0.238844 -0.082492 0.914906 0.314793 0.238844 -0.082492 0.914906 -0.014745 0.319495 0.005903 0.947455 -0.014745 0.319495 0.005903 0.947455 -0.014745 0.319495 0.005903 0.947455 -0.014745 0.319495 0.005903 0.947455 0.110177 0.081057 0.370621 0.918657 0.132609 0.031317 0.438890 0.888150 0.132632 0.031328 0.438889 0.888146 -0.014745 0.319495 0.005903 0.947455 -0.014745 0.319495 0.005903 0.947455 -0.014745 0.319495 0.005903 0.947455 -0.014745 0.319495 0.005903 0.947455 -0.218068 0.236824 -0.608838 0.725036 -0.388257 0.017666 -0.561159 0.730784 -0.388238 0.017651 -0.561159 0.730794
-0.001731 0.839137 -0.000658 -0.022258 0.354513 0.009575 0.934737 -0.111085 0.508829 0.005918 0.853650 0.101153 0.532643 -0.023316 0.839950 0.036738 0.435119 0.291560 0.851067 0.036738 0.435119 0.291560 0.851067 0.036738 0.435119 0.291560 0.851067 -0.047456 -0.058789 0.208297 0.975143 0.265992 0.073422 -0.275174 0.920943 0.262443 0.278417 -0.058654 0.922045 0.262443 0.278417 -0.058654 0.922045 0.262443 0.278417 -0.058654 0.922045 -0.022258 0.354513 0.009575 0.934737 -0.022258 0.354513 0.009575 0.934737 -0.022258 0.354513 0.009575 0.934737 -0.022258 0.354513 0.009575 0.934737 0.124638 0.107927 0.388467 0.906593 0.156790 0.040982 0.450917 0.877731 0.156813 0.040994 0.450916 0.877727 -0.022258 0.354513 0.009575 0.934737 -0.022258 0.354513 0.009575 0.934737 -0.022258 0.354513 0.009575 0.934737 -0.022258 0.354513 0.009575 0.934737 -0.250226 0.285343 -0.608291 0.697100 -0.428715 0.063338 -0.570820 0.697392 -0.428697 0.063323 -0.570822 0.697403
-0.001734 0.847613 -0.000720 -0.023747 0.393190 0.006097 0.919130 -0.114831 0.530789 -0.006201 0.839666 0.090147 0.543445 -0.037589 0.833744 0.019224 0.443473 0.279507 0.851374 0.019224 0.443473 0.279507 0.851374 0.019224 0.443473 0.279507 0.851374 -0.066844 -0.030079 0.246481 0.966372 0.230258 0.065628 -0.264895 0.934080 0.178150 0.268107 -0.058540 0.944962 0.178150 0.268107 -0.058540 0.944962 0.178150 0.268107 -0.058540 0.944962 -0.023747 0.393190 0.006097 0.919130 -0.023747 0.393190 0.006097 0.919130 -0.023747 0.393190 0.006097 0.919130 -0.023747 0.393190 0.006097 0.919130 0.150232 0.133081 0.407066 0.891076 0.194855 0.042370 0.453951 0.868426 0.194878 0.042382 0.453950 0.868421 -0.023747 0.393190 0.006097 0.919130 -0.023747 0.393190 0.006097 0.919130 -0.023747 0.393190 0.006097 0.919130 -0.023747 0.393190 0.006097 0.919130 -0.280831 0.321179 -0.611237 0.666609 -0.461693 0.107232 -0.593868 0.650125 -0.461676 0.107217 -0.593870 0.650137
-0.001762 0.851354 -0.000777 -0.021950 0.438235 -0.002478 0.898589 -0.113043 0.551608 -0.023647 0.826070 0.077837 0.556453 -0.047772 0.825845 0.018277 0.447097 0.252460 0.857924 0.018277 0.447097 0.252460 0.857924 0.018277 0.447097 0.252460 0.857924 -0.081120 0.017930 0.285159 0.954873 0.225626 0.120798 -0.300898 0.918674 0.212357 0.319852 -0.097567 0.918194 0.212357 0.319852 -0.097567 0.918194 0.212357 0.319852 -0.097567 0.918194 -0.021949 0.438235 -0.002478 0.898589 -0.021949 0.438235 -0.002478 0.898589 -0.021949 0.438235 -0.002478 0.898589 -0.021950 0.438235 -0.002478 0.898589 0.183360 0.170083 0.418737 0.872989 0.241898 0.056833 0.466129 0.849105 0.241920 0.056845 0.466128 0.849099 -0.021949 0.438235 -0.002478 0.898589 -0.021949 0.438235 -0.002478 0.898589 -0.021949 0.438235 -0.002478 0.898589 -0.021949 0.438235 -0.002478 0.898589 -0.311123 0.377619 -0.608806 0.624470 -0.483959 0.186498 -0.595676 0.613329 -0.483943 0.186482 -0.595681 0.613342
-0.001811 0.856290 -0.000841 -0.012127 0.482598 -0.010119 0.875699 -0.105467 0.576436 -0.045597 0.809024 0.088020 0.558327 -0.057024 0.822965 0.032531 0.440310 0.229395 0.867437 0.032531 0.440310 0.229395 0.867437 0.032531 0.440310 0.229395 0.867437 -0.094764 0.029519 0.288926 0.952192 0.228929 0.131832 -0.274327 0.924639 0.244766 0.341143 -0.062163 0.905454 0.244766 0.341143 -0.062163 0.905454 0.244766 0.341143 -0.062163 0.905454 -0.012127 0.482598 -0.010119 0.875699 -0.012127 0.482598 -0.010119 0.875699 -0.012127 0.482598 -0.010119 0.875699 -0.012127 0.482598 -0.010119 0.875699 0.218964 0.241322 0.413623 0.850138 0.288481 0.120341 0.477414 0.821202 0.288502 0.120354 0.477411 0.821194 -0.012127 0.482598 -0.010119 0.875699 -0.012127 0.482598 -0.010119 0.875699 -0.012127 0.482598 -0.010119 0.875699 -0.012127 0.482598 -0.010119 0.875699 -0.340063 0.440993 -0.612204 0.561328 -0.512604 0.269705 -0.609359 0.541460 -0.512590 0.269689 -0.609366 0.541473
-0.001863 0.863659 -0.000859 -0.002619 0.522984 -0.015116 0.852204 -0.088072 0.598152 -0.071445 0.793318 0.118101 0.561108 -0.084011 0.814955 0.061648 0.431754 0.186958 0.880247 0.061648 0.431754 0.186958 0.880247 0.061648 0.431754 0.186958 0.880247 -0.148881 0.020874 0.284325 0.946868 0.162663 0.091353 -0.184663 0.964933 0.156661 0.323545 0.016025 0.933016 0.156661 0.323545 0.016025 0.933016 0.156661 0.323545 0.016025 0.933016 -0.002619 0.522984 -0.015115 0.852204 -0.002619 0.522984 -0.015115 0.852204 -0.002619 0.522984 -0.015115 0.852204 -0.002619 0.522984 -0.015115 0.852204 0.248297 0.291931 0.400332 0.832381 0.330105 0.158421 0.480867 0.796681 0.330125 0.158434 0.480863 0.796672 -0.002619 0.522984 -0.015115 0.852204 -0.002619 0.522984 -0.015115 0.852204 -0.002619 0.522984 -0.015115 0.852204 -0.002619 0.522984 -0.015115 0.852204 -0.359368 0.494329 -0.597277 0.519378 -0.538839 0.325482 -0.604820 0.487757 -0.538827 0.325466 -0.604828 0.487771
-0.001924 0.868022 -0.000869 -0.002170 0.557793 -0.028320 0.829494 -0.071639 0.618264 -0.087228 0.777823 0.132501 0.567162 -0.102077 0.806443 0.073686 0.429772 0.158669 0.885827 0.073686 0.429772 0.158669 0.885827 0.073686 0.429772 0.158669 0.885827 -0.202372 0.032448 0.270187 0.940740 0.053660 0.080677 -0.098648 0.990394 -0.003057 0.346351 0.102525 0.932481 -0.003057 0.346351 0.102525 0.932481 -0.003057 0.346351 0.102525 0.932481 -0.002169 0.557793 -0.028320 0.829494 -0.002169 0.557793 -0.028320 0.829494 -0.002169 0.557793 -0.028320 0.829494 -0.002169 0.557793 -0.028320 0.829494 0.269599 0.319716 0.387883 0.821367 0.362629 0.174122 0.491570 0.772360 0.362649 0.174135 0.491566 0.772351 -0.002169 0.557793 -0.028320 0.829494 -0.002169 0.557793 -0.028320 0.829494 -0.002169 0.557793 -0.028320 0.829494 -0.002169 0.557793 -0.028320 0.829494 -0.369158 0.532591 -0.574068 0.500516 -0.556991 0.357987 -0.582559 0.471414 -0.556979 0.357972 -0.582568 0.471429
-0.001987 0.868066 -0.000857 -0.006171 0.569637 -0.027666 0.821408 -0.049859 0.620232 -0.099173 0.776525 0.128923 0.565592 -0.101835 0.808155 0.065621 0.426594 0.159850 0.887784 0.065621 0.426594 0.159850 0.887784 0.065621 0.426594 0.159850 0.887784 -0.204921 0.011651 0.218583 0.953988 0.042404 0.063622 -0.041547 0.996207 -0.061792 0.346715 0.182707 0.917926 -0.061792 0.346715 0.182707 0.917926 -0.061792 0.346715 0.182707 0.917926 -0.006170 0.569637 -0.027666 0.821408 -0.006170 0.569637 -0.027666 0.821408 -0.006170 0.569637 -0.027666 0.821408 -0.006170 0.569637 -0.027666 0.821408 0.264799 0.345212 0.373942 0.819071 0.362663 0.199893 0.487275 0.768818 0.362683 0.199905 0.487270 0.768808 -0.006170 0.569637 -0.027666 0.821408 -0.006170 0.569637 -0.027666 0.821408 -0.006170 0.569637 -0.027666 0.821408 -0.006170 0.569637 -0.027666 0.821408 -0.373197 0.556683 -0.559904 0.487170 -0.563828 0.382216 -0.568982 0.460726 -0.563816 0.382201 -0.568992 0.460740
-0.002060 0.861661 -0.000764 -0.006223 0.577675 -0.020510 0.815986 -0.027076 0.621146 -0.113811 0.774914 0.125131 0.564173 -0.115152 0.807955 0.046039 0.430116 0.157451 0.887744 0.046039 0.430116 0.157451 0.887744 0.046039 0.430116 0.157451 0.887744 -0.160651 0.002818 0.179507 0.970546 0.041069 0.030079 -0.020536 0.998492 -0.112201 0.304282 0.210766 0.922172 -0.112201 0.304282 0.210766 0.922172 -0.112201 0.304282 0.210766 0.922172 -0.006223 0.577675 -0.020510 0.815986 -0.006223 0.577675 -0.020510 0.815986 -0.006223 0.577675 -0.020510 0.815986 -0.006223 0.577675 -0.020510 0.815986 0.247391 0.399536 0.344021 0.812907 0.347517 0.267960 0.459740 0.772055 0.347537 0.267972 0.459733 0.772046 -0.006223 0.577675 -0.020510 0.815986 -0.006223 0.577675 -0.020510 0.815986 -0.006223 0.577675 -0.020510 0.815986 -0.006223 0.577675 -0.020510 0.815986 0.376793 -0.555931 0.546582 -0.500215 0.574049 -0.367136 0.550860 -0.481905 0.574037 -0.367122 0.550869 -0.481919
-0.002103 0.843168 -0.000696 -0.006447 0.582622 -0.012701 0.812618 0.001489 0.620814 -0.127674 0.773490 0.140175 0.562601 -0.124821 0.805140 0.040692 0.432350 0.162377 0.886031 0.040692 0.432350 0.162377 0.886031 0.040692 0.432350 0.162377 0.886031 -0.125180 0.007384 0.132015 0.983284 0.034890 0.035387 -0.015161 0.998649 -0.124259 0.316744 0.222853 0.913548 -0.124259 0.316744 0.222853 0.913548 -0.124259 0.316744 0.222853 0.913548 -0.006446 0.582622 -0.012701 0.812618 -0.006446 0.582622 -0.012701 0.812618 -0.006446 0.582622 -0.012701 0.812618 -0.006446 0.582622 -0.012701 0.812618 0.234260 0.428764 0.326343 0.809187 0.340552 0.296971 0.446908 0.772079 0.340572 0.296983 0.446900 0.772070 -0.006446 0.582622 -0.012701 0.812618 -0.006446 0.582622 -0.012701 0.812618 -0.006446 0.582622 -0.012701 0.812618 -0.006446 0.582622 -0.012701 0.812618 0.381407 -0.549074 0.538263 -0.513147 0.587203 -0.342293 0.538001 -0.498582 0.587190 -0.342279 0.538010 -0.498597
-0.002116 0.828273 -0.000657 -0.011894 0.590583 -0.006950 0.806859 0.015135 0.627431 -0.135837 0.766583 0.149355 0.569498 -0.144985 0.795201 0.037047 0.445744 0.154712 0.880911 0.037047 0.445744 0.154712 0.880911 0.037047 0.445744 0.154712 0.880911 -0.092234 0.003972 0.087037 0.991918 0.042098 0.021269 -0.003532 0.998881 -0.114250 0.298754 0.226241 0.920059 -0.114250 0.298754 0.226241 0.920059 -0.114250 0.298754 0.226241 0.920059 -0.011894 0.590583 -0.006950 0.806859 -0.011894 0.590583 -0.006950 0.806859 -0.011894 0.590583 -0.006950 0.806859 -0.011894 0.590583 -0.006950 0.806859 0.227920 0.431836 0.322633 0.810850 0.338829 0.292239 0.445177 0.775635 0.338849 0.292251 0.445169 0.775626 -0.011894 0.590583 -0.006950 0.806859 -0.011894 0.590583 -0.006950 0.806859 -0.011894 0.590583 -0.006950 0.806859 -0.011894 0.590583 -0.006950 0.806859 0.391191 -0.547304 0.530502 -0.515748 0.600285 -0.331238 0.530212 -0.498813 0.600272 -0.331225 0.530221 -0.498828
-0.002121 0.823655 -0.000640 -0.019000 0.589099 0.003121 0.807831 0.016496 0.631922 -0.141458 0.761834 0.168436 0.576789 -0.170579 0.780926 0.064461 0.457471 0.123937 0.878183 0.064461 0.457471 0.123937 0.878183 0.064461 0.457471 0.123937 0.878183 -0.072661 0.002812 0.052643 0.995962 0.051101 0.025745 0.005205 0.998348 -0.101403 0.307832 0.239904 0.915097 -0.101403 0.307832 0.239904 0.915097 -0.101403 0.307832 0.239904 0.915097 -0.019000 0.589099 0.003122 0.807831 -0.019000 0.589099 0.003122 0.807831 -0.019000 0.589099 0.003122 0.807831 -0.019000 0.589099 0.003122 0.807831 0.223020 0.435548 0.334116 0.805560 0.341627 0.276367 0.444014 0.780874 0.341647 0.276378 0.444007 0.780865 -0.019000 0.589099 0.003122 0.807831 -0.019000 0.589099 0.003122 0.807831 -0.019000 0.589099 0.003122 0.807831 -0.019000 0.589099 0.003122 0.807831 0.399059 -0.552421 0.527957 -0.506797 0.603304 -0.344826 0.539902 -0.475000 0.603292 -0.344812 0.539911 -0.475016
-0.002126 0.824949 -0.000635 -0.025432 0.582026 0.011531 0.812690 0.010751 0.642793 -0.139106 0.753227 0.188574 0.591511 -0.173221 0.764558 0.114363 0.478952 0.114457 0.862801 0.114363 0.478952 0.114457 0.862801 0.114363 0.478952 0.114457 0.862801 -0.062454 0.010602 0.040063 0.997187 0.053608 0.049327 0.002053 0.997341 -0.080081 0.343329 0.243198 0.903641 -0.080081 0.343329 0.243198 0.903641 -0.080081 0.343329 0.243198 0.903641 -0.025432 0.582026 0.011531 0.812690 -0.025432 0.582026 0.011531 0.812690 -0.025432 0.582026 0.011531 0.812690 -0.025432 0.582026 0.011531 0.812690 0.221234 0.431772 0.352435 0.800261 0.340120 0.276459 0.460555 0.771866 0.340140 0.276471 0.460548 0.771857 -0.025432 0.582026 0.011531 0.812690 -0.025432 0.582026 0.011531 0.812690 -0.025432 0.582026 0.011531 0.812690 -0.025432 0.582026 0.011531 0.812690 0.401579 -0.550592 0.527663 -0.507104 0.599227 -0.351228 0.551963 -0.461414 0.599215 -0.351214 0.551972 -0.461429
-0.002108 0.830122 -0.000655 -0.028405 0.574083 0.016807 0.818132 -0.011987 0.657582 -0.114185 0.744583 0.267129 0.621139 -0.169010 0.717122 0.231548 0.507122 0.108835 0.823024 0.231548 0.507122 0.108835 0.823024 0.231548 0.507122 0.108835 0.823024 -0.055048 0.021190 0.028387 0.997855 0.059220 0.082028 -0.000059 0.994869 -0.052178 0.389321 0.250899 0.884735 -0.052178 0.389321 0.250899 0.884735 -0.052178 0.389321 0.250899 0.884735 -0.028404 0.574083 0.016807 0.818132 -0.028404 0.574083 0.016807 0.818132 -0.028404 0.574083 0.016807 0.818132 -0.028404 0.574083 0.016807 0.818132 0.222864 0.420358 0.369407 0.798229 0.336418 0.278213 0.479844 0.761032 0.336438 0.278226 0.479837 0.761023 -0.028404 0.574083 0.016807 0.818132 -0.028404 0.574083 0.016807 0.818132 -0.028404 0.574083 0.016807 0.818132 -0.028404 0.574083 0.016807 0.818132 0.399236 -0.543481 0.527478 -0.516726 0.598474 -0.339797 0.559648 -0.461694 0.598462 -0.339783 0.559656 -0.461710
-0.002089 0.834309 -0.000706 -0.025111 0.563764 0.022082 0.825258 -0.032674 0.676818 -0.057231 0.733195 0.431650 0.632004 -0.099683 0.635856 0.453435 0.486789 0.164684 0.728225 0.453435 0.486789 0.164684 0.728225 0.453435 0.486789 0.164684 0.728225 -0.042521 0.032782 0.028663 0.998146 0.062357 0.113769 -0.005679 0.991532 -0.025711 0.432856 0.251597 0.865259 -0.025711 0.432856 0.251597 0.865259 -0.025711 0.432856 0.251597 0.865259 -0.025111 0.563764 0.022083 0.825258 -0.025111 0.563764 0.022083 0.825258 -0.025111 0.563764 0.022083 0.825258 -0.025111 0.563764 0.022083 0.825258 0.224658 0.393932 0.380198 0.806099 0.328797 0.259948 0.486539 0.766550 0.328817 0.259961 0.486533 0.766541 -0.025111 0.563764 0.022083 0.825258 -0.025111 0.563764 0.022083 0.825258 -0.025111 0.563764 0.022083 0.825258 -0.025111 0.563764 0.022083 0.825258 0.392845 -0.537232 0.530639 -0.524859 0.596233 -0.327720 0.563921 -0.468079 0.596221 -0.327706 0.563930 -0.468095
-0.002111 0.835414 -0.000735 -0.018686 0.558727 0.024834 0.828769 -0.088898 0.665860 -0.005625 0.740740 -0.543646 -0.608320 0.036080 -0.577143 0.653037 0.447865 0.078995 0.605573 0.653037 0.447865 0.078995 0.605573 0.653037 0.447865 0.078995 0.605573 -0.037007 0.040505 0.031481 0.997997 0.055843 0.131749 -0.012221 0.989633 -0.023774 0.458707 0.250998 0.852069 -0.023774 0.458707 0.250998 0.852069 -0.023774 0.458707 0.250998 0.852069 -0.018686 0.558727 0.024835 0.828769 -0.018686 0.558727 0.024835 0.828769 -0.018686 0.558727 0.024835 0.828769 -0.018686 0.558727 0.024835 0.828769 0.232863 0.371163 0.389008 0.810361 0.326984 0.242339 0.480528 0.776818 0.327004 0.242351 0.480522 0.776810 -0.018686 0.558727 0.024835 0.828769 -0.018686 0.558727 0.024835 0.828769 -0.018686 0.558727 0.024835 0.828769 -0.018686 0.558727 0.024834 0.828769 -0.386413 0.531002 -0.531684 0.534821 0.597155 -0.310595 0.566397 -0.475533 0.597143 -0.310580 0.566405 -0.475548
-0.002163 0.844810 -0.000731 -0.010414 0.536084 0.016888 0.843932 -0.150503 0.646968 0.037152 0.746593 0.592497 0.587663 -0.020238 0.550626 0.726724 0.417731 -0.021228 0.544906 0.726724 0.417731 -0.021228 0.544906 0.726724 0.417731 -0.021228 0.544906 -0.036190 0.019898 0.017529 0.998993 0.052167 0.118655 -0.005134 0.991551 -0.028927 0.455038 0.257908 0.851814 -0.028927 0.455038 0.257908 0.851814 -0.028927 0.455038 0.257908 0.851814 -0.010414 0.536084 0.016889 0.843932 -0.010414 0.536084 0.016889 0.843932 -0.010414 0.536084 0.016889 0.843932 -0.010414 0.536084 0.016889 0.843932 0.242954 0.329570 0.408700 0.815672 0.323207 0.206871 0.470861 0.794375 0.323227 0.206883 0.470856 0.794367 -0.010414 0.536084 0.016889 0.843932 -0.010414 0.536084 0.016889 0.843932 -0.010414 0.536084 0.016889 0.843932 -0.010414 0.536084 0.016889 0.843932 -0.362062 0.490242 -0.543316 0.577392 -0.573189 0.259804 -0.586175 0.510250 -0.573176 0.259788 -0.586182 0.510265
-0.002194 0.850763 -0.000748 -0.004573 0.515554 0.007828 0.856809 -0.212555 0.630094 0.067894 0.743769 0.589909 0.582409 -0.020968 0.558898 0.725101 0.408262 -0.108125 0.543929 0.725101 0.408262 -0.108125 0.543929 0.725101 0.408262 -0.108125 0.543929 -0.037511 0.003861 0.013316 0.999200 0.057181 0.107817 -0.002788 0.992521 -0.011869 0.451698 0.252546 0.855598 -0.011869 0.451698 0.252546 0.855598 -0.011869 0.451698 0.252546 0.855598 -0.004573 0.515554 0.007828 0.856809 -0.004573 0.515554 0.007828 0.856809 -0.004573 0.515554 0.007828 0.856809 -0.004573 0.515554 0.007828 0.856809 0.243211 0.313437 0.416213 0.818152 0.308170 0.208855 0.453310 0.809890 0.308191 0.208866 0.453304 0.809882 -0.004573 0.515554 0.007828 0.856809 -0.004573 0.515554 0.007828 0.856809 -0.004573 0.515554 0.007828 0.856809 -0.004573 0.515554 0.007828 0.856809 -0.336590 0.452032 -0.547032 0.618976 -0.546064 0.208059 -0.567869 0.579699 -0.546049 0.208044 -0.567874 0.579713
-0.002207 0.861061 -0.000749 0.001314 0.492299 0.007608 0.870392 -0.245541 0.591235 0.098509 0.761871 -0.548306 -0.600348 -0.025218 -0.581642 0.651089 0.444944 -0.052245 0.612682 0.651089 0.444944 -0.052245 0.612682 0.651089 0.444944 -0.052245 0.612682 -0.035183 -0.026313 -0.007104 0.999009 0.060996 0.078469 -0.002792 0.995045 0.004015 0.424408 0.234796 0.874490 0.004016 0.424408 0.234796 0.874490 0.004016 0.424408 0.234796 0.874490 0.001315 0.492299 0.007608 0.870392 0.001315 0.492299 0.007608 0.870392 0.001315 0.492299 0.007608 0.870392 0.001315 0.492299 0.007608 0.870392 0.231405 0.288298 0.411358 0.833139 0.290324 0.183022 0.429786 0.835164 0.290345 0.183033 0.429782 0.835156 0.001315 0.492299 0.007608 0.870392 0.001315 0.492299 0.007608 0.870392 0.001315 0.492299 0.007608 0.870392 0.001315 0.492299 0.007608 0.870392 -0.323573 0.393631 -0.567725 0.646563 -0.533964 0.135885 -0.579158 0.600828 -0.533948 0.135869 -0.579161 0.600842
-0.002212 0.865281 -0.000681 0.003725 0.457258 0.009125 0.889279 -0.281145 0.590741 0.093340 0.750513 0.356814 0.656254 -0.015393 0.664664 0.366603 0.503208 -0.009955 0.782486 0.366603 0.503208 -0.009955 0.782486 0.366603 0.503208 -0.009955 0.782486 -0.058805 -0.077972 -0.054026 0.993752 0.029163 0.013510 -0.036620 0.998812 -0.027006 0.369214 0.183002 0.910748 -0.027006 0.369214 0.183001 0.910748 -0.027006 0.369214 0.183001 0.910748 0.003725 0.457258 0.009125 0.889279 0.003725 0.457258 0.009125 0.889279 0.003725 0.457258 0.009125 0.889279 0.003725 0.457258 0.009125 0.889279 0.208113 0.251161 0.402785 0.855202 0.262900 0.144958 0.416643 0.858067 0.262922 0.144969 0.416640 0.858060 0.003725 0.457258 0.009125 0.889279 0.003725 0.457258 0.009125 0.889279 0.003725 0.457258 0.009125 0.889279 0.003725 0.457258 0.009125 0.889279 -0.298228 0.341890 -0.578694 0.677705 -0.497951 0.088225 -0.576725 0.641599 -0.497934 0.088210 -0.576727 0.641612
-0.002199 0.863406 -0.000609 -0.005639 0.414770 0.005618 0.909892 -0.282859 0.586701 0.077175 0.754862 0.208973 0.684427 -0.038671 0.697420 0.134031 0.541303 0.063794 0.827622 0.134031 0.541303 0.063794 0.827622 0.134031 0.541303 0.063794 0.827622 -0.103052 -0.119522 -0.079055 0.984299 -0.004698 -0.026711 -0.074613 0.996844 -0.050765 0.344811 0.135125 0.927507 -0.050765 0.344811 0.135125 0.927507 -0.050765 0.344811 0.135125 0.927507 -0.005639 0.414770 0.005619 0.909892 -0.005639 0.414770 0.005619 0.909892 -0.005639 0.414770 0.005619 0.909892 -0.005639 0.414770 0.005619 0.909892 0.170258 0.214168 0.388364 0.879953 0.217762 0.114686 0.401315 0.882254 0.217785 0.114696 0.401312 0.882249 -0.005639 0.414770 0.005619 0.909892 -0.005639 0.414770 0.005619 0.909892 -0.005639 0.414770 0.005619 0.909892 -0.005639 0.414770 0.005619 0.909892 -0.271167 0.291202 -0.581273 0.709783 -0.452214 0.051961 -0.565566 0.687705 -0.452196 0.051947 -0.565568 0.687716
-0.002188 0.860610 -0.000463 -0.011451 0.401669 0.006134 0.915693 -0.266705 0.590015 0.063185 0.759446 0.132671 0.699200 -0.044534 0.701096 0.042839 0.564071 0.093508 0.819296 0.042839 0.564071 0.093508 0.819296 0.042839 0.564071 0.093508 0.819296 -0.125547 -0.121809 -0.097700 0.979722 -0.010995 -0.022607 -0.110413 0.993568 -0.032780 0.354923 0.097442 0.929225 -0.032780 0.354923 0.097442 0.929225 -0.032780 0.354923 0.097442 0.929225 -0.011451 0.401669 0.006134 0.915693 -0.011451 0.401669 0.006134 0.915693 -0.011451 0.401669 0.006134 0.915693 -0.011451 0.401669 0.006134 0.915693 0.143494 0.202555 0.355903 0.900951 0.187306 0.097440 0.360778 0.908439 0.187330 0.097450 0.360776 0.908434 -0.011451 0.401669 0.006134 0.915693 -0.011451 0.401669 0.006134 0.915693 -0.011451 0.401669 0.006134 0.915693 -0.011451 0.401669 0.006134 0.915693 -0.251187 0.330198 -0.546861 0.727198 -0.382377 0.143703 -0.498407 0.764675 -0.382357 0.143690 -0.498411 0.764685
-0.002093 0.858567 -0.000331 -0.023203 0.417022 0.014574 0.908483 -0.247942 0.609121 0.052789 0.751471 -0.089769 -0.722331 0.055611 -0.683437 -0.014708 0.596680 0.113971 0.794209 -0.014708 0.596680 0.113971 0.794209 -0.014708 0.596680 0.113971 0.794209 -0.134072 -0.106864 -0.125697 0.977141 -0.008460 -0.001685 -0.122640 0.992414 -0.017659 0.382568 0.094908 0.918870 -0.017659 0.382568 0.094908 0.918870 -0.017659 0.382568 0.094908 0.918870 -0.023203 0.417022 0.014575 0.908483 -0.023203 0.417022 0.014575 0.908483 -0.023203 0.417022 0.014575 0.908483 -0.023203 0.417022 0.014574 0.908483 0.118520 0.216539 0.316722 0.915834 0.149276 0.124350 0.302488 0.933142 0.149301 0.124358 0.302485 0.933138 -0.023203 0.417022 0.014575 0.908483 -0.023203 0.417022 0.014575 0.908483 -0.023203 0.417022 0.014575 0.908483 -0.023203 0.417022 0.014574 0.908483 -0.244303 0.380390 -0.476984 0.753728 -0.315567 0.243590 -0.401017 0.824783 -0.315545 0.243579 -0.401023 0.824791
-0.001907 0.854282 -0.000258 -0.029041 0.438543 0.022809 0.897951 -0.230778 0.621592 0.036715 0.747674 -0.055933 -0.732105 0.065582 -0.675717 -0.103507 0.610210 0.119339 0.776330 -0.103507 0.610210 0.119339 0.776330 -0.103507 0.610210 0.119339 0.776330 -0.125306 -0.096974 -0.147071 0.976353 -0.007023 0.008091 -0.121926 0.992481 -0.028090 0.393936 0.107330 0.912418 -0.028090 0.393936 0.107330 0.912418 -0.028090 0.393936 0.107330 0.912418 -0.029041 0.438543 0.022809 0.897951 -0.029041 0.438543 0.022809 0.897951 -0.029041 0.438543 0.022809 0.897951 -0.029041 0.438543 0.022809 0.897951 0.093339 0.257969 0.265737 0.924188 0.122190 0.153237 0.252791 0.947462 0.122215 0.153243 0.252787 0.947459 -0.029041 0.438543 0.022809 0.897951 -0.029041 0.438543 0.022809 0.897951 -0.029041 0.438543 0.022809 0.897951 -0.029041 0.438543 0.022809 0.897951 -0.234662 0.422450 -0.407193 0.775025 -0.247139 0.331241 -0.293934 0.861861 -0.247117 0.331233 -0.293943 0.861867
-0.001705 0.842272 -0.000235 -0.030231 0.457170 0.029495 0.888376 -0.193781 0.631540 0.019087 0.750494 -0.044018 -0.733499 0.055552 -0.675985 -0.146257 0.600799 0.166392 0.768091 -0.146257 0.600799 0.166392 0.768091 -0.146257 0.600799 0.166392 0.768091 -0.130537 -0.083284 -0.146658 0.976993 -0.031372 0.026681 -0.114524 0.992566 -0.078374 0.422120 0.133933 0.893160 -0.078374 0.422120 0.133933 0.893160 -0.078374 0.422120 0.133933 0.893160 -0.030230 0.457170 0.029495 0.888376 -0.030230 0.457170 0.029495 0.888376 -0.030230 0.457170 0.029495 0.888376 -0.030231 0.457170 0.029495 0.888376 0.080297 0.299632 0.236256 0.920846 0.113438 0.180579 0.237010 0.947813 0.113463 0.180586 0.237005 0.947810 -0.030230 0.457170 0.029495 0.888376 -0.030230 0.457170 0.029495 0.888376 -0.030230 0.457170 0.029495 0.888376 -0.030231 0.457170 0.029495 0.888376 -0.234318 0.432669 -0.375476 0.785437 -0.220442 0.368465 -0.249935 0.867854 -0.220420 0.368458 -0.249945 0.867860
-0.001553 0.833091 -0.000294 -0.029055 0.475774 0.034833 0.878397 -0.144195 0.647345 -0.002017 0.748430 -0.027243 -0.746706 0.041122 -0.663323 -0.169729 0.611147 0.197409 0.747477 -0.169729 0.611147 0.197409 0.747477 -0.169729 0.611147 0.197409 0.747477 -0.085198 -0.061415 -0.151690 0.982832 0.003750 0.064926 -0.115567 0.991168 -0.094188 0.458793 0.194361 0.861894 -0.094188 0.458793 0.194361 0.861894 -0.094188 0.458793 0.194361 0.861894 -0.029055 0.475774 0.034833 0.878397 -0.029055 0.475774 0.034833 0.878397 -0.029055 0.475774 0.034833 0.878397 -0.029055 0.475774 0.034833 0.878397 0.081924 0.320091 0.230580 0.915239 0.121354 0.188967 0.241491 0.944059 0.121379 0.188973 0.241486 0.944056 -0.029055 0.475774 0.034833 0.878397 -0.029055 0.475774 0.034833 0.878397 -0.029055 0.475774 0.034833 0.878397 -0.029055 0.475774 0.034833 0.878397 -0.243946 0.432041 -0.370809 0.785068 -0.238490 0.370201 -0.267116 0.857159 -0.238468 0.370194 -0.267125 0.857166
-0.001480 0.832858 -0.000397 -0.021781 0.500059 0.041646 0.864715 -0.109275 0.658103 -0.014116 0.744823 -0.025473 -0.746799 0.033243 -0.663730 -0.180642 0.599968 0.208448 0.750970 -0.180642 0.599968 0.208448 0.750970 -0.180642 0.599968 0.208448 0.750970 -0.056731 -0.041015 -0.109576 0.991510 0.037537 0.087626 -0.095805 0.990825 -0.097346 0.457291 0.244741 0.849418 -0.097346 0.457291 0.244741 0.849418 -0.097346 0.457291 0.244741 0.849418 -0.021781 0.500059 0.041647 0.864715 -0.021781 0.500059 0.041647 0.864715 -0.021781 0.500059 0.041647 0.864715 -0.021781 0.500059 0.041647 0.864715 0.101561 0.355559 0.244281 0.896432 0.150365 0.229156 0.273149 0.922099 0.150389 0.229163 0.273143 0.922096 -0.021781 0.500059 0.041647 0.864715 -0.021781 0.500059 0.041647 0.864715 -0.021781 0.500059 0.041647 0.864715 -0.021781 0.500059 0.041647 0.864715 -0.259744 0.428078 -0.379622 0.777926 -0.281203 0.338931 -0.297628 0.847035 -0.281181 0.338923 -0.297637 0.847042
-0.001488 0.828236 -0.000464 -0.018144 0.516602 0.045562 0.854820 -0.099399 0.659400 -0.020709 0.744904 -0.036639 -0.740244 0.029415 -0.670695 -0.163498 0.580349 0.194702 0.773663 -0.163498 0.580349 0.194702 0.773663 -0.163498 0.580349 0.194702 0.773663 -0.048744 -0.002538 -0.004082 0.998800 0.093972 0.127371 -0.152812 0.975497 -0.012081 0.467236 0.207619 0.859325 -0.012081 0.467236 0.207619 0.859325 -0.012081 0.467236 0.207619 0.859325 -0.018144 0.516602 0.045562 0.854820 -0.018144 0.516602 0.045562 0.854820 -0.018144 0.516602 0.045562 0.854820 -0.018144 0.516602 0.045562 0.854820 0.127782 0.371105 0.274997 0.877684 0.188503 0.262525 0.335697 0.884791 0.188526 0.262533 0.335690 0.884786 -0.018144 0.516602 0.045562 0.854820 -0.018144 0.516602 0.045562 0.854820 -0.018144 0.516602 0.045562 0.854820 -0.018144 0.516602 0.045562 0.854820 -0.310195 0.432909 -0.449920 0.716896 -0.421081 0.248545 -0.400268 0.775050 -0.421061 0.248534 -0.400274 0.775061
-0.001548 0.823243 -0.000542 -0.017810 0.533154 0.040952 0.844839 -0.107991 0.658842 -0.033083 0.743754 -0.039530 -0.732338 0.024331 -0.679357 -0.142155 0.564433 0.185576 0.791687 -0.142155 0.564433 0.185576 0.791687 -0.142155 0.564433 0.185576 0.791687 -0.069464 0.039999 0.125480 0.988853 0.103085 0.154267 -0.227927 0.955837 0.040389 0.465892 0.101655 0.878054 0.040389 0.465892 0.101655 0.878054 0.040389 0.465892 0.101655 0.878054 -0.017809 0.533154 0.040952 0.844839 -0.017809 0.533154 0.040952 0.844839 -0.017809 0.533154 0.040952 0.844839 -0.017809 0.533154 0.040952 0.844839 0.164866 0.392769 0.319689 0.846375 0.228852 0.311577 0.397428 0.832224 0.228874 0.311588 0.397420 0.832218 -0.017809 0.533154 0.040952 0.844839 -0.017809 0.533154 0.040952 0.844839 -0.017809 0.533154 0.040952 0.844839 -0.017809 0.533154 0.040952 0.844839 -0.349404 0.418075 -0.499045 0.673858 -0.513683 0.194694 -0.502236 0.667820 -0.513666 0.194681 -0.502241 0.667833
-0.001615 0.815198 -0.000671 -0.022618 0.550694 0.031016 0.833824 -0.113484 0.663250 -0.040492 0.738635 -0.056388 -0.727465 0.019090 -0.683557 -0.122097 0.549799 0.173282 0.807952 -0.122097 0.549799 0.173282 0.807952 -0.122097 0.549799 0.173282 0.807952 -0.090444 0.052042 0.233386 0.966769 0.133452 0.144304 -0.279697 0.939753 0.104705 0.413577 0.010122 0.904372 0.104705 0.413577 0.010122 0.904372 0.104705 0.413577 0.010122 0.904372 -0.022618 0.550694 0.031016 0.833824 -0.022618 0.550694 0.031016 0.833824 -0.022618 0.550694 0.031016 0.833824 -0.022618 0.550694 0.031016 0.833824 0.230945 0.380496 0.403936 0.799202 0.329714 0.261049 0.517259 0.745376 0.329733 0.261063 0.517252 0.745367 -0.022618 0.550694 0.031016 0.833824 -0.022618 0.550694 0.031016 0.833824 -0.022618 0.550694 0.031016 0.833824 -0.022618 0.550694 0.031016 0.833824 -0.384785 0.424844 -0.533131 0.622269 0.584955 -0.168668 0.555119 -0.566764 0.584940 -0.168653 0.555123 -0.566780
-0.001630 0.809070 -0.000815 -0.020461 0.576978 0.018479 0.816294 -0.119939 0.680214 -0.020234 0.722851 -0.088860 -0.736795 -0.013367 -0.670118 -0.095890 0.545146 0.206046 0.806949 -0.095890 0.545146 0.206046 0.806949 -0.095890 0.545146 0.206046 0.806949 -0.089307 0.047963 0.297410 0.949353 0.204839 0.127350 -0.304547 0.921452 0.182285 0.361916 -0.023105 0.913923 0.182285 0.361916 -0.023105 0.913923 0.182285 0.361916 -0.023105 0.913923 -0.020461 0.576978 0.018479 0.816294 -0.020461 0.576978 0.018479 0.816294 -0.020461 0.576978 0.018479 0.816294 -0.020461 0.576978 0.018479 0.816294 0.307319 0.443552 0.473676 0.696023 -0.433636 -0.317007 -0.631826 -0.558804 -0.433650 -0.317024 -0.631818 -0.558793 -0.020461 0.576978 0.018479 0.816294 -0.020461 0.576978 0.018479 0.816294 -0.020461 0.576978 0.018479 0.816294 -0.020461 0.576978 0.018479 0.816294 -0.406806 0.448206 -0.540460 0.584400 0.627073 -0.172633 0.566110 -0.506455 0.627060 -0.172618 0.566114 -0.506472
-0.001587 0.813601 -0.000900 -0.017651 0.607810 0.011758 0.793799 0.127568 -0.702816 0.001899 -0.699838 -0.101955 -0.749838 -0.024800 -0.653248 -0.085720 0.547929 0.220524 0.802368 -0.085720 0.547929 0.220524 0.802368 -0.085720 0.547929 0.220524 0.802368 -0.067834 0.057412 0.342012 0.935484 0.286775 0.151419 -0.324497 0.888557 0.295437 0.368015 -0.021608 0.881371 0.295437 0.368015 -0.021608 0.881371 0.295437 0.368015 -0.021608 0.881371 -0.017650 0.607810 0.011758 0.793799 -0.017650 0.607810 0.011758 0.793799 -0.017650 0.607810 0.011758 0.793799 -0.017651 0.607810 0.011758 0.793799 0.367607 0.521632 0.507012 0.579399 -0.517018 -0.375477 -0.655115 -0.403153 -0.517029 -0.375494 -0.655106 -0.403140 -0.017650 0.607810 0.011758 0.793799 -0.017650 0.607810 0.011758 0.793799 -0.017650 0.607810 0.011758 0.793799 -0.017650 0.607810 0.011758 0.793799 -0.427290 0.489835 -0.532831 0.541827 0.624754 -0.261833 0.565711 -0.470210 0.624742 -0.261818 0.565718 -0.470226
-0.001492 0.816673 -0.000943 -0.003251 0.632576 0.013334 0.774377 0.127338 -0.715988 -0.005784 -0.686376 -0.103946 -0.755931 -0.023241 -0.645928 -0.100170 0.542647 0.219541 0.804551 -0.100170 0.542647 0.219541 0.804551 -0.100170 0.542647 0.219541 0.804551 -0.049384 0.070347 0.374039 0.923422 0.285475 0.166961 -0.294710 0.896534 0.282832 0.373346 -0.003302 0.883520 0.282832 0.373346 -0.003302 0.883520 0.282832 0.373346 -0.003302 0.883520 -0.003251 0.632576 0.013334 0.774377 -0.003251 0.632576 0.013334 0.774377 -0.003251 0.632576 0.013334 0.774377 -0.003251 0.632576 0.013334 0.774377 -0.402148 -0.610223 -0.507504 -0.456448 -0.539303 -0.489214 -0.625422 -0.280480 -0.539310 -0.489230 -0.625410 -0.280466 -0.003251 0.632576 0.013334 0.774377 -0.003251 0.632576 0.013334 0.774377 -0.003251 0.632576 0.013334 0.774377 -0.003251 0.632576 0.013334 0.774377 -0.449191 0.488667 -0.536908 0.520732 0.634989 -0.275352 0.554921 -0.461555 0.634977 -0.275338 0.554928 -0.461571
-0.001430 0.816166 -0.000970 -0.003012 0.640145 0.002657 0.768244 0.125524 -0.717828 -0.001164 -0.684811 -0.104751 -0.751754 -0.017781 -0.650828 -0.094200 0.535493 0.201197 0.814796 -0.094200 0.535493 0.201197 0.814796 -0.094200 0.535493 0.201197 0.814796 -0.059504 0.084380 0.382545 0.918150 0.241368 0.148479 -0.267539 0.920934 0.218021 0.347970 -0.012489 0.911717 0.218021 0.347970 -0.012489 0.911717 0.218021 0.347970 -0.012489 0.911717 -0.003012 0.640145 0.002658 0.768244 -0.003012 0.640145 0.002658 0.768244 -0.003012 0.640145 0.002658 0.768244 -0.003012 0.640145 0.002658 0.768244 -0.413403 -0.669935 -0.500603 -0.360113 -0.487496 -0.594835 -0.625530 -0.131267 -0.487500 -0.594852 -0.625514 -0.131254 -0.003012 0.640145 0.002658 0.768244 -0.003012 0.640145 0.002658 0.768244 -0.003012 0.640145 0.002658 0.768244 -0.003012 0.640145 0.002658 0.768244 -0.461031 0.485565 -0.548917 0.500367 0.623744 -0.306335 0.555534 -0.456600 0.623733 -0.306321 0.555542 -0.456616
-0.001378 0.816318 -0.000957 -0.003988 0.642158 -0.005994 0.766538 0.109967 -0.719190 0.012665 -0.685939 -0.111979 -0.748388 -0.007855 -0.653693 -0.089666 0.533964 0.187726 0.819513 -0.089666 0.533964 0.187726 0.819513 -0.089666 0.533964 0.187726 0.819513 -0.059745 0.090758 0.384756 0.916601 0.208058 0.187495 -0.179545 0.943038 0.172850 0.409237 0.100064 0.890301 0.172850 0.409237 0.100064 0.890301 0.172850 0.409237 0.100064 0.890301 -0.003988 0.642158 -0.005994 0.766538 -0.003988 0.642158 -0.005994 0.766538 -0.003988 0.642158 -0.005994 0.766538 -0.003988 0.642158 -0.005994 0.766538 -0.402715 -0.716606 -0.475970 -0.312649 -0.397382 -0.673405 -0.623369 0.004837 -0.397382 -0.673422 -0.623352 0.004847 -0.003988 0.642158 -0.005994 0.766538 -0.003988 0.642158 -0.005994 0.766538 -0.003988 0.642158 -0.005994 0.766538 -0.003988 0.642158 -0.005994 0.766538 -0.460875 0.488464 -0.551630 0.494673 0.613551 -0.325055 0.544828 -0.470168 0.613539 -0.325040 0.544836 -0.470184
-0.001321 0.819998 -0.000851 -0.000140 0.635529 -0.013079 0.771966 0.073710 -0.718238 0.034430 -0.691025 -0.176933 -0.736525 0.016592 -0.652648 -0.031707 0.532778 0.149542 0.832334 -0.031707 0.532778 0.149542 0.832334 -0.031707 0.532778 0.149542 0.832334 -0.085257 0.071591 0.361212 0.925814 0.154147 0.138311 -0.111250 0.971973 0.083624 0.368450 0.147689 0.914024 0.083624 0.368450 0.147689 0.914024 0.083624 0.368450 0.147689 0.914024 -0.000140 0.635529 -0.013079 0.771966 -0.000140 0.635529 -0.013079 0.771966 -0.000140 0.635529 -0.013079 0.771966 -0.000140 0.635529 -0.013079 0.771966 -0.347520 -0.774026 -0.406272 -0.339201 -0.228441 -0.798691 -0.551935 0.072626 -0.228439 -0.798705 -0.551915 0.072632 -0.000140 0.635529 -0.013079 0.771966 -0.000140 0.635529 -0.013079 0.771966 -0.000140 0.635529 -0.013079 0.771966 -0.000140 0.635529 -0.013079 0.771966 -0.450984 0.499513 -0.557975 0.485555 0.606724 -0.339132 0.535846 -0.479316 0.606712 -0.339118 0.535855 -0.479332
-0.001280 0.821387 -0.000718 -0.007571 0.632472 -0.020856 0.774266 0.043536 -0.724530 0.054558 -0.685700 -0.213421 -0.741232 0.044705 -0.634845 -0.010730 0.553010 0.139116 0.821409 -0.010730 0.553010 0.139116 0.821409 -0.010730 0.553010 0.139116 0.821409 -0.103769 0.087200 0.319819 0.937733 0.099074 0.115708 -0.096279 0.983629 0.012827 0.365521 0.157023 0.917373 0.012827 0.365521 0.157023 0.917373 0.012827 0.365521 0.157023 0.917373 -0.007571 0.632472 -0.020856 0.774266 -0.007571 0.632472 -0.020856 0.774266 -0.007571 0.632472 -0.020856 0.774266 -0.007571 0.632472 -0.020856 0.774266 -0.289422 -0.826451 -0.331262 -0.351396 0.000305 -0.893823 -0.416407 0.166391 0.000309 -0.893834 -0.416384 0.166391 -0.007571 0.632472 -0.020856 0.774266 -0.007571 0.632472 -0.020856 0.774266 -0.007571 0.632472 -0.020856 0.774266 -0.007571 0.632472 -0.020856 0.774266 -0.445369 0.510900 -0.556308 0.480780 0.618651 -0.331893 0.513103 -0.493805 0.618638 -0.331880 0.513112 -0.493821
-0.001241 0.815325 -0.000654 -0.022732 0.638348 -0.034497 0.768638 0.022315 -0.738901 0.064421 -0.670356 -0.232559 -0.758709 0.045780 -0.606780 0.002006 0.590808 0.162761 0.790222 0.002006 0.590808 0.162761 0.790222 0.002006 0.590808 0.162761 0.790222 -0.112135 0.107834 0.272567 0.949476 0.067813 0.133243 -0.084575 0.985137 -0.029019 0.400375 0.184830 0.897048 -0.029019 0.400375 0.184830 0.897048 -0.029019 0.400375 0.184830 0.897048 -0.022732 0.638348 -0.034497 0.768638 -0.022732 0.638348 -0.034497 0.768638 -0.022732 0.638348 -0.034497 0.768638 -0.022732 0.638348 -0.034497 0.768638 -0.238652 -0.910646 -0.246355 -0.230386 0.313730 -0.797760 -0.253854 0.448007 0.313742 -0.797767 -0.253833 0.447999 -0.022732 0.638348 -0.034497 0.768638 -0.022732 0.638348 -0.034497 0.768638 -0.022732 0.638348 -0.034497 0.768638 -0.022732 0.638348 -0.034497 0.768638 -0.452376 0.507796 -0.555095 0.478924 0.643166 -0.304627 0.499579 -0.493924 0.643153 -0.304614 0.499587 -0.493941
-0.001196 0.804644 -0.000636 -0.031567 0.646582 -0.039517 0.761166 0.002862 -0.744787 0.074766 -0.663094 -0.238173 -0.768022 0.045780 -0.592723 -0.002733 0.601211 0.183812 0.777657 -0.002733 0.601211 0.183812 0.777657 -0.002733 0.601211 0.183812 0.777657 -0.119811 0.111242 0.223490 0.960897 0.052251 0.139666 -0.078124 0.985728 -0.047497 0.417704 0.196973 0.885703 -0.047497 0.417704 0.196973 0.885703 -0.047497 0.417704 0.196973 0.885703 -0.031567 0.646582 -0.039516 0.761166 -0.031567 0.646582 -0.039516 0.761166 -0.031567 0.646582 -0.039516 0.761166 -0.031567 0.646582 -0.039516 0.761166 -0.189897 -0.953890 -0.172840 -0.155432 0.425932 -0.555346 -0.169360 0.693894 0.425950 -0.555351 -0.169345 0.693883 -0.031567 0.646582 -0.039516 0.761166 -0.031567 0.646582 -0.039516 0.761166 -0.031567 0.646582 -0.039516 0.761166 -0.031567 0.646582 -0.039516 0.761166 -0.459005 0.507573 -0.547878 0.481159 0.656357 -0.291606 0.492085 -0.491949 0.656344 -0.291593 0.492092 -0.491966
-0.001170 0.796852 -0.000603 -0.036269 0.652315 -0.037210 0.756165 -0.016418 -0.750360 0.084440 -0.655408 -0.240759 -0.776613 0.043985 -0.580493 0.000700 0.615086 0.195007 0.763964 0.000700 0.615086 0.195007 0.763964 0.000700 0.615086 0.195007 0.763964 -0.111802 0.111569 0.183141 0.970315 0.054746 0.137474 -0.066258 0.986769 -0.042421 0.418906 0.207402 0.883008 -0.042421 0.418906 0.207402 0.883008 -0.042421 0.418906 0.207402 0.883008 -0.036268 0.652315 -0.037210 0.756165 -0.036268 0.652315 -0.037210 0.756165 -0.036268 0.652315 -0.037210 0.756165 -0.036268 0.652315 -0.037210 0.756165 -0.227605 -0.932641 -0.220249 -0.172823 0.456962 -0.478714 -0.204397 0.721277 0.456981 -0.478720 -0.204384 0.721265 -0.036268 0.652315 -0.037210 0.756165 -0.036268 0.652315 -0.037210 0.756165 -0.036268 0.652315 -0.037210 0.756165 -0.036268 0.652315 -0.037210 0.756165 -0.462089 0.522246 -0.539189 0.472237 0.656714 -0.312323 0.502969 -0.467123 0.656701 -0.312310 0.502977 -0.467140
-0.001156 0.791126 -0.000588 -0.036474 0.646436 -0.037906 0.761153 -0.021714 -0.745274 0.086127 -0.660816 -0.245408 -0.772457 0.039742 -0.584385 0.001706 0.610977 0.202097 0.765416 0.001706 0.610977 0.202097 0.765416 0.001706 0.610977 0.202097 0.765416 -0.080055 0.100624 0.147581 0.980656 0.058778 0.109977 -0.042339 0.991291 -0.080441 0.385996 0.244124 0.885968 -0.080441 0.385996 0.244124 0.885968 -0.080441 0.385996 0.244124 0.885968 -0.036473 0.646436 -0.037906 0.761153 -0.036473 0.646436 -0.037906 0.761153 -0.036473 0.646436 -0.037906 0.761153 -0.036473 0.646436 -0.037906 0.761153 -0.251987 -0.899129 -0.257976 -0.248029 0.393029 -0.506176 -0.241072 0.728833 0.393048 -0.506183 -0.241059 0.728823 -0.036473 0.646436 -0.037906 0.761153 -0.036473 0.646436 -0.037906 0.761153 -0.036473 0.646436 -0.037906 0.761153 -0.036473 0.646436 -0.037906 0.761153 -0.457436 0.532107 -0.543846 0.460268 0.660062 -0.318909 0.511273 -0.448569 0.660051 -0.318896 0.511281 -0.448587
-0.001164 0.794136 -0.000595 -0.031884 0.632061 -0.038976 0.773281 -0.029307 -0.747142 0.079602 -0.659229 -0.263779 -0.782178 0.019343 -0.564132 0.052832 0.639098 0.189043 0.743657 0.052832 0.639098 0.189043 0.743657 0.052832 0.639098 0.189043 0.743657 -0.053422 0.094801 0.124381 0.986250 0.078959 0.114717 -0.029307 0.989821 -0.048109 0.394852 0.261910 0.879307 -0.048109 0.394852 0.261910 0.879307 -0.048109 0.394852 0.261910 0.879307 -0.031884 0.632061 -0.038975 0.773281 -0.031884 0.632061 -0.038975 0.773281 -0.031884 0.632061 -0.038975 0.773281 -0.031884 0.632061 -0.038975 0.773281 -0.294414 -0.799607 -0.331327 -0.405181 0.229758 -0.735817 -0.377418 0.513166 0.229772 -0.735827 -0.377399 0.513160 -0.031884 0.632061 -0.038975 0.773281 -0.031884 0.632061 -0.038975 0.773281 -0.031884 0.632061 -0.038975 0.773281 -0.031884 0.632061 -0.038975 0.773281 -0.449890 0.511449 -0.558038 0.473933 0.746738 -0.152502 0.443469 -0.471657 0.746726 -0.152490 0.443473 -0.471677
-0.001407 0.803639 -0.000520 -0.016442 0.641752 -0.042934 0.765533 0.028372 -0.793903 0.018022 -0.607115 -0.323478 -0.832490 0.000895 -0.449802 -0.189682 -0.719346 -0.169204 -0.646477 -0.189682 -0.719346 -0.169204 -0.646477 -0.189682 -0.719346 -0.169204 -0.646477 -0.038159 0.113080 0.090478 0.988722 0.079473 0.158164 -0.006872 0.984185 -0.016167 0.448433 0.282543 0.847830 -0.016167 0.448433 0.282543 0.847830 -0.016167 0.448433 0.282543 0.847830 -0.016442 0.641752 -0.042934 0.765533 -0.016442 0.641752 -0.042934 0.765533 -0.016442 0.641752 -0.042934 0.765533 -0.016442 0.641752 -0.042934 0.765533 -0.298394 -0.711124 -0.322437 -0.548906 0.006175 -0.890954 -0.442291 0.102672 0.006178 -0.890966 -0.442268 0.102672 -0.016442 0.641752 -0.042934 0.765533 -0.016442 0.641752 -0.042934 0.765533 -0.016442 0.641752 -0.042934 0.765533 -0.016442 0.641752 -0.042934 0.765533 0.411993 -0.548476 0.514982 -0.514032 0.692652 -0.140813 0.300236 -0.640518 0.692635 -0.140805 0.300239 -0.640536
-0.001596 0.811340 -0.000458 0.022554 0.625099 -0.034029 0.779477 0.094295 -0.785107 -0.026190 -0.611580 -0.422115 -0.797598 -0.013573 -0.430665 -0.363014 -0.697401 -0.075244 -0.613345 -0.363014 -0.697401 -0.075244 -0.613345 -0.363014 -0.697401 -0.075244 -0.613345 -0.014694 0.116263 0.082138 0.989707 0.094413 0.190961 0.009435 0.977001 0.024594 0.495701 0.305976 0.812437 0.024594 0.495701 0.305976 0.812437 0.024594 0.495701 0.305976 0.812437 0.022555 0.625099 -0.034029 0.779477 0.022555 0.625099 -0.034029 0.779477 0.022555 0.625099 -0.034029 0.779477 0.022555 0.625099 -0.034029 0.779477 -0.332024 -0.652513 -0.357582 -0.579760 -0.190071 -0.798094 -0.566376 -0.078343 -0.190073 -0.798108 -0.566356 -0.078338 0.022555 0.625099 -0.034029 0.779477 0.022555 0.625099 -0.034029 0.779477 0.022555 0.625099 -0.034029 0.779477 0.022555 0.625099 -0.034029 0.779477 -0.360403 0.537651 -0.499456 0.575834 -0.583920 0.144109 -0.250793 0.758534 -0.583900 0.144103 -0.250797 0.758549
-0.001723 0.812129 -0.000486 0.043283 0.608700 -0.040980 0.791159 0.171267 -0.764294 -0.084192 -0.615982 -0.506179 -0.764448 -0.056695 -0.395207 -0.505944 -0.672997 -0.034456 -0.538431 -0.505944 -0.672997 -0.034456 -0.538431 -0.505944 -0.672997 -0.034456 -0.538431 -0.009248 0.107049 0.085138 0.990559 0.102307 0.196296 0.012500 0.975113 0.042858 0.508227 0.311154 0.801905 0.042858 0.508227 0.311154 0.801905 0.042858 0.508227 0.311154 0.801905 0.043283 0.608700 -0.040979 0.791159 0.043283 0.608700 -0.040979 0.791159 0.043283 0.608700 -0.040979 0.791159 0.043283 0.608700 -0.040979 0.791159 -0.364443 -0.602647 -0.390977 -0.592566 -0.291910 -0.692801 -0.639675 -0.160099 -0.291914 -0.692818 -0.639657 -0.160092 0.043283 0.608700 -0.040979 0.791159 0.043283 0.608700 -0.040979 0.791159 0.043283 0.608700 -0.040979 0.791159 0.043283 0.608700 -0.040979 0.791159 -0.345345 0.477019 -0.524689 0.614728 -0.604682 0.061965 -0.321889 0.725883 -0.604664 0.061957 -0.321891 0.725899
-0.001766 0.809407 -0.000531 0.050740 0.579312 -0.051424 0.811898 0.244443 -0.733107 -0.098797 -0.626930 -0.563974 -0.717131 -0.064583 -0.404334 -0.588156 -0.618803 0.009012 -0.520648 -0.588156 -0.618803 0.009012 -0.520648 -0.588156 -0.618803 0.009012 -0.520648 -0.011723 0.078493 0.084472 0.993260 0.102904 0.174859 0.012587 0.979120 0.041319 0.495321 0.312003 0.809694 0.041319 0.495321 0.312003 0.809694 0.041319 0.495321 0.312003 0.809694 0.050740 0.579312 -0.051423 0.811898 0.050740 0.579312 -0.051423 0.811898 0.050740 0.579312 -0.051423 0.811898 0.050740 0.579312 -0.051423 0.811898 0.359661 0.533279 0.399513 0.653182 -0.312271 -0.624964 -0.652043 -0.294529 -0.312278 -0.624981 -0.652026 -0.294521 0.050740 0.579312 -0.051423 0.811898 0.050740 0.579312 -0.051423 0.811898 0.050740 0.579312 -0.051423 0.811898 0.050740 0.579312 -0.051423 0.811898 -0.344607 0.394269 -0.573166 0.630300 -0.658625 -0.087026 -0.348473 0.661216 -0.658608 -0.087035 -0.348470 0.661233
-0.001804 0.809259 -0.000669 0.053553 0.550655 -0.066626 0.830345 0.295594 -0.711629 -0.117182 -0.626480 -0.562640 -0.722924 -0.076383 -0.393679 -0.605690 -0.619678 0.011788 -0.498999 -0.605690 -0.619678 0.011788 -0.498999 -0.605690 -0.619678 0.011788 -0.498999 -0.021337 0.050996 0.081881 0.995108 0.090856 0.149873 0.016815 0.984378 0.014484 0.486473 0.331532 0.808221 0.014484 0.486473 0.331532 0.808221 0.014484 0.486473 0.331532 0.808221 0.053554 0.550655 -0.066626 0.830345 0.053554 0.550655 -0.066626 0.830345 0.053554 0.550655 -0.066626 0.830345 0.053554 0.550655 -0.066626 0.830345 0.343823 0.482626 0.391604 0.703921 -0.321330 -0.568146 -0.631442 -0.418614 -0.321341 -0.568163 -0.631427 -0.418606 0.053554 0.550655 -0.066626 0.830345 0.053554 0.550655 -0.066626 0.830345 0.053554 0.550655 -0.066626 0.830345 0.053554 0.550655 -0.066626 0.830345 -0.332123 0.368949 -0.605914 0.621643 0.662433 0.100683 0.373083 -0.641759 0.662416 0.100692 0.373081 -0.641776
-0.001819 0.812762 -0.000874 0.038858 0.516894 -0.087185 0.850711 0.327212 -0.712539 -0.072971 -0.616357 -0.513135 -0.710252 0.004189 -0.481889 0.498456 0.560750 -0.115440 0.650979 0.498456 0.560750 -0.115440 0.650979 0.498456 0.560750 -0.115440 0.650979 -0.054980 -0.012065 0.045684 0.997369 0.065515 0.053741 0.018493 0.996232 -0.031327 0.403955 0.306755 0.861243 -0.031327 0.403955 0.306755 0.861243 -0.031327 0.403955 0.306755 0.861243 0.038859 0.516894 -0.087185 0.850711 0.038859 0.516894 -0.087185 0.850711 0.038859 0.516894 -0.087185 0.850711 0.038859 0.516894 -0.087185 0.850711 0.299118 0.442477 0.360160 0.764871 0.309442 0.500114 0.527563 0.613033 0.309458 0.500127 0.527550 0.613025 0.038859 0.516894 -0.087185 0.850711 0.038859 0.516894 -0.087185 0.850711 0.038859 0.516894 -0.087185 0.850711 0.038859 0.516894 -0.087185 0.850711 -0.315576 0.311054 -0.620488 0.647033 0.659955 0.195999 0.322962 -0.649414 0.659938 0.196007 0.322957 -0.649432
-0.001742 0.813278 -0.001039 0.023374 0.459225 -0.105009 0.881782 0.345328 -0.697474 -0.060850 -0.624961 -0.372845 -0.743731 0.011317 -0.554728 0.315799 0.571289 -0.085361 0.752738 0.315799 0.571289 -0.085361 0.752738 0.315799 0.571289 -0.085361 0.752738 -0.070910 -0.072162 -0.015566 0.994747 0.068035 -0.011057 -0.036718 0.996946 -0.020097 0.355016 0.251849 0.900073 -0.020097 0.355016 0.251849 0.900073 -0.020097 0.355016 0.251849 0.900073 0.023374 0.459225 -0.105009 0.881782 0.023374 0.459225 -0.105009 0.881782 0.023374 0.459225 -0.105009 0.881782 0.023374 0.459225 -0.105009 0.881782 0.254229 0.398579 0.355988 0.806086 0.225261 0.468009 0.387905 0.761417 0.225280 0.468019 0.387892 0.761411 0.023374 0.459225 -0.105009 0.881782 0.023374 0.459225 -0.105009 0.881782 0.023374 0.459225 -0.105009 0.881782 0.023374 0.459225 -0.105009 0.881782 -0.287146 0.223629 -0.637083 0.679457 0.652512 0.316760 0.263573 -0.635941 0.652495 0.316767 0.263565 -0.635958
-0.001598 0.812488 -0.001081 0.003355 0.411448 -0.100946 0.905820 0.354526 -0.679119 -0.030626 -0.642005 -0.255927 -0.755884 0.052909 -0.600285 0.126490 0.574817 -0.067858 0.805594 0.126490 0.574817 -0.067858 0.805594 0.126490 0.574817 -0.067858 0.805594 -0.091233 -0.125226 -0.080138 0.984669 0.048162 -0.064774 -0.078896 0.993610 -0.039093 0.325248 0.209857 0.921220 -0.039093 0.325248 0.209857 0.921220 -0.039093 0.325248 0.209857 0.921220 0.003355 0.411448 -0.100945 0.905820 0.003355 0.411448 -0.100945 0.905820 0.003355 0.411448 -0.100945 0.905820 0.003355 0.411448 -0.100945 0.905820 0.206830 0.371401 0.357443 0.831575 0.094581 0.435460 0.138305 0.884478 0.094604 0.435464 0.138293 0.884475 0.003355 0.411448 -0.100945 0.905820 0.003355 0.411448 -0.100945 0.905820 0.003355 0.411448 -0.100945 0.905820 0.003355 0.411448 -0.100945 0.905820 -0.261285 0.166081 -0.621842 0.719347 -0.626355 -0.412533 -0.157766 0.642343 -0.626339 -0.412538 -0.157755 0.642360
-0.001484 0.811874 -0.001034 -0.012278 0.387664 -0.087342 0.917571 0.327349 -0.689379 -0.037473 -0.645132 -0.193039 -0.788655 0.028815 -0.583035 0.015535 0.621436 0.026128 0.782875 0.015535 0.621436 0.026128 0.782875 0.015535 0.621436 0.026128 0.782875 -0.103835 -0.136171 -0.124443 0.977338 0.037682 -0.065097 -0.120193 0.989897 -0.031928 0.343935 0.179173 0.921188 -0.031928 0.343935 0.179173 0.921188 -0.031928 0.343935 0.179173 0.921188 -0.012278 0.387664 -0.087341 0.917571 -0.012278 0.387664 -0.087341 0.917571 -0.012278 0.387664 -0.087341 0.917571 -0.012278 0.387664 -0.087341 0.917571 0.166214 0.360203 0.339278 0.852946 -0.059533 0.425288 -0.151236 0.890344 -0.059510 0.425284 -0.151247 0.890346 -0.012278 0.387664 -0.087341 0.917571 -0.012278 0.387664 -0.087341 0.917571 -0.012278 0.387664 -0.087341 0.917571 -0.012278 0.387664 -0.087341 0.917571 -0.239996 0.139996 -0.575226 0.769362 -0.556197 -0.449426 -0.011802 0.698944 -0.556179 -0.449426 -0.011790 0.698958
-0.001372 0.802785 -0.000989 -0.015850 0.387522 -0.073263 0.918808 0.271933 -0.701469 -0.026386 -0.658254 -0.156151 -0.799706 0.040995 -0.578279 -0.067085 0.634044 0.060818 0.767977 -0.067085 0.634044 0.060818 0.767977 -0.067085 0.634044 0.060818 0.767977 -0.105867 -0.131699 -0.145437 0.974831 0.024375 -0.057540 -0.140511 0.988105 -0.067239 0.363132 0.182922 0.911128 -0.067239 0.363132 0.182922 0.911128 -0.067239 0.363132 0.182922 0.911128 -0.015850 0.387522 -0.073263 0.918808 -0.015850 0.387522 -0.073263 0.918808 -0.015850 0.387522 -0.073263 0.918808 -0.015850 0.387522 -0.073263 0.918808 0.153552 0.362848 0.330548 0.857614 -0.129396 0.418663 -0.285180 0.852438 -0.129373 0.418655 -0.285191 0.852442 -0.015850 0.387522 -0.073263 0.918808 -0.015850 0.387522 -0.073263 0.918808 -0.015850 0.387522 -0.073263 0.918808 -0.015850 0.387522 -0.073263 0.918808 -0.218722 0.139193 -0.511390 0.819308 -0.437765 -0.412054 0.165566 0.781768 -0.437745 -0.412050 0.165577 0.781779
-0.001221 0.803548 -0.000939 -0.019514 0.395166 -0.054349 0.916793 0.226245 -0.702788 -0.011795 -0.674362 -0.130431 -0.806750 0.028341 -0.575621 -0.093277 0.645799 0.096736 0.751589 -0.093277 0.645799 0.096736 0.751589 -0.093277 0.645799 0.096736 0.751589 -0.072918 -0.113228 -0.166987 0.976718 0.058309 -0.018581 -0.137448 0.988617 -0.048019 0.400027 0.230354 0.885782 -0.048018 0.400027 0.230354 0.885782 -0.048018 0.400027 0.230354 0.885782 -0.019514 0.395166 -0.054349 0.916793 -0.019514 0.395166 -0.054349 0.916793 -0.019514 0.395166 -0.054349 0.916793 -0.019514 0.395166 -0.054349 0.916793 0.137986 0.385302 0.309524 0.858311 -0.170093 0.440316 -0.319447 0.821671 -0.170072 0.440308 -0.319459 0.821676 -0.019514 0.395166 -0.054349 0.916793 -0.019514 0.395166 -0.054349 0.916793 -0.019514 0.395166 -0.054349 0.916793 -0.019514 0.395166 -0.054349 0.916793 -0.207172 0.146579 -0.458751 0.851552 -0.348632 -0.362361 0.269501 0.821291 -0.348611 -0.362354 0.269511 0.821300
-0.001156 0.795859 -0.000856 -0.027868 0.377813 -0.033072 0.924871 -0.136849 0.682117 -0.071374 0.714769 -0.170031 -0.775122 0.062708 -0.605263 -0.089586 0.630520 0.077714 0.767059 -0.089586 0.630520 0.077714 0.767059 -0.089586 0.630520 0.077714 0.767059 -0.043765 -0.135219 -0.153579 0.977862 0.107585 -0.038283 -0.102509 0.988156 -0.037832 0.364596 0.286011 0.885345 -0.037832 0.364596 0.286011 0.885345 -0.037832 0.364596 0.286011 0.885345 -0.027868 0.377813 -0.033072 0.924871 -0.027868 0.377813 -0.033072 0.924871 -0.027868 0.377813 -0.033072 0.924871 -0.027868 0.377813 -0.033072 0.924871 0.119942 0.388929 0.322602 0.854562 -0.182888 0.440412 -0.292190 0.828984 -0.182866 0.440405 -0.292201 0.828989 -0.027868 0.377813 -0.033072 0.924871 -0.027868 0.377813 -0.033072 0.924871 -0.027868 0.377813 -0.033072 0.924871 -0.027868 0.377813 -0.033072 0.924871 -0.204381 0.080443 -0.443254 0.869070 -0.393451 -0.454748 0.212183 0.770311 -0.393431 -0.454742 0.212195 0.770321
-0.001173 0.789819 -0.000791 -0.032608 0.385669 -0.017889 0.921887 -0.086341 0.681731 -0.096022 0.720117 -0.147044 -0.782937 0.050037 -0.602398 -0.128807 0.638582 0.123149 0.748636 -0.128807 0.638582 0.123149 0.748636 -0.128807 0.638582 0.123149 0.748636 -0.034728 -0.139329 -0.140056 0.979676 0.120951 -0.052069 -0.087168 0.987452 -0.061538 0.338594 0.313068 0.885187 -0.061538 0.338594 0.313068 0.885187 -0.061538 0.338594 0.313068 0.885187 -0.032608 0.385669 -0.017888 0.921887 -0.032608 0.385669 -0.017888 0.921887 -0.032608 0.385669 -0.017888 0.921887 -0.032608 0.385669 -0.017888 0.921887 0.125262 0.398348 0.351778 0.837783 -0.171088 0.423711 -0.253729 0.852537 -0.171065 0.423705 -0.253740 0.852541 -0.032608 0.385669 -0.017888 0.921887 -0.032608 0.385669 -0.017888 0.921887 -0.032608 0.385669 -0.017888 0.921887 -0.032608 0.385669 -0.017889 0.921887 -0.224267 0.077058 -0.467660 0.851505 -0.449030 -0.462738 0.063370 0.761728 -0.449010 -0.462737 0.063382 0.761740
-0.001252 0.773184 -0.000773 -0.045732 0.389273 -0.013498 0.919888 -0.110732 0.658901 -0.146926 0.729384 -0.088037 -0.757776 0.068765 -0.642881 -0.233655 0.594007 0.131053 0.758542 -0.233655 0.594007 0.131053 0.758542 -0.233655 0.594007 0.131053 0.758542 -0.053808 -0.142217 -0.114313 0.981739 0.124510 -0.074068 -0.132396 0.980552 -0.079334 0.301304 0.274360 0.909752 -0.079334 0.301304 0.274360 0.909752 -0.079334 0.301304 0.274360 0.909752 -0.045731 0.389273 -0.013498 0.919888 -0.045731 0.389273 -0.013498 0.919888 -0.045731 0.389273 -0.013498 0.919888 -0.045731 0.389273 -0.013498 0.919888 0.134035 0.365608 0.401449 0.828978 -0.120935 0.350594 -0.220018 0.902248 -0.120911 0.350588 -0.220027 0.902251 -0.045731 0.389273 -0.013498 0.919888 -0.045731 0.389273 -0.013498 0.919888 -0.045731 0.389273 -0.013498 0.919888 -0.045731 0.389273 -0.013498 0.919888 -0.266939 0.103033 -0.541508 0.790504 -0.540015 -0.418435 -0.058004 0.727964 -0.539997 -0.418437 -0.057993 0.727978
-0.001274 0.762691 -0.000635 -0.049494 0.432773 -0.002824 0.900139 -0.114858 0.683006 -0.151272 0.705285 -0.100686 -0.773348 0.063995 -0.622656 -0.223510 0.607674 0.143629 0.748429 -0.223510 0.607674 0.143629 0.748429 -0.223510 0.607674 0.143629 0.748429 -0.056246 -0.051530 -0.033304 0.996530 0.182945 0.036850 -0.210728 0.959566 0.056268 0.366105 0.229274 0.900130 0.056268 0.366105 0.229274 0.900130 0.056268 0.366105 0.229274 0.900130 -0.049494 0.432773 -0.002824 0.900139 -0.049494 0.432773 -0.002824 0.900139 -0.049494 0.432773 -0.002824 0.900139 -0.049494 0.432773 -0.002824 0.900139 0.165534 0.437453 0.429775 0.772352 -0.016687 0.384804 -0.000621 0.922847 -0.016663 0.384804 -0.000631 0.922848 -0.049494 0.432773 -0.002824 0.900139 -0.049494 0.432773 -0.002824 0.900139 -0.049494 0.432773 -0.002824 0.900139 -0.049494 0.432773 -0.002824 0.900139 -0.309099 0.215746 -0.559932 0.737826 -0.566610 -0.267219 -0.147743 0.765322 -0.566591 -0.267223 -0.147736 0.765337
-0.001322 0.757161 -0.000562 -0.051359 0.464433 -0.001471 0.884117 0.117865 -0.698351 0.145365 -0.690856 -0.102340 -0.784230 0.040166 -0.610652 -0.201418 0.614784 0.161212 0.745307 -0.201418 0.614784 0.161212 0.745307 -0.201418 0.614784 0.161212 0.745307 -0.072107 -0.026457 0.092690 0.992728 0.186495 0.023599 -0.299053 0.935537 0.140758 0.263368 0.020854 0.954143 0.140758 0.263368 0.020854 0.954143 0.140758 0.263368 0.020854 0.954143 -0.051358 0.464433 -0.001471 0.884117 -0.051358 0.464433 -0.001471 0.884117 -0.051358 0.464433 -0.001471 0.884117 -0.051358 0.464433 -0.001471 0.884117 0.187967 0.442816 0.440258 0.758126 0.123441 0.404249 0.242591 0.873209 0.123464 0.404256 0.242581 0.873206 -0.051358 0.464433 -0.001471 0.884117 -0.051358 0.464433 -0.001471 0.884117 -0.051358 0.464433 -0.001471 0.884117 -0.051358 0.464433 -0.001471 0.884117 -0.336348 0.316792 -0.565768 0.682949 -0.593219 -0.133636 -0.235166 0.758241 -0.593199 -0.133642 -0.235162 0.758257
-0.001418 0.756624 -0.000558 -0.051332 0.488879 -0.000144 0.870840 0.132989 -0.708652 0.139932 -0.678635 -0.117395 -0.781472 0.032354 -0.611943 -0.170871 0.606162 0.149386 0.762269 -0.170871 0.606162 0.149386 0.762269 -0.170871 0.606162 0.149386 0.762269 -0.122402 0.000082 0.209926 0.970025 0.154250 0.002567 -0.335474 0.929332 0.209727 0.158113 -0.144351 0.954032 0.209727 0.158113 -0.144351 0.954032 0.209727 0.158113 -0.144351 0.954032 -0.051332 0.488879 -0.000144 0.870840 -0.051332 0.488879 -0.000144 0.870840 -0.051332 0.488879 -0.000144 0.870840 -0.051332 0.488879 -0.000144 0.870840 0.205918 0.441623 0.445531 0.751045 0.227804 0.399993 0.428392 0.777555 0.227824 0.400004 0.428382 0.777549 -0.051332 0.488879 -0.000144 0.870840 -0.051332 0.488879 -0.000144 0.870840 -0.051332 0.488879 -0.000144 0.870840 -0.051332 0.488879 -0.000144 0.870840 -0.357271 0.365579 -0.568863 0.644286 -0.614450 -0.037894 -0.320251 0.720037 -0.614432 -0.037903 -0.320250 0.720053
-0.001487 0.772282 -0.000652 -0.034006 0.515655 0.009947 0.856063 0.136516 -0.719780 0.117148 -0.670490 -0.119414 -0.778219 0.020614 -0.616190 -0.160434 0.584191 0.138115 0.783522 -0.160434 0.584191 0.138115 0.783522 -0.160434 0.584191 0.138115 0.783522 -0.126643 0.023740 0.278475 0.951761 0.171034 0.041003 -0.324599 0.929356 0.260743 0.188755 -0.134124 0.937227 0.260743 0.188755 -0.134124 0.937227 0.260743 0.188755 -0.134124 0.937227 -0.034006 0.515655 0.009947 0.856063 -0.034006 0.515655 0.009947 0.856063 -0.034006 0.515655 0.009947 0.856063 -0.034006 0.515655 0.009947 0.856063 0.245051 0.461748 0.462936 0.715841 0.274614 0.470222 0.571233 0.614143 0.274629 0.470237 0.571220 0.614136 -0.034006 0.515655 0.009947 0.856063 -0.034006 0.515655 0.009947 0.856063 -0.034006 0.515655 0.009947 0.856063 -0.034006 0.515655 0.009947 0.856063 -0.374789 0.385171 -0.574034 0.617787 -0.640229 0.013528 -0.423658 0.640654 -0.640213 0.013517 -0.423658 0.640671
-0.001540 0.783389 -0.000744 -0.024112 0.558966 0.006132 0.828817 0.124195 -0.742165 0.089928 -0.652441 -0.108607 -0.788158 -0.002661 -0.605809 -0.143231 0.576097 0.140972 0.792291 -0.143231 0.576097 0.140972 0.792291 -0.143231 0.576097 0.140972 0.792291 -0.121810 0.042219 0.302609 0.944356 0.204252 0.077353 -0.336616 0.915963 0.303202 0.224434 -0.131699 0.916708 0.303202 0.224434 -0.131699 0.916708 0.303202 0.224434 -0.131699 0.916708 -0.024111 0.558966 0.006133 0.828817 -0.024111 0.558966 0.006133 0.828817 -0.024111 0.558966 0.006133 0.828817 -0.024111 0.558966 0.006133 0.828817 0.296183 0.524460 0.472673 0.643271 -0.378301 -0.482473 -0.628605 -0.478501 -0.378313 -0.482490 -0.628593 -0.478491 -0.024111 0.558966 0.006133 0.828817 -0.024111 0.558966 0.006133 0.828817 -0.024111 0.558966 0.006133 0.828817 -0.024111 0.558966 0.006133 0.828817 -0.406812 0.445705 -0.574463 0.553032 0.664645 -0.131022 0.507963 -0.532029 0.664631 -0.131009 0.507966 -0.532046
-0.001536 0.791242 -0.000819 -0.019962 0.598344 -0.005424 0.800972 0.133780 -0.761171 0.095447 -0.627385 -0.085682 -0.802577 0.024590 -0.589851 -0.142388 0.588317 0.098062 0.789932 -0.142388 0.588317 0.098062 0.789932 -0.142388 0.588317 0.098062 0.789932 -0.138767 0.069137 0.329903 0.931197 0.193202 0.090897 -0.343414 0.914591 0.288382 0.238446 -0.141015 0.916567 0.288382 0.238446 -0.141015 0.916566 0.288382 0.238446 -0.141015 0.916566 -0.019962 0.598344 -0.005423 0.800972 -0.019962 0.598344 -0.005423 0.800972 -0.019962 0.598344 -0.005423 0.800972 -0.019962 0.598344 -0.005423 0.800972 -0.347578 -0.604778 -0.477623 -0.534143 -0.481516 -0.504402 -0.649799 -0.302459 -0.481524 -0.504419 -0.649786 -0.302447 -0.019962 0.598344 -0.005423 0.800972 -0.019962 0.598344 -0.005423 0.800972 -0.019962 0.598344 -0.005423 0.800972 -0.019962 0.598344 -0.005423 0.800972 -0.428177 0.489138 -0.560495 0.513082 0.653163 -0.236390 0.545835 -0.468574 0.653151 -0.236376 0.545842 -0.468591
-0.001523 0.794974 -0.000873 -0.019665 0.622114 -0.019821 0.782429 0.136534 -0.773484 0.111754 -0.608763 -0.099232 -0.809042 0.031556 -0.578453 -0.095485 0.604068 0.065408 0.788483 -0.095485 0.604068 0.065408 0.788483 -0.095485 0.604068 0.065408 0.788483 -0.150941 0.068096 0.323365 0.931673 0.181003 0.091559 -0.295662 0.933509 0.175856 0.293110 0.006989 0.939741 0.175856 0.293110 0.006989 0.939741 0.175856 0.293110 0.006989 0.939741 -0.019665 0.622114 -0.019821 0.782429 -0.019665 0.622114 -0.019821 0.782429 -0.019665 0.622114 -0.019821 0.782429 -0.019665 0.622114 -0.019821 0.782429 -0.375133 -0.678211 -0.463762 -0.429220 -0.465384 -0.601724 -0.637026 -0.124677 -0.465387 -0.601740 -0.637010 -0.124665 -0.019665 0.622114 -0.019821 0.782429 -0.019665 0.622114 -0.019821 0.782429 -0.019665 0.622114 -0.019821 0.782429 -0.019665 0.622114 -0.019821 0.782429 -0.431995 0.503184 -0.543070 0.515035 0.641436 -0.268987 0.538996 -0.475068 0.641424 -0.268973 0.539003 -0.475084
-0.001510 0.801349 -0.000883 -0.014941 0.655295 -0.021819 0.754910 0.098313 -0.793897 0.101012 -0.591489 -0.149921 -0.808042 0.025375 -0.569165 -0.054024 0.597229 0.052301 0.798538 -0.054024 0.597229 0.052301 0.798538 -0.054024 0.597229 0.052301 0.798538 -0.137663 0.061026 0.322404 0.934548 0.186931 0.084923 -0.212521 0.955343 0.136326 0.295632 0.116926 0.938267 0.136326 0.295632 0.116926 0.938267 0.136326 0.295632 0.116926 0.938267 -0.014941 0.655295 -0.021819 0.754910 -0.014941 0.655295 -0.021819 0.754910 -0.014941 0.655295 -0.021819 0.754910 -0.014941 0.655295 -0.021819 0.754910 -0.370071 -0.737678 -0.410605 -0.387662 -0.390648 -0.700376 -0.597368 0.004455 -0.390648 -0.700391 -0.597350 0.004465 -0.014941 0.655295 -0.021819 0.754910 -0.014941 0.655295 -0.021819 0.754910 -0.014941 0.655295 -0.021819 0.754910 -0.014941 0.655295 -0.021819 0.754910 0.433276 -0.565747 0.506920 -0.485009 0.625555 -0.364567 0.495272 -0.480080 0.625543 -0.364554 0.495282 -0.480096
-0.001478 0.809070 -0.000872 -0.019604 0.672932 -0.016247 0.739266 0.065238 -0.806264 0.100264 -0.579336 -0.215228 -0.801681 0.033531 -0.556650 0.001811 0.596729 0.022392 0.802128 0.001811 0.596729 0.022392 0.802128 0.001811 0.596729 0.022392 0.802128 -0.125948 0.048415 0.309726 0.941203 0.176457 0.100056 -0.158785 0.966250 0.125412 0.305845 0.156039 0.930797 0.125412 0.305845 0.156039 0.930797 0.125412 0.305845 0.156039 0.930797 -0.019603 0.672932 -0.016246 0.739266 -0.019603 0.672932 -0.016246 0.739266 -0.019603 0.672932 -0.016246 0.739266 -0.019603 0.672932 -0.016246 0.739266 -0.343197 -0.764460 -0.370251 -0.400913 -0.294953 -0.765851 -0.564705 0.087084 -0.294951 -0.765866 -0.564685 0.087091 -0.019603 0.672932 -0.016246 0.739266 -0.019603 0.672932 -0.016246 0.739266 -0.019603 0.672932 -0.016246 0.739266 -0.019603 0.672932 -0.016246 0.739266 0.431684 -0.631946 0.476902 -0.432270 0.635673 -0.436770 0.474982 -0.423726 0.635662 -0.436757 0.474993 -0.423743
-0.001453 0.815777 -0.000630 -0.027605 0.689426 -0.009018 0.723774 0.033798 -0.819275 0.095009 -0.564464 -0.249916 -0.807128 0.028399 -0.534116 0.042906 0.613702 0.021381 0.788081 0.042906 0.613702 0.021381 0.788081 0.042906 0.613702 0.021381 0.788081 -0.136812 0.067675 0.287431 0.945561 0.125318 0.101209 -0.135174 0.977640 0.092809 0.316076 0.151251 0.931990 0.092809 0.316076 0.151251 0.931990 0.092809 0.316076 0.151251 0.931990 -0.027605 0.689426 -0.009017 0.723774 -0.027605 0.689426 -0.009017 0.723774 -0.027605 0.689426 -0.009017 0.723774 -0.027605 0.689426 -0.009017 0.723774 -0.274147 -0.813459 -0.293997 -0.420349 -0.008544 -0.912018 -0.383214 0.145932 -0.008540 -0.912028 -0.383191 0.145932 -0.027605 0.689426 -0.009017 0.723774 -0.027605 0.689426 -0.009017 0.723774 -0.027605 0.689426 -0.009017 0.723774 -0.027605 0.689426 -0.009017 0.723774 0.313675 -0.729679 0.318120 -0.517665 -0.220827 0.567713 -0.064376 0.790438 -0.220807 0.567712 -0.064391 0.790444
-0.001476 0.806587 -0.000382 -0.038703 0.706382 -0.013548 0.706643 0.017691 -0.833686 0.091786 -0.544270 -0.250446 -0.826750 0.024665 -0.503142 0.012669 0.643016 0.070411 0.762504 0.012669 0.643016 0.070411 0.762504 0.012669 0.643016 0.070411 0.762504 -0.138961 0.088195 0.256934 0.952311 0.097277 0.119844 -0.115625 0.981227 0.065615 0.351354 0.177158 0.916984 0.065615 0.351354 0.177158 0.916984 0.065615 0.351354 0.177158 0.916984 -0.038702 0.706382 -0.013548 0.706643 -0.038702 0.706382 -0.013548 0.706643 -0.038702 0.706382 -0.013548 0.706643 -0.038702 0.706382 -0.013548 0.706643 -0.228515 -0.850232 -0.234865 -0.411976 0.223558 -0.941823 -0.194480 0.158644 0.223562 -0.941828 -0.194456 0.158638 -0.038702 0.706382 -0.013548 0.706643 -0.038702 0.706382 -0.013548 0.706643 -0.038702 0.706382 -0.013548 0.706643 -0.038702 0.706382 -0.013548 0.706643 0.284740 -0.725571 0.267729 -0.566385 0.026593 0.521301 0.157387 0.838312 0.026615 0.521305 0.157374 0.838312
-0.001500 0.795370 -0.000160 0.047824 -0.714798 0.019390 -0.697425 0.011539 -0.844213 0.104988 -0.525498 -0.232984 -0.843289 0.040023 -0.482681 -0.022687 0.674314 0.092624 0.732261 -0.022687 0.674314 0.092624 0.732261 -0.022687 0.674314 0.092624 0.732261 -0.145429 0.107550 0.198563 0.963253 0.061877 0.059111 -0.093078 0.991975 0.016117 0.331091 0.248798 0.910065 0.016117 0.331091 0.248798 0.910065 0.016117 0.331091 0.248798 0.910065 0.047824 -0.714798 0.019389 -0.697425 0.047824 -0.714798 0.019389 -0.697425 0.047824 -0.714798 0.019389 -0.697425 0.047824 -0.714798 0.019389 -0.697425 -0.205266 -0.875597 -0.202456 -0.387567 0.382645 -0.900318 -0.083322 0.189915 0.382650 -0.900320 -0.083299 0.189905 0.047824 -0.714798 0.019389 -0.697425 0.047824 -0.714798 0.019389 -0.697425 0.047824 -0.714798 0.019389 -0.697425 0.047824 -0.714798 0.019389 -0.697425 0.299780 -0.706451 0.272839 -0.580188 0.077585 0.536667 0.202488 0.815456 0.077606 0.536672 0.202474 0.815454
-0.001539 0.794778 -0.000042 -0.049966 0.699624 -0.017229 0.712554 -0.032907 -0.828491 0.106817 -0.548735 -0.251039 -0.830348 0.014963 -0.497270 0.002430 0.661923 0.112545 0.741071 0.002430 0.661923 0.112545 0.741071 0.002430 0.661923 0.112545 0.741071 -0.123710 0.104203 0.122890 0.979150 0.100998 0.070645 -0.103428 0.986971 0.087492 0.337055 0.225251 0.909946 0.087492 0.337055 0.225251 0.909946 0.087492 0.337055 0.225251 0.909946 -0.049966 0.699624 -0.017228 0.712554 -0.049966 0.699624 -0.017228 0.712554 -0.049966 0.699624 -0.017228 0.712554 -0.049966 0.699624 -0.017228 0.712554 -0.199188 -0.875760 -0.208937 -0.386928 0.458576 -0.851835 -0.056734 0.246710 0.458583 -0.851837 -0.056712 0.246698 -0.049966 0.699624 -0.017228 0.712554 -0.049966 0.699624 -0.017228 0.712554 -0.049966 0.699624 -0.017228 0.712554 -0.049966 0.699624 -0.017228 0.712554 -0.387728 0.584220 -0.365562 0.612143 -0.373139 0.323683 -0.016568 0.869323 -0.373116 0.323683 -0.016577 0.869333
-0.001555 0.794586 -0.000036 -0.055421 0.676972 -0.015620 0.733753 -0.031504 -0.807068 0.106400 -0.579938 -0.242374 -0.809698 0.014907 -0.534248 -0.025984 0.627742 0.110247 0.770136 -0.025984 0.627742 0.110247 0.770136 -0.025984 0.627742 0.110247 0.770136 -0.088393 0.086742 0.085579 0.988604 0.100509 0.033948 -0.065212 0.992216 0.050125 0.327929 0.290568 0.897508 0.050125 0.327929 0.290568 0.897508 0.050125 0.327929 0.290568 0.897508 -0.055420 0.676972 -0.015620 0.733753 -0.055420 0.676972 -0.015620 0.733753 -0.055420 0.676972 -0.015620 0.733753 -0.055420 0.676972 -0.015620 0.733753 -0.198394 -0.883792 -0.224083 -0.359636 0.456306 -0.791836 -0.103215 0.392590 0.456316 -0.791839 -0.103194 0.392578 -0.055420 0.676972 -0.015620 0.733753 -0.055420 0.676972 -0.015620 0.733753 -0.055420 0.676972 -0.015620 0.733753 -0.055420 0.676972 -0.015620 0.733753 -0.464372 0.524615 -0.471589 0.535482 0.676248 -0.242654 0.412926 -0.559732 0.676234 -0.242643 0.412932 -0.559750
-0.001618 0.795637 -0.000106 -0.055100 0.670903 -0.012857 0.739383 0.043497 -0.819176 0.042980 -0.570273 -0.201690 -0.840143 -0.022066 -0.502985 -0.044384 0.652025 0.168310 0.737946 -0.044384 0.652025 0.168310 0.737946 -0.044384 0.652025 0.168310 0.737946 -0.056782 0.086321 0.015315 0.994530 0.099557 0.038347 -0.087377 0.990446 0.065918 0.346822 0.278670 0.893147 0.065918 0.346822 0.278670 0.893147 0.065918 0.346822 0.278670 0.893147 -0.055100 0.670903 -0.012857 0.739383 -0.055100 0.670903 -0.012857 0.739383 -0.055100 0.670903 -0.012857 0.739383 -0.055100 0.670903 -0.012857 0.739383 -0.220795 -0.823157 -0.264619 -0.451264 0.280933 -0.911631 -0.199218 0.224318 0.280939 -0.911636 -0.199194 0.224310 -0.055100 0.670903 -0.012857 0.739383 -0.055100 0.670903 -0.012857 0.739383 -0.055100 0.670903 -0.012857 0.739383 -0.055100 0.670903 -0.012857 0.739383 0.462003 -0.538248 0.476843 -0.519097 0.700093 -0.233140 0.449884 -0.503110 0.700080 -0.233128 0.449890 -0.503128
-0.001673 0.805381 -0.000155 -0.028083 0.666270 0.007899 0.745140 0.078390 -0.845423 -0.014571 -0.528113 -0.331109 -0.852071 -0.057164 -0.401340 -0.227519 -0.724834 -0.130351 -0.637071 -0.227519 -0.724834 -0.130351 -0.637071 -0.227519 -0.724834 -0.130351 -0.637071 -0.039649 0.099673 0.009965 0.994180 0.092605 0.074025 -0.066184 0.990739 0.048809 0.395463 0.325754 0.857386 0.048809 0.395463 0.325754 0.857386 0.048809 0.395463 0.325754 0.857386 -0.028083 0.666270 0.007900 0.745140 -0.028083 0.666270 0.007900 0.745140 -0.028083 0.666270 0.007900 0.745140 -0.028083 0.666270 0.007900 0.745140 -0.229976 -0.765733 -0.288484 -0.526822 0.036263 -0.944175 -0.327230 -0.011760 0.036263 -0.944184 -0.327205 -0.011761 -0.028083 0.666270 0.007900 0.745140 -0.028083 0.666270 0.007900 0.745140 -0.028083 0.666270 0.007900 0.745140 -0.028083 0.666270 0.007900 0.745140 0.395011 -0.585117 0.410506 -0.577139 -0.568578 0.288364 -0.278082 0.718495 -0.568560 0.288357 -0.278090 0.718510
-0.001730 0.814644 -0.000173 -0.007501 0.650002 0.014553 0.759756 0.135400 -0.836007 -0.051464 -0.529256 -0.463342 -0.813628 -0.091367 -0.339079 -0.440749 -0.710409 -0.090353 -0.541199 -0.440749 -0.710409 -0.090353 -0.541199 -0.440749 -0.710409 -0.090353 -0.541199 -0.023442 0.112140 0.015600 0.993293 0.101098 0.123962 -0.072128 0.984485 0.093393 0.452389 0.326110 0.824787 0.093393 0.452389 0.326110 0.824787 0.093393 0.452389 0.326110 0.824787 -0.007501 0.650002 0.014553 0.759756 -0.007501 0.650002 0.014553 0.759756 -0.007501 0.650002 0.014553 0.759756 -0.007501 0.650002 0.014553 0.759756 -0.253304 -0.731258 -0.318763 -0.547256 -0.140573 -0.874806 -0.454037 -0.093830 -0.140575 -0.874818 -0.454014 -0.093826 -0.007501 0.650002 0.014553 0.759756 -0.007501 0.650002 0.014553 0.759756 -0.007501 0.650002 0.014553 0.759756 -0.007501 0.650002 0.014553 0.759756 -0.360337 0.567629 -0.401294 0.622027 -0.462416 0.291676 -0.196197 0.814004 -0.462395 0.291671 -0.196205 0.814016
-0.001724 0.823174 -0.000187 0.004803 0.623279 0.014142 0.781857 0.188574 -0.801682 -0.068860 -0.563032 -0.552098 -0.757046 -0.146892 -0.317004 -0.596714 -0.667927 -0.054830 -0.441360 -0.596714 -0.667927 -0.054830 -0.441360 -0.596714 -0.667927 -0.054830 -0.441360 -0.023404 0.090502 0.021235 0.995395 0.098820 0.114193 -0.074478 0.985722 0.083018 0.451897 0.340143 0.820488 0.083018 0.451897 0.340143 0.820488 0.083018 0.451897 0.340143 0.820488 0.004803 0.623279 0.014143 0.781857 0.004803 0.623279 0.014143 0.781857 0.004803 0.623279 0.014143 0.781857 0.004803 0.623279 0.014143 0.781857 -0.280987 -0.672061 -0.363250 -0.580887 -0.212650 -0.792907 -0.553249 -0.141403 -0.212654 -0.792921 -0.553228 -0.141398 0.004803 0.623279 0.014143 0.781857 0.004803 0.623279 0.014143 0.781857 0.004803 0.623279 0.014143 0.781857 0.004803 0.623279 0.014143 0.781857 -0.365334 0.469565 -0.452748 0.664122 -0.536972 0.115246 -0.250214 0.797353 -0.536951 0.115240 -0.250217 0.797367
-0.001787 0.829198 -0.000299 0.008444 0.585138 0.013810 0.810772 0.227244 -0.759265 -0.078747 -0.604711 -0.561388 -0.723420 -0.198515 -0.349427 0.641592 0.641098 0.027993 0.420201 0.641592 0.641098 0.027993 0.420201 0.641592 0.641098 0.027993 0.420201 -0.027910 0.061287 0.028334 0.997327 0.073996 0.095623 -0.079983 0.989436 0.059349 0.453666 0.330633 0.825437 0.059349 0.453666 0.330633 0.825437 0.059349 0.453666 0.330633 0.825437 0.008445 0.585138 0.013810 0.810772 0.008445 0.585138 0.013810 0.810772 0.008445 0.585138 0.013810 0.810772 0.008444 0.585138 0.013810 0.810772 0.283825 0.594882 0.398103 0.638023 -0.239523 -0.708327 -0.627968 -0.215772 -0.239529 -0.708343 -0.627950 -0.215765 0.008445 0.585138 0.013810 0.810772 0.008445 0.585138 0.013810 0.810772 0.008445 0.585138 0.013810 0.810772 0.008445 0.585138 0.013810 0.810772 -0.358172 0.402837 -0.496596 0.680314 -0.577592 0.006620 -0.313453 0.753718 -0.577572 0.006612 -0.313453 0.753733
-0.001822 0.831939 -0.000428 -0.008315 0.561788 0.007923 0.827202 0.277595 -0.749466 -0.089516 -0.594330 -0.514284 -0.757884 -0.178750 -0.359405 -0.581183 -0.675644 0.012792 -0.453396 -0.581183 -0.675644 0.012792 -0.453396 -0.581183 -0.675644 0.012792 -0.453396 -0.038067 0.038634 0.041832 0.997651 0.054032 0.076109 -0.075940 0.992734 0.026577 0.447379 0.335796 0.828485 0.026577 0.447379 0.335796 0.828485 0.026577 0.447379 0.335796 0.828485 -0.008315 0.561788 0.007924 0.827202 -0.008315 0.561788 0.007924 0.827202 -0.008315 0.561788 0.007924 0.827202 -0.008315 0.561788 0.007924 0.827202 0.278930 0.515089 0.428160 0.688157 -0.237635 -0.627353 -0.684698 -0.284862 -0.237643 -0.627371 -0.684682 -0.284856 -0.008315 0.561788 0.007924 0.827202 -0.008315 0.561788 0.007924 0.827202 -0.008315 0.561788 0.007924 0.827202 -0.008315 0.561788 0.007924 0.827202 -0.363250 0.341865 -0.519779 0.693547 -0.599958 -0.109076 -0.253346 0.750978 -0.599938 -0.109083 -0.253343 0.750994
-0.001877 0.833304 -0.000571 -0.052958 0.508750 -0.006981 0.859255 0.299064 -0.750487 -0.067903 -0.585422 -0.443864 -0.790617 -0.113260 -0.406303 -0.440620 -0.681639 0.024823 -0.583615 -0.440620 -0.681639 0.024823 -0.583615 -0.440620 -0.681639 0.024823 -0.583615 -0.067186 -0.020831 0.016350 0.997389 0.043039 0.018496 -0.065373 0.996761 -0.006958 0.412404 0.342638 0.844082 -0.006958 0.412404 0.342638 0.844082 -0.006958 0.412404 0.342638 0.844082 -0.052958 0.508750 -0.006980 0.859255 -0.052958 0.508750 -0.006980 0.859255 -0.052958 0.508750 -0.006980 0.859255 -0.052958 0.508750 -0.006980 0.859255 0.211127 0.468241 0.427592 0.743869 -0.204960 -0.571202 -0.626956 -0.488514 -0.204973 -0.571218 -0.626941 -0.488509 -0.052958 0.508750 -0.006980 0.859255 -0.052958 0.508750 -0.006980 0.859255 -0.052958 0.508750 -0.006980 0.859255 -0.052958 0.508750 -0.006980 0.859255 -0.360295 0.286919 -0.539052 0.705186 -0.630441 -0.223650 -0.250483 0.699845 -0.630423 -0.223657 -0.250477 0.699862
-0.001914 0.836481 -0.000705 -0.072427 0.469606 -0.007259 0.879870 0.286546 -0.752969 -0.060624 -0.589282 -0.400670 -0.809219 -0.087053 -0.420772 -0.365578 -0.692310 0.029410 -0.621446 -0.365578 -0.692310 0.029410 -0.621446 -0.365578 -0.692310 0.029410 -0.621446 -0.068443 -0.044009 0.002152 0.996682 0.045925 0.024028 -0.044755 0.997653 -0.002221 0.435954 0.369211 0.820745 -0.002221 0.435954 0.369211 0.820745 -0.002221 0.435954 0.369211 0.820745 -0.072427 0.469606 -0.007258 0.879870 -0.072427 0.469606 -0.007258 0.879870 -0.072427 0.469606 -0.007258 0.879870 -0.072427 0.469606 -0.007258 0.879870 0.151230 0.473728 0.395150 0.772378 0.077581 0.607194 0.418856 0.670713 0.077599 0.607205 0.418840 0.670711 -0.072427 0.469606 -0.007258 0.879870 -0.072427 0.469606 -0.007258 0.879870 -0.072427 0.469606 -0.007258 0.879870 -0.072427 0.469606 -0.007258 0.879870 -0.342612 0.247931 -0.532704 0.733057 -0.627625 -0.339571 -0.197122 0.672251 -0.627607 -0.339576 -0.197113 0.672268
-0.001951 0.837917 -0.000722 -0.076012 0.453045 0.000749 0.888241 0.308458 -0.757378 -0.031489 -0.574665 -0.273531 -0.842733 -0.002267 -0.463656 0.138403 0.688483 -0.055895 0.709726 0.138403 0.688483 -0.055895 0.709726 0.138403 0.688483 -0.055895 0.709726 -0.095190 -0.090267 -0.009770 0.991310 0.024869 -0.044624 -0.053481 0.997261 -0.020737 0.369434 0.324893 0.870364 -0.020737 0.369434 0.324893 0.870364 -0.020737 0.369434 0.324893 0.870364 -0.076012 0.453045 0.000749 0.888241 -0.076012 0.453045 0.000749 0.888241 -0.076012 0.453045 0.000749 0.888241 -0.076012 0.453045 0.000749 0.888241 0.109565 0.449284 0.352087 0.813741 -0.125052 0.566211 0.018594 0.814507 -0.125030 0.566212 0.018579 0.814510 -0.076012 0.453045 0.000749 0.888241 -0.076012 0.453045 0.000749 0.888241 -0.076012 0.453045 0.000749 0.888241 -0.076012 0.453045 0.000749 0.888241 -0.326573 0.221285 -0.511877 0.763129 -0.602231 -0.437583 -0.087792 0.661915 -0.602213 -0.437586 -0.087780 0.661931
-0.001818 0.837054 -0.000678 -0.067084 0.433195 0.012853 0.898708 0.330662 -0.734649 0.007093 -0.592371 -0.191694 -0.836995 0.035213 -0.511325 0.019276 0.661158 -0.058443 0.747719 0.019276 0.661158 -0.058443 0.747719 0.019276 0.661158 -0.058443 0.747719 -0.101466 -0.111356 -0.026203 0.988240 0.031888 -0.078435 -0.056796 0.994789 -0.022515 0.336110 0.303860 0.891175 -0.022514 0.336110 0.303860 0.891175 -0.022514 0.336110 0.303860 0.891175 -0.067084 0.433195 0.012854 0.898708 -0.067084 0.433195 0.012854 0.898708 -0.067084 0.433195 0.012854 0.898708 -0.067084 0.433195 0.012854 0.898708 0.103728 0.467075 0.353530 0.803803 -0.210293 0.566513 -0.108406 0.789359 -0.210272 0.566510 -0.108420 0.789365 -0.067084 0.433195 0.012854 0.898708 -0.067084 0.433195 0.012854 0.898708 -0.067084 0.433195 0.012854 0.898708 -0.067084 0.433195 0.012854 0.898708 -0.293277 0.247022 -0.478802 0.789758 -0.457584 -0.335519 0.148896 0.809861 -0.457563 -0.335515 0.148905 0.809873
-0.001778 0.835307 -0.000576 -0.078514 0.397202 0.019536 0.914158 0.309689 -0.696701 0.060623 -0.644225 -0.101451 -0.815024 0.041837 -0.568941 -0.108036 0.618861 -0.013101 0.777925 -0.108036 0.618861 -0.013101 0.777925 -0.108036 0.618861 -0.013101 0.777925 -0.121595 -0.144368 -0.025377 0.981697 0.026845 -0.115058 -0.057467 0.991332 -0.021111 0.305339 0.284804 0.908410 -0.021111 0.305339 0.284804 0.908410 -0.021111 0.305339 0.284804 0.908410 -0.078513 0.397202 0.019537 0.914158 -0.078513 0.397202 0.019537 0.914158 -0.078513 0.397202 0.019537 0.914158 -0.078513 0.397202 0.019537 0.914158 0.079060 0.428070 0.365629 0.822691 -0.262197 0.547877 -0.178895 0.774003 -0.262177 0.547872 -0.178910 0.774010 -0.078513 0.397202 0.019537 0.914158 -0.078513 0.397202 0.019537 0.914158 -0.078513 0.397202 0.019537 0.914158 -0.078513 0.397202 0.019537 0.914158 -0.268368 0.303167 -0.444824 0.798874 -0.299323 -0.212601 0.301987 0.879779 -0.299300 -0.212593 0.301993 0.879786
-0.001711 0.826311 -0.000505 -0.075729 0.398155 0.034127 0.913550 0.252292 -0.694918 0.066597 -0.670077 -0.088012 -0.819920 0.011633 -0.565552 -0.130953 0.630901 0.045250 0.763392 -0.130953 0.630901 0.045250 0.763392 -0.130953 0.630901 0.045250 0.763392 -0.110854 -0.134859 -0.011166 0.984581 0.022242 -0.109899 -0.055885 0.992121 -0.021973 0.303738 0.278275 0.910946 -0.021973 0.303738 0.278275 0.910946 -0.021973 0.303738 0.278275 0.910946 -0.075729 0.398155 0.034127 0.913550 -0.075729 0.398155 0.034127 0.913550 -0.075729 0.398155 0.034127 0.913550 -0.075729 0.398155 0.034127 0.913550 0.074881 0.443629 0.364875 0.815139 -0.283645 0.534860 -0.210813 0.767482 -0.283625 0.534855 -0.210827 0.767489 -0.075729 0.398155 0.034127 0.913550 -0.075729 0.398155 0.034127 0.913550 -0.075729 0.398155 0.034127 0.913550 -0.075729 0.398155 0.034127 0.913550 -0.243980 0.281585 -0.374142 0.849236 -0.183520 -0.141505 0.402048 0.885807 -0.183496 -0.141495 0.402052 0.885812
-0.001671 0.819012 -0.000470 -0.064577 0.417827 0.043345 0.905191 0.201416 -0.706239 0.053107 -0.676637 -0.051889 -0.829237 -0.015489 -0.556268 -0.171318 0.633226 0.093984 0.748894 -0.171318 0.633226 0.093984 0.748894 -0.171318 0.633226 0.093984 0.748894 -0.089653 -0.096445 -0.012281 0.991216 0.050705 -0.114553 -0.092075 0.987841 0.033410 0.289876 0.251106 0.922931 0.033410 0.289876 0.251106 0.922931 0.033410 0.289876 0.251106 0.922931 -0.064577 0.417827 0.043346 0.905191 -0.064577 0.417827 0.043346 0.905191 -0.064577 0.417827 0.043346 0.905191 -0.064577 0.417827 0.043345 0.905191 0.087109 0.457471 0.361046 0.807947 -0.270319 0.494252 -0.237998 0.791201 -0.270298 0.494246 -0.238011 0.791208 -0.064577 0.417827 0.043346 0.905191 -0.064577 0.417827 0.043346 0.905191 -0.064577 0.417827 0.043346 0.905191 -0.064577 0.417827 0.043345 0.905191 -0.228266 0.281257 -0.330654 0.871468 -0.119717 -0.081429 0.442893 0.884807 -0.119694 -0.081418 0.442895 0.884810
-0.001661 0.809850 -0.000428 -0.061581 0.428635 0.044289 0.900288 0.177321 -0.709417 0.047332 -0.680473 -0.010367 -0.829071 -0.017061 -0.558787 -0.223068 0.621508 0.114426 0.742210 -0.223068 0.621508 0.114426 0.742210 -0.223068 0.621508 0.114426 0.742210 -0.064301 -0.083632 -0.012231 0.994345 0.057806 -0.097234 -0.096948 0.988840 0.046472 0.302598 0.268755 0.913261 0.046472 0.302598 0.268755 0.913261 0.046472 0.302598 0.268755 0.913261 -0.061581 0.428635 0.044290 0.900288 -0.061581 0.428635 0.044290 0.900288 -0.061581 0.428635 0.044290 0.900288 -0.061581 0.428635 0.044290 0.900288 0.096491 0.474701 0.365881 0.794657 -0.254394 0.438158 -0.255517 0.823415 -0.254373 0.438152 -0.255528 0.823421 -0.061581 0.428635 0.044290 0.900288 -0.061581 0.428635 0.044290 0.900288 -0.061581 0.428635 0.044290 0.900288 -0.061581 0.428635 0.044290 0.900288 -0.224986 0.260718 -0.318745 0.883068 -0.111405 -0.067546 0.462186 0.877161 -0.111382 -0.067534 0.462188 0.877164
-0.001655 0.799157 -0.000477 -0.064846 0.397123 0.034594 0.914818 -0.169458 0.686876 -0.046203 0.705231 0.037918 -0.812154 -0.018538 -0.581915 -0.262595 0.598778 0.117596 0.747449 -0.262595 0.598778 0.117596 0.747449 -0.262595 0.598778 0.117596 0.747449 -0.055505 -0.110697 -0.027653 0.991918 0.059636 -0.110492 -0.094400 0.987585 0.045722 0.300090 0.288305 0.908150 0.045722 0.300090 0.288305 0.908150 0.045722 0.300090 0.288305 0.908150 -0.064845 0.397123 0.034594 0.914818 -0.064845 0.397123 0.034594 0.914818 -0.064845 0.397123 0.034594 0.914818 -0.064845 0.397123 0.034594 0.914818 0.099133 0.451267 0.397157 0.792967 -0.229473 0.386659 -0.251233 0.857158 -0.229451 0.386652 -0.251243 0.857164 -0.064845 0.397123 0.034594 0.914818 -0.064845 0.397123 0.034594 0.914818 -0.064845 0.397123 0.034594 0.914818 -0.064845 0.397123 0.034594 0.914818 -0.218439 0.156004 -0.342597 0.900319 -0.247544 -0.285863 0.380719 0.843835 -0.247522 -0.285853 0.380727 0.843841
-0.001546 0.794112 -0.000702 -0.063177 0.315220 0.017494 0.946752 -0.140140 0.627579 -0.025058 0.765426 0.042791 -0.760103 -0.067826 -0.644834 -0.219871 0.536617 0.129761 0.804277 -0.219871 0.536617 0.129761 0.804277 -0.219871 0.536617 0.129761 0.804277 -0.056076 -0.187549 -0.070377 0.978125 0.046688 -0.176300 -0.059471 0.981429 -0.040961 0.242608 0.320356 0.914787 -0.040961 0.242608 0.320356 0.914787 -0.040961 0.242608 0.320356 0.914787 -0.063177 0.315220 0.017494 0.946752 -0.063177 0.315220 0.017494 0.946752 -0.063177 0.315220 0.017494 0.946752 -0.063177 0.315220 0.017494 0.946752 0.089427 0.407667 0.449503 0.789783 -0.237273 0.392971 -0.215443 0.861893 -0.237251 0.392965 -0.215453 0.861899 -0.063177 0.315220 0.017494 0.946752 -0.063177 0.315220 0.017494 0.946752 -0.063177 0.315220 0.017494 0.946752 -0.063177 0.315220 0.017494 0.946752 -0.207901 0.001554 -0.450305 0.868332 -0.426372 -0.480281 0.192372 0.741977 -0.426352 -0.480276 0.192385 0.741988
-0.001451 0.784431 -0.001096 -0.047878 0.240534 0.010076 0.969407 -0.174633 0.540175 -0.033814 0.822539 0.003168 0.662725 0.092797 0.743084 -0.122583 0.407024 0.068386 0.902567 -0.122583 0.407024 0.068386 0.902567 -0.122583 0.407024 0.068386 0.902567 -0.070214 -0.260073 -0.074046 0.960182 0.052079 -0.248743 -0.081257 0.963749 -0.100947 0.181583 0.324033 0.922952 -0.100947 0.181583 0.324033 0.922952 -0.100947 0.181583 0.324033 0.922952 -0.047877 0.240534 0.010076 0.969407 -0.047877 0.240534 0.010076 0.969407 -0.047877 0.240534 0.010076 0.969407 -0.047877 0.240534 0.010076 0.969407 0.073969 0.378555 0.471787 0.792870 -0.261998 0.415545 -0.196660 0.848531 -0.261976 0.415539 -0.196670 0.848538 -0.047877 0.240534 0.010076 0.969407 -0.047877 0.240534 0.010076 0.969407 -0.047877 0.240534 0.010076 0.969407 -0.047877 0.240534 0.010076 0.969407 -0.172351 -0.108219 -0.536075 0.819272 -0.510052 -0.568616 0.017160 0.645157 -0.510036 -0.568616 0.017175 0.645170
-0.001395 0.785560 -0.001278 -0.039173 0.227810 0.010088 0.972865 -0.187055 0.540566 -0.025137 0.819858 0.074667 0.666893 0.115195 0.732399 0.019693 0.432807 0.047194 0.900035 0.019693 0.432807 0.047194 0.900035 0.019693 0.432807 0.047194 0.900035 -0.053540 -0.257797 -0.077054 0.961632 0.100842 -0.245497 -0.094710 0.959475 -0.081218 0.168168 0.344747 0.919931 -0.081218 0.168168 0.344747 0.919931 -0.081218 0.168168 0.344747 0.919931 -0.039173 0.227810 0.010088 0.972865 -0.039173 0.227810 0.010088 0.972865 -0.039173 0.227810 0.010088 0.972865 -0.039173 0.227810 0.010088 0.972865 0.069194 0.389985 0.450360 0.800188 -0.300865 0.476777 -0.208535 0.799173 -0.300844 0.476772 -0.208548 0.799180 -0.039173 0.227810 0.010088 0.972865 -0.039173 0.227810 0.010088 0.972865 -0.039173 0.227810 0.010088 0.972865 -0.039173 0.227810 0.010088 0.972865 -0.165151 -0.119312 -0.574211 0.792952 -0.532897 -0.574766 -0.077417 0.616174 -0.532881 -0.574768 -0.077402 0.616188
-0.001359 0.793068 -0.001402 -0.031587 0.220591 0.012889 0.974769 -0.194304 0.571512 -0.034342 0.796518 -0.164079 -0.711756 -0.107527 -0.674477 0.159086 0.527056 0.019649 0.834576 0.159086 0.527056 0.019649 0.834576 0.159086 0.527056 0.019649 0.834576 -0.070837 -0.261259 -0.070342 0.960093 0.127270 -0.250292 -0.091307 0.955416 -0.051806 0.149101 0.349328 0.923610 -0.051806 0.149101 0.349328 0.923610 -0.051806 0.149101 0.349328 0.923610 -0.031587 0.220591 0.012890 0.974769 -0.031587 0.220591 0.012890 0.974769 -0.031587 0.220591 0.012890 0.974769 -0.031587 0.220591 0.012890 0.974769 0.060778 0.380633 0.409236 0.827013 -0.322563 0.537138 -0.241658 0.740970 -0.322544 0.537131 -0.241672 0.740979 -0.031587 0.220591 0.012890 0.974769 -0.031587 0.220591 0.012890 0.974769 -0.031587 0.220591 0.012890 0.974769 -0.031587 0.220591 0.012890 0.974769 -0.161369 -0.104314 -0.608969 0.769568 -0.537406 -0.544095 -0.172169 0.620897 -0.537390 -0.544100 -0.172155 0.620911
-0.001348 0.798652 -0.001501 -0.023756 0.194780 0.018125 0.980392 -0.241685 0.571698 -0.069482 0.780975 -0.261780 -0.721291 -0.094380 -0.634273 0.321883 0.565674 0.022756 0.758872 0.321883 0.565674 0.022756 0.758872 0.321883 0.565674 0.022756 0.758872 -0.080738 -0.277740 -0.067159 0.954899 0.124005 -0.263773 -0.093671 0.951983 -0.030055 0.134460 0.329375 0.934093 -0.030055 0.134460 0.329375 0.934093 -0.030055 0.134460 0.329375 0.934093 -0.023756 0.194780 0.018125 0.980392 -0.023756 0.194780 0.018125 0.980392 -0.023756 0.194780 0.018125 0.980392 -0.023756 0.194780 0.018125 0.980392 0.037173 0.337442 0.326108 0.882272 -0.304907 0.623488 -0.268257 0.668081 -0.304890 0.623481 -0.268273 0.668089 -0.023756 0.194780 0.018125 0.980392 -0.023756 0.194780 0.018125 0.980392 -0.023756 0.194780 0.018125 0.980392 -0.023756 0.194780 0.018125 0.980392 -0.145979 -0.098266 -0.654193 0.735571 -0.522125 -0.488019 -0.287668 0.637550 -0.522108 -0.488026 -0.287655 0.637564
-0.001373 0.804115 -0.001395 -0.025185 0.188682 0.026679 0.981353 -0.269406 0.567718 -0.096470 0.771887 -0.313863 -0.711339 -0.079086 -0.623885 0.403142 0.562248 0.007455 0.722010 0.403142 0.562248 0.007455 0.722010 0.403142 0.562248 0.007455 0.722010 -0.082732 -0.295460 -0.063754 0.949629 0.114550 -0.282580 -0.091669 0.947957 -0.046818 0.109739 0.317004 0.940890 -0.046818 0.109739 0.317004 0.940890 -0.046818 0.109739 0.317004 0.940890 -0.025185 0.188682 0.026680 0.981353 -0.025185 0.188682 0.026680 0.981353 -0.025185 0.188682 0.026680 0.981353 -0.025185 0.188682 0.026680 0.981353 0.006594 0.300496 0.201226 0.932291 0.244830 -0.743992 0.273626 -0.558267 0.244816 -0.743985 0.273646 -0.558274 -0.025185 0.188682 0.026680 0.981353 -0.025185 0.188682 0.026680 0.981353 -0.025185 0.188682 0.026680 0.981353 -0.025185 0.188682 0.026680 0.981353 -0.147396 -0.046240 -0.677125 0.719471 -0.469599 -0.371159 -0.378657 0.705929 -0.469581 -0.371169 -0.378648 0.705941
-0.001413 0.815235 -0.001235 -0.016496 0.205965 0.033348 0.977852 -0.246066 0.583136 -0.093266 0.768574 -0.344355 -0.711787 -0.076698 -0.607369 0.433563 0.562207 -0.001772 0.704232 0.433563 0.562207 -0.001772 0.704232 0.433563 0.562207 -0.001772 0.704232 -0.083278 -0.281814 -0.061225 0.953885 0.097346 -0.274150 -0.097577 0.951759 -0.003447 0.109048 0.277272 0.954577 -0.003447 0.109048 0.277272 0.954577 -0.003447 0.109048 0.277272 0.954577 -0.016496 0.205965 0.033349 0.977852 -0.016496 0.205965 0.033349 0.977852 -0.016496 0.205965 0.033349 0.977852 -0.016496 0.205965 0.033349 0.977852 -0.011963 0.316747 0.070242 0.945830 0.150640 -0.859327 0.243248 -0.423904 0.150629 -0.859321 0.243271 -0.423908 -0.016496 0.205965 0.033349 0.977852 -0.016496 0.205965 0.033349 0.977852 -0.016496 0.205965 0.033349 0.977852 -0.016496 0.205965 0.033349 0.977852 -0.157247 0.032395 -0.684345 0.711263 -0.375885 -0.188864 -0.455894 0.784348 -0.375864 -0.188876 -0.455889 0.784358
-0.001382 0.824222 -0.000948 -0.003742 0.183291 0.045599 0.981993 -0.180209 0.558158 -0.076785 0.806281 -0.359793 -0.678212 -0.120971 -0.629241 0.449538 0.523876 0.034433 0.722693 0.449538 0.523876 0.034433 0.722693 0.449538 0.523876 0.034433 0.722693 -0.076572 -0.294115 -0.061582 0.950705 0.079002 -0.285536 -0.093251 0.950543 0.011213 0.107391 0.266954 0.957641 0.011213 0.107391 0.266954 0.957641 0.011213 0.107391 0.266954 0.957641 -0.003742 0.183291 0.045599 0.981993 -0.003742 0.183291 0.045599 0.981993 -0.003742 0.183291 0.045599 0.981993 -0.003742 0.183291 0.045599 0.981993 -0.029691 0.321386 -0.059836 0.944590 0.062839 -0.902070 0.327307 -0.274209 0.062832 -0.902062 0.327331 -0.274211 -0.003742 0.183291 0.045599 0.981993 -0.003742 0.183291 0.045599 0.981993 -0.003742 0.183291 0.045599 0.981993 -0.003742 0.183291 0.045599 0.981993 -0.132113 0.056801 -0.678974 0.719940 -0.295536 -0.114795 -0.501791 0.804789 -0.295515 -0.114809 -0.501788 0.804797
-0.001269 0.828733 -0.000665 0.014525 0.158155 0.054006 0.985829 -0.130124 0.515389 -0.075501 0.843648 0.321400 0.638409 0.160111 0.680809 0.348513 0.474622 0.111234 0.800562 0.348513 0.474622 0.111234 0.800562 0.348513 0.474622 0.111234 0.800562 -0.056206 -0.327331 -0.067675 0.940806 0.091415 -0.321586 -0.097231 0.937428 0.011960 0.052695 0.244851 0.968054 0.011960 0.052695 0.244851 0.968054 0.011960 0.052695 0.244851 0.968054 0.014525 0.158155 0.054006 0.985829 0.014525 0.158155 0.054006 0.985829 0.014525 0.158155 0.054006 0.985829 0.014525 0.158155 0.054006 0.985829 -0.035943 0.320784 -0.199473 0.925211 0.017462 -0.816142 0.532906 -0.222753 0.017456 -0.816128 0.532928 -0.222753 0.014525 0.158155 0.054006 0.985829 0.014525 0.158155 0.054006 0.985829 0.014525 0.158155 0.054006 0.985829 0.014525 0.158155 0.054006 0.985829 -0.100447 0.067994 -0.670149 0.732249 -0.235143 -0.081647 -0.531500 0.809660 -0.235122 -0.081661 -0.531498 0.809666
-0.001169 0.817526 -0.000533 0.018619 0.161609 0.054743 0.985159 -0.096334 0.491727 -0.071774 0.862423 0.283684 0.595064 0.118029 0.742624 0.317888 0.383663 0.007739 0.867001 0.317888 0.383663 0.007739 0.867001 0.317888 0.383663 0.007739 0.867001 -0.042897 -0.325611 -0.068163 0.942068 0.108050 -0.332377 -0.100302 0.931553 0.014465 0.036081 0.254470 0.966299 0.014465 0.036081 0.254470 0.966299 0.014465 0.036081 0.254470 0.966299 0.018619 0.161609 0.054743 0.985159 0.018619 0.161609 0.054743 0.985159 0.018619 0.161609 0.054743 0.985159 0.018619 0.161609 0.054743 0.985159 -0.038278 0.314096 -0.232888 0.919588 -0.090359 0.617249 -0.673989 0.395699 -0.090349 0.617232 -0.674005 0.395701 0.018619 0.161609 0.054743 0.985159 0.018619 0.161609 0.054743 0.985159 0.018619 0.161609 0.054743 0.985159 0.018619 0.161609 0.054743 0.985159 -0.099031 0.070180 -0.664834 0.737064 -0.217317 -0.063154 -0.542743 0.808835 -0.217296 -0.063169 -0.542741 0.808841
-0.001139 0.803378 -0.000528 0.013666 0.169336 0.053829 0.983992 -0.080975 0.469360 -0.047682 0.877993 0.261314 0.555203 0.148228 0.775560 0.324038 0.317535 0.006843 0.891137 0.324038 0.317535 0.006843 0.891137 0.324038 0.317535 0.006843 0.891137 -0.046545 -0.324496 -0.056621 0.943043 0.104983 -0.330127 -0.094177 0.933341 -0.029738 0.043338 0.270063 0.961407 -0.029738 0.043338 0.270063 0.961407 -0.029738 0.043338 0.270063 0.961407 0.013666 0.169336 0.053829 0.983992 0.013666 0.169336 0.053829 0.983992 0.013666 0.169336 0.053829 0.983992 0.013666 0.169336 0.053829 0.983992 -0.053138 0.256371 -0.301279 0.916887 -0.113737 0.382018 -0.744778 0.535193 -0.113723 0.381999 -0.744788 0.535196 0.013666 0.169336 0.053829 0.983992 0.013666 0.169336 0.053829 0.983992 0.013666 0.169336 0.053829 0.983992 0.013666 0.169336 0.053829 0.983992 -0.108475 0.089938 -0.661212 0.736846 -0.203601 -0.018914 -0.564359 0.799805 -0.203580 -0.018929 -0.564358 0.799810
-0.001156 0.793175 -0.000569 0.014021 0.181326 0.052830 0.981903 -0.074611 0.459771 -0.025987 0.884516 0.233275 0.539441 0.170904 0.790809 0.303261 0.287596 0.020647 0.908237 0.303261 0.287596 0.020647 0.908237 0.303261 0.287596 0.020647 0.908237 -0.053020 -0.320713 -0.036146 0.945000 0.096109 -0.333426 -0.081066 0.934355 -0.076036 0.040891 0.283342 0.955125 -0.076036 0.040891 0.283342 0.955125 -0.076036 0.040891 0.283342 0.955125 0.014021 0.181326 0.052830 0.981903 0.014021 0.181326 0.052830 0.981903 0.014021 0.181326 0.052830 0.981903 0.014021 0.181326 0.052830 0.981903 -0.068753 0.218412 -0.378031 0.897029 -0.127696 0.228482 -0.716306 0.646835 -0.127680 0.228464 -0.716312 0.646838 0.014021 0.181326 0.052830 0.981903 0.014021 0.181326 0.052830 0.981903 0.014021 0.181326 0.052830 0.981903 0.014021 0.181326 0.052830 0.981903 -0.116603 0.099447 -0.659361 0.736042 -0.203062 0.000570 -0.594080 0.778354 -0.203041 0.000554 -0.594080 0.778359
-0.001207 0.785661 -0.000632 0.011795 0.195345 0.049735 0.979402 -0.070456 0.462995 -0.014236 0.883442 0.206841 0.543282 0.171713 0.795347 0.253661 0.282997 0.026229 0.924598 0.253661 0.282997 0.026229 0.924598 0.253661 0.282997 0.026229 0.924598 -0.047230 -0.317253 -0.021849 0.946912 0.105951 -0.322598 -0.021506 0.940342 -0.089069 0.005214 0.308738 0.946953 -0.089069 0.005214 0.308738 0.946953 -0.089069 0.005214 0.308738 0.946953 0.011795 0.195345 0.049736 0.979402 0.011795 0.195345 0.049736 0.979402 0.011795 0.195345 0.049736 0.979402 0.011795 0.195345 0.049736 0.979402 -0.089221 0.208707 -0.446451 0.865542 -0.149911 0.159819 -0.654077 0.723994 -0.149892 0.159802 -0.654081 0.723998 0.011795 0.195345 0.049736 0.979402 0.011795 0.195345 0.049736 0.979402 0.011795 0.195345 0.049736 0.979402 0.011795 0.195345 0.049736 0.979402 -0.129485 0.112072 -0.664582 0.727327 -0.206824 0.025533 -0.615003 0.760489 -0.206804 0.025517 -0.615004 0.760494
-0.001262 0.783966 -0.000659 0.010018 0.206473 0.046576 0.977292 -0.076161 0.468209 -0.013518 0.880226 0.158972 0.549235 0.155498 0.805537 0.069816 0.269106 0.030382 0.960096 0.069816 0.269106 0.030382 0.960096 0.069816 0.269106 0.030382 0.960096 -0.060284 -0.309031 0.001305 0.949139 0.084892 -0.311546 -0.027753 0.946024 -0.118949 0.017576 0.299235 0.946573 -0.118949 0.017576 0.299235 0.946573 -0.118949 0.017576 0.299235 0.946573 0.010018 0.206473 0.046576 0.977292 0.010018 0.206473 0.046576 0.977292 0.010018 0.206473 0.046576 0.977292 0.010018 0.206473 0.046576 0.977292 -0.105108 0.226518 -0.487011 0.836936 -0.171145 0.152469 -0.607112 0.760840 -0.171126 0.152453 -0.607116 0.760844 0.010018 0.206473 0.046576 0.977292 0.010018 0.206473 0.046576 0.977292 0.010018 0.206473 0.046576 0.977292 0.010018 0.206473 0.046576 0.977292 -0.141648 0.113058 -0.679450 0.710986 -0.203798 0.047277 -0.646066 0.734051 -0.203779 0.047260 -0.646067 0.734056
-0.001301 0.783634 -0.000663 0.007693 0.211959 0.042137 0.976339 -0.065603 0.469844 -0.007820 0.880273 0.153387 0.546624 0.151787 0.809095 0.021438 0.253840 0.026349 0.966650 0.021438 0.253840 0.026349 0.966650 0.021438 0.253840 0.026349 0.966650 -0.057257 -0.311159 0.017528 0.948470 0.095829 -0.322068 -0.010517 0.941795 -0.115701 -0.006591 0.308757 0.944054 -0.115701 -0.006591 0.308757 0.944054 -0.115701 -0.006591 0.308757 0.944054 0.007693 0.211959 0.042138 0.976339 0.007693 0.211959 0.042138 0.976339 0.007693 0.211959 0.042138 0.976339 0.007693 0.211959 0.042138 0.976339 -0.118182 0.227151 -0.528593 0.809336 -0.187640 0.143921 -0.609980 0.756308 -0.187620 0.143905 -0.609984 0.756313 0.007693 0.211959 0.042138 0.976339 0.007693 0.211959 0.042138 0.976339 0.007693 0.211959 0.042138 0.976339 0.007693 0.211959 0.042138 0.976339 -0.147518 0.112965 -0.682698 0.706683 -0.195521 0.063182 -0.652707 0.729214 -0.195502 0.063165 -0.652709 0.729219
-0.001321 0.782759 -0.000696 0.002996 0.211425 0.035926 0.976729 -0.079756 0.478725 0.001981 0.874333 0.131159 0.570105 0.148937 0.797243 0.025636 0.290816 0.036892 0.955724 0.025636 0.290816 0.036892 0.955724 0.025636 0.290816 0.036892 0.955724 -0.055420 -0.319342 0.027338 0.945622 0.101738 -0.336866 -0.002422 0.936037 -0.110211 -0.034837 0.306993 0.944667 -0.110211 -0.034837 0.306993 0.944667 -0.110211 -0.034837 0.306993 0.944667 0.002997 0.211424 0.035927 0.976729 0.002997 0.211424 0.035927 0.976729 0.002997 0.211424 0.035927 0.976729 0.002997 0.211424 0.035927 0.976729 -0.126013 0.238290 -0.552831 0.788490 -0.200034 0.151233 -0.619304 0.744028 -0.200014 0.151217 -0.619308 0.744033 0.002997 0.211424 0.035927 0.976729 0.002997 0.211424 0.035927 0.976729 0.002997 0.211424 0.035927 0.976729 0.002997 0.211424 0.035927 0.976729 -0.150786 0.112725 -0.687380 0.701474 -0.175357 0.088674 -0.650020 0.734072 -0.175338 0.088657 -0.650022 0.734076
-0.001332 0.781405 -0.000790 -0.004160 0.197033 0.025049 0.980068 -0.088665 0.483138 0.012189 0.870958 0.112311 0.592280 0.154310 0.782802 0.046903 0.331986 0.053634 0.940590 0.046903 0.331986 0.053634 0.940590 0.046903 0.331986 0.053634 0.940590 -0.054307 -0.336507 0.028016 0.939696 0.110727 -0.356334 0.002375 0.927771 -0.104550 -0.062949 0.305889 0.944213 -0.104550 -0.062949 0.305889 0.944213 -0.104550 -0.062949 0.305889 0.944213 -0.004160 0.197033 0.025050 0.980068 -0.004160 0.197033 0.025050 0.980068 -0.004160 0.197033 0.025050 0.980068 -0.004160 0.197033 0.025050 0.980068 -0.123910 0.227855 -0.570925 0.778956 -0.200091 0.139935 -0.637102 0.731083 -0.200072 0.139919 -0.637105 0.731089 -0.004160 0.197033 0.025050 0.980068 -0.004160 0.197033 0.025050 0.980068 -0.004160 0.197033 0.025050 0.980068 -0.004160 0.197033 0.025050 0.980068 -0.145309 0.104899 -0.694741 0.696574 -0.146784 0.105462 -0.646732 0.740993 -0.146765 0.105445 -0.646735 0.740996
-0.001336 0.783359 -0.000864 -0.005136 0.191576 0.016561 0.981325 -0.094902 0.481366 0.019823 0.871141 0.100804 0.596984 0.158449 0.779963 0.072282 0.339091 0.073832 0.935062 0.072282 0.339091 0.073832 0.935062 0.072282 0.339091 0.073832 0.935062 -0.049723 -0.351127 0.026524 0.934630 0.111618 -0.378904 0.015852 0.918543 -0.119060 -0.092461 0.312518 0.937874 -0.119060 -0.092461 0.312518 0.937874 -0.119060 -0.092461 0.312518 0.937874 -0.005136 0.191576 0.016561 0.981325 -0.005136 0.191576 0.016561 0.981325 -0.005136 0.191576 0.016561 0.981325 -0.005136 0.191576 0.016561 0.981325 -0.118935 0.227821 -0.568585 0.781450 -0.195139 0.143444 -0.652481 0.718062 -0.195120 0.143427 -0.652485 0.718067 -0.005136 0.191576 0.016561 0.981325 -0.005136 0.191576 0.016561 0.981325 -0.005136 0.191576 0.016561 0.981325 -0.005136 0.191576 0.016561 0.981325 -0.142441 0.102169 -0.702306 0.689956 -0.130664 0.116298 -0.646406 0.742672 -0.130645 0.116281 -0.646409 0.742675
-0.001331 0.785804 -0.000925 -0.004131 0.187958 0.008680 0.982130 -0.088732 0.482776 0.023210 0.870928 0.098450 0.597262 0.162249 0.779269 0.112577 0.348224 0.068420 0.928108 0.112577 0.348224 0.068420 0.928108 0.112577 0.348224 0.068420 0.928108 -0.041170 -0.358292 0.028355 0.932270 0.138841 -0.389734 0.004154 0.910392 -0.074483 -0.124005 0.297012 0.943853 -0.074483 -0.124005 0.297012 0.943853 -0.074483 -0.124005 0.297012 0.943853 -0.004131 0.187958 0.008681 0.982130 -0.004131 0.187958 0.008681 0.982130 -0.004131 0.187958 0.008681 0.982130 -0.004131 0.187958 0.008681 0.982130 -0.113164 0.226462 -0.563572 0.786318 -0.192302 0.142018 -0.669876 0.702934 -0.192284 0.142001 -0.669880 0.702939 -0.004131 0.187958 0.008681 0.982130 -0.004131 0.187958 0.008681 0.982130 -0.004131 0.187958 0.008681 0.982130 -0.004131 0.187958 0.008681 0.982130 -0.139339 0.099844 -0.708423 0.684655 -0.125047 0.116644 -0.641662 0.747681 -0.125027 0.116627 -0.641665 0.747684
-0.001322 0.787828 -0.000973 -0.006437 0.175634 0.000532 0.984434 -0.087759 0.472648 0.025877 0.876489 0.095948 0.588010 0.160906 0.786859 0.139251 0.341048 0.065530 0.927362 0.139251 0.341048 0.065530 0.927362 0.139251 0.341048 0.065530 0.927362 -0.041116 -0.362753 0.027648 0.930567 0.151604 -0.388068 -0.004406 0.909066 -0.057990 -0.122757 0.295193 0.945743 -0.057989 -0.122757 0.295193 0.945743 -0.057989 -0.122757 0.295193 0.945743 -0.006437 0.175634 0.000532 0.984434 -0.006437 0.175634 0.000532 0.984434 -0.006437 0.175634 0.000532 0.984434 -0.006437 0.175634 0.000532 0.984434 -0.104689 0.205298 -0.556914 0.797960 -0.182996 0.121853 -0.690344 0.689268 -0.182978 0.121835 -0.690347 0.689273 -0.006437 0.175634 0.000532 0.984434 -0.006437 0.175634 0.000532 0.984434 -0.006437 0.175634 0.000532 0.984434 -0.006437 0.175634 0.000532 0.984434 -0.132055 0.094957 -0.714963 0.679980 -0.111846 0.117305 -0.641982 0.749393 -0.111827 0.117288 -0.641985 0.749396
-0.001302 0.789229 -0.001012 -0.010621 0.155167 -0.007248 0.987805 -0.093101 0.459720 0.018655 0.882973 0.082439 0.582691 0.151629 0.794156 0.145748 0.339406 0.064796 0.927018 0.145748 0.339406 0.064796 0.927018 0.145748 0.339406 0.064796 0.927018 -0.043959 -0.368474 0.013963 0.928493 0.160378 -0.384605 -0.010103 0.908986 -0.058480 -0.105647 0.305821 0.944400 -0.058480 -0.105647 0.305821 0.944400 -0.058480 -0.105647 0.305821 0.944400 -0.010621 0.155167 -0.007248 0.987805 -0.010621 0.155167 -0.007248 0.987805 -0.010621 0.155167 -0.007248 0.987805 -0.010621 0.155167 -0.007248 0.987805 -0.093973 0.174567 -0.550900 0.810682 -0.171897 0.087591 -0.710283 0.676962 -0.171880 0.087573 -0.710285 0.676966 -0.010621 0.155167 -0.007248 0.987805 -0.010621 0.155167 -0.007248 0.987805 -0.010621 0.155167 -0.007248 0.987805 -0.010621 0.155167 -0.007248 0.987805 -0.119477 0.080935 -0.717752 0.681180 -0.101012 0.101320 -0.660149 0.737383 -0.100993 0.101302 -0.660152 0.737386
-0.001273 0.789663 -0.001054 -0.009509 0.142130 -0.016880 0.989658 -0.091730 0.451558 0.012927 0.887420 0.084533 0.577800 0.150554 0.797706 0.168503 0.341362 0.066640 0.922300 0.168503 0.341362 0.066640 0.922300 0.168503 0.341362 0.066640 0.922300 -0.023606 -0.376134 0.005537 0.926248 0.208127 -0.390636 -0.023239 0.896407 -0.038669 -0.122991 0.313276 0.940870 -0.038669 -0.122991 0.313276 0.940870 -0.038669 -0.122991 0.313276 0.940870 -0.009509 0.142130 -0.016879 0.989658 -0.009509 0.142130 -0.016879 0.989658 -0.009509 0.142130 -0.016879 0.989658 -0.009509 0.142130 -0.016879 0.989658 -0.083822 0.129472 -0.543844 0.824890 -0.164290 0.027102 -0.735062 0.657235 -0.164273 0.027083 -0.735062 0.657240 -0.009509 0.142130 -0.016879 0.989658 -0.009509 0.142130 -0.016879 0.989658 -0.009509 0.142130 -0.016879 0.989658 -0.009509 0.142130 -0.016879 0.989658 -0.108093 0.073399 -0.715454 0.686334 -0.087246 0.094663 -0.690955 0.711342 -0.087227 0.094645 -0.690958 0.711345
-0.001255 0.788529 -0.001157 -0.014518 0.119691 -0.026781 0.992344 -0.092624 0.434425 -0.000819 0.895933 0.091138 0.563422 0.148247 0.807633 0.205016 0.333229 0.048707 0.918997 0.205016 0.333229 0.048707 0.918997 0.205016 0.333229 0.048707 0.918997 -0.026054 -0.393849 0.000508 0.918806 0.252949 -0.405204 -0.029513 0.878041 -0.016020 -0.154474 0.315837 0.936017 -0.016020 -0.154474 0.315837 0.936017 -0.016020 -0.154474 0.315837 0.936017 -0.014518 0.119691 -0.026781 0.992344 -0.014518 0.119691 -0.026781 0.992344 -0.014518 0.119691 -0.026781 0.992344 -0.014518 0.119691 -0.026781 0.992344 -0.074776 0.074094 -0.534848 0.838365 -0.157064 -0.052512 -0.738563 0.653528 -0.157047 -0.052531 -0.738561 0.653532 -0.014518 0.119691 -0.026781 0.992344 -0.014518 0.119691 -0.026781 0.992344 -0.014518 0.119691 -0.026781 0.992344 -0.014518 0.119691 -0.026781 0.992344 -0.094777 0.051603 -0.713332 0.692468 -0.071823 0.074081 -0.711771 0.694792 -0.071805 0.074062 -0.711773 0.694794
-0.001245 0.787418 -0.001249 -0.025529 0.090584 -0.032081 0.995044 -0.098314 0.415702 -0.013805 0.904066 0.089449 0.554377 0.151115 0.813529 0.226793 0.335846 0.059088 0.912294 0.226793 0.335846 0.059088 0.912294 0.226793 0.335846 0.059088 0.912294 -0.031307 -0.405885 0.000416 0.913388 0.286157 -0.401096 -0.035860 0.869454 0.020696 -0.157025 0.324895 0.932394 0.020696 -0.157025 0.324895 0.932394 0.020696 -0.157025 0.324895 0.932394 -0.025529 0.090584 -0.032080 0.995045 -0.025529 0.090584 -0.032080 0.995045 -0.025529 0.090584 -0.032080 0.995045 -0.025529 0.090584 -0.032080 0.995045 -0.069686 -0.007377 -0.523567 0.849098 -0.161991 -0.188289 -0.730240 0.636440 -0.161974 -0.188308 -0.730235 0.636444 -0.025529 0.090584 -0.032080 0.995045 -0.025529 0.090584 -0.032080 0.995045 -0.025529 0.090584 -0.032080 0.995045 -0.025529 0.090584 -0.032080 0.995045 -0.081514 0.029105 -0.708267 0.700618 -0.059414 0.048824 -0.736676 0.671859 -0.059397 0.048805 -0.736677 0.671861
-0.001231 0.786627 -0.001271 -0.040189 0.072940 -0.036538 0.995856 -0.123375 0.408963 -0.028108 0.903736 0.078263 0.561762 0.149557 0.809896 0.227145 0.359014 0.070677 0.902507 0.227145 0.359014 0.070677 0.902507 0.227145 0.359014 0.070677 0.902507 -0.048548 -0.420570 -0.003685 0.905953 0.297658 -0.413346 -0.030011 0.860026 0.035465 -0.170849 0.331779 0.927079 0.035465 -0.170849 0.331779 0.927079 0.035465 -0.170849 0.331779 0.927079 -0.040189 0.072940 -0.036538 0.995856 -0.040189 0.072940 -0.036538 0.995856 -0.040189 0.072940 -0.036538 0.995856 -0.040189 0.072940 -0.036538 0.995856 -0.073412 -0.059150 -0.497567 0.862287 -0.175053 -0.297012 -0.709436 0.614687 -0.175037 -0.297031 -0.709429 0.614692 -0.040189 0.072940 -0.036538 0.995856 -0.040189 0.072940 -0.036538 0.995856 -0.040189 0.072940 -0.036538 0.995856 -0.040189 0.072940 -0.036538 0.995856 -0.078822 0.030520 -0.701608 0.707532 -0.048676 0.057042 -0.753809 0.652800 -0.048659 0.057023 -0.753811 0.652802
-0.001218 0.795046 -0.001217 -0.044869 0.077437 -0.039514 0.995203 -0.120543 0.414516 -0.033221 0.901411 0.066397 0.569727 0.142459 0.806665 0.203010 0.373439 0.069346 0.902508 0.203010 0.373439 0.069346 0.902508 0.203010 0.373439 0.069346 0.902508 -0.068075 -0.424552 0.004409 0.902830 0.262548 -0.420027 -0.033815 0.868045 -0.018038 -0.175219 0.307911 0.934967 -0.018037 -0.175219 0.307911 0.934967 -0.018037 -0.175219 0.307911 0.934967 -0.044869 0.077437 -0.039513 0.995203 -0.044869 0.077437 -0.039513 0.995203 -0.044869 0.077437 -0.039513 0.995203 -0.044869 0.077437 -0.039513 0.995203 -0.077414 -0.032989 -0.468502 0.879446 -0.180627 -0.296095 -0.740524 0.575609 -0.180612 -0.296114 -0.740516 0.575614 -0.044869 0.077437 -0.039513 0.995203 -0.044869 0.077437 -0.039513 0.995203 -0.044869 0.077437 -0.039513 0.995203 -0.044869 0.077437 -0.039513 0.995203 -0.084411 0.040659 -0.689367 0.718327 -0.058196 0.061520 -0.777510 0.623143 -0.058179 0.061500 -0.777511 0.623144
-0.001177 0.813038 -0.001086 -0.044036 0.083980 -0.041009 0.994649 -0.099418 0.416542 -0.024699 0.903327 0.060291 0.566217 0.135431 0.810816 0.196925 0.365495 0.059043 0.907826 0.196925 0.365495 0.059043 0.907826 0.196925 0.365495 0.059043 0.907826 -0.063474 -0.426529 0.000890 0.902244 0.230783 -0.433833 -0.025841 0.870552 -0.050478 -0.178258 0.302324 0.935027 -0.050478 -0.178258 0.302324 0.935027 -0.050478 -0.178258 0.302324 0.935027 -0.044036 0.083980 -0.041008 0.994649 -0.044036 0.083980 -0.041008 0.994649 -0.044036 0.083980 -0.041008 0.994649 -0.044036 0.083980 -0.041008 0.994649 -0.076247 -0.012043 -0.424023 0.902356 -0.175467 -0.300015 -0.773303 0.530287 -0.175453 -0.300035 -0.773295 0.530292 -0.044036 0.083980 -0.041008 0.994649 -0.044036 0.083980 -0.041008 0.994649 -0.044036 0.083980 -0.041008 0.994649 -0.044036 0.083980 -0.041008 0.994649 -0.088721 0.004960 -0.663851 0.742567 -0.090886 -0.016993 -0.803087 0.588645 -0.090870 -0.017014 -0.803086 0.588647
-0.001138 0.829795 -0.000940 -0.037073 0.081402 -0.040491 0.995168 -0.082603 0.405307 -0.020141 0.910218 0.053236 0.546983 0.129556 0.825343 0.191577 0.334314 0.047407 0.921567 0.191577 0.334314 0.047407 0.921567 0.191577 0.334314 0.047407 0.921567 -0.058586 -0.431636 -0.002371 0.900140 0.201932 -0.447340 -0.032432 0.870666 -0.087276 -0.183994 0.282785 0.937316 -0.087276 -0.183994 0.282785 0.937316 -0.087276 -0.183994 0.282785 0.937316 -0.037073 0.081402 -0.040491 0.995168 -0.037073 0.081402 -0.040491 0.995168 -0.037073 0.081402 -0.040491 0.995168 -0.037074 0.081402 -0.040491 0.995168 -0.064167 -0.003893 -0.358345 0.931373 -0.161501 -0.342637 -0.792040 0.478738 -0.161488 -0.342657 -0.792031 0.478742 -0.037073 0.081402 -0.040491 0.995168 -0.037073 0.081402 -0.040491 0.995168 -0.037073 0.081402 -0.040491 0.995168 -0.037073 0.081402 -0.040491 0.995168 -0.082286 -0.040378 -0.637479 0.764996 -0.100916 -0.099890 -0.813725 0.563639 -0.100901 -0.099911 -0.813723 0.563642
-0.001113 0.838037 -0.000838 -0.011795 0.086285 -0.039939 0.995400 -0.067104 0.397405 -0.023047 0.914896 0.053660 0.527261 0.112145 0.840559 0.178455 0.297660 0.021046 0.937608 0.178455 0.297660 0.021046 0.937608 0.178455 0.297660 0.021046 0.937608 -0.052603 -0.407532 -0.012537 0.911588 0.184184 -0.411343 -0.047540 0.891411 -0.078634 -0.122115 0.285037 0.947448 -0.078634 -0.122115 0.285037 0.947448 -0.078634 -0.122115 0.285037 0.947448 -0.011795 0.086285 -0.039939 0.995400 -0.011795 0.086285 -0.039939 0.995400 -0.011795 0.086285 -0.039939 0.995400 -0.011795 0.086285 -0.039939 0.995400 -0.037743 -0.044469 -0.284001 0.957048 -0.106302 -0.419098 -0.777030 0.457472 -0.106290 -0.419118 -0.777019 0.457474 -0.011795 0.086285 -0.039939 0.995400 -0.011795 0.086285 -0.039939 0.995400 -0.011795 0.086285 -0.039939 0.995400 -0.011795 0.086285 -0.039939 0.995400 -0.064771 -0.057559 -0.613255 0.785118 -0.098155 -0.145217 -0.820547 0.544040 -0.098141 -0.145238 -0.820544 0.544043
-0.001101 0.839332 -0.000752 -0.002139 0.082684 -0.041095 0.995726 -0.060633 0.389599 -0.031467 0.918448 0.050724 0.511770 0.087034 0.853196 0.123901 0.267498 0.008655 0.955520 0.123901 0.267498 0.008655 0.955520 0.123901 0.267498 0.008655 0.955520 -0.056108 -0.397881 -0.027290 0.915313 0.157874 -0.396489 -0.058887 0.902444 -0.109566 -0.080043 0.283056 0.949457 -0.109566 -0.080043 0.283056 0.949457 -0.109566 -0.080043 0.283056 0.949457 -0.002139 0.082684 -0.041095 0.995726 -0.002139 0.082684 -0.041095 0.995726 -0.002139 0.082684 -0.041095 0.995726 -0.002139 0.082684 -0.041095 0.995726 -0.022220 -0.066941 -0.209090 0.975349 -0.066027 -0.490750 -0.728143 0.473932 -0.066014 -0.490769 -0.728131 0.473934 -0.002139 0.082684 -0.041095 0.995726 -0.002139 0.082684 -0.041095 0.995726 -0.002139 0.082684 -0.041095 0.995726 -0.002139 0.082684 -0.041095 0.995726 -0.053886 -0.067744 -0.594581 0.799362 -0.081192 -0.155058 -0.827381 0.533671 -0.081178 -0.155080 -0.827377 0.533673
-0.001096 0.846473 -0.000723 0.006754 0.070480 -0.042778 0.996573 -0.054340 0.385642 -0.030993 0.920525 0.063604 0.512619 0.071366 0.853278 0.112017 0.268486 0.000698 0.956748 0.112017 0.268486 0.000698 0.956748 0.112017 0.268486 0.000698 0.956748 -0.054309 -0.407818 -0.035374 0.910760 0.148854 -0.409020 -0.064856 0.897964 -0.117069 -0.087960 0.271593 0.951207 -0.117069 -0.087960 0.271593 0.951207 -0.117069 -0.087960 0.271593 0.951207 0.006754 0.070480 -0.042778 0.996573 0.006754 0.070480 -0.042778 0.996573 0.006754 0.070480 -0.042778 0.996573 0.006754 0.070480 -0.042778 0.996573 -0.007227 -0.158245 -0.100279 0.982268 0.011550 -0.641598 -0.504650 0.577535 0.011565 -0.641611 -0.504633 0.577535 0.006754 0.070480 -0.042778 0.996573 0.006754 0.070480 -0.042778 0.996573 0.006754 0.070480 -0.042778 0.996573 0.006754 0.070480 -0.042778 0.996573 -0.038339 -0.062221 -0.581955 0.809930 -0.057390 -0.138910 -0.856467 0.493836 -0.057378 -0.138932 -0.856464 0.493838
-0.001102 0.849581 -0.000658 0.012634 0.059355 -0.042980 0.997231 -0.051000 0.382900 -0.038919 0.921560 0.071879 0.513725 0.061204 0.852745 0.103071 0.274722 -0.011350 0.955916 0.103071 0.274722 -0.011350 0.955916 0.103071 0.274722 -0.011350 0.955916 -0.051467 -0.423527 -0.034175 0.903774 0.152775 -0.423663 -0.069076 0.890167 -0.096745 -0.116294 0.250150 0.956316 -0.096745 -0.116294 0.250150 0.956316 -0.096745 -0.116294 0.250150 0.956316 0.012634 0.059355 -0.042980 0.997231 0.012634 0.059355 -0.042980 0.997231 0.012634 0.059355 -0.042980 0.997231 0.012634 0.059355 -0.042980 0.997231 0.003204 -0.201515 -0.008729 0.979441 0.071866 -0.652852 -0.367106 0.658675 0.071883 -0.652862 -0.367089 0.658673 0.012634 0.059355 -0.042980 0.997231 0.012634 0.059355 -0.042980 0.997231 0.012634 0.059355 -0.042980 0.997231 0.012634 0.059355 -0.042980 0.997231 -0.024564 -0.047323 -0.555113 0.830064 -0.040587 -0.112575 -0.863211 0.490456 -0.040574 -0.112597 -0.863208 0.490457
-0.001085 0.849881 -0.000726 0.018917 0.038079 -0.042354 0.998198 -0.044986 0.361113 -0.030050 0.930951 0.086103 0.489638 0.060325 0.865564 0.123068 0.243242 -0.023356 0.961843 0.123068 0.243242 -0.023356 0.961843 0.123068 0.243242 -0.023356 0.961843 -0.044847 -0.436484 -0.041514 0.897634 0.159844 -0.438657 -0.051080 0.882848 -0.046340 -0.150976 0.250869 0.955052 -0.046340 -0.150976 0.250869 0.955052 -0.046340 -0.150976 0.250869 0.955052 0.018917 0.038079 -0.042353 0.998198 0.018917 0.038079 -0.042353 0.998198 0.018917 0.038079 -0.042353 0.998198 0.018916 0.038079 -0.042353 0.998198 0.006035 -0.279289 -0.008127 0.960154 0.061541 -0.613372 -0.213037 0.758025 0.061561 -0.613378 -0.213021 0.758024 0.018917 0.038079 -0.042353 0.998198 0.018917 0.038079 -0.042353 0.998198 0.018917 0.038079 -0.042353 0.998198 0.018917 0.038079 -0.042353 0.998198 -0.007379 -0.075745 -0.529051 0.845171 -0.035944 -0.173881 -0.860034 0.478346 -0.035931 -0.173903 -0.860030 0.478347
-0.001065 0.849490 -0.000786 0.019474 0.038247 -0.040513 0.998257 -0.045055 0.354455 -0.028039 0.933566 0.090292 0.476893 0.058517 0.872351 0.138895 0.221671 -0.035474 0.964527 0.138895 0.221671 -0.035474 0.964527 0.138895 0.221671 -0.035474 0.964527 -0.052535 -0.447453 -0.039819 0.891874 0.144307 -0.461427 -0.066019 0.872870 -0.082032 -0.178359 0.220673 0.955386 -0.082032 -0.178359 0.220673 0.955386 -0.082032 -0.178359 0.220673 0.955386 0.019474 0.038247 -0.040512 0.998257 0.019474 0.038247 -0.040512 0.998257 0.019474 0.038247 -0.040512 0.998257 0.019474 0.038247 -0.040512 0.998257 0.004186 -0.336203 -0.014097 0.941675 0.058883 -0.531809 -0.176940 0.826078 0.058905 -0.531813 -0.176926 0.826076 0.019474 0.038247 -0.040512 0.998257 0.019474 0.038247 -0.040512 0.998257 0.019474 0.038247 -0.040512 0.998257 0.019474 0.038247 -0.040512 0.998257 -0.006676 -0.090001 -0.513421 0.853378 -0.058833 -0.239558 -0.844057 0.476150 -0.058821 -0.239580 -0.844051 0.476151
-0.001072 0.848415 -0.000659 0.027180 0.071063 -0.033636 0.996534 -0.043915 0.375173 -0.026916 0.925523 0.094729 0.488893 0.064318 0.864797 0.151914 0.229862 -0.041683 0.960390 0.151914 0.229862 -0.041683 0.960390 0.151914 0.229862 -0.041683 0.960390 -0.050805 -0.435315 -0.036836 0.898089 0.150361 -0.467416 -0.061225 0.869002 -0.084522 -0.200868 0.215420 0.951894 -0.084522 -0.200868 0.215420 0.951894 -0.084522 -0.200868 0.215420 0.951894 0.027180 0.071062 -0.033635 0.996534 0.027180 0.071062 -0.033635 0.996534 0.027180 0.071062 -0.033635 0.996534 0.027180 0.071062 -0.033635 0.996534 0.039946 0.250349 0.072749 0.964592 -0.039449 0.085437 -0.279628 0.955486 -0.039424 0.085429 -0.279630 0.955487 0.027180 0.071062 -0.033635 0.996534 0.027180 0.071062 -0.033635 0.996534 0.027180 0.071062 -0.033635 0.996534 0.027180 0.071062 -0.033635 0.996534 -0.015041 -0.083335 -0.500929 0.861335 -0.077104 -0.257758 -0.838110 0.474539 -0.077092 -0.257780 -0.838103 0.474541
-0.001078 0.847479 -0.000442 0.038168 0.127112 -0.020764 0.990936 -0.041044 0.412196 -0.025344 0.909817 0.098814 0.512202 0.074412 0.849911 0.159408 0.249525 -0.046835 0.954009 0.159408 0.249525 -0.046835 0.954009 0.159408 0.249525 -0.046835 0.954009 -0.049589 -0.399883 -0.035400 0.914539 0.152822 -0.446704 -0.060646 0.879445 -0.081439 -0.190969 0.214807 0.954336 -0.081439 -0.190969 0.214807 0.954336 -0.081439 -0.190969 0.214807 0.954336 0.038168 0.127112 -0.020763 0.990936 0.038168 0.127112 -0.020763 0.990936 0.038168 0.127112 -0.020763 0.990936 0.038168 0.127112 -0.020763 0.990936 0.059971 0.610990 0.134145 0.777881 -0.221930 0.431427 -0.269480 0.831864 -0.221908 0.431420 -0.269491 0.831870 0.038168 0.127112 -0.020763 0.990936 0.038168 0.127112 -0.020763 0.990936 0.038168 0.127112 -0.020763 0.990936 0.038168 0.127112 -0.020763 0.990936 -0.030787 -0.096042 -0.485139 0.868601 -0.120433 -0.343019 -0.797734 0.481096 -0.120420 -0.343040 -0.797725 0.481100
-0.001065 0.845629 -0.000246 0.043840 0.161797 -0.004661 0.985839 -0.038214 0.432286 -0.023627 0.900617 0.097687 0.523505 0.082218 0.842401 0.150935 0.256923 -0.044417 0.953539 0.150935 0.256923 -0.044417 0.953539 0.150935 0.256923 -0.044417 0.953539 -0.050056 -0.364236 -0.035398 0.929286 0.140808 -0.408445 -0.059406 0.899898 -0.082472 -0.140483 0.227919 0.959956 -0.082472 -0.140483 0.227919 0.959956 -0.082472 -0.140483 0.227919 0.959956 0.043840 0.161797 -0.004660 0.985839 0.043840 0.161797 -0.004660 0.985839 0.043840 0.161797 -0.004660 0.985839 0.043840 0.161797 -0.004660 0.985839 -0.060149 -0.702342 -0.158962 -0.691251 -0.345815 0.524410 -0.283711 0.724510 -0.345796 0.524403 -0.283724 0.724518 0.043840 0.161797 -0.004660 0.985839 0.043840 0.161797 -0.004660 0.985839 0.043840 0.161797 -0.004660 0.985839 0.043840 0.161797 -0.004660 0.985839 -0.041891 -0.112106 -0.486512 0.865438 -0.151744 -0.405068 -0.764847 0.477392 -0.151732 -0.405088 -0.764836 0.477396
-0.001041 0.843682 -0.000147 0.037497 0.166985 0.002108 0.985244 -0.038204 0.434544 -0.026370 0.899453 0.097875 0.524311 0.086256 0.841474 0.143457 0.257343 -0.038603 0.954832 0.143457 0.257343 -0.038603 0.954832 0.143457 0.257343 -0.038603 0.954832 -0.056751 -0.358529 -0.039424 0.930958 0.122811 -0.410058 -0.062567 0.901585 -0.120055 -0.130975 0.228790 0.957124 -0.120055 -0.130975 0.228790 0.957124 -0.120055 -0.130975 0.228790 0.957124 0.037497 0.166985 0.002109 0.985244 0.037497 0.166985 0.002109 0.985244 0.037497 0.166985 0.002109 0.985244 0.037497 0.166985 0.002109 0.985244 -0.051010 -0.711391 -0.156525 -0.683243 -0.436776 0.549127 -0.343435 0.624291 -0.436760 0.549118 -0.343450 0.624302 0.037497 0.166985 0.002109 0.985244 0.037497 0.166985 0.002109 0.985244 0.037497 0.166985 0.002109 0.985244 0.037497 0.166985 0.002109 0.985244 -0.050224 -0.132723 -0.491018 0.859514 -0.159047 -0.432489 -0.749745 0.474910 -0.159034 -0.432508 -0.749734 0.474914
-0.001020 0.842341 -0.000126 0.036523 0.172397 0.008649 0.984312 -0.038316 0.447200 -0.025763 0.893241 0.103842 0.542278 0.087467 0.829157 0.126253 0.285657 -0.025825 0.949628 0.126253 0.285657 -0.025825 0.949628 0.126253 0.285657 -0.025825 0.949628 -0.051898 -0.345823 -0.039493 0.936031 0.117790 -0.390110 -0.070274 0.910495 -0.107500 -0.104498 0.226892 0.962312 -0.107500 -0.104498 0.226892 0.962312 -0.107500 -0.104498 0.226892 0.962312 0.036523 0.172397 0.008650 0.984312 0.036523 0.172397 0.008650 0.984312 0.036523 0.172397 0.008650 0.984312 0.036523 0.172397 0.008650 0.984312 0.043359 0.677084 0.128291 0.723339 0.387257 -0.625680 0.332923 -0.589677 0.387241 -0.625672 0.332939 -0.589687 0.036523 0.172397 0.008650 0.984312 0.036523 0.172397 0.008650 0.984312 0.036523 0.172397 0.008650 0.984312 0.036523 0.172397 0.008650 0.984312 -0.055004 -0.144807 -0.501627 0.851103 -0.162028 -0.439500 -0.748474 0.469439 -0.162016 -0.439520 -0.748463 0.469443
-0.001009 0.841553 -0.000157 0.026406 0.142130 0.008797 0.989457 -0.042076 0.426043 -0.029719 0.903235 0.106800 0.526805 0.081762 0.839277 0.109548 0.269880 -0.033156 0.956067 0.109548 0.269880 -0.033156 0.956067 0.109548 0.269880 -0.033156 0.956067 -0.052125 -0.362666 -0.035939 0.929766 0.104510 -0.397975 -0.072296 0.908552 -0.127897 -0.097423 0.227462 0.960423 -0.127897 -0.097423 0.227462 0.960423 -0.127897 -0.097423 0.227462 0.960423 0.026406 0.142130 0.008797 0.989457 0.026406 0.142130 0.008797 0.989457 0.026406 0.142130 0.008797 0.989457 0.026406 0.142130 0.008797 0.989457 0.029698 0.568931 0.090198 0.816884 0.369424 -0.586663 0.466109 -0.549631 0.369410 -0.586651 0.466124 -0.549641 0.026406 0.142130 0.008797 0.989457 0.026406 0.142130 0.008797 0.989457 0.026406 0.142130 0.008797 0.989457 0.026406 0.142130 0.008797 0.989457 -0.049441 -0.156320 -0.510668 0.844001 -0.163141 -0.447375 -0.733873 0.484428 -0.163128 -0.447394 -0.733862 0.484432
-0.001006 0.840511 -0.000218 0.023979 0.127326 0.008567 0.991534 -0.037757 0.416351 -0.025514 0.908061 0.120161 0.517661 0.084555 0.842875 0.104234 0.259281 -0.029739 0.959700 0.104234 0.259281 -0.029739 0.959700 0.104234 0.259281 -0.029739 0.959700 -0.048523 -0.362198 -0.037216 0.930093 0.090010 -0.387400 -0.061297 0.915457 -0.144536 -0.075363 0.240954 0.956750 -0.144536 -0.075363 0.240954 0.956750 -0.144536 -0.075363 0.240954 0.956750 0.023979 0.127326 0.008568 0.991534 0.023979 0.127326 0.008568 0.991534 0.023979 0.127326 0.008568 0.991534 0.023979 0.127326 0.008568 0.991534 0.028344 0.444917 0.082813 0.891284 -0.310394 0.518150 -0.561394 0.565697 -0.310379 0.518135 -0.561408 0.565705 0.023979 0.127326 0.008568 0.991534 0.023979 0.127326 0.008568 0.991534 0.023979 0.127326 0.008568 0.991534 0.023979 0.127326 0.008568 0.991534 -0.045994 -0.167933 -0.526224 0.832329 -0.171687 -0.469994 -0.743378 0.443868 -0.171675 -0.470014 -0.743365 0.443872
-0.001004 0.839702 -0.000377 0.023027 0.111298 0.007064 0.993495 -0.038845 0.402364 -0.023975 0.914341 0.127137 0.502084 0.084570 0.851232 0.094933 0.238336 -0.041857 0.965625 0.094933 0.238336 -0.041857 0.965625 0.094933 0.238336 -0.041857 0.965625 -0.045988 -0.384532 -0.033702 0.921349 0.097804 -0.417321 -0.068123 0.900909 -0.150460 -0.116837 0.224854 0.955590 -0.150460 -0.116837 0.224854 0.955590 -0.150460 -0.116837 0.224854 0.955590 0.023027 0.111298 0.007064 0.993495 0.023027 0.111298 0.007064 0.993495 0.023027 0.111298 0.007064 0.993495 0.023027 0.111298 0.007064 0.993495 0.030971 0.327812 0.103073 0.938593 -0.227936 0.474013 -0.563751 0.636822 -0.227920 0.473998 -0.563763 0.636828 0.023027 0.111298 0.007064 0.993495 0.023027 0.111298 0.007064 0.993495 0.023027 0.111298 0.007064 0.993495 0.023027 0.111298 0.007064 0.993495 -0.038637 -0.185649 -0.527953 0.827833 -0.188536 -0.513036 -0.710513 0.443193 -0.188524 -0.513054 -0.710500 0.443197
-0.000984 0.839622 -0.000635 0.021675 0.089228 0.003229 0.995770 -0.035346 0.377729 -0.014584 0.925126 0.137888 0.471193 0.085928 0.866937 0.096520 0.194700 -0.054221 0.974595 0.096520 0.194700 -0.054221 0.974595 0.096520 0.194700 -0.054221 0.974595 -0.043283 -0.409580 -0.032031 0.910684 0.111218 -0.433268 -0.058096 0.892488 -0.158063 -0.139852 0.232206 0.949494 -0.158063 -0.139852 0.232206 0.949494 -0.158063 -0.139852 0.232206 0.949494 0.021675 0.089228 0.003230 0.995770 0.021675 0.089228 0.003230 0.995770 0.021675 0.089228 0.003230 0.995770 0.021675 0.089228 0.003230 0.995770 0.030889 0.221743 0.117722 0.967480 -0.153104 0.457760 -0.522854 0.702594 -0.153086 0.457746 -0.522866 0.702598 0.021675 0.089228 0.003230 0.995770 0.021675 0.089228 0.003230 0.995770 0.021675 0.089228 0.003230 0.995770 0.021675 0.089228 0.003230 0.995770 -0.027921 -0.212090 -0.520132 0.826862 -0.201827 -0.564769 -0.658119 0.455172 -0.201815 -0.564786 -0.658104 0.455177
-0.000960 0.840091 -0.000908 0.023440 0.062112 -0.003042 0.997789 -0.031492 0.353417 -0.003136 0.934931 0.141340 0.447550 0.094115 0.877989 0.107116 0.166560 -0.052502 0.978789 0.107116 0.166560 -0.052502 0.978789 0.107116 0.166560 -0.052502 0.978789 -0.037053 -0.438975 -0.036614 0.896988 0.124690 -0.471573 -0.053108 0.871350 -0.180446 -0.181852 0.228507 0.939230 -0.180446 -0.181852 0.228507 0.939230 -0.180446 -0.181852 0.228507 0.939230 0.023440 0.062112 -0.003042 0.997789 0.023440 0.062112 -0.003042 0.997789 0.023440 0.062112 -0.003042 0.997789 0.023440 0.062112 -0.003042 0.997789 0.032080 0.152405 0.138800 0.977997 -0.115635 0.458992 -0.479550 0.738909 -0.115615 0.458980 -0.479562 0.738912 0.023440 0.062112 -0.003042 0.997789 0.023440 0.062112 -0.003042 0.997789 0.023440 0.062112 -0.003042 0.997789 0.023440 0.062112 -0.003042 0.997789 -0.013296 -0.228409 -0.514315 0.826518 -0.189319 -0.579584 -0.646676 0.458313 -0.189307 -0.579601 -0.646661 0.458318
-0.000940 0.837342 -0.001148 0.025562 0.034662 -0.013084 0.998986 -0.017329 0.333789 0.005517 0.942472 0.163992 0.429851 0.104999 0.881652 0.137784 0.153844 -0.042445 0.977520 0.137784 0.153844 -0.042445 0.977520 0.137784 0.153844 -0.042445 0.977520 -0.030515 -0.462299 -0.039020 0.885340 0.150501 -0.493855 -0.047242 0.855117 -0.163696 -0.214715 0.233422 0.934139 -0.163696 -0.214715 0.233422 0.934139 -0.163696 -0.214715 0.233422 0.934139 0.025562 0.034662 -0.013084 0.998986 0.025562 0.034662 -0.013084 0.998986 0.025562 0.034662 -0.013084 0.998986 0.025562 0.034662 -0.013084 0.998986 0.030677 0.021777 0.146978 0.988424 -0.034883 0.324718 -0.511398 0.794867 -0.034863 0.324705 -0.511407 0.794868 0.025562 0.034662 -0.013084 0.998986 0.025562 0.034662 -0.013084 0.998986 0.025562 0.034662 -0.013084 0.998986 0.025562 0.034662 -0.013084 0.998986 0.000281 -0.236315 -0.511810 0.825957 -0.170380 -0.576771 -0.653118 0.460155 -0.170368 -0.576788 -0.653103 0.460159
-0.000928 0.833669 -0.001337 0.027436 0.014665 -0.022720 0.999258 -0.008865 0.318010 0.011370 0.947978 0.185344 0.416705 0.113438 0.882687 0.175072 0.145257 -0.021101 0.973553 0.175072 0.145257 -0.021101 0.973553 0.175072 0.145257 -0.021101 0.973553 -0.036056 -0.474651 -0.044723 0.878297 0.164341 -0.501524 -0.041408 0.848382 -0.168048 -0.219161 0.245684 0.929176 -0.168048 -0.219161 0.245684 0.929176 -0.168048 -0.219161 0.245684 0.929176 0.027436 0.014665 -0.022720 0.999258 0.027436 0.014665 -0.022720 0.999258 0.027436 0.014665 -0.022720 0.999258 0.027436 0.014665 -0.022720 0.999258 0.028780 -0.036615 0.179306 0.982690 -0.001554 0.242370 -0.484555 0.840512 -0.001532 0.242357 -0.484562 0.840512 0.027436 0.014665 -0.022720 0.999258 0.027436 0.014665 -0.022720 0.999258 0.027436 0.014665 -0.022720 0.999258 0.027436 0.014665 -0.022720 0.999258 0.009865 -0.238453 -0.507424 0.827988 -0.161459 -0.577768 -0.649513 0.467169 -0.161447 -0.577785 -0.649498 0.467174
-0.000920 0.830086 -0.001495 0.025383 -0.011008 -0.031654 0.999116 -0.008025 0.297335 0.009010 0.954697 0.185452 0.400533 0.117377 0.889609 0.223979 0.135998 -0.021547 0.964818 0.223979 0.135998 -0.021547 0.964818 0.223979 0.135998 -0.021547 0.964818 -0.062504 -0.492507 -0.061183 0.865902 0.178899 -0.517836 -0.026136 0.836157 -0.160900 -0.232668 0.264130 0.922069 -0.160900 -0.232668 0.264130 0.922069 -0.160900 -0.232668 0.264130 0.922069 0.025383 -0.011008 -0.031653 0.999116 0.025383 -0.011008 -0.031653 0.999116 0.025383 -0.011008 -0.031653 0.999116 0.025383 -0.011008 -0.031653 0.999116 0.020684 -0.051438 0.220360 0.973842 -0.009218 0.222407 -0.425582 0.877115 -0.009195 0.222396 -0.425588 0.877115 0.025383 -0.011008 -0.031653 0.999116 0.025383 -0.011008 -0.031653 0.999116 0.025383 -0.011008 -0.031653 0.999116 0.025383 -0.011008 -0.031653 0.999116 0.018641 -0.250072 -0.501165 0.828221 -0.152078 -0.590122 -0.644567 0.461695 -0.152066 -0.590139 -0.644551 0.461699
-0.000936 0.826957 -0.001576 0.016487 -0.037104 -0.041586 0.998310 -0.016766 0.266350 0.005313 0.963716 0.169036 0.367698 0.124334 0.905961 0.213642 0.096359 -0.013229 0.972058 0.213642 0.096359 -0.013229 0.972058 0.213642 0.096359 -0.013229 0.972058 -0.135428 -0.510590 -0.072249 0.846012 0.196769 -0.535261 -0.031150 0.820857 -0.130308 -0.266796 0.252901 0.920804 -0.130308 -0.266796 0.252901 0.920804 -0.130308 -0.266796 0.252901 0.920804 0.016487 -0.037104 -0.041586 0.998310 0.016487 -0.037104 -0.041586 0.998310 0.016487 -0.037104 -0.041586 0.998310 0.016487 -0.037104 -0.041586 0.998310 0.004660 -0.040600 0.258040 0.965270 -0.042460 0.233993 -0.374852 0.896064 -0.042436 0.233984 -0.374858 0.896065 0.016487 -0.037104 -0.041586 0.998310 0.016487 -0.037104 -0.041586 0.998310 0.016487 -0.037104 -0.041586 0.998310 0.016487 -0.037104 -0.041586 0.998310 0.021579 -0.253927 -0.496489 0.829792 -0.151537 -0.599099 -0.637031 0.460769 -0.151525 -0.599116 -0.637016 0.460773
-0.000970 0.823543 -0.001619 0.008213 -0.060175 -0.048594 0.996971 -0.021361 0.242596 0.002365 0.969889 0.164115 0.344235 0.147832 0.912532 0.252166 0.084680 0.022165 0.963717 0.252166 0.084680 0.022165 0.963717 0.252166 0.084680 0.022165 0.963717 -0.223903 -0.511029 -0.084453 0.825581 0.222356 -0.558924 -0.037049 0.797991 -0.087438 -0.306971 0.243473 0.915884 -0.087438 -0.306971 0.243473 0.915884 -0.087438 -0.306971 0.243473 0.915884 0.008213 -0.060175 -0.048593 0.996971 0.008213 -0.060175 -0.048593 0.996971 0.008213 -0.060175 -0.048593 0.996971 0.008213 -0.060175 -0.048593 0.996971 -0.012031 -0.035909 0.300407 0.953059 -0.071976 0.225493 -0.287087 0.928199 -0.071952 0.225485 -0.287093 0.928201 0.008213 -0.060175 -0.048593 0.996971 0.008213 -0.060175 -0.048593 0.996971 0.008213 -0.060175 -0.048593 0.996971 0.008213 -0.060175 -0.048593 0.996971 0.024424 -0.249992 -0.492839 0.833077 -0.144310 -0.594484 -0.646547 0.455786 -0.144298 -0.594501 -0.646531 0.455789
-0.001058 0.817586 -0.001658 0.000965 -0.075934 -0.054986 0.995595 -0.023642 0.225564 -0.008289 0.973906 0.168144 0.326724 0.162732 0.915695 0.322655 0.076043 0.056851 0.941743 0.322655 0.076043 0.056851 0.941743 0.322655 0.076043 0.056851 0.941743 -0.296657 -0.506943 -0.084180 0.804933 0.248335 -0.563733 -0.032478 0.787071 -0.047925 -0.335649 0.244755 0.908371 -0.047925 -0.335649 0.244755 0.908371 -0.047925 -0.335649 0.244755 0.908371 0.000965 -0.075934 -0.054986 0.995595 0.000965 -0.075934 -0.054986 0.995595 0.000965 -0.075934 -0.054986 0.995595 0.000965 -0.075934 -0.054986 0.995595 -0.028582 -0.055718 0.346294 0.936034 -0.083385 0.175741 -0.185520 0.963195 -0.083360 0.175736 -0.185525 0.963197 0.000965 -0.075934 -0.054986 0.995595 0.000965 -0.075934 -0.054986 0.995595 0.000965 -0.075934 -0.054986 0.995595 0.000965 -0.075934 -0.054986 0.995595 0.024286 -0.247484 -0.486995 0.837256 -0.141687 -0.596528 -0.650513 0.448231 -0.141676 -0.596545 -0.650498 0.448235
-0.001149 0.812647 -0.001729 -0.003632 -0.087922 -0.061679 0.994209 -0.030411 0.189339 -0.020511 0.981226 0.186101 0.263375 0.181437 0.929021 0.424972 0.006879 0.053594 0.903592 0.424972 0.006879 0.053594 0.903592 0.424972 0.006879 0.053594 0.903592 -0.326915 -0.515324 -0.099699 0.785893 0.268895 -0.573902 -0.020627 0.773244 -0.034531 -0.353731 0.258559 0.898237 -0.034531 -0.353731 0.258559 0.898237 -0.034531 -0.353731 0.258559 0.898237 -0.003632 -0.087922 -0.061679 0.994209 -0.003632 -0.087922 -0.061679 0.994209 -0.003632 -0.087922 -0.061679 0.994209 -0.003632 -0.087922 -0.061679 0.994209 -0.042387 -0.053925 0.403800 0.912272 -0.113594 0.159931 -0.045804 0.979500 -0.113568 0.159930 -0.045808 0.979503 -0.003632 -0.087922 -0.061679 0.994209 -0.003632 -0.087922 -0.061679 0.994209 -0.003632 -0.087922 -0.061679 0.994209 -0.003632 -0.087922 -0.061679 0.994209 0.024266 -0.244248 -0.480515 0.841938 -0.145628 -0.604070 -0.641758 0.449487 -0.145616 -0.604087 -0.641742 0.449490
-0.001242 0.804901 -0.001816 -0.007716 -0.103911 -0.070386 0.992063 -0.035416 0.149442 -0.032466 0.987602 0.206334 0.198094 0.178659 0.941417 0.504423 -0.083878 0.012624 0.859280 0.504423 -0.083878 0.012624 0.859280 0.504423 -0.083878 0.012624 0.859280 -0.333919 -0.532382 -0.118091 0.768845 0.303366 -0.613111 -0.029226 0.728841 0.062429 -0.450334 0.227179 0.861215 0.062429 -0.450334 0.227179 0.861215 0.062429 -0.450334 0.227179 0.861215 -0.007716 -0.103911 -0.070385 0.992063 -0.007716 -0.103911 -0.070385 0.992063 -0.007716 -0.103911 -0.070385 0.992063 -0.007716 -0.103911 -0.070385 0.992063 -0.059534 -0.087465 0.443029 0.890242 -0.123757 0.102139 0.072234 0.984395 -0.123731 0.102141 0.072231 0.984399 -0.007716 -0.103911 -0.070385 0.992063 -0.007716 -0.103911 -0.070385 0.992063 -0.007716 -0.103911 -0.070385 0.992063 -0.007716 -0.103911 -0.070385 0.992063 0.025877 -0.251536 -0.479816 0.840141 -0.146553 -0.613973 -0.636027 0.443880 -0.146541 -0.613990 -0.636011 0.443884
-0.001313 0.800851 -0.001859 -0.011043 -0.109657 -0.077431 0.990887 -0.028741 0.133542 -0.032300 0.990100 0.214964 0.165744 0.172671 0.946839 0.534939 -0.128268 -0.019527 0.834869 0.534939 -0.128268 -0.019527 0.834869 0.534939 -0.128268 -0.019527 0.834869 -0.339247 -0.539496 -0.107377 0.763102 0.326073 -0.617581 -0.040768 0.714569 0.156011 -0.500659 0.189935 0.830015 0.156011 -0.500659 0.189936 0.830015 0.156011 -0.500659 0.189936 0.830015 -0.011043 -0.109657 -0.077430 0.990887 -0.011043 -0.109657 -0.077430 0.990887 -0.011043 -0.109657 -0.077430 0.990887 -0.011043 -0.109657 -0.077430 0.990887 -0.070137 -0.097697 0.477122 0.870569 -0.142752 0.082951 0.169418 0.971616 -0.142727 0.082956 0.169416 0.971620 -0.011043 -0.109657 -0.077430 0.990887 -0.011043 -0.109657 -0.077430 0.990887 -0.011043 -0.109657 -0.077430 0.990887 -0.011043 -0.109657 -0.077430 0.990887 0.024242 -0.253380 -0.482381 0.838165 -0.165761 -0.630283 -0.608245 0.453106 -0.165749 -0.630299 -0.608228 0.453111
-0.001390 0.798866 -0.001849 -0.012182 -0.121377 -0.082258 0.989117 -0.010351 0.105247 -0.027124 0.994022 0.211228 0.128126 0.139086 0.958969 0.527323 -0.203917 -0.126485 0.815077 0.527323 -0.203917 -0.126485 0.815077 0.527323 -0.203917 -0.126485 0.815077 -0.339391 -0.553120 -0.096834 0.754649 0.327248 -0.623461 -0.039901 0.708953 0.162042 -0.519419 0.178325 0.819845 0.162042 -0.519419 0.178325 0.819845 0.162042 -0.519419 0.178325 0.819845 -0.012182 -0.121377 -0.082257 0.989117 -0.012182 -0.121377 -0.082257 0.989117 -0.012182 -0.121377 -0.082257 0.989117 -0.012182 -0.121377 -0.082257 0.989117 -0.081090 -0.096511 0.510010 0.850882 -0.163443 0.072543 0.260456 0.948782 -0.163419 0.072549 0.260454 0.948786 -0.012182 -0.121377 -0.082257 0.989117 -0.012182 -0.121377 -0.082257 0.989117 -0.012182 -0.121377 -0.082257 0.989117 -0.012182 -0.121377 -0.082257 0.989117 0.027623 -0.259498 -0.484747 0.834816 -0.175320 -0.640180 -0.581827 0.470010 -0.175308 -0.640196 -0.581810 0.470014
-0.001439 0.793935 -0.001823 -0.011020 -0.117826 -0.084300 0.989388 0.004075 0.115093 -0.015408 0.993227 0.208811 0.095774 0.118776 0.965980 0.483463 -0.242574 -0.188804 0.819618 0.483463 -0.242574 -0.188804 0.819618 0.483463 -0.242574 -0.188804 0.819618 -0.317047 -0.553959 -0.092607 0.764222 0.339380 -0.603799 -0.028304 0.720727 0.202868 -0.486506 0.229943 0.818097 0.202868 -0.486506 0.229943 0.818097 0.202868 -0.486506 0.229943 0.818097 -0.011020 -0.117826 -0.084299 0.989388 -0.011020 -0.117826 -0.084299 0.989388 -0.011020 -0.117826 -0.084299 0.989388 -0.011020 -0.117826 -0.084299 0.989388 -0.082624 -0.112793 0.535184 0.833084 -0.160804 0.032981 0.357840 0.919241 -0.160781 0.032990 0.357839 0.919246 -0.011020 -0.117826 -0.084299 0.989388 -0.011020 -0.117826 -0.084299 0.989388 -0.011020 -0.117826 -0.084299 0.989388 -0.011020 -0.117826 -0.084299 0.989388 0.026864 -0.260180 -0.489524 0.831836 -0.181230 -0.633504 -0.560737 0.501401 -0.181217 -0.633518 -0.560720 0.501406
-0.001397 0.791416 -0.001911 -0.015314 -0.103360 -0.082017 0.991138 -0.004019 0.139103 -0.006094 0.990251 0.182271 0.117696 0.120832 0.968672 0.431123 -0.224334 -0.194000 0.852157 0.431123 -0.224334 -0.194000 0.852157 0.431123 -0.224334 -0.194000 0.852157 -0.275467 -0.555848 -0.065040 0.781615 0.302882 -0.574748 0.000844 0.760215 0.095497 -0.392800 0.339020 0.849502 0.095497 -0.392800 0.339020 0.849502 0.095497 -0.392800 0.339020 0.849502 -0.015315 -0.103360 -0.082016 0.991139 -0.015315 -0.103360 -0.082016 0.991139 -0.015315 -0.103360 -0.082016 0.991139 -0.015315 -0.103360 -0.082016 0.991139 -0.081358 -0.134927 0.551745 0.818995 -0.139074 -0.031883 0.439924 0.886628 -0.139051 -0.031871 0.439924 0.886632 -0.015315 -0.103360 -0.082016 0.991139 -0.015315 -0.103360 -0.082016 0.991139 -0.015315 -0.103360 -0.082016 0.991139 -0.015315 -0.103360 -0.082016 0.991139 0.017704 -0.273189 -0.507586 0.816952 -0.193016 -0.613102 -0.525845 0.557080 -0.193001 -0.613115 -0.525829 0.557085
-0.001278 0.792922 -0.002019 -0.018137 -0.086014 -0.075422 0.993269 -0.010405 0.199346 0.000507 0.979874 0.136449 0.241325 0.132487 0.951625 0.308937 -0.073111 -0.150235 0.936292 0.308937 -0.073111 -0.150235 0.936292 0.308937 -0.073111 -0.150235 0.936292 -0.195802 -0.524224 -0.104928 0.822095 0.286610 -0.573803 -0.029667 0.766632 0.027798 -0.332379 0.343241 0.878030 0.027798 -0.332379 0.343241 0.878030 0.027798 -0.332379 0.343241 0.878030 -0.018137 -0.086014 -0.075421 0.993269 -0.018137 -0.086014 -0.075421 0.993269 -0.018137 -0.086014 -0.075421 0.993269 -0.018137 -0.086014 -0.075421 0.993269 -0.074850 -0.148047 0.563952 0.808973 -0.114736 -0.081354 0.506864 0.850474 -0.114714 -0.081341 0.506866 0.850477 -0.018137 -0.086014 -0.075421 0.993269 -0.018137 -0.086014 -0.075421 0.993269 -0.018137 -0.086014 -0.075421 0.993269 -0.018137 -0.086014 -0.075421 0.993269 0.010471 -0.288918 -0.540819 0.789893 -0.177686 -0.535546 -0.492680 0.662484 -0.177668 -0.535559 -0.492666 0.662488
-0.001184 0.794388 -0.001984 -0.012435 -0.058025 -0.059677 0.996452 -0.032570 0.258912 -0.003203 0.965346 0.111179 0.340306 0.142102 0.922842 0.237116 0.057271 -0.104414 0.964154 0.237116 0.057271 -0.104414 0.964154 0.237116 0.057271 -0.104414 0.964154 -0.145358 -0.491596 -0.084640 0.854424 0.210880 -0.570132 -0.048419 0.792549 -0.101618 -0.254107 0.367267 0.888942 -0.101618 -0.254107 0.367267 0.888942 -0.101618 -0.254107 0.367267 0.888942 -0.012435 -0.058025 -0.059676 0.996452 -0.012435 -0.058025 -0.059676 0.996452 -0.012435 -0.058025 -0.059676 0.996452 -0.012435 -0.058025 -0.059677 0.996452 -0.053191 -0.151745 0.587384 0.793173 -0.087681 -0.099800 0.557334 0.819592 -0.087660 -0.099785 0.557337 0.819594 -0.012435 -0.058025 -0.059676 0.996452 -0.012435 -0.058025 -0.059676 0.996452 -0.012435 -0.058025 -0.059676 0.996452 -0.012435 -0.058025 -0.059677 0.996452 0.010401 -0.243621 -0.593531 0.766982 -0.139952 -0.396348 -0.492480 0.762093 -0.139932 -0.396361 -0.492469 0.762096
-0.001091 0.796738 -0.001805 0.000931 -0.012803 -0.039887 0.999122 -0.049516 0.323905 -0.018732 0.944607 0.094980 0.427354 0.139760 0.888152 0.152154 0.168302 -0.080637 0.970578 0.152154 0.168302 -0.080637 0.970578 0.152154 0.168302 -0.080637 0.970578 -0.109595 -0.455761 -0.066399 0.880830 0.200076 -0.536992 -0.067009 0.816774 -0.099594 -0.218476 0.357844 0.902384 -0.099594 -0.218476 0.357844 0.902384 -0.099594 -0.218476 0.357844 0.902384 0.000931 -0.012803 -0.039886 0.999122 0.000931 -0.012803 -0.039886 0.999122 0.000931 -0.012803 -0.039886 0.999122 0.000931 -0.012803 -0.039886 0.999122 -0.013446 -0.155026 0.622107 0.767313 -0.043624 -0.111871 0.595988 0.793965 -0.043603 -0.111855 0.595991 0.793966 0.000931 -0.012803 -0.039886 0.999122 0.000931 -0.012803 -0.039886 0.999122 0.000931 -0.012803 -0.039886 0.999122 0.000931 -0.012803 -0.039886 0.999122 0.002575 -0.158285 -0.639397 0.752403 -0.109112 -0.256676 -0.504900 0.816877 -0.109091 -0.256689 -0.504894 0.816879
-0.001015 0.798478 -0.001573 0.017140 0.037675 -0.020046 0.998942 -0.055321 0.370388 -0.037439 0.926472 0.100645 0.474939 0.143486 0.862389 0.127364 0.227023 -0.071112 0.962903 0.127364 0.227023 -0.071112 0.962903 0.127364 0.227023 -0.071112 0.962903 -0.090566 -0.423835 -0.051184 0.899746 0.191717 -0.515609 -0.072369 0.831959 -0.113828 -0.202901 0.349581 0.907561 -0.113828 -0.202901 0.349581 0.907561 -0.113828 -0.202901 0.349581 0.907561 0.017140 0.037675 -0.020045 0.998942 0.017140 0.037675 -0.020045 0.998942 0.017140 0.037675 -0.020045 0.998942 0.017140 0.037675 -0.020045 0.998942 0.034684 -0.139043 0.656842 0.740285 0.021889 -0.127964 0.670241 0.730700 0.021908 -0.127947 0.670245 0.730700 0.017140 0.037675 -0.020045 0.998942 0.017140 0.037675 -0.020045 0.998942 0.017140 0.037675 -0.020045 0.998942 0.017140 0.037675 -0.020045 0.998942 -0.013916 -0.084235 -0.662655 0.744043 -0.106139 -0.166042 -0.507283 0.838945 -0.106118 -0.166055 -0.507278 0.838948
-0.000969 0.802177 -0.001342 0.034610 0.067434 -0.002712 0.997120 -0.056737 0.398307 -0.049055 0.914180 0.103396 0.503383 0.135281 0.847121 0.104028 0.259975 -0.074114 0.957130 0.104028 0.259975 -0.074114 0.957130 0.104028 0.259975 -0.074114 0.957130 -0.077465 -0.395627 -0.047149 0.913923 0.181582 -0.488193 -0.079652 0.849912 -0.113511 -0.167451 0.351167 0.914197 -0.113511 -0.167451 0.351167 0.914197 -0.113511 -0.167451 0.351167 0.914197 0.034610 0.067434 -0.002712 0.997120 0.034610 0.067434 -0.002712 0.997120 0.034610 0.067434 -0.002712 0.997120 0.034610 0.067434 -0.002712 0.997120 0.070684 -0.108791 0.678405 0.723142 0.070519 -0.113949 0.698527 0.702925 0.070538 -0.113930 0.698530 0.702923 0.034610 0.067434 -0.002712 0.997120 0.034610 0.067434 -0.002712 0.997120 0.034610 0.067434 -0.002712 0.997120 0.034610 0.067434 -0.002712 0.997120 -0.020550 -0.045368 -0.678296 0.733099 -0.106002 -0.125719 -0.540496 0.825120 -0.105980 -0.125733 -0.540493 0.825123
-0.000930 0.804650 -0.001167 0.056878 0.084876 0.010450 0.994712 -0.052826 0.413268 -0.051954 0.907590 0.112706 0.515929 0.135582 0.838291 0.106328 0.275710 -0.075349 0.952366 0.106328 0.275710 -0.075349 0.952366 0.106328 0.275710 -0.075349 0.952366 -0.064433 -0.380701 -0.050666 0.921058 0.177769 -0.477265 -0.093666 0.855478 -0.114323 -0.154497 0.342144 0.919782 -0.114323 -0.154497 0.342144 0.919782 -0.114323 -0.154497 0.342144 0.919782 0.056878 0.084876 0.010450 0.994712 0.056878 0.084876 0.010450 0.994712 0.056878 0.084876 0.010450 0.994712 0.056878 0.084876 0.010450 0.994712 0.100728 -0.066569 0.701858 0.702010 -0.099894 0.073643 -0.733754 -0.667984 -0.099911 0.073624 -0.733756 -0.667982 0.056878 0.084876 0.010450 0.994712 0.056878 0.084876 0.010450 0.994712 0.056878 0.084876 0.010450 0.994712 0.056878 0.084876 0.010450 0.994712 -0.017467 -0.021257 -0.691235 0.722106 -0.109930 -0.112599 -0.582450 0.797489 -0.109909 -0.112614 -0.582447 0.797492
-0.000873 0.806004 -0.001026 0.095440 0.099321 0.017947 0.990305 -0.046887 0.421596 -0.049226 0.904232 0.117414 0.516149 0.132831 0.837950 0.087891 0.265989 -0.089378 0.955791 0.087891 0.265989 -0.089378 0.955791 0.087891 0.265989 -0.089378 0.955791 -0.045511 -0.368361 -0.057299 0.926799 0.175478 -0.466064 -0.091339 0.862351 -0.125754 -0.137111 0.350610 0.917856 -0.125754 -0.137111 0.350610 0.917856 -0.125754 -0.137111 0.350610 0.917856 0.095440 0.099321 0.017947 0.990305 0.095440 0.099321 0.017947 0.990305 0.095440 0.099321 0.017947 0.990305 0.095440 0.099321 0.017947 0.990305 -0.138854 0.100345 -0.710638 -0.682381 -0.135433 0.112388 -0.752740 -0.634357 -0.135449 0.112369 -0.752743 -0.634354 0.095440 0.099321 0.017947 0.990305 0.095440 0.099321 0.017947 0.990305 0.095440 0.099321 0.017947 0.990305 0.095440 0.099321 0.017947 0.990305 -0.003532 0.034628 -0.707362 0.705994 -0.076095 -0.040191 -0.653760 0.751792 -0.076076 -0.040208 -0.653759 0.751794
-0.000816 0.805855 -0.000919 0.125644 0.104033 0.023993 0.986314 -0.042837 0.431018 -0.047018 0.900099 0.125246 0.525154 0.127216 0.832071 0.081601 0.272989 -0.105689 0.952706 0.081601 0.272989 -0.105689 0.952706 0.081601 0.272989 -0.105689 0.952706 -0.029878 -0.365915 -0.063455 0.928002 0.175739 -0.472503 -0.095768 0.858304 -0.140944 -0.135652 0.358202 0.912921 -0.140944 -0.135652 0.358202 0.912921 -0.140944 -0.135652 0.358202 0.912921 0.125644 0.104032 0.023993 0.986314 0.125644 0.104032 0.023993 0.986314 0.125644 0.104032 0.023993 0.986314 0.125644 0.104033 0.023993 0.986314 -0.163758 0.138485 -0.708073 -0.672783 -0.154924 0.145086 -0.741638 -0.636335 -0.154940 0.145066 -0.741642 -0.636331 0.125644 0.104032 0.023993 0.986314 0.125644 0.104032 0.023993 0.986314 0.125644 0.104032 0.023993 0.986314 0.125644 0.104033 0.023993 0.986314 0.011693 0.071454 -0.713874 0.696521 -0.064559 -0.005068 -0.695747 0.715361 -0.064541 -0.005086 -0.695747 0.715363
-0.000799 0.806497 -0.000801 0.136925 0.108524 0.029250 0.984184 -0.047116 0.437594 -0.046473 0.896734 0.122467 0.534004 0.113229 0.828867 0.043627 0.277288 -0.136901 0.949982 0.043627 0.277288 -0.136901 0.949982 0.043627 0.277288 -0.136901 0.949982 -0.002624 -0.331588 -0.096713 0.938450 0.154529 -0.431397 -0.052969 0.887249 -0.107342 -0.128616 0.353630 0.920262 -0.107342 -0.128616 0.353630 0.920262 -0.107342 -0.128616 0.353630 0.920262 0.136925 0.108524 0.029250 0.984184 0.136925 0.108524 0.029250 0.984184 0.136925 0.108524 0.029250 0.984184 0.136925 0.108524 0.029250 0.984184 -0.175383 0.146605 -0.708183 -0.668000 -0.164805 0.146608 -0.730477 -0.646335 -0.164822 0.146589 -0.730480 -0.646331 0.136925 0.108524 0.029250 0.984184 0.136925 0.108524 0.029250 0.984184 0.136925 0.108524 0.029250 0.984184 0.136925 0.108524 0.029250 0.984184 0.016443 0.087967 -0.709328 0.699175 -0.063383 0.009531 -0.711439 0.699819 -0.063365 0.009513 -0.711439 0.699820
-0.000827 0.810019 -0.000756 0.125551 0.090213 0.029354 0.987541 -0.049372 0.426808 -0.048649 0.901682 0.114882 0.533283 0.103508 0.831683 0.010980 0.277154 -0.152393 0.948600 0.010980 0.277154 -0.152393 0.948600 0.010980 0.277154 -0.152393 0.948600 -0.018247 -0.337763 -0.072605 0.938249 0.144495 -0.413150 -0.062040 0.896983 -0.143359 -0.095349 0.357810 0.917785 -0.143359 -0.095349 0.357810 0.917785 -0.143359 -0.095349 0.357810 0.917785 0.125551 0.090213 0.029354 0.987541 0.125551 0.090213 0.029354 0.987541 0.125551 0.090213 0.029354 0.987541 0.125551 0.090213 0.029354 0.987541 -0.155117 0.134444 -0.694319 -0.689771 -0.132639 0.126217 -0.730458 -0.657957 -0.132656 0.126198 -0.730461 -0.657954 0.125551 0.090213 0.029354 0.987541 0.125551 0.090213 0.029354 0.987541 0.125551 0.090213 0.029354 0.987541 0.125551 0.090213 0.029354 0.987541 0.022381 0.069112 -0.708893 0.701565 -0.074553 -0.026255 -0.713083 0.696609 -0.074535 -0.026273 -0.713083 0.696611
-0.000922 0.814403 -0.000791 0.057751 0.130673 0.027722 0.989354 -0.061498 0.459499 -0.053080 0.884455 0.118112 0.567561 0.096842 0.809040 0.002098 0.319640 -0.149369 0.935689 0.002098 0.319640 -0.149369 0.935689 0.002098 0.319640 -0.149369 0.935689 -0.039906 -0.311092 -0.053258 0.948047 0.143371 -0.391518 -0.072010 0.906076 -0.140705 -0.081518 0.351488 0.921962 -0.140704 -0.081518 0.351488 0.921962 -0.140704 -0.081518 0.351488 0.921962 0.057751 0.130673 0.027722 0.989354 0.057751 0.130673 0.027722 0.989354 0.057751 0.130673 0.027722 0.989354 0.057751 0.130673 0.027722 0.989354 0.132860 -0.074067 0.668435 0.728050 -0.122852 0.072706 -0.701331 -0.698395 -0.122871 0.072688 -0.701333 -0.698392 0.057751 0.130673 0.027722 0.989354 0.057751 0.130673 0.027722 0.989354 0.057751 0.130673 0.027722 0.989354 0.057751 0.130673 0.027722 0.989354 -0.055457 0.077123 -0.711305 0.696435 -0.150836 -0.017216 -0.705511 0.692247 -0.150818 -0.017234 -0.705511 0.692251
-0.001041 0.820648 -0.000815 0.025189 0.148220 0.024250 0.988336 -0.057895 0.486535 -0.057951 0.869812 0.123579 0.607346 0.082087 0.780462 -0.018141 0.379303 -0.150825 0.912717 -0.018141 0.379303 -0.150825 0.912717 -0.018141 0.379303 -0.150825 0.912717 -0.044174 -0.300401 -0.048358 0.951562 0.142969 -0.385422 -0.082160 0.907887 -0.130113 -0.083289 0.338576 0.928170 -0.130113 -0.083289 0.338576 0.928170 -0.130113 -0.083289 0.338576 0.928170 0.025189 0.148220 0.024250 0.988336 0.025189 0.148220 0.024250 0.988336 0.025189 0.148220 0.024250 0.988336 0.025189 0.148220 0.024250 0.988336 0.114040 -0.042501 0.622023 0.773483 0.102885 -0.036267 0.657873 0.745186 0.102904 -0.036249 0.657874 0.745184 0.025189 0.148220 0.024250 0.988336 0.025189 0.148220 0.024250 0.988336 0.025189 0.148220 0.024250 0.988336 0.025189 0.148220 0.024250 0.988336 -0.091324 0.093588 -0.711049 0.690877 -0.181879 0.004106 -0.697955 0.692649 -0.181861 0.004088 -0.697955 0.692653
-0.001263 0.824914 -0.000863 0.001776 0.176174 0.022703 0.984096 -0.054426 0.526004 -0.061961 0.846474 0.127543 0.661423 0.069027 0.735859 -0.072743 0.455488 -0.127025 0.878125 -0.072743 0.455488 -0.127025 0.878125 -0.072743 0.455488 -0.127025 0.878125 -0.048087 -0.272156 -0.042067 0.960130 0.140005 -0.356287 -0.088326 0.919596 -0.106291 -0.055812 0.338121 0.933414 -0.106291 -0.055812 0.338121 0.933414 -0.106291 -0.055812 0.338121 0.933414 0.001776 0.176174 0.022703 0.984096 0.001776 0.176174 0.022703 0.984096 0.001776 0.176174 0.022703 0.984096 0.001776 0.176174 0.022703 0.984096 0.103975 -0.019159 0.570117 0.814732 0.098993 -0.017437 0.603204 0.791228 0.099013 -0.017422 0.603204 0.791226 0.001776 0.176174 0.022703 0.984096 0.001776 0.176174 0.022703 0.984096 0.001776 0.176174 0.022703 0.984096 0.001776 0.176174 0.022703 0.984096 -0.127854 0.128208 -0.704581 0.686135 -0.219449 0.036824 -0.684320 0.694400 -0.219431 0.036807 -0.684321 0.694406
-0.001471 0.828882 -0.000884 -0.001707 0.199287 0.024632 0.979630 -0.042847 0.555942 -0.067151 0.827395 0.130244 0.695979 0.064420 0.703207 -0.115948 0.499121 -0.098352 0.853089 -0.115948 0.499121 -0.098352 0.853089 -0.115948 0.499121 -0.098352 0.853089 -0.028924 -0.209077 -0.072919 0.974748 0.121946 -0.278941 -0.044574 0.951491 -0.061444 -0.001888 0.373746 0.925492 -0.061444 -0.001888 0.373746 0.925492 -0.061444 -0.001888 0.373746 0.925492 -0.001707 0.199287 0.024632 0.979630 -0.001707 0.199287 0.024632 0.979630 -0.001707 0.199287 0.024632 0.979630 -0.001707 0.199287 0.024632 0.979630 0.105143 0.031507 0.527959 0.842147 0.112026 0.018067 0.561309 0.819790 0.112047 0.018081 0.561308 0.819787 -0.001707 0.199287 0.024632 0.979630 -0.001707 0.199287 0.024632 0.979630 -0.001707 0.199287 0.024632 0.979630 -0.001707 0.199287 0.024632 0.979630 -0.143820 0.165464 -0.680529 0.699155 -0.264393 0.036100 -0.637183 0.723043 -0.264374 0.036084 -0.637184 0.723050
-0.001646 0.830881 -0.000870 -0.003581 0.219626 0.025914 0.975233 -0.042994 0.576774 -0.074738 0.812341 -0.136122 -0.718809 -0.049904 -0.679923 -0.136829 0.528694 -0.095171 0.832288 -0.136829 0.528694 -0.095171 0.832288 -0.136829 0.528694 -0.095171 0.832288 -0.023626 -0.183929 -0.054257 0.981157 0.113603 -0.251386 -0.069859 0.958655 -0.066189 0.026866 0.356749 0.931465 -0.066189 0.026866 0.356749 0.931465 -0.066189 0.026866 0.356749 0.931465 -0.003580 0.219626 0.025914 0.975233 -0.003580 0.219626 0.025914 0.975233 -0.003580 0.219626 0.025914 0.975233 -0.003580 0.219626 0.025914 0.975233 0.103590 0.068855 0.482244 0.867161 0.120721 0.038653 0.523439 0.842582 0.120743 0.038666 0.523438 0.842579 -0.003580 0.219626 0.025914 0.975233 -0.003580 0.219626 0.025914 0.975233 -0.003580 0.219626 0.025914 0.975233 -0.003580 0.219626 0.025914 0.975233 -0.155421 0.165791 -0.658881 0.717100 -0.281038 0.019647 -0.570329 0.771594 -0.281018 0.019633 -0.570329 0.771601
-0.001754 0.829508 -0.000871 -0.007045 0.218226 0.028192 0.975466 -0.056295 0.576059 -0.082680 0.811265 -0.130859 -0.720829 -0.023025 -0.680259 -0.168643 0.526784 -0.113038 0.825397 -0.168643 0.526784 -0.113038 0.825397 -0.168643 0.526784 -0.113038 0.825397 -0.029086 -0.181619 -0.042210 0.982032 0.098252 -0.246459 -0.072164 0.961455 -0.083659 0.039439 0.354073 0.930633 -0.083659 0.039439 0.354073 0.930633 -0.083659 0.039439 0.354073 0.930633 -0.007045 0.218226 0.028193 0.975466 -0.007045 0.218226 0.028193 0.975466 -0.007045 0.218226 0.028193 0.975466 -0.007045 0.218226 0.028193 0.975466 0.090748 0.071926 0.443625 0.888700 0.111932 0.031224 0.475139 0.872204 0.111954 0.031237 0.475138 0.872201 -0.007045 0.218226 0.028193 0.975466 -0.007045 0.218226 0.028193 0.975466 -0.007045 0.218226 0.028193 0.975466 -0.007045 0.218226 0.028193 0.975466 -0.152423 0.150139 -0.638052 0.739672 -0.280657 -0.012985 -0.489335 0.825600 -0.280635 -0.012998 -0.489334 0.825607
-0.001804 0.822983 -0.000895 -0.015318 0.203094 0.031400 0.978536 -0.067787 0.570496 -0.089407 0.813600 -0.135429 -0.719663 -0.010945 -0.680899 -0.192502 0.525103 -0.117240 0.820649 -0.192502 0.525103 -0.117240 0.820649 -0.192502 0.525103 -0.117240 0.820649 -0.031961 -0.197937 -0.036172 0.979026 0.092693 -0.266311 -0.077844 0.956257 -0.098439 0.020992 0.343529 0.933733 -0.098439 0.020992 0.343529 0.933733 -0.098439 0.020992 0.343529 0.933733 -0.015318 0.203094 0.031401 0.978536 -0.015318 0.203094 0.031401 0.978536 -0.015318 0.203094 0.031401 0.978536 -0.015318 0.203094 0.031401 0.978536 0.069195 0.105057 0.417507 0.899924 0.074621 0.091234 0.404442 0.906937 0.074645 0.091245 0.404440 0.906935 -0.015318 0.203094 0.031401 0.978536 -0.015318 0.203094 0.031401 0.978536 -0.015318 0.203094 0.031401 0.978536 -0.015318 0.203094 0.031401 0.978536 -0.142760 0.105271 -0.613525 0.769496 -0.276579 -0.075779 -0.398828 0.871033 -0.276556 -0.075790 -0.398826 0.871040
-0.001831 0.817960 -0.000907 -0.010633 0.204483 0.034956 0.978188 -0.076943 0.565416 -0.086434 0.816648 -0.147822 -0.706503 -0.012488 -0.691987 -0.190333 0.502130 -0.128155 0.833796 -0.190333 0.502130 -0.128155 0.833796 -0.190333 0.502130 -0.128155 0.833796 -0.030013 -0.210889 -0.033739 0.976466 0.102961 -0.296503 -0.083992 0.945743 -0.099715 -0.027271 0.325051 0.940029 -0.099715 -0.027271 0.325051 0.940029 -0.099715 -0.027271 0.325051 0.940029 -0.010633 0.204483 0.034957 0.978188 -0.010633 0.204483 0.034957 0.978188 -0.010633 0.204483 0.034957 0.978188 -0.010633 0.204483 0.034957 0.978188 0.063897 0.220433 0.389727 0.891874 0.025082 0.264386 0.303684 0.915012 0.025106 0.264394 0.303677 0.915011 -0.010633 0.204483 0.034957 0.978188 -0.010633 0.204483 0.034957 0.978188 -0.010633 0.204483 0.034957 0.978188 -0.010633 0.204483 0.034957 0.978188 -0.134155 0.077777 -0.587146 0.794489 -0.285249 -0.141426 -0.288783 0.902904 -0.285225 -0.141433 -0.288779 0.902912
-0.001841 0.814809 -0.000913 -0.009901 0.209013 0.037717 0.977135 -0.083564 0.568353 -0.082817 0.814330 -0.160283 -0.705129 -0.015428 -0.690554 -0.177277 0.501358 -0.131435 0.836623 -0.177277 0.501358 -0.131435 0.836623 -0.177277 0.501358 -0.131435 0.836623 -0.030575 -0.216639 -0.030627 0.975292 0.114685 -0.312348 -0.086130 0.939078 -0.094560 -0.057290 0.315643 0.942415 -0.094560 -0.057290 0.315643 0.942415 -0.094560 -0.057290 0.315643 0.942415 -0.009901 0.209013 0.037718 0.977135 -0.009901 0.209013 0.037718 0.977135 -0.009901 0.209013 0.037718 0.977135 -0.009901 0.209013 0.037718 0.977135 0.058653 0.294393 0.368997 0.879621 -0.045442 0.383178 0.163613 0.907932 -0.045418 0.383182 0.163603 0.907933 -0.009901 0.209013 0.037718 0.977135 -0.009901 0.209013 0.037718 0.977135 -0.009901 0.209013 0.037718 0.977135 -0.009901 0.209013 0.037718 0.977135 -0.129122 0.059584 -0.554037 0.820256 -0.289790 -0.196469 -0.163956 0.922247 -0.289766 -0.196473 -0.163951 0.922255
-0.001847 0.812976 -0.000897 -0.022833 0.214391 0.036528 0.975798 -0.101968 0.577164 -0.087556 0.805492 -0.162644 -0.717064 -0.010937 -0.677677 -0.163617 0.524379 -0.132362 0.825067 -0.163617 0.524379 -0.132362 0.825067 -0.163617 0.524379 -0.132362 0.825067 -0.039011 -0.220997 -0.029335 0.974052 0.117261 -0.316387 -0.087123 0.937315 -0.075839 -0.074874 0.303170 0.946959 -0.075839 -0.074874 0.303170 0.946959 -0.075839 -0.074874 0.303170 0.946959 -0.022833 0.214391 0.036528 0.975798 -0.022833 0.214391 0.036528 0.975798 -0.022833 0.214391 0.036528 0.975798 -0.022833 0.214391 0.036528 0.975798 0.047138 0.332268 0.363707 0.868961 -0.136851 0.459464 0.020572 0.877349 -0.136828 0.459464 0.020560 0.877353 -0.022833 0.214391 0.036528 0.975798 -0.022833 0.214391 0.036528 0.975798 -0.022833 0.214391 0.036528 0.975798 -0.022833 0.214391 0.036528 0.975798 -0.137063 0.033186 -0.529068 0.836779 -0.315466 -0.260464 -0.036219 0.911772 -0.315443 -0.260465 -0.036212 0.911780
-0.001837 0.808668 -0.000909 -0.039119 0.217638 0.035290 0.974607 -0.128356 0.579312 -0.093071 0.799537 -0.173922 -0.723356 -0.021265 -0.667874 -0.116094 0.554341 -0.122368 0.815018 -0.116094 0.554341 -0.122368 0.815018 -0.116094 0.554341 -0.122368 0.815018 -0.041298 -0.216196 -0.023168 0.975201 0.121123 -0.305150 -0.085567 0.940687 -0.050984 -0.069537 0.304819 0.948499 -0.050984 -0.069537 0.304819 0.948499 -0.050984 -0.069537 0.304819 0.948499 -0.039119 0.217638 0.035291 0.974607 -0.039119 0.217638 0.035291 0.974607 -0.039119 0.217638 0.035291 0.974607 -0.039119 0.217638 0.035291 0.974607 0.033706 0.350500 0.362847 0.862761 -0.241709 0.543911 -0.108469 0.796224 -0.241689 0.543908 -0.108483 0.796230 -0.039119 0.217638 0.035291 0.974607 -0.039119 0.217638 0.035291 0.974607 -0.039119 0.217638 0.035291 0.974607 -0.039119 0.217638 0.035291 0.974607 -0.148753 -0.012873 -0.516691 0.843052 -0.373823 -0.363644 0.034283 0.852551 -0.373801 -0.363643 0.034293 0.852561
-0.001821 0.806782 -0.000894 -0.050028 0.205157 0.035534 0.976804 -0.143691 0.571239 -0.090517 0.803023 -0.176435 -0.713488 -0.028090 -0.677507 -0.075147 0.550892 -0.129758 0.820996 -0.075147 0.550892 -0.129758 0.820996 -0.075147 0.550892 -0.129758 0.820996 -0.048627 -0.191083 -0.061807 0.978418 0.125484 -0.268309 -0.035526 0.954464 -0.021359 -0.089299 0.295595 0.950891 -0.021359 -0.089299 0.295595 0.950891 -0.021359 -0.089299 0.295595 0.950891 -0.050028 0.205157 0.035535 0.976804 -0.050028 0.205157 0.035535 0.976804 -0.050028 0.205157 0.035535 0.976804 -0.050028 0.205157 0.035535 0.976804 0.018591 0.368089 0.361154 0.856582 -0.331732 0.646385 -0.171376 0.665410 -0.331714 0.646381 -0.171393 0.665418 -0.050028 0.205157 0.035535 0.976804 -0.050028 0.205157 0.035535 0.976804 -0.050028 0.205157 0.035535 0.976804 -0.050028 0.205157 0.035535 0.976804 -0.144565 -0.074884 -0.492850 0.854747 -0.415366 -0.488164 0.049518 0.765973 -0.415346 -0.488162 0.049531 0.765984
-0.001796 0.806169 -0.000899 -0.050019 0.192458 0.038406 0.979277 -0.152369 0.563149 -0.082180 0.808018 -0.173282 -0.707145 -0.032095 -0.684755 -0.042219 0.545367 -0.135325 0.826124 -0.042219 0.545367 -0.135325 0.826124 -0.042219 0.545367 -0.135325 0.826124 -0.053441 -0.183159 -0.028717 0.981210 0.133728 -0.247527 -0.075785 0.956610 -0.013371 -0.075318 0.259831 0.962619 -0.013371 -0.075318 0.259831 0.962619 -0.013371 -0.075318 0.259831 0.962619 -0.050019 0.192458 0.038407 0.979277 -0.050019 0.192458 0.038407 0.979277 -0.050019 0.192458 0.038407 0.979277 -0.050019 0.192458 0.038407 0.979277 0.008033 0.377049 0.340012 0.861488 0.367329 -0.732815 0.189959 -0.540339 0.367315 -0.732810 0.189978 -0.540349 -0.050019 0.192458 0.038407 0.979277 -0.050019 0.192458 0.038407 0.979277 -0.050019 0.192458 0.038407 0.979277 -0.050019 0.192458 0.038407 0.979277 -0.124474 -0.173618 -0.441519 0.871449 -0.421097 -0.633800 0.037457 0.647743 -0.421081 -0.633799 0.037474 0.647754
-0.001773 0.806989 -0.000783 -0.046392 0.182691 0.041348 0.981204 -0.148150 0.560759 -0.065500 0.811980 -0.163617 -0.709820 -0.033551 -0.684295 -0.012406 0.547534 -0.148214 0.823459 -0.012405 0.547534 -0.148214 0.823459 -0.012405 0.547534 -0.148214 0.823459 -0.049414 -0.180329 -0.014487 0.982258 0.144743 -0.237000 -0.092815 0.956172 0.006230 -0.068663 0.246305 0.966737 0.006230 -0.068663 0.246305 0.966737 0.006230 -0.068663 0.246305 0.966737 -0.046392 0.182691 0.041349 0.981204 -0.046392 0.182691 0.041349 0.981204 -0.046392 0.182691 0.041349 0.981204 -0.046392 0.182691 0.041349 0.981204 -0.008243 0.398176 0.268569 0.877074 0.371078 -0.814255 0.260668 -0.362412 0.371068 -0.814248 0.260689 -0.362421 -0.046392 0.182691 0.041349 0.981204 -0.046392 0.182691 0.041349 0.981204 -0.046392 0.182691 0.041349 0.981204 -0.046392 0.182691 0.041349 0.981204 -0.096165 -0.254144 -0.345964 0.898038 -0.363600 -0.771684 0.037378 0.520482 -0.363586 -0.771683 0.037398 0.520492
-0.001751 0.810675 -0.000634 -0.029859 0.176168 0.045928 0.982835 -0.126883 0.555578 -0.046487 0.820410 -0.166382 -0.699596 -0.043862 -0.693511 0.026386 0.534671 -0.159719 0.829410 0.026386 0.534671 -0.159719 0.829410 0.026386 0.534671 -0.159719 0.829410 -0.048209 -0.180816 -0.007091 0.982309 0.140362 -0.232744 -0.092117 0.957937 -0.017368 -0.056926 0.253969 0.965379 -0.017368 -0.056926 0.253969 0.965379 -0.017368 -0.056926 0.253969 0.965379 -0.029859 0.176168 0.045929 0.982835 -0.029859 0.176168 0.045929 0.982835 -0.029859 0.176168 0.045929 0.982835 -0.029859 0.176168 0.045928 0.982835 -0.010609 0.445541 0.204677 0.871486 0.336473 -0.883666 0.247158 -0.211740 0.336467 -0.883659 0.247181 -0.211749 -0.029859 0.176168 0.045929 0.982835 -0.029859 0.176168 0.045929 0.982835 -0.029859 0.176168 0.045929 0.982835 -0.029859 0.176168 0.045928 0.982835 -0.061820 -0.329972 -0.278393 0.899886 -0.290091 -0.873746 -0.019097 0.389937 -0.290081 -0.873746 -0.019074 0.389944
-0.001728 0.816712 -0.000546 -0.001770 0.183717 0.052877 0.981554 -0.109988 0.557487 -0.031912 0.822248 -0.167561 -0.696241 -0.055789 -0.695744 0.052476 0.527926 -0.165096 0.831435 0.052476 0.527926 -0.165096 0.831435 0.052476 0.527926 -0.165096 0.831435 -0.039495 -0.174760 -0.006764 0.983795 0.147328 -0.226952 -0.093777 0.958120 -0.022173 -0.053106 0.257324 0.964610 -0.022173 -0.053106 0.257324 0.964610 -0.022173 -0.053106 0.257324 0.964610 -0.001770 0.183717 0.052878 0.981554 -0.001770 0.183717 0.052878 0.981554 -0.001770 0.183717 0.052878 0.981554 -0.001770 0.183717 0.052878 0.981554 0.000622 0.482119 0.150404 0.863099 0.253476 -0.938568 0.161197 -0.169869 0.253472 -0.938564 0.161222 -0.169875 -0.001770 0.183717 0.052878 0.981554 -0.001770 0.183717 0.052878 0.981554 -0.001770 0.183717 0.052878 0.981554 -0.001770 0.183717 0.052878 0.981554 -0.025259 -0.373696 -0.233865 0.897229 -0.228320 -0.905616 -0.042547 0.354852 -0.228311 -0.905617 -0.042523 0.354858
-0.001701 0.820443 -0.000450 0.013318 0.175571 0.059642 0.982568 -0.101742 0.544743 -0.030088 0.831864 0.168153 0.675690 0.050796 0.715952 0.083170 0.495830 -0.183777 0.844666 0.083170 0.495830 -0.183777 0.844666 0.083170 0.495830 -0.183777 0.844666 -0.037089 -0.179944 -0.007763 0.982947 0.149296 -0.230012 -0.092434 0.957215 -0.026573 -0.053392 0.261975 0.963230 -0.026573 -0.053392 0.261975 0.963230 -0.026573 -0.053392 0.261975 0.963230 0.013318 0.175571 0.059642 0.982568 0.013318 0.175571 0.059642 0.982568 0.013318 0.175571 0.059642 0.982568 0.013318 0.175571 0.059642 0.982568 0.001302 0.500081 0.112029 0.858701 0.186751 -0.963601 0.105224 -0.159765 0.186747 -0.963598 0.105249 -0.159769 0.013318 0.175571 0.059642 0.982568 0.013318 0.175571 0.059642 0.982568 0.013318 0.175571 0.059642 0.982568 0.013318 0.175571 0.059642 0.982568 0.000096 -0.402726 -0.203959 0.892307 -0.185770 -0.910537 -0.049445 0.366016 -0.185761 -0.910538 -0.049422 0.366021
-0.001652 0.823015 -0.000376 0.019604 0.163330 0.064073 0.984293 -0.094554 0.526978 -0.026977 0.844172 0.161513 0.653078 0.048493 0.738275 0.089300 0.457182 -0.200994 0.861749 0.089300 0.457182 -0.200994 0.861749 0.089300 0.457182 -0.200994 0.861749 -0.036261 -0.188907 -0.009626 0.981278 0.149260 -0.236824 -0.092230 0.955578 -0.031245 -0.056852 0.263902 0.962365 -0.031245 -0.056852 0.263902 0.962365 -0.031245 -0.056852 0.263902 0.962365 0.019604 0.163330 0.064073 0.984293 0.019604 0.163330 0.064073 0.984293 0.019604 0.163330 0.064073 0.984293 0.019604 0.163330 0.064073 0.984293 -0.003571 0.495793 0.069071 0.865682 0.128100 -0.969117 0.087277 -0.191797 0.128095 -0.969114 0.087303 -0.191800 0.019604 0.163330 0.064073 0.984293 0.019604 0.163330 0.064073 0.984293 0.019604 0.163330 0.064073 0.984293 0.019604 0.163330 0.064073 0.984293 0.015785 -0.420797 -0.176729 0.889633 -0.157786 -0.911818 -0.035209 0.377429 -0.157776 -0.911818 -0.035185 0.377433
-0.001585 0.824692 -0.000333 0.021690 0.154301 0.067184 0.985498 -0.086585 0.513943 -0.026100 0.853044 0.157134 0.636327 0.043285 0.754004 0.083822 0.426278 -0.216940 0.874184 0.083822 0.426278 -0.216940 0.874184 0.083822 0.426278 -0.216940 0.874184 -0.034827 -0.208302 -0.011408 0.977378 0.150994 -0.244211 -0.093595 0.953311 -0.028442 -0.074904 0.252728 0.964214 -0.028442 -0.074904 0.252728 0.964214 -0.028442 -0.074904 0.252728 0.964214 0.021690 0.154301 0.067185 0.985498 0.021690 0.154301 0.067185 0.985498 0.021690 0.154301 0.067185 0.985498 0.021690 0.154301 0.067185 0.985498 -0.003654 0.499238 0.072667 0.863405 0.110920 -0.971339 0.048949 -0.204455 0.110914 -0.971337 0.048975 -0.204458 0.021690 0.154301 0.067185 0.985498 0.021690 0.154301 0.067185 0.985498 0.021690 0.154301 0.067185 0.985498 0.021690 0.154301 0.067185 0.985498 0.023683 -0.428932 -0.160422 0.888663 -0.131542 -0.911230 -0.046878 0.387503 -0.131532 -0.911231 -0.046854 0.387507
-0.001523 0.825636 -0.000322 0.030969 0.138849 0.070682 0.987302 -0.077097 0.500546 -0.025078 0.861905 0.159672 0.622258 0.042461 0.765177 0.086454 0.407229 -0.222335 0.881622 0.086454 0.407229 -0.222335 0.881622 0.086454 0.407229 -0.222335 0.881622 -0.032753 -0.222112 -0.014896 0.974357 0.145213 -0.263369 -0.093964 0.949063 -0.064831 -0.081832 0.258785 0.960276 -0.064831 -0.081832 0.258785 0.960276 -0.064831 -0.081832 0.258785 0.960276 0.030969 0.138849 0.070682 0.987302 0.030969 0.138849 0.070682 0.987302 0.030969 0.138849 0.070682 0.987302 0.030969 0.138849 0.070682 0.987302 0.002683 0.496942 0.079313 0.864148 0.098888 -0.972849 0.017817 -0.208489 0.098883 -0.972849 0.017842 -0.208492 0.030969 0.138849 0.070682 0.987302 0.030969 0.138849 0.070682 0.987302 0.030969 0.138849 0.070682 0.987302 0.030969 0.138849 0.070682 0.987302 0.037086 -0.433159 -0.154673 0.887172 -0.108326 -0.904234 -0.066106 0.407745 -0.108316 -0.904236 -0.066083 0.407747
-0.001471 0.826177 -0.000328 0.036643 0.132790 0.073364 0.987746 -0.072401 0.498120 -0.023163 0.863770 0.170818 0.622479 0.046818 0.762331 0.102175 0.414656 -0.208547 0.879846 0.102175 0.414656 -0.208547 0.879846 0.102175 0.414656 -0.208547 0.879846 -0.029233 -0.232929 -0.018913 0.971870 0.149813 -0.271836 -0.095787 0.945773 -0.073700 -0.093495 0.255882 0.959349 -0.073700 -0.093495 0.255882 0.959349 -0.073700 -0.093495 0.255882 0.959349 0.036644 0.132790 0.073365 0.987746 0.036644 0.132790 0.073365 0.987746 0.036644 0.132790 0.073365 0.987746 0.036643 0.132790 0.073365 0.987746 0.006021 0.498024 0.081713 0.863284 0.092654 -0.972009 0.003735 -0.215870 0.092648 -0.972009 0.003761 -0.215872 0.036644 0.132790 0.073365 0.987746 0.036644 0.132790 0.073365 0.987746 0.036644 0.132790 0.073365 0.987746 0.036644 0.132790 0.073365 0.987746 0.046360 -0.436369 -0.141128 0.887421 -0.101712 -0.904931 -0.042151 0.411068 -0.101701 -0.904933 -0.042127 0.411071
-0.001411 0.827025 -0.000346 0.036024 0.132084 0.076156 0.987652 -0.072554 0.498692 -0.023189 0.863426 0.169579 0.625158 0.045888 0.760470 0.079422 0.417616 -0.202396 0.882227 0.079422 0.417616 -0.202396 0.882227 0.079422 0.417616 -0.202396 0.882227 -0.027640 -0.237045 -0.021350 0.970871 0.156681 -0.278934 -0.100058 0.942144 -0.069965 -0.105336 0.249364 0.960118 -0.069965 -0.105336 0.249364 0.960118 -0.069965 -0.105336 0.249364 0.960118 0.036024 0.132084 0.076157 0.987652 0.036024 0.132084 0.076157 0.987652 0.036024 0.132084 0.076157 0.987652 0.036024 0.132084 0.076157 0.987652 0.003553 0.500536 0.080069 0.861997 0.093191 -0.972184 0.006497 -0.214781 0.093186 -0.972184 0.006523 -0.214783 0.036024 0.132084 0.076157 0.987652 0.036024 0.132084 0.076157 0.987652 0.036024 0.132084 0.076157 0.987652 0.036024 0.132084 0.076157 0.987652 0.047374 -0.433923 -0.138415 0.888993 -0.093234 -0.900449 -0.050157 0.421881 -0.093223 -0.900450 -0.050134 0.421883
-0.001362 0.827664 -0.000352 0.033831 0.135397 0.077609 0.987168 -0.072898 0.501365 -0.022537 0.861865 0.174767 0.626723 0.047891 0.757879 0.073709 0.420468 -0.199535 0.882020 0.073709 0.420468 -0.199535 0.882020 0.073709 0.420468 -0.199535 0.882020 -0.028195 -0.236143 -0.021984 0.971060 0.161865 -0.279430 -0.101886 0.940924 -0.068908 -0.107716 0.248338 0.960196 -0.068908 -0.107716 0.248338 0.960196 -0.068908 -0.107716 0.248338 0.960196 0.033831 0.135397 0.077609 0.987168 0.033831 0.135397 0.077609 0.987168 0.033831 0.135397 0.077609 0.987168 0.033831 0.135397 0.077609 0.987168 0.003690 0.508042 0.104488 0.854963 0.138622 -0.967114 0.035903 -0.210203 0.138617 -0.967113 0.035928 -0.210207 0.033831 0.135397 0.077609 0.987168 0.033831 0.135397 0.077609 0.987168 0.033831 0.135397 0.077609 0.987168 0.033831 0.135397 0.077609 0.987168 0.046129 -0.436665 -0.135879 0.888106 -0.107743 -0.900411 -0.016561 0.421163 -0.107732 -0.900411 -0.016537 0.421165
-0.001330 0.828610 -0.000339 0.012465 0.141061 0.076894 0.986931 -0.078220 0.505672 -0.022562 0.858876 0.177543 0.631643 0.049599 0.753024 0.077836 0.429158 -0.196014 0.878261 0.077836 0.429158 -0.196014 0.878261 0.077836 0.429158 -0.196014 0.878261 -0.031964 -0.236864 -0.019785 0.970815 0.170221 -0.281744 -0.105877 0.938315 -0.057636 -0.117617 0.241081 0.961626 -0.057636 -0.117617 0.241081 0.961626 -0.057636 -0.117617 0.241081 0.961626 0.012465 0.141061 0.076895 0.986931 0.012465 0.141061 0.076895 0.986931 0.012465 0.141061 0.076895 0.986931 0.012465 0.141061 0.076895 0.986931 -0.018617 0.490258 0.060181 0.869298 0.195278 -0.933501 0.224048 -0.200612 0.195273 -0.933495 0.224072 -0.200617 0.012465 0.141061 0.076895 0.986931 0.012465 0.141061 0.076895 0.986931 0.012465 0.141061 0.076895 0.986931 0.012465 0.141061 0.076895 0.986931 0.025714 -0.437575 -0.137117 0.888294 -0.168305 -0.909377 0.078578 0.372200 -0.168295 -0.909375 0.078601 0.372204
-0.001314 0.829008 -0.000309 -0.015986 0.172626 0.077572 0.981798 -0.082544 0.522332 -0.022131 0.848449 0.176763 0.639722 0.049289 0.746379 0.078228 0.433531 -0.200596 0.875038 0.078228 0.433531 -0.200596 0.875038 0.078228 0.433531 -0.200596 0.875038 -0.013397 -0.213550 -0.021790 0.976597 0.188742 -0.281364 -0.117048 0.933547 -0.008419 -0.140921 0.220045 0.965221 -0.008419 -0.140921 0.220045 0.965221 -0.008419 -0.140921 0.220045 0.965221 -0.015986 0.172626 0.077572 0.981798 -0.015986 0.172626 0.077572 0.981798 -0.015986 0.172626 0.077572 0.981798 -0.015986 0.172626 0.077572 0.981798 -0.039068 0.429848 0.054347 0.900417 0.296731 -0.774603 0.501247 -0.246360 0.296725 -0.774590 0.501267 -0.246367 -0.015986 0.172626 0.077572 0.981798 -0.015986 0.172626 0.077572 0.981798 -0.015986 0.172626 0.077572 0.981798 -0.015986 0.172626 0.077572 0.981798 -0.009806 -0.387472 -0.145597 0.910259 -0.248618 -0.871653 0.247871 0.342009 -0.248609 -0.871647 0.247893 0.342015
-0.001311 0.829232 -0.000374 -0.030955 0.197855 0.078166 0.976619 -0.081231 0.537480 -0.018543 0.839150 0.179818 0.650730 0.060580 0.735218 0.081739 0.448413 -0.188915 0.869802 0.081739 0.448413 -0.188915 0.869802 0.081739 0.448413 -0.188915 0.869802 -0.014933 -0.200654 -0.018898 0.979366 0.196264 -0.279435 -0.117941 0.932463 0.009569 -0.153284 0.213146 0.964874 0.009569 -0.153284 0.213146 0.964874 0.009569 -0.153284 0.213146 0.964874 -0.030955 0.197855 0.078166 0.976619 -0.030955 0.197855 0.078166 0.976619 -0.030955 0.197855 0.078166 0.976619 -0.030955 0.197855 0.078166 0.976619 -0.033656 0.406701 0.135792 0.902786 0.353375 -0.682323 0.526487 -0.363830 0.353365 -0.682309 0.526505 -0.363839 -0.030955 0.197855 0.078166 0.976619 -0.030955 0.197855 0.078166 0.976619 -0.030955 0.197855 0.078166 0.976619 -0.030955 0.197855 0.078166 0.976619 -0.049661 -0.322115 -0.228874 0.917275 -0.287605 -0.845889 0.152852 0.422363 -0.287594 -0.845885 0.152874 0.422371
-0.001330 0.829308 -0.000508 -0.039488 0.208601 0.077682 0.974111 -0.078914 0.539931 -0.017730 0.837814 0.181584 0.649048 0.069201 0.735510 0.094328 0.446217 -0.184850 0.870531 0.094328 0.446217 -0.184850 0.870531 0.094328 0.446217 -0.184850 0.870531 -0.007782 -0.181840 -0.028435 0.982886 0.226115 -0.262700 -0.101183 0.932536 0.101377 -0.180060 0.205119 0.956675 0.101377 -0.180060 0.205119 0.956675 0.101377 -0.180060 0.205119 0.956675 -0.039488 0.208601 0.077682 0.974111 -0.039488 0.208601 0.077682 0.974111 -0.039488 0.208601 0.077682 0.974111 -0.039488 0.208601 0.077682 0.974111 -0.014507 0.379219 0.242491 0.892850 0.370050 -0.629613 0.448959 -0.514866 0.370036 -0.629601 0.448975 -0.514875 -0.039488 0.208601 0.077682 0.974111 -0.039488 0.208601 0.077682 0.974111 -0.039488 0.208601 0.077682 0.974111 -0.039488 0.208601 0.077682 0.974111 -0.086664 -0.253794 -0.327720 0.905912 -0.358362 -0.792178 0.090402 0.485652 -0.358350 -0.792176 0.090422 0.485661
-0.001368 0.828865 -0.000671 -0.047834 0.220656 0.077890 0.971059 -0.084721 0.546259 -0.016878 0.833150 0.181682 0.654065 0.077364 0.730209 0.087908 0.452700 -0.173819 0.870127 0.087908 0.452700 -0.173819 0.870127 0.087908 0.452700 -0.173819 0.870127 -0.012513 -0.168282 -0.021258 0.985430 0.195389 -0.254898 -0.107715 0.940876 0.045860 -0.155789 0.208224 0.964505 0.045860 -0.155789 0.208224 0.964505 0.045860 -0.155789 0.208224 0.964505 -0.047833 0.220656 0.077890 0.971059 -0.047833 0.220656 0.077890 0.971059 -0.047833 0.220656 0.077890 0.971059 -0.047833 0.220656 0.077890 0.971059 0.000876 0.342307 0.316469 0.884688 -0.348789 0.572072 -0.374191 0.641140 -0.348772 0.572062 -0.374206 0.641149 -0.047833 0.220656 0.077890 0.971059 -0.047833 0.220656 0.077890 0.971059 -0.047833 0.220656 0.077890 0.971059 -0.047833 0.220656 0.077890 0.971059 -0.122075 -0.159739 -0.399748 0.894306 -0.408991 -0.715674 0.069368 0.561894 -0.408977 -0.715673 0.069386 0.561904
-0.001404 0.828505 -0.000842 -0.053196 0.213715 0.078651 0.972271 -0.088484 0.547534 -0.016125 0.831936 0.179069 0.665252 0.091135 0.719075 0.075439 0.477611 -0.143613 0.863465 0.075439 0.477611 -0.143613 0.863465 0.075439 0.477611 -0.143613 0.863465 -0.007527 -0.171639 -0.020180 0.984924 0.183809 -0.255832 -0.107057 0.943029 0.026551 -0.148714 0.212166 0.965487 0.026551 -0.148714 0.212166 0.965487 0.026551 -0.148714 0.212166 0.965487 -0.053196 0.213715 0.078651 0.972271 -0.053196 0.213715 0.078651 0.972271 -0.053196 0.213715 0.078651 0.972271 -0.053196 0.213715 0.078651 0.972271 0.006855 0.309106 0.363669 0.878722 -0.322705 0.544117 -0.293116 0.716855 -0.322687 0.544110 -0.293130 0.716863 -0.053196 0.213715 0.078651 0.972271 -0.053196 0.213715 0.078651 0.972271 -0.053196 0.213715 0.078651 0.972271 -0.053196 0.213715 0.078651 0.972271 -0.137899 -0.126317 -0.457449 0.869349 -0.449054 -0.670947 0.016812 0.589829 -0.449038 -0.670947 0.016829 0.589840
-0.001434 0.827906 -0.000976 -0.057736 0.208811 0.081245 0.972864 -0.095010 0.549493 -0.018983 0.829862 0.178677 0.674567 0.097855 0.709548 0.074491 0.498711 -0.124054 0.854605 0.074491 0.498711 -0.124054 0.854605 0.074491 0.498711 -0.124054 0.854605 -0.012343 -0.199212 -0.023892 0.979587 0.168347 -0.264232 -0.104773 0.943856 -0.039422 -0.150354 0.228841 0.960974 -0.039422 -0.150354 0.228841 0.960974 -0.039422 -0.150354 0.228841 0.960974 -0.057736 0.208811 0.081245 0.972864 -0.057736 0.208811 0.081245 0.972864 -0.057736 0.208811 0.081245 0.972864 -0.057736 0.208811 0.081245 0.972864 0.010855 0.289324 0.403180 0.868113 -0.315501 0.533727 -0.231029 0.749813 -0.315482 0.533721 -0.231043 0.749822 -0.057736 0.208811 0.081245 0.972864 -0.057736 0.208811 0.081245 0.972864 -0.057736 0.208811 0.081245 0.972864 -0.057736 0.208811 0.081245 0.972864 -0.150706 -0.100276 -0.508384 0.841890 -0.474756 -0.607500 -0.048348 0.634991 -0.474739 -0.607501 -0.048332 0.635003
-0.001455 0.824726 -0.001048 -0.065541 0.201527 0.082543 0.973796 -0.098676 0.543075 -0.022320 0.833567 0.175577 0.670118 0.104908 0.713518 0.067298 0.494720 -0.112709 0.859081 0.067298 0.494720 -0.112709 0.859081 0.067298 0.494720 -0.112709 0.859081 -0.007013 -0.199360 -0.025487 0.979570 0.193145 -0.254604 -0.108912 0.941281 0.018865 -0.153758 0.229962 0.960791 0.018865 -0.153758 0.229962 0.960791 0.018865 -0.153758 0.229962 0.960791 -0.065541 0.201527 0.082543 0.973796 -0.065541 0.201527 0.082543 0.973796 -0.065541 0.201527 0.082543 0.973796 -0.065541 0.201527 0.082543 0.973796 0.011268 0.256383 0.439425 0.860841 -0.310387 0.515501 -0.192695 0.775105 -0.310366 0.515496 -0.192709 0.775113 -0.065541 0.201527 0.082543 0.973796 -0.065541 0.201527 0.082543 0.973796 -0.065541 0.201527 0.082543 0.973796 -0.065541 0.201527 0.082543 0.973796 -0.160962 -0.067363 -0.536939 0.825379 -0.483656 -0.552340 -0.085868 0.673516 -0.483638 -0.552343 -0.085853 0.673529
-0.001474 0.821333 -0.001075 -0.077491 0.199503 0.082295 0.973356 -0.108623 0.541359 -0.023257 0.833421 0.173407 0.673976 0.111700 0.709373 0.055412 0.500071 -0.104677 0.857847 0.055412 0.500071 -0.104677 0.857847 0.055412 0.500071 -0.104677 0.857847 -0.011773 -0.199584 -0.029802 0.979357 0.200125 -0.242687 -0.110171 0.942823 0.031661 -0.144018 0.231785 0.961526 0.031661 -0.144017 0.231785 0.961526 0.031661 -0.144017 0.231785 0.961526 -0.077491 0.199503 0.082295 0.973356 -0.077491 0.199503 0.082295 0.973356 -0.077491 0.199503 0.082295 0.973356 -0.077491 0.199503 0.082295 0.973356 0.008774 0.215034 0.465055 0.858724 -0.297876 0.485957 -0.171357 0.803587 -0.297856 0.485953 -0.171370 0.803595 -0.077491 0.199503 0.082295 0.973356 -0.077491 0.199503 0.082295 0.973356 -0.077491 0.199503 0.082295 0.973356 -0.077491 0.199503 0.082295 0.973356 -0.175716 -0.020298 -0.548156 0.817458 -0.484834 -0.497357 -0.087452 0.714090 -0.484815 -0.497360 -0.087439 0.714102
-0.001492 0.818914 -0.001056 -0.081299 0.198223 0.084040 0.973157 -0.108769 0.537217 -0.027749 0.835941 0.179664 0.666817 0.115203 0.714006 0.066398 0.493560 -0.101127 0.861257 0.066398 0.493560 -0.101127 0.861257 0.066398 0.493560 -0.101127 0.861257 -0.012851 -0.217324 -0.032116 0.975486 0.214736 -0.234957 -0.113603 0.941158 0.050786 -0.156782 0.214504 0.962719 0.050786 -0.156782 0.214504 0.962719 0.050786 -0.156782 0.214504 0.962719 -0.081299 0.198223 0.084041 0.973157 -0.081299 0.198223 0.084041 0.973157 -0.081299 0.198223 0.084041 0.973157 -0.081299 0.198223 0.084041 0.973157 0.011596 0.203038 0.490544 0.847353 -0.291030 0.464165 -0.140247 0.824733 -0.291008 0.464161 -0.140259 0.824740 -0.081299 0.198223 0.084041 0.973157 -0.081299 0.198223 0.084041 0.973157 -0.081299 0.198223 0.084041 0.973157 -0.081299 0.198223 0.084041 0.973157 -0.183002 0.030700 -0.551995 0.812939 -0.472028 -0.438530 -0.081820 0.760386 -0.472009 -0.438532 -0.081808 0.760398
-0.001510 0.817572 -0.001032 -0.084167 0.191063 0.087124 0.974074 -0.117248 0.530920 -0.028899 0.838774 0.181616 0.663763 0.119996 0.715567 0.071630 0.493162 -0.089714 0.862329 0.071630 0.493162 -0.089714 0.862329 0.071630 0.493162 -0.089714 0.862329 -0.019221 -0.217886 -0.029608 0.975336 0.203159 -0.223393 -0.109453 0.947017 0.029194 -0.132526 0.230015 0.963679 0.029194 -0.132526 0.230015 0.963679 0.029194 -0.132526 0.230015 0.963679 -0.084167 0.191063 0.087124 0.974074 -0.084167 0.191063 0.087124 0.974074 -0.084167 0.191063 0.087124 0.974074 -0.084167 0.191063 0.087124 0.974074 0.011368 0.191422 0.513650 0.836297 -0.275459 0.429635 -0.101304 0.853975 -0.275437 0.429632 -0.101315 0.853983 -0.084167 0.191063 0.087124 0.974074 -0.084167 0.191063 0.087124 0.974074 -0.084167 0.191063 0.087124 0.974074 -0.084167 0.191063 0.087124 0.974074 -0.186099 0.084509 -0.555026 0.806332 -0.458635 -0.385162 -0.095491 0.795101 -0.458615 -0.385165 -0.095481 0.795113
-0.001517 0.816917 -0.001008 -0.082926 0.188558 0.090776 0.974335 -0.124533 0.522949 -0.030065 0.842681 0.175604 0.655668 0.123560 0.723875 0.067159 0.479569 -0.089506 0.870340 0.067159 0.479569 -0.089506 0.870340 0.067159 0.479569 -0.089506 0.870340 -0.018038 -0.208629 -0.032021 0.977304 0.193011 -0.211976 -0.102786 0.952496 -0.010484 -0.107960 0.245391 0.963337 -0.010483 -0.107960 0.245391 0.963337 -0.010483 -0.107960 0.245391 0.963337 -0.082926 0.188558 0.090776 0.974335 -0.082926 0.188558 0.090776 0.974335 -0.082926 0.188558 0.090776 0.974335 -0.082926 0.188558 0.090776 0.974335 0.014303 0.187499 0.528305 0.827969 -0.247924 0.392080 -0.057490 0.884026 -0.247901 0.392078 -0.057501 0.884033 -0.082926 0.188558 0.090776 0.974335 -0.082926 0.188558 0.090776 0.974335 -0.082926 0.188558 0.090776 0.974335 -0.082926 0.188558 0.090776 0.974335 -0.184739 0.071474 -0.569273 0.797929 -0.457791 -0.365448 -0.134028 0.799320 -0.457770 -0.365452 -0.134018 0.799331
-0.001507 0.816684 -0.000941 -0.081588 0.190124 0.093323 0.973903 -0.128288 0.516741 -0.026604 0.846057 0.180735 0.647298 0.131052 0.728811 0.073607 0.467545 -0.088898 0.876402 0.073607 0.467545 -0.088898 0.876402 0.073607 0.467545 -0.088898 0.876402 -0.017875 -0.200783 -0.031802 0.978956 0.208237 -0.203200 -0.110740 0.950307 0.025260 -0.107386 0.235315 0.965638 0.025260 -0.107386 0.235315 0.965638 0.025260 -0.107386 0.235315 0.965638 -0.081588 0.190124 0.093323 0.973903 -0.081588 0.190124 0.093323 0.973903 -0.081588 0.190124 0.093323 0.973903 -0.081588 0.190124 0.093323 0.973903 0.021001 0.169686 0.543526 0.821794 -0.193559 0.327419 -0.003108 0.924836 -0.193535 0.327419 -0.003117 0.924841 -0.081588 0.190124 0.093323 0.973903 -0.081588 0.190124 0.093323 0.973903 -0.081588 0.190124 0.093323 0.973903 -0.081588 0.190124 0.093323 0.973903 -0.184654 0.082591 -0.560816 0.802849 -0.437740 -0.334294 -0.149204 0.821200 -0.437718 -0.334298 -0.149195 0.821211
-0.001498 0.816606 -0.000883 -0.070357 0.184370 0.097903 0.975435 -0.117787 0.504846 -0.027073 0.854707 0.181948 0.627471 0.130261 0.745793 0.067466 0.434159 -0.097549 0.892994 0.067466 0.434159 -0.097549 0.892994 0.067466 0.434159 -0.097549 0.892994 -0.012526 -0.196698 -0.042825 0.979448 0.232963 -0.173382 -0.130243 0.948000 0.095228 -0.108934 0.204484 0.968117 0.095228 -0.108934 0.204484 0.968117 0.095228 -0.108934 0.204484 0.968117 -0.070356 0.184370 0.097904 0.975435 -0.070356 0.184370 0.097904 0.975435 -0.070356 0.184370 0.097904 0.975435 -0.070357 0.184370 0.097904 0.975435 0.030726 0.159648 0.557897 0.813830 -0.136978 0.271081 0.066112 0.950464 -0.136953 0.271083 0.066105 0.950467 -0.070356 0.184370 0.097904 0.975435 -0.070356 0.184370 0.097904 0.975435 -0.070356 0.184370 0.097904 0.975435 -0.070356 0.184370 0.097904 0.975435 -0.173860 0.082689 -0.571520 0.797684 -0.412567 -0.293294 -0.178966 0.843646 -0.412545 -0.293299 -0.178959 0.843656
-0.001488 0.815847 -0.000844 -0.058709 0.179841 0.101945 0.976636 -0.115016 0.494486 -0.025179 0.861174 0.181461 0.610654 0.131655 0.759500 0.064862 0.404599 -0.107380 0.905849 0.064862 0.404599 -0.107380 0.905849 0.064862 0.404599 -0.107380 0.905849 -0.018246 -0.177758 -0.034216 0.983310 0.182082 -0.182302 -0.113616 0.959533 -0.007873 -0.084315 0.240781 0.966878 -0.007873 -0.084315 0.240781 0.966878 -0.007873 -0.084315 0.240781 0.966878 -0.058709 0.179841 0.101946 0.976636 -0.058709 0.179841 0.101946 0.976636 -0.058709 0.179841 0.101946 0.976636 -0.058709 0.179841 0.101945 0.976636 0.041896 0.143302 0.572042 0.806522 -0.075336 0.212420 0.142154 0.963844 -0.075311 0.212423 0.142149 0.963846 -0.058709 0.179841 0.101946 0.976636 -0.058709 0.179841 0.101946 0.976636 -0.058709 0.179841 0.101946 0.976636 -0.058709 0.179841 0.101945 0.976636 -0.163530 0.092754 -0.575710 0.795747 -0.387011 -0.256415 -0.212936 0.859728 -0.386988 -0.256420 -0.212930 0.859738
-0.001474 0.815328 -0.000816 -0.049283 0.180710 0.105247 0.976646 -0.111484 0.488977 -0.025134 0.864778 0.176561 0.594713 0.126329 0.774070 0.049617 0.372351 -0.128357 0.917833 0.049617 0.372351 -0.128357 0.917833 0.049617 0.372351 -0.128357 0.917833 -0.014257 -0.173432 -0.034155 0.984150 0.192854 -0.183831 -0.119270 0.956446 -0.003149 -0.086924 0.238847 0.967154 -0.003149 -0.086924 0.238847 0.967154 -0.003149 -0.086924 0.238847 0.967154 -0.049283 0.180710 0.105248 0.976646 -0.049283 0.180710 0.105248 0.976646 -0.049283 0.180710 0.105248 0.976646 -0.049283 0.180710 0.105248 0.976646 0.054210 0.130349 0.586418 0.797612 -0.025994 0.175402 0.232320 0.956340 -0.025970 0.175409 0.232316 0.956340 -0.049283 0.180710 0.105248 0.976646 -0.049283 0.180710 0.105248 0.976646 -0.049283 0.180710 0.105248 0.976646 -0.049283 0.180710 0.105248 0.976646 -0.159841 0.117604 -0.579872 0.790170 -0.375569 -0.224003 -0.241515 0.866280 -0.375546 -0.224009 -0.241510 0.866290
-0.001465 0.815431 -0.000795 -0.045270 0.184501 0.106324 0.976015 -0.108684 0.478248 -0.016536 0.871317 0.169706 0.574685 0.127153 0.790423 0.022677 0.327224 -0.141542 0.934011 0.022677 0.327224 -0.141542 0.934011 0.022677 0.327224 -0.141542 0.934011 -0.010698 -0.171300 -0.034317 0.984563 0.189147 -0.187008 -0.119948 0.956485 -0.013318 -0.088901 0.237452 0.967231 -0.013318 -0.088901 0.237452 0.967231 -0.013318 -0.088901 0.237452 0.967231 -0.045270 0.184501 0.106324 0.976015 -0.045270 0.184501 0.106324 0.976015 -0.045270 0.184501 0.106324 0.976015 -0.045270 0.184501 0.106324 0.976015 0.061475 0.129294 0.593960 0.791654 0.004765 0.156797 0.302465 0.940163 0.004790 0.156805 0.302461 0.940163 -0.045270 0.184501 0.106324 0.976015 -0.045270 0.184501 0.106324 0.976015 -0.045270 0.184501 0.106324 0.976015 -0.045270 0.184501 0.106324 0.976015 -0.159381 0.120324 -0.580014 0.789749 -0.362920 -0.198163 -0.278581 0.866841 -0.362897 -0.198170 -0.278575 0.866850
-0.001461 0.816530 -0.000797 -0.039211 0.194669 0.107776 0.974141 -0.093179 0.477076 -0.008808 0.873864 0.172383 0.559771 0.128724 0.800232 0.025058 0.297880 -0.154501 0.941684 0.025058 0.297880 -0.154501 0.941684 0.025058 0.297880 -0.154501 0.941684 -0.002504 -0.164585 -0.035874 0.985707 0.183308 -0.184781 -0.116162 0.958520 -0.022517 -0.086849 0.240034 0.966609 -0.022517 -0.086849 0.240034 0.966609 -0.022517 -0.086849 0.240034 0.966609 -0.039210 0.194669 0.107776 0.974141 -0.039210 0.194669 0.107776 0.974141 -0.039210 0.194669 0.107776 0.974141 -0.039210 0.194669 0.107776 0.974141 0.074587 0.120415 0.598697 0.788352 0.026998 0.150483 0.353260 0.922948 0.027022 0.150492 0.353256 0.922947 -0.039210 0.194669 0.107776 0.974141 -0.039210 0.194669 0.107776 0.974141 -0.039210 0.194669 0.107776 0.974141 -0.039210 0.194669 0.107776 0.974141 -0.162222 0.129579 -0.581610 0.786526 -0.363123 -0.181432 -0.316359 0.857404 -0.363101 -0.181440 -0.316354 0.857413
-0.001460 0.818051 -0.000806 -0.033580 0.203543 0.109255 0.972371 -0.087524 0.486717 -0.003793 0.869156 0.169711 0.571097 0.131239 0.792353 0.021275 0.313416 -0.146023 0.938080 0.021275 0.313416 -0.146023 0.938080 0.021275 0.313416 -0.146023 0.938080 0.002926 -0.161218 -0.035556 0.986274 0.175837 -0.172793 -0.115131 0.962273 -0.038679 -0.074035 0.244084 0.966150 -0.038679 -0.074035 0.244084 0.966150 -0.038679 -0.074035 0.244084 0.966150 -0.033580 0.203543 0.109255 0.972371 -0.033580 0.203543 0.109255 0.972371 -0.033580 0.203543 0.109255 0.972371 -0.033580 0.203543 0.109255 0.972371 0.088151 0.099023 0.603931 0.785934 0.065104 0.114490 0.412605 0.901338 0.065127 0.114500 0.412602 0.901336 -0.033580 0.203543 0.109255 0.972371 -0.033580 0.203543 0.109255 0.972371 -0.033580 0.203543 0.109255 0.972371 -0.033580 0.203543 0.109255 0.972371 -0.165499 0.146581 -0.582962 0.781843 -0.355151 -0.144490 -0.358823 0.851021 -0.355129 -0.144500 -0.358819 0.851030
-0.001463 0.819413 -0.000814 -0.024885 0.214483 0.111197 0.970058 -0.083059 0.501728 -0.000219 0.861028 0.168015 0.590977 0.132935 0.777718 0.017061 0.343269 -0.131780 0.929790 0.017061 0.343269 -0.131780 0.929790 0.017061 0.343269 -0.131780 0.929790 0.009558 -0.153774 -0.029277 0.987626 0.175499 -0.166614 -0.111184 0.963887 -0.032477 -0.074131 0.244032 0.966384 -0.032477 -0.074131 0.244032 0.966384 -0.032477 -0.074131 0.244032 0.966384 -0.024885 0.214483 0.111198 0.970058 -0.024885 0.214483 0.111198 0.970058 -0.024885 0.214483 0.111198 0.970058 -0.024885 0.214483 0.111198 0.970058 0.104582 0.087392 0.608965 0.781400 0.085032 0.107862 0.465787 0.874173 0.085054 0.107875 0.465784 0.874171 -0.024885 0.214483 0.111198 0.970058 -0.024885 0.214483 0.111198 0.970058 -0.024885 0.214483 0.111198 0.970058 -0.024885 0.214483 0.111198 0.970058 -0.167098 0.162368 -0.581094 0.779772 -0.345822 -0.111024 -0.395101 0.843786 -0.345800 -0.111035 -0.395099 0.843795
-0.001466 0.820777 -0.000822 -0.018348 0.220936 0.112728 0.968578 -0.081081 0.512913 -0.000341 0.854603 0.167601 0.605718 0.131189 0.766684 0.009644 0.365444 -0.124414 0.922431 0.009644 0.365444 -0.124414 0.922431 0.009644 0.365444 -0.124414 0.922431 0.014135 -0.150651 -0.022818 0.988222 0.174885 -0.158405 -0.106857 0.965870 -0.021014 -0.073171 0.243054 0.967021 -0.021014 -0.073171 0.243054 0.967021 -0.021014 -0.073171 0.243054 0.967021 -0.018348 0.220936 0.112728 0.968578 -0.018348 0.220936 0.112728 0.968578 -0.018348 0.220936 0.112728 0.968578 -0.018348 0.220936 0.112728 0.968578 0.118231 0.063847 0.615401 0.776677 0.097675 0.092813 0.513593 0.847389 0.097697 0.092826 0.513591 0.847386 -0.018348 0.220936 0.112728 0.968578 -0.018348 0.220936 0.112728 0.968578 -0.018348 0.220936 0.112728 0.968578 -0.018348 0.220936 0.112728 0.968578 -0.166978 0.169024 -0.581148 0.778342 -0.340467 -0.092383 -0.428357 0.831900 -0.340446 -0.092394 -0.428354 0.831909
-0.001469 0.822659 -0.000831 -0.014630 0.226065 0.113668 0.967347 -0.080617 0.520491 -0.001152 0.850052 0.168513 0.615695 0.129843 0.758725 0.007729 0.380845 -0.119519 0.916849 0.007729 0.380845 -0.119519 0.916849 0.007729 0.380845 -0.119519 0.916849 0.019401 -0.153514 -0.019502 0.987764 0.176579 -0.151179 -0.103693 0.967064 -0.007815 -0.077247 0.237558 0.968266 -0.007815 -0.077247 0.237558 0.968266 -0.007815 -0.077247 0.237558 0.968266 -0.014630 0.226065 0.113669 0.967347 -0.014630 0.226065 0.113669 0.967347 -0.014630 0.226065 0.113669 0.967347 -0.014630 0.226065 0.113669 0.967347 0.127394 0.058249 0.624158 0.768638 0.106470 0.087903 0.559523 0.817234 0.106492 0.087917 0.559521 0.817231 -0.014630 0.226065 0.113669 0.967347 -0.014630 0.226065 0.113669 0.967347 -0.014630 0.226065 0.113669 0.967347 -0.014630 0.226065 0.113669 0.967347 -0.168989 0.177102 -0.583976 0.773983 -0.341387 -0.077591 -0.454631 0.818991 -0.341365 -0.077603 -0.454629 0.819000
-0.001472 0.823907 -0.000836 -0.009511 0.225396 0.114923 0.967419 -0.082666 0.524957 -0.001802 0.847103 0.166090 0.624859 0.125058 0.752546 0.004528 0.395103 -0.117370 0.911097 0.004528 0.395103 -0.117370 0.911097 0.004528 0.395103 -0.117370 0.911097 0.020870 -0.148725 -0.016963 0.988513 0.175080 -0.150930 -0.104454 0.967293 0.011518 -0.080484 0.230135 0.969756 0.011518 -0.080484 0.230135 0.969756 0.011518 -0.080484 0.230135 0.969756 -0.009511 0.225396 0.114923 0.967419 -0.009511 0.225396 0.114923 0.967419 -0.009511 0.225396 0.114923 0.967419 -0.009511 0.225396 0.114923 0.967419 0.134234 0.052502 0.634944 0.758994 0.114233 0.080066 0.593948 0.792317 0.114254 0.080081 0.593946 0.792314 -0.009511 0.225396 0.114923 0.967419 -0.009511 0.225396 0.114923 0.967419 -0.009511 0.225396 0.114923 0.967419 -0.009511 0.225396 0.114923 0.967419 -0.166620 0.185320 -0.588195 0.769364 -0.338983 -0.063396 -0.481806 0.805565 -0.338962 -0.063409 -0.481804 0.805574
-0.001475 0.824982 -0.000837 -0.006191 0.221443 0.115526 0.968286 -0.081728 0.525698 -0.002719 0.846732 0.161186 0.629550 0.121792 0.750235 -0.010521 0.399963 -0.115358 0.909182 -0.010521 0.399963 -0.115358 0.909182 -0.010521 0.399963 -0.115358 0.909182 0.021194 -0.151293 -0.016244 0.988128 0.169661 -0.154109 -0.104332 0.967771 0.006650 -0.082863 0.228188 0.970062 0.006650 -0.082863 0.228188 0.970062 0.006650 -0.082863 0.228188 0.970062 -0.006190 0.221443 0.115527 0.968286 -0.006190 0.221443 0.115527 0.968286 -0.006190 0.221443 0.115527 0.968286 -0.006191 0.221443 0.115527 0.968286 0.136831 0.049523 0.645117 0.750099 0.119677 0.072097 0.621091 0.771185 0.119697 0.072113 0.621089 0.771181 -0.006190 0.221443 0.115527 0.968286 -0.006190 0.221443 0.115527 0.968286 -0.006190 0.221443 0.115527 0.968286 -0.006190 0.221443 0.115527 0.968286 -0.163122 0.187921 -0.593844 0.765132 -0.333652 -0.051643 -0.506718 0.793250 -0.333631 -0.051656 -0.506717 0.793259
-0.001479 0.825683 -0.000833 -0.002597 0.216654 0.116050 0.969323 -0.089276 0.531246 -0.007075 0.842471 0.150142 0.644831 0.107523 0.741680 -0.026319 0.421902 -0.116896 0.898689 -0.026319 0.421902 -0.116896 0.898689 -0.026319 0.421902 -0.116896 0.898689 0.022753 -0.152208 -0.017107 0.987938 0.163791 -0.156270 -0.108385 0.967990 0.009885 -0.084624 0.220534 0.971651 0.009885 -0.084624 0.220534 0.971651 0.009885 -0.084624 0.220534 0.971651 -0.002597 0.216654 0.116051 0.969323 -0.002597 0.216654 0.116051 0.969323 -0.002597 0.216654 0.116051 0.969323 -0.002597 0.216654 0.116051 0.969323 0.138595 0.048938 0.655179 0.741038 0.124258 0.066593 0.644269 0.751694 0.124277 0.066610 0.644267 0.751690 -0.002597 0.216654 0.116051 0.969323 -0.002597 0.216654 0.116051 0.969323 -0.002597 0.216654 0.116051 0.969323 -0.002597 0.216654 0.116051 0.969323 -0.158063 0.184570 -0.599176 0.762849 -0.322283 -0.040553 -0.528952 0.784027 -0.322262 -0.040567 -0.528951 0.784036
-0.001485 0.825937 -0.000827 -0.000699 0.218028 0.115958 0.969029 -0.104304 0.539465 -0.017502 0.835340 0.141182 0.660429 0.090022 0.731981 -0.033003 0.446014 -0.116998 0.886732 -0.033003 0.446014 -0.116998 0.886732 -0.033003 0.446014 -0.116998 0.886732 0.012986 -0.151410 -0.015680 0.988261 0.148439 -0.160569 -0.108589 0.969738 -0.002000 -0.084047 0.217513 0.972430 -0.002000 -0.084047 0.217513 0.972430 -0.002000 -0.084047 0.217513 0.972430 -0.000699 0.218028 0.115958 0.969029 -0.000699 0.218028 0.115958 0.969029 -0.000699 0.218028 0.115958 0.969029 -0.000699 0.218028 0.115958 0.969029 0.142722 0.051571 0.664104 0.732077 0.127349 0.070137 0.652314 0.743874 0.127369 0.070154 0.652312 0.743871 -0.000699 0.218028 0.115958 0.969029 -0.000699 0.218028 0.115958 0.969029 -0.000699 0.218028 0.115958 0.969029 -0.000699 0.218028 0.115958 0.969029 -0.156686 0.174610 -0.601081 0.763978 -0.311299 -0.034644 -0.544684 0.777954 -0.311279 -0.034659 -0.544683 0.777962
-0.001490 0.825401 -0.000822 0.002754 0.221195 0.116214 0.968277 -0.114134 0.543176 -0.026621 0.831399 0.135904 0.663264 0.080875 0.731485 -0.029128 0.450814 -0.124882 0.883359 -0.029128 0.450814 -0.124882 0.883359 -0.029128 0.450814 -0.124882 0.883359 0.015801 -0.149143 -0.013271 0.988600 0.148490 -0.151174 -0.107266 0.971386 0.008212 -0.077821 0.216859 0.973061 0.008212 -0.077821 0.216859 0.973061 0.008212 -0.077821 0.216859 0.973061 0.002754 0.221195 0.116214 0.968277 0.002754 0.221195 0.116214 0.968277 0.002754 0.221195 0.116214 0.968277 0.002754 0.221195 0.116214 0.968277 0.149787 0.054242 0.675222 0.720206 0.133696 0.070527 0.684970 0.712718 0.133715 0.070545 0.684969 0.712714 0.002754 0.221195 0.116214 0.968277 0.002754 0.221195 0.116214 0.968277 0.002754 0.221195 0.116214 0.968277 0.002754 0.221195 0.116214 0.968277 -0.153938 0.159442 -0.599665 0.768949 -0.292051 -0.026523 -0.562089 0.773343 -0.292031 -0.026538 -0.562088 0.773350
-0.001502 0.822350 -0.000821 0.002986 0.222824 0.115886 0.967942 -0.127547 0.538851 -0.035592 0.831928 0.133995 0.655024 0.075254 0.739815 -0.024670 0.438196 -0.135777 0.888223 -0.024670 0.438196 -0.135777 0.888223 -0.024670 0.438196 -0.135777 0.888223 0.012233 -0.153796 -0.015145 0.987911 0.137934 -0.156442 -0.108390 0.971983 -0.009302 -0.083737 0.212197 0.973588 -0.009302 -0.083737 0.212197 0.973588 -0.009302 -0.083737 0.212197 0.973588 0.002987 0.222824 0.115887 0.967942 0.002987 0.222824 0.115887 0.967942 0.002987 0.222824 0.115887 0.967942 0.002986 0.222824 0.115887 0.967942 0.152681 0.055844 0.682737 0.712348 0.151335 0.056212 0.690848 0.704746 0.151353 0.056230 0.690847 0.704742 0.002987 0.222824 0.115887 0.967942 0.002987 0.222824 0.115887 0.967942 0.002987 0.222824 0.115887 0.967942 0.002986 0.222824 0.115887 0.967942 -0.157447 0.169122 -0.606186 0.761017 -0.289914 -0.004010 -0.585144 0.757324 -0.289895 -0.004025 -0.585144 0.757331
-0.001520 0.817979 -0.000821 -0.000141 0.227890 0.114734 0.966903 -0.138733 0.536647 -0.043151 0.831204 0.135141 0.649398 0.076070 0.744468 -0.020868 0.428523 -0.139353 0.892476 -0.020868 0.428523 -0.139353 0.892476 -0.020868 0.428523 -0.139353 0.892476 0.012497 -0.149692 -0.017704 0.988495 0.133858 -0.156703 -0.108499 0.972499 -0.016355 -0.082577 0.212133 0.973608 -0.016355 -0.082577 0.212133 0.973608 -0.016355 -0.082577 0.212133 0.973608 -0.000141 0.227890 0.114734 0.966903 -0.000141 0.227890 0.114734 0.966903 -0.000141 0.227890 0.114734 0.966903 -0.000141 0.227890 0.114734 0.966903 0.155670 0.059005 0.690625 0.703791 -0.167521 -0.044521 -0.705054 -0.687643 -0.167539 -0.044539 -0.705053 -0.687639 -0.000141 0.227890 0.114734 0.966903 -0.000141 0.227890 0.114734 0.966903 -0.000141 0.227890 0.114734 0.966903 -0.000141 0.227890 0.114734 0.966903 -0.166914 0.166947 -0.623681 0.745178 -0.289764 0.014239 -0.606248 0.740471 -0.289745 0.014223 -0.606248 0.740478
-0.001551 0.815171 -0.000817 -0.003964 0.233568 0.113213 0.965719 -0.141797 0.533025 -0.046085 0.832859 0.136215 0.639676 0.078960 0.752347 -0.017318 0.411280 -0.142902 0.900071 -0.017318 0.411280 -0.142902 0.900071 -0.017318 0.411280 -0.142902 0.900071 0.009251 -0.155300 -0.019675 0.987628 0.137119 -0.162714 -0.112426 0.970610 -0.029985 -0.094379 0.205164 0.973705 -0.029985 -0.094379 0.205164 0.973705 -0.029985 -0.094379 0.205164 0.973705 -0.003964 0.233568 0.113213 0.965719 -0.003964 0.233568 0.113213 0.965719 -0.003964 0.233568 0.113213 0.965719 -0.003964 0.233568 0.113213 0.965719 -0.159366 -0.054510 -0.697167 -0.696842 -0.172833 -0.037668 -0.715596 -0.675746 -0.172850 -0.037687 -0.715595 -0.675741 -0.003964 0.233568 0.113213 0.965719 -0.003964 0.233568 0.113213 0.965719 -0.003964 0.233568 0.113213 0.965719 -0.003964 0.233568 0.113213 0.965719 -0.170956 0.165497 -0.613848 0.752712 -0.290214 0.014374 -0.623524 0.725801 -0.290195 0.014357 -0.623525 0.725808
-0.001586 0.813671 -0.000816 -0.013568 0.238613 0.110025 0.964767 -0.148965 0.528534 -0.051386 0.834159 0.125661 0.631631 0.079117 0.760916 -0.026673 0.394084 -0.144918 0.907185 -0.026673 0.394084 -0.144918 0.907185 -0.026673 0.394084 -0.144918 0.907185 -0.007528 -0.153973 -0.018369 0.987876 0.133156 -0.166778 -0.115286 0.970136 -0.040418 -0.095473 0.202667 0.973744 -0.040418 -0.095473 0.202667 0.973744 -0.040418 -0.095473 0.202667 0.973744 -0.013568 0.238613 0.110025 0.964766 -0.013568 0.238613 0.110025 0.964766 -0.013568 0.238613 0.110025 0.964766 -0.013568 0.238613 0.110025 0.964766 -0.158839 -0.044991 -0.702342 -0.692432 -0.175153 -0.023926 -0.727086 -0.663396 -0.175170 -0.023945 -0.727086 -0.663392 -0.013568 0.238613 0.110025 0.964766 -0.013568 0.238613 0.110025 0.964766 -0.013568 0.238613 0.110025 0.964766 -0.013568 0.238613 0.110025 0.964766 -0.181802 0.180312 -0.609249 0.750501 -0.299592 0.031137 -0.634318 0.711980 -0.299574 0.031121 -0.634319 0.711987
-0.001615 0.813009 -0.000815 -0.020273 0.244386 0.107325 0.963507 -0.153614 0.528541 -0.054627 0.833105 0.118760 0.630222 0.080075 0.763088 -0.022182 0.391098 -0.148118 0.908081 -0.022182 0.391098 -0.148118 0.908081 -0.022182 0.391098 -0.148118 0.908081 -0.016416 -0.149513 -0.019090 0.988439 0.136501 -0.157777 -0.119468 0.970671 -0.027345 -0.089552 0.197821 0.975756 -0.027345 -0.089552 0.197821 0.975756 -0.027345 -0.089552 0.197821 0.975756 -0.020273 0.244386 0.107326 0.963507 -0.020273 0.244386 0.107326 0.963507 -0.020273 0.244386 0.107326 0.963507 -0.020273 0.244386 0.107326 0.963507 -0.159384 -0.043930 -0.704892 -0.689778 -0.173962 -0.023709 -0.734763 -0.655209 -0.173979 -0.023728 -0.734762 -0.655205 -0.020273 0.244386 0.107326 0.963507 -0.020273 0.244386 0.107326 0.963507 -0.020273 0.244386 0.107326 0.963507 -0.020273 0.244386 0.107326 0.963507 -0.191086 0.191960 -0.607094 0.747044 -0.311244 0.040193 -0.642276 0.699280 -0.311226 0.040176 -0.642277 0.699288
-0.001636 0.812659 -0.000815 -0.025575 0.250439 0.105046 0.962077 -0.154631 0.530770 -0.058118 0.831261 0.116759 0.629625 0.083760 0.763495 -0.009386 0.390587 -0.139152 0.909940 -0.009386 0.390587 -0.139152 0.909940 -0.009386 0.390587 -0.139152 0.909940 -0.027459 -0.148739 -0.016922 0.988350 0.135786 -0.164627 -0.124433 0.969008 -0.026741 -0.099002 0.188388 0.976726 -0.026741 -0.099002 0.188388 0.976726 -0.026741 -0.099002 0.188388 0.976726 -0.025575 0.250439 0.105046 0.962077 -0.025575 0.250439 0.105046 0.962077 -0.025575 0.250439 0.105046 0.962077 -0.025575 0.250439 0.105046 0.962077 -0.160403 -0.046883 -0.706130 -0.688079 -0.172483 -0.028768 -0.739080 -0.650525 -0.172500 -0.028787 -0.739079 -0.650521 -0.025575 0.250439 0.105046 0.962077 -0.025575 0.250439 0.105046 0.962077 -0.025575 0.250439 0.105046 0.962077 -0.025575 0.250439 0.105046 0.962077 -0.199549 0.201643 -0.606121 0.743059 -0.320613 0.049295 -0.643890 0.692953 -0.320595 0.049278 -0.643891 0.692961
-0.001649 0.811807 -0.000823 -0.033158 0.258348 0.102368 0.960041 -0.162362 0.531104 -0.062953 0.829219 0.113617 0.627116 0.084807 0.765914 -0.008753 0.384619 -0.141301 0.912154 -0.008753 0.384619 -0.141301 0.912154 -0.008753 0.384619 -0.141301 0.912154 -0.032424 -0.143170 -0.016821 0.989024 0.135282 -0.163397 -0.126941 0.968961 -0.031338 -0.097748 0.186263 0.977123 -0.031338 -0.097748 0.186263 0.977123 -0.031338 -0.097748 0.186263 0.977123 -0.033158 0.258348 0.102369 0.960041 -0.033158 0.258348 0.102369 0.960041 -0.033158 0.258348 0.102369 0.960041 -0.033158 0.258348 0.102369 0.960041 -0.160676 -0.056573 -0.707528 -0.685847 -0.171400 -0.039625 -0.744568 -0.643949 -0.171417 -0.039644 -0.744567 -0.643945 -0.033158 0.258348 0.102369 0.960041 -0.033158 0.258348 0.102369 0.960041 -0.033158 0.258348 0.102369 0.960041 -0.033158 0.258348 0.102368 0.960041 -0.210831 0.206722 -0.606842 0.737942 -0.336807 0.047903 -0.646301 0.683052 -0.336790 0.047886 -0.646303 0.683061
-0.001656 0.810546 -0.000831 -0.036771 0.261231 0.100859 0.959288 -0.170576 0.531961 -0.068184 0.826603 0.114590 0.629388 0.088611 0.763471 -0.013025 0.389381 -0.131504 0.911548 -0.013025 0.389381 -0.131504 0.911548 -0.013025 0.389381 -0.131504 0.911548 -0.040540 -0.142263 -0.016305 0.988864 0.134236 -0.164046 -0.129556 0.968651 -0.034424 -0.098101 0.183261 0.977551 -0.034424 -0.098101 0.183261 0.977551 -0.034424 -0.098101 0.183261 0.977551 -0.036771 0.261231 0.100859 0.959288 -0.036771 0.261231 0.100859 0.959288 -0.036771 0.261231 0.100859 0.959288 -0.036771 0.261231 0.100859 0.959288 -0.159877 -0.063704 -0.708091 -0.684827 -0.169443 -0.048109 -0.746789 -0.641312 -0.169459 -0.048129 -0.746787 -0.641308 -0.036771 0.261231 0.100859 0.959288 -0.036771 0.261231 0.100859 0.959288 -0.036771 0.261231 0.100859 0.959288 -0.036771 0.261231 0.100859 0.959288 -0.215900 0.211766 -0.607696 0.734335 -0.344122 0.050689 -0.646603 0.678907 -0.344104 0.050672 -0.646605 0.678916
-0.001660 0.807764 -0.000840 -0.042483 0.263023 0.099008 0.958755 -0.192720 0.526733 -0.084101 0.823613 0.117327 0.620779 0.087171 0.770239 -0.004767 0.379654 -0.130334 0.915889 -0.004767 0.379654 -0.130334 0.915889 -0.004767 0.379654 -0.130334 0.915889 -0.054694 -0.143709 -0.014936 0.987995 0.135165 -0.169028 -0.131886 0.967350 -0.034129 -0.105052 0.178572 0.977707 -0.034129 -0.105052 0.178572 0.977707 -0.034129 -0.105052 0.178572 0.977707 -0.042483 0.263023 0.099009 0.958755 -0.042483 0.263023 0.099009 0.958755 -0.042483 0.263023 0.099009 0.958755 -0.042483 0.263023 0.099008 0.958755 -0.156883 -0.066033 -0.707504 -0.685905 -0.172355 -0.045035 -0.744687 -0.643200 -0.172372 -0.045054 -0.744686 -0.643196 -0.042483 0.263023 0.099009 0.958755 -0.042483 0.263023 0.099009 0.958755 -0.042483 0.263023 0.099009 0.958755 -0.042483 0.263023 0.099008 0.958755 -0.221516 0.212417 -0.609421 0.731037 -0.353585 0.046343 -0.646001 0.674917 -0.353568 0.046326 -0.646002 0.674926
-0.001664 0.805225 -0.000854 -0.045683 0.264753 0.097970 0.958238 -0.207313 0.524939 -0.092809 0.820273 0.116194 0.620146 0.087062 0.770934 -0.005194 0.379004 -0.130781 0.916092 -0.005194 0.379004 -0.130781 0.916092 -0.005194 0.379004 -0.130781 0.916092 -0.067864 -0.143699 -0.014519 0.987185 0.130747 -0.171596 -0.134548 0.967139 -0.051179 -0.104584 0.179074 0.976921 -0.051178 -0.104583 0.179074 0.976921 -0.051178 -0.104583 0.179074 0.976921 -0.045683 0.264753 0.097971 0.958238 -0.045683 0.264753 0.097971 0.958238 -0.045683 0.264753 0.097971 0.958238 -0.045683 0.264753 0.097971 0.958238 -0.156122 -0.072876 -0.709871 -0.682933 -0.161657 -0.061715 -0.751038 -0.637181 -0.161674 -0.061734 -0.751037 -0.637177 -0.045683 0.264753 0.097971 0.958238 -0.045683 0.264753 0.097971 0.958238 -0.045683 0.264753 0.097971 0.958238 -0.045683 0.264753 0.097971 0.958238 -0.225351 0.216711 -0.609765 0.728313 -0.356579 0.052368 -0.645795 0.673095 -0.356562 0.052351 -0.645796 0.673105
-0.001667 0.803453 -0.000866 -0.046229 0.264419 0.097803 0.958321 -0.208342 0.522114 -0.094480 0.821622 0.119378 0.615631 0.086935 0.774074 0.001906 0.372982 -0.130918 0.918554 0.001906 0.372982 -0.130918 0.918554 0.001906 0.372982 -0.130918 0.918554 -0.069600 -0.144018 -0.015227 0.987007 0.132754 -0.174783 -0.138969 0.965668 -0.059122 -0.106902 0.176331 0.976721 -0.059122 -0.106902 0.176331 0.976721 -0.059122 -0.106902 0.176331 0.976721 -0.046229 0.264419 0.097803 0.958321 -0.046229 0.264419 0.097803 0.958321 -0.046229 0.264419 0.097803 0.958321 -0.046229 0.264419 0.097803 0.958321 -0.155266 -0.064566 -0.706747 -0.687192 -0.161368 -0.052097 -0.749842 -0.639518 -0.161384 -0.052116 -0.749840 -0.639514 -0.046229 0.264419 0.097803 0.958321 -0.046229 0.264419 0.097803 0.958321 -0.046229 0.264419 0.097803 0.958321 -0.046229 0.264419 0.097803 0.958321 -0.225327 0.217074 -0.608908 0.728929 -0.357346 0.051396 -0.644654 0.673857 -0.357329 0.051380 -0.644655 0.673867
-0.001670 0.802196 -0.000876 -0.047774 0.264463 0.097258 0.958289 -0.208152 0.521837 -0.094219 0.821877 0.119876 0.615215 0.087920 0.774216 0.007451 0.372878 -0.123770 0.919558 0.007451 0.372878 -0.123770 0.919558 0.007451 0.372878 -0.123770 0.919558 -0.059213 -0.131181 -0.015592 0.989466 0.136448 -0.158341 -0.135526 0.968474 -0.049478 -0.127624 0.180126 0.974073 -0.049477 -0.127624 0.180126 0.974073 -0.049477 -0.127624 0.180126 0.974073 -0.047773 0.264463 0.097258 0.958289 -0.047773 0.264463 0.097258 0.958289 -0.047773 0.264463 0.097258 0.958289 -0.047773 0.264463 0.097258 0.958289 -0.153224 -0.068158 -0.704796 -0.689304 -0.168182 -0.047263 -0.746659 -0.641857 -0.168199 -0.047282 -0.746658 -0.641853 -0.047773 0.264463 0.097258 0.958289 -0.047773 0.264463 0.097258 0.958289 -0.047773 0.264463 0.097258 0.958289 -0.047773 0.264463 0.097258 0.958289 -0.226439 0.218348 -0.608620 0.728444 -0.359320 0.051529 -0.644422 0.673019 -0.359303 0.051512 -0.644423 0.673028