-0.002275 0.705409 -0.001682 0.133930 -0.469944 0.172128 0.855329 0.186008 -0.483100 -0.136407 0.844635 0.301744 -0.594871 -0.041755 0.743865 0.365941 -0.659537 -0.170042 0.634180 0.365941 -0.659537 -0.170042 0.634180 0.365941 -0.659537 -0.170042 0.634180 -0.065051 -0.507745 -0.076253 0.855657 0.081289 -0.561241 0.013118 0.823547 -0.017725 -0.508192 0.009265 0.861012 -0.017725 -0.508192 0.009265 0.861012 -0.017725 -0.508192 0.009265 0.861012 0.133930 -0.469944 0.172129 0.855329 0.133930 -0.469944 0.172129 0.855329 0.133930 -0.469944 0.172129 0.855329 0.133930 -0.469944 0.172128 0.855329 0.189752 -0.196295 0.000700 0.962009 0.188467 -0.086744 0.022058 0.977992 0.188493 -0.086744 0.022060 0.977987 0.133930 -0.469944 0.172129 0.855329 0.133930 -0.469944 0.172129 0.855329 0.133930 -0.469944 0.172129 0.855329 0.133930 -0.469944 0.172128 0.855329 0.292296 -0.641962 -0.096742 0.702202 0.078292 -0.871012 0.003916 0.484967 0.078304 -0.871012 0.003938 0.484965
-0.002287 0.707673 -0.001682 0.131556 -0.464016 0.172790 0.858793 0.165473 -0.478352 -0.192175 0.840754 0.309800 -0.617941 -0.049244 0.720935 0.371210 -0.680352 -0.211222 0.595575 0.371210 -0.680352 -0.211222 0.595575 0.371210 -0.680352 -0.211222 0.595575 -0.124578 -0.496407 -0.127176 0.849639 0.088080 -0.551925 0.060863 0.826992 -0.076043 -0.493435 0.026416 0.866049 -0.076043 -0.493435 0.026416 0.866049 -0.076043 -0.493435 0.026416 0.866049 0.131556 -0.464016 0.172790 0.858793 0.131556 -0.464016 0.172790 0.858793 0.131556 -0.464016 0.172790 0.858793 0.131556 -0.464016 0.172790 0.858793 0.194272 -0.158618 -0.026135 0.967686 0.191810 -0.058237 0.019896 0.979501 0.191835 -0.058237 0.019897 0.979496 0.131556 -0.464016 0.172790 0.858793 0.131556 -0.464016 0.172790 0.858793 0.131556 -0.464016 0.172790 0.858793 0.131556 -0.464016 0.172790 0.858793 0.327365 -0.610931 -0.180530 0.697858 0.026100 -0.903812 -0.071216 0.421154 0.026111 -0.903814 -0.071192 0.421154
-0.002317 0.712880 -0.001681 0.134662 -0.455031 0.171102 0.863445 0.161381 -0.471140 -0.200429 0.843689 0.314104 -0.613031 -0.046246 0.723459 0.362611 -0.670092 -0.234086 0.603899 0.362611 -0.670092 -0.234086 0.603899 0.362611 -0.670092 -0.234086 0.603899 -0.147840 -0.492614 -0.135251 0.846866 0.086233 -0.541146 0.090913 0.831541 -0.081005 -0.479310 0.063490 0.871590 -0.081005 -0.479310 0.063490 0.871590 -0.081005 -0.479310 0.063490 0.871590 0.134662 -0.455031 0.171103 0.863445 0.134662 -0.455031 0.171103 0.863445 0.134662 -0.455031 0.171103 0.863445 0.134662 -0.455031 0.171103 0.863445 0.195026 -0.148662 -0.027381 0.969079 0.190968 -0.057718 0.029432 0.979456 0.190994 -0.057717 0.029433 0.979451 0.134662 -0.455031 0.171103 0.863445 0.134662 -0.455031 0.171103 0.863445 0.134662 -0.455031 0.171103 0.863445 0.134662 -0.455031 0.171103 0.863445 0.335019 -0.579956 -0.206554 0.713266 0.012033 -0.902596 -0.093640 0.420008 0.012044 -0.902599 -0.093617 0.420008
-0.002391 0.719166 -0.001679 0.141015 -0.437057 0.170512 0.871792 0.175637 -0.457207 -0.203620 0.847734 0.327318 -0.604175 -0.069153 0.723224 0.375885 -0.661179 -0.259181 0.595296 0.375885 -0.661179 -0.259181 0.595296 0.375885 -0.661179 -0.259181 0.595296 -0.161176 -0.484395 -0.135021 0.849208 0.099470 -0.522949 0.095571 0.841128 -0.107586 -0.462712 0.055020 0.878234 -0.107586 -0.462712 0.055020 0.878235 -0.107586 -0.462712 0.055020 0.878235 0.141015 -0.437057 0.170513 0.871792 0.141015 -0.437057 0.170513 0.871792 0.141015 -0.437057 0.170513 0.871792 0.141015 -0.437057 0.170513 0.871792 0.194692 -0.139352 -0.020794 0.970692 0.190078 -0.052113 0.036937 0.979689 0.190103 -0.052112 0.036938 0.979684 0.141015 -0.437057 0.170513 0.871792 0.141015 -0.437057 0.170513 0.871792 0.141015 -0.437057 0.170513 0.871792 0.141015 -0.437057 0.170513 0.871792 0.336349 -0.556541 -0.219086 0.727415 0.013422 -0.896670 -0.111769 0.428147 0.013433 -0.896673 -0.111746 0.428147
-0.002500 0.724997 -0.001679 0.151948 -0.419737 0.168427 0.878843 0.201510 -0.444686 -0.208157 0.847537 0.344390 -0.595063 -0.103318 0.718764 0.404960 -0.662129 -0.254490 0.576912 0.404960 -0.662129 -0.254490 0.576912 0.404960 -0.662129 -0.254490 0.576912 -0.178542 -0.465739 -0.131028 0.856762 0.100897 -0.509351 0.101999 0.848515 -0.120382 -0.455457 0.056465 0.880272 -0.120382 -0.455457 0.056465 0.880272 -0.120382 -0.455457 0.056465 0.880272 0.151948 -0.419737 0.168427 0.878843 0.151948 -0.419737 0.168427 0.878843 0.151948 -0.419737 0.168427 0.878843 0.151948 -0.419737 0.168427 0.878843 0.200286 -0.136665 -0.013347 0.970067 0.194475 -0.048371 0.048873 0.978494 0.194500 -0.048369 0.048874 0.978489 0.151948 -0.419737 0.168427 0.878843 0.151948 -0.419737 0.168427 0.878843 0.151948 -0.419737 0.168427 0.878843 0.151948 -0.419737 0.168427 0.878843 0.338683 -0.540495 -0.225683 0.736360 0.021874 -0.889440 -0.126278 0.438715 0.021886 -0.889444 -0.126255 0.438715
-0.002599 0.729978 -0.001677 0.164605 -0.398823 0.165987 0.886732 0.228262 -0.433017 -0.218102 0.844289 0.348751 -0.594437 -0.138577 0.711206 0.429478 -0.679138 -0.262965 0.534012 0.429478 -0.679138 -0.262965 0.534012 0.429478 -0.679138 -0.262965 0.534012 -0.189938 -0.444703 -0.130238 0.865564 0.105692 -0.489020 0.110659 0.858745 -0.116534 -0.435943 0.071220 0.889551 -0.116534 -0.435943 0.071220 0.889551 -0.116534 -0.435943 0.071220 0.889551 0.164604 -0.398823 0.165987 0.886732 0.164604 -0.398823 0.165987 0.886732 0.164604 -0.398823 0.165987 0.886732 0.164604 -0.398823 0.165987 0.886732 0.207037 -0.138362 -0.003012 0.968495 0.199203 -0.043768 0.066213 0.976739 0.199229 -0.043766 0.066214 0.976733 0.164604 -0.398823 0.165987 0.886732 0.164604 -0.398823 0.165987 0.886732 0.164604 -0.398823 0.165987 0.886732 0.164604 -0.398823 0.165987 0.886732 0.340640 -0.525275 -0.231420 0.744644 0.031986 -0.881007 -0.141453 0.450327 0.031998 -0.881011 -0.141430 0.450326
-0.002660 0.733821 -0.001675 0.175908 -0.375965 0.164218 0.894840 0.245145 -0.421617 -0.223604 0.843886 0.362606 -0.585647 -0.162816 0.706417 0.455386 -0.682006 -0.243787 0.517745 0.455386 -0.682006 -0.243787 0.517745 0.455386 -0.682006 -0.243787 0.517745 -0.198791 -0.432402 -0.130779 0.869717 0.111518 -0.482415 0.116841 0.860923 -0.096700 -0.434261 0.084852 0.891553 -0.096700 -0.434261 0.084852 0.891553 -0.096700 -0.434261 0.084852 0.891553 0.175908 -0.375965 0.164218 0.894840 0.175908 -0.375965 0.164218 0.894840 0.175908 -0.375965 0.164218 0.894840 0.175908 -0.375965 0.164218 0.894840 0.211568 -0.142629 0.011110 0.966836 0.202091 -0.037532 0.079846 0.975385 0.202116 -0.037530 0.079847 0.975379 0.175908 -0.375965 0.164218 0.894840 0.175908 -0.375965 0.164218 0.894840 0.175908 -0.375965 0.164218 0.894840 0.175908 -0.375965 0.164218 0.894840 0.341426 -0.511574 -0.237373 0.751914 0.040449 -0.874714 -0.161579 0.455116 0.040461 -0.874719 -0.161556 0.455115
-0.002687 0.736531 -0.001672 0.187086 -0.355456 0.163794 0.901011 0.253381 -0.403936 -0.230286 0.848294 0.359918 -0.574914 -0.177923 0.712935 0.458798 -0.677641 -0.252498 0.516287 0.458798 -0.677641 -0.252498 0.516287 0.458798 -0.677641 -0.252498 0.516287 -0.204622 -0.423239 -0.131932 0.872693 0.117803 -0.479170 0.121139 0.861303 -0.068529 -0.438540 0.089467 0.891618 -0.068529 -0.438540 0.089467 0.891618 -0.068529 -0.438540 0.089467 0.891618 0.187086 -0.355456 0.163794 0.901011 0.187086 -0.355456 0.163794 0.901011 0.187086 -0.355456 0.163794 0.901011 0.187086 -0.355456 0.163794 0.901011 0.215856 -0.147591 0.028647 0.964781 0.204444 -0.030274 0.093812 0.973902 0.204470 -0.030271 0.093813 0.973897 0.187086 -0.355456 0.163794 0.901011 0.187086 -0.355456 0.163794 0.901011 0.187086 -0.355456 0.163794 0.901011 0.187086 -0.355456 0.163794 0.901011 0.343899 -0.497580 -0.243349 0.758241 0.050641 -0.867340 -0.183524 0.459865 0.050653 -0.867345 -0.183502 0.459864
-0.002695 0.739233 -0.001671 0.200185 -0.339442 0.162303 0.904634 0.256957 -0.391571 -0.231610 0.852644 0.353324 -0.570895 -0.179432 0.719058 0.457928 -0.680970 -0.255659 0.511097 0.457928 -0.680970 -0.255659 0.511097 0.457928 -0.680970 -0.255659 0.511097 -0.207643 -0.415929 -0.133645 0.875229 0.118724 -0.482295 0.124433 0.858960 -0.049367 -0.449323 0.091277 0.887322 -0.049367 -0.449323 0.091277 0.887322 -0.049367 -0.449323 0.091277 0.887322 0.200185 -0.339442 0.162303 0.904634 0.200185 -0.339442 0.162303 0.904634 0.200185 -0.339442 0.162303 0.904634 0.200185 -0.339442 0.162303 0.904634 0.222832 -0.151211 0.045760 0.961970 0.208924 -0.020769 0.108983 0.971618 0.208949 -0.020766 0.108984 0.971613 0.200185 -0.339442 0.162303 0.904634 0.200185 -0.339442 0.162303 0.904634 0.200185 -0.339442 0.162303 0.904634 0.200185 -0.339442 0.162303 0.904634 0.348989 -0.484649 -0.248620 0.762569 0.061300 -0.860103 -0.203858 0.463580 0.061312 -0.860108 -0.203836 0.463579
-0.002698 0.742548 -0.001671 0.214200 -0.335040 0.158637 0.903715 0.255989 -0.379865 -0.227470 0.859319 0.350667 -0.556868 -0.170375 0.733419 0.459284 -0.670145 -0.238774 0.531931 0.459284 -0.670145 -0.238774 0.531931 0.459284 -0.670145 -0.238774 0.531931 -0.205860 -0.415941 -0.135804 0.875313 0.121629 -0.491253 0.124243 0.853487 -0.035593 -0.464466 0.088852 0.880403 -0.035593 -0.464466 0.088852 0.880403 -0.035593 -0.464466 0.088852 0.880403 0.214199 -0.335041 0.158638 0.903715 0.214199 -0.335041 0.158638 0.903715 0.214199 -0.335041 0.158638 0.903715 0.214199 -0.335041 0.158638 0.903715 0.231826 -0.156514 0.061346 0.958121 0.214515 -0.013523 0.126494 0.968401 0.214541 -0.013520 0.126494 0.968395 0.214199 -0.335041 0.158638 0.903715 0.214199 -0.335041 0.158638 0.903715 0.214199 -0.335041 0.158638 0.903715 0.214199 -0.335041 0.158638 0.903715 0.357103 -0.475099 -0.249486 0.764536 0.079470 -0.848612 -0.215219 0.476678 0.079482 -0.848618 -0.215197 0.476676
-0.002693 0.747955 -0.001675 0.234030 -0.332339 0.152161 0.900904 0.249723 -0.375918 -0.223576 0.863909 0.338033 -0.554128 -0.171534 0.741115 0.448529 -0.670613 -0.247702 0.536417 0.448529 -0.670613 -0.247702 0.536417 0.448529 -0.670613 -0.247702 0.536417 -0.201192 -0.413975 -0.137734 0.877027 0.124015 -0.497481 0.123946 0.849571 -0.027929 -0.476164 0.086936 0.874603 -0.027929 -0.476164 0.086936 0.874603 -0.027929 -0.476164 0.086936 0.874603 0.234030 -0.332339 0.152162 0.900904 0.234030 -0.332339 0.152162 0.900904 0.234030 -0.332339 0.152162 0.900904 0.234030 -0.332339 0.152162 0.900904 0.246211 -0.160369 0.076919 0.952757 0.224327 -0.001901 0.147164 0.963336 0.224352 -0.001897 0.147164 0.963330 0.234030 -0.332339 0.152162 0.900904 0.234030 -0.332339 0.152162 0.900904 0.234030 -0.332339 0.152162 0.900904 0.234030 -0.332339 0.152162 0.900904 0.369147 -0.468430 -0.248812 0.763149 0.103536 -0.834420 -0.223286 0.493119 0.103549 -0.834426 -0.223264 0.493116
-0.002682 0.754822 -0.001679 0.248721 -0.331884 0.147915 0.897837 0.235636 -0.370053 -0.211016 0.873503 0.321228 -0.544912 -0.158481 0.758134 0.430447 -0.663474 -0.246437 0.560166 0.430447 -0.663474 -0.246437 0.560166 0.430447 -0.663474 -0.246437 0.560166 -0.198173 -0.411912 -0.138842 0.878509 0.125374 -0.499808 0.124189 0.847969 -0.024482 -0.481581 0.084034 0.872020 -0.024482 -0.481581 0.084034 0.872020 -0.024482 -0.481581 0.084034 0.872020 0.248721 -0.331884 0.147916 0.897837 0.248721 -0.331884 0.147916 0.897837 0.248721 -0.331884 0.147916 0.897837 0.248721 -0.331884 0.147915 0.897837 0.255136 -0.164607 0.093729 0.948169 0.228910 0.005299 0.165293 0.959297 0.228935 0.005303 0.165293 0.959291 0.248721 -0.331884 0.147916 0.897837 0.248721 -0.331884 0.147916 0.897837 0.248721 -0.331884 0.147916 0.897837 0.248721 -0.331884 0.147915 0.897837 0.379212 -0.465369 -0.248855 0.760067 0.128441 -0.818462 -0.232171 0.509627 0.128454 -0.818468 -0.232149 0.509624
-0.002672 0.762719 -0.001679 0.258658 -0.335357 0.145132 0.894186 0.220142 -0.371126 -0.200350 0.879581 0.310120 -0.542643 -0.151908 0.765695 0.416468 -0.660562 -0.250993 0.572026 0.416468 -0.660562 -0.250993 0.572026 0.416468 -0.660562 -0.250993 0.572026 -0.195131 -0.411394 -0.140906 0.879104 0.132177 -0.503243 0.121651 0.845267 -0.018346 -0.486564 0.078501 0.869917 -0.018346 -0.486564 0.078501 0.869917 -0.018346 -0.486564 0.078501 0.869917 0.258658 -0.335357 0.145132 0.894186 0.258658 -0.335357 0.145132 0.894186 0.258658 -0.335357 0.145132 0.894186 0.258658 -0.335357 0.145132 0.894186 0.259519 -0.166423 0.108941 0.945032 0.230751 0.006434 0.177335 0.956695 0.230776 0.006438 0.177335 0.956689 0.258658 -0.335357 0.145132 0.894186 0.258658 -0.335357 0.145132 0.894186 0.258658 -0.335357 0.145132 0.894186 0.258658 -0.335357 0.145132 0.894186 0.387837 -0.464193 -0.250131 0.756004 0.152792 -0.803861 -0.249167 0.518053 0.152805 -0.803867 -0.249146 0.518049
-0.002664 0.769657 -0.001675 0.264746 -0.341063 0.143654 0.890477 0.204876 -0.373634 -0.195431 0.883306 0.303039 -0.543735 -0.144354 0.769208 0.409286 -0.661103 -0.247967 0.577876 0.409286 -0.661103 -0.247967 0.577876 0.409286 -0.661103 -0.247967 0.577876 -0.193819 -0.412000 -0.142828 0.878801 0.138423 -0.505181 0.119206 0.843458 -0.014718 -0.490733 0.073013 0.868121 -0.014718 -0.490733 0.073013 0.868121 -0.014718 -0.490733 0.073013 0.868121 0.264746 -0.341064 0.143654 0.890477 0.264746 -0.341064 0.143654 0.890477 0.264746 -0.341064 0.143654 0.890477 0.264746 -0.341064 0.143654 0.890477 0.259856 -0.162446 0.122693 0.943945 0.229569 0.006374 0.188583 0.954827 0.229594 0.006379 0.188583 0.954821 0.264746 -0.341064 0.143654 0.890477 0.264746 -0.341064 0.143654 0.890477 0.264746 -0.341064 0.143654 0.890477 0.264746 -0.341064 0.143654 0.890477 0.395272 -0.465218 -0.253617 0.750340 0.179632 -0.788217 -0.279146 0.518192 0.179645 -0.788225 -0.279126 0.518188
-0.002661 0.774908 -0.001671 0.267772 -0.348722 0.143090 0.886688 0.194070 -0.376191 -0.193661 0.885049 0.303821 -0.543983 -0.140797 0.769384 0.410287 -0.660437 -0.244712 0.579313 0.410287 -0.660437 -0.244712 0.579313 0.410287 -0.660437 -0.244712 0.579313 -0.193159 -0.413213 -0.143147 0.878324 0.143350 -0.504836 0.118624 0.842923 -0.015203 -0.492725 0.067495 0.867431 -0.015203 -0.492725 0.067495 0.867431 -0.015203 -0.492725 0.067495 0.867431 0.267772 -0.348723 0.143090 0.886688 0.267772 -0.348723 0.143090 0.886688 0.267772 -0.348723 0.143090 0.886688 0.267772 -0.348723 0.143090 0.886688 0.259479 -0.158579 0.129959 0.943734 0.229565 0.001148 0.193619 0.953840 0.229590 0.001153 0.193619 0.953834 0.267772 -0.348723 0.143090 0.886688 0.267772 -0.348723 0.143090 0.886688 0.267772 -0.348723 0.143090 0.886688 0.267772 -0.348723 0.143090 0.886688 0.401407 -0.466157 -0.257078 0.745306 0.204506 -0.771410 -0.304765 0.519830 0.204519 -0.771418 -0.304745 0.519824
-0.002692 0.778056 -0.001661 0.256625 -0.374927 0.149518 0.878190 0.180450 -0.392303 -0.194392 0.880766 0.290423 -0.554371 -0.134467 0.768274 0.398414 -0.670690 -0.236512 0.579227 0.398414 -0.670690 -0.236512 0.579227 0.398414 -0.670690 -0.236512 0.579227 -0.193909 -0.428722 -0.139726 0.871248 0.143455 -0.511449 0.122061 0.838416 -0.026244 -0.496259 0.068031 0.865107 -0.026244 -0.496259 0.068031 0.865107 -0.026244 -0.496259 0.068031 0.865107 0.256625 -0.374927 0.149519 0.878190 0.256625 -0.374927 0.149519 0.878190 0.256625 -0.374927 0.149519 0.878190 0.256625 -0.374927 0.149518 0.878190 0.246475 -0.160218 0.134309 0.946331 0.216875 -0.016242 0.201759 0.954984 0.216900 -0.016237 0.201759 0.954979 0.256625 -0.374927 0.149519 0.878190 0.256625 -0.374927 0.149519 0.878190 0.256625 -0.374927 0.149519 0.878190 0.256625 -0.374927 0.149518 0.878190 0.408427 -0.467518 -0.265260 0.737734 0.236939 -0.742398 -0.329361 0.533129 0.236953 -0.742407 -0.329341 0.533123
-0.002755 0.779679 -0.001641 0.242984 -0.404875 0.157375 0.867334 0.172814 -0.404626 -0.189067 0.877876 0.292328 -0.550924 -0.138028 0.769400 0.390389 -0.662002 -0.246842 0.590271 0.390389 -0.662002 -0.246842 0.590271 0.390389 -0.662002 -0.246842 0.590271 -0.191362 -0.447209 -0.134844 0.863251 0.147128 -0.518615 0.125200 0.832896 -0.038894 -0.499041 0.072175 0.862691 -0.038894 -0.499041 0.072175 0.862691 -0.038894 -0.499041 0.072175 0.862691 0.242983 -0.404875 0.157375 0.867334 0.242983 -0.404875 0.157375 0.867334 0.242983 -0.404875 0.157375 0.867334 0.242983 -0.404875 0.157375 0.867334 0.231319 -0.162168 0.137269 0.949394 0.202581 -0.034954 0.207741 0.956338 0.202605 -0.034949 0.207742 0.956333 0.242983 -0.404875 0.157375 0.867334 0.242983 -0.404875 0.157375 0.867334 0.242983 -0.404875 0.157375 0.867334 0.242983 -0.404875 0.157375 0.867334 0.415424 -0.472338 -0.268508 0.729536 0.264763 -0.718464 -0.333789 0.549814 0.264777 -0.718473 -0.333770 0.549807
-0.002838 0.780419 -0.001613 0.232844 -0.432158 0.164358 0.855576 0.169331 -0.411504 -0.191467 0.874832 0.287867 -0.548223 -0.136160 0.773333 0.381712 -0.657964 -0.251254 0.598540 0.381712 -0.657964 -0.251254 0.598540 0.381712 -0.657964 -0.251254 0.598540 -0.191175 -0.464784 -0.125235 0.855420 0.148514 -0.524774 0.129591 0.828107 -0.053289 -0.502476 0.075538 0.859635 -0.053289 -0.502476 0.075538 0.859635 -0.053289 -0.502476 0.075538 0.859635 0.232844 -0.432158 0.164358 0.855576 0.232844 -0.432158 0.164358 0.855576 0.232844 -0.432158 0.164358 0.855576 0.232844 -0.432158 0.164358 0.855576 0.220258 -0.166748 0.139682 0.950879 0.191310 -0.055711 0.217776 0.955442 0.191335 -0.055706 0.217778 0.955437 0.232844 -0.432158 0.164358 0.855576 0.232844 -0.432158 0.164358 0.855576 0.232844 -0.432158 0.164358 0.855576 0.232844 -0.432158 0.164358 0.855576 0.424786 -0.476666 -0.271722 0.720079 0.285845 -0.702237 -0.332025 0.561174 0.285859 -0.702245 -0.332007 0.561166
-0.002910 0.780721 -0.001584 0.228110 -0.446464 0.169947 0.848383 0.159856 -0.386947 -0.183186 0.889473 0.276488 -0.528711 -0.124173 0.792843 0.366327 -0.648426 -0.259998 0.614613 0.366327 -0.648426 -0.259998 0.614613 0.366327 -0.648426 -0.259998 0.614613 -0.191022 -0.475797 -0.119699 0.850176 0.148135 -0.529836 0.133915 0.824255 -0.061254 -0.507800 0.076564 0.855877 -0.061254 -0.507800 0.076564 0.855877 -0.061254 -0.507800 0.076564 0.855877 0.228110 -0.446464 0.169948 0.848383 0.228110 -0.446464 0.169948 0.848383 0.228110 -0.446464 0.169948 0.848383 0.228110 -0.446464 0.169948 0.848383 0.215452 -0.170179 0.141328 0.951129 0.186543 -0.072758 0.225058 0.953550 0.186568 -0.072752 0.225060 0.953545 0.228110 -0.446464 0.169948 0.848383 0.228110 -0.446464 0.169948 0.848383 0.228110 -0.446464 0.169948 0.848383 0.228110 -0.446464 0.169948 0.848383 0.433237 -0.478443 -0.277558 0.711590 0.299865 -0.692924 -0.340645 0.560267 0.299879 -0.692933 -0.340627 0.560259
-0.002949 0.780858 -0.001535 0.215851 -0.467874 0.181420 0.837609 0.144417 -0.403452 -0.179235 0.885576 0.267955 -0.540061 -0.111964 0.789936 0.360944 -0.657063 -0.242168 0.615907 0.360944 -0.657063 -0.242168 0.615907 0.360944 -0.657063 -0.242168 0.615907 -0.193743 -0.494026 -0.116192 0.839584 0.145495 -0.542545 0.134475 0.816329 -0.068563 -0.518722 0.071113 0.849217 -0.068563 -0.518722 0.071113 0.849217 -0.068563 -0.518722 0.071113 0.849217 0.215851 -0.467874 0.181420 0.837609 0.215851 -0.467874 0.181420 0.837609 0.215851 -0.467874 0.181420 0.837609 0.215851 -0.467874 0.181420 0.837609 0.205387 -0.183761 0.142163 0.950704 0.175197 -0.097013 0.232434 0.951771 0.175222 -0.097007 0.232437 0.951767 0.215851 -0.467874 0.181420 0.837609 0.215851 -0.467874 0.181420 0.837609 0.215851 -0.467874 0.181420 0.837609 0.215851 -0.467874 0.181420 0.837609 0.443017 -0.482591 -0.282744 0.700641 0.319926 -0.682173 -0.357765 0.551626 0.319940 -0.682182 -0.357747 0.551618
-0.002956 0.780869 -0.001480 0.206446 -0.482916 0.191742 0.829100 0.110662 -0.407885 -0.168915 0.890422 0.239356 -0.539089 -0.101684 0.801095 0.325915 -0.658249 -0.239903 0.634771 0.325915 -0.658249 -0.239903 0.634771 0.325915 -0.658249 -0.239903 0.634771 -0.195165 -0.510374 -0.115157 0.829559 0.145222 -0.552662 0.135398 0.809409 -0.071297 -0.527391 0.070233 0.843708 -0.071297 -0.527391 0.070233 0.843708 -0.071297 -0.527391 0.070233 0.843708 0.206446 -0.482916 0.191743 0.829100 0.206446 -0.482916 0.191743 0.829100 0.206446 -0.482916 0.191743 0.829100 0.206446 -0.482916 0.191743 0.829100 0.199516 -0.200120 0.142444 0.948607 0.166982 -0.119559 0.239610 0.948899 0.167007 -0.119553 0.239613 0.948895 0.206446 -0.482916 0.191743 0.829100 0.206446 -0.482916 0.191743 0.829100 0.206446 -0.482916 0.191743 0.829100 0.206446 -0.482916 0.191743 0.829100 0.452647 -0.486950 -0.289389 0.688654 0.337185 -0.673886 -0.376169 0.539148 0.337199 -0.673896 -0.376152 0.539139
-0.002943 0.780934 -0.001429 0.200754 -0.492200 0.198897 0.823333 0.092205 -0.419272 -0.164220 0.888111 0.232126 -0.546098 -0.091389 0.799714 0.323238 -0.666386 -0.231115 0.630899 0.323238 -0.666386 -0.231115 0.630899 0.323238 -0.666386 -0.231115 0.630899 -0.198424 -0.515618 -0.117290 0.825232 0.143874 -0.556900 0.135598 0.806707 -0.069241 -0.530894 0.071201 0.841598 -0.069241 -0.530894 0.071201 0.841598 -0.069241 -0.530894 0.071201 0.841598 0.200754 -0.492200 0.198897 0.823333 0.200754 -0.492200 0.198897 0.823333 0.200754 -0.492200 0.198897 0.823333 0.200754 -0.492200 0.198897 0.823333 0.197620 -0.214983 0.142068 0.945804 0.162513 -0.137324 0.245226 0.945831 0.162538 -0.137318 0.245229 0.945827 0.200754 -0.492200 0.198897 0.823333 0.200754 -0.492200 0.198897 0.823333 0.200754 -0.492200 0.198897 0.823333 0.200754 -0.492200 0.198897 0.823333 0.461378 -0.493015 -0.297203 0.675083 0.352151 -0.667603 -0.393462 0.524866 0.352165 -0.667613 -0.393444 0.524857
-0.002924 0.781357 -0.001388 0.200497 -0.502375 0.200003 0.816957 0.081186 -0.418117 -0.164239 0.889726 0.222993 -0.539076 -0.088098 0.807409 0.300805 -0.659827 -0.233987 0.647607 0.300805 -0.659827 -0.233987 0.647607 0.300805 -0.659827 -0.233987 0.647607 -0.196658 -0.525797 -0.116825 0.819277 0.142848 -0.564459 0.137993 0.801211 -0.066790 -0.537457 0.073696 0.837406 -0.066790 -0.537457 0.073696 0.837406 -0.066790 -0.537457 0.073696 0.837406 0.200497 -0.502375 0.200003 0.816957 0.200497 -0.502375 0.200003 0.816957 0.200497 -0.502375 0.200003 0.816957 0.200497 -0.502375 0.200003 0.816957 0.199962 -0.228630 0.141849 0.942137 0.162485 -0.151820 0.249047 0.942616 0.162510 -0.151814 0.249051 0.942612 0.200497 -0.502375 0.200003 0.816957 0.200497 -0.502375 0.200003 0.816957 0.200497 -0.502375 0.200003 0.816957 0.200497 -0.502375 0.200003 0.816957 0.469294 -0.501837 -0.299105 0.662162 0.363352 -0.667682 -0.394804 0.516048 0.363366 -0.667693 -0.394786 0.516038
-0.002910 0.781880 -0.001371 0.213855 -0.522626 0.188221 0.803555 0.079193 -0.432202 -0.172345 0.881605 0.217814 -0.554262 -0.102194 0.796810 0.291968 -0.674671 -0.253173 0.628870 0.291968 -0.674671 -0.253173 0.628870 0.291968 -0.674671 -0.253173 0.628870 -0.187455 -0.541925 -0.115005 0.811142 0.143040 -0.575553 0.138472 0.793160 -0.064615 -0.545376 0.075694 0.832262 -0.064615 -0.545376 0.075694 0.832262 -0.064615 -0.545376 0.075694 0.832262 0.213855 -0.522626 0.188222 0.803555 0.213855 -0.522626 0.188222 0.803555 0.213855 -0.522626 0.188222 0.803555 0.213855 -0.522626 0.188222 0.803555 0.213141 -0.247018 0.143566 0.934314 0.172241 -0.161655 0.252183 0.938405 0.172266 -0.161649 0.252187 0.938401 0.213855 -0.522626 0.188222 0.803555 0.213855 -0.522626 0.188222 0.803555 0.213855 -0.522626 0.188222 0.803555 0.213855 -0.522626 0.188222 0.803555 0.485646 -0.513335 -0.299513 0.641036 0.380569 -0.671307 -0.396314 0.497443 0.380582 -0.671317 -0.396296 0.497433
-0.002907 0.782963 -0.001374 0.234223 -0.557507 0.165152 0.779135 0.081163 -0.453448 -0.190234 0.866953 0.219059 -0.583983 -0.126138 0.771405 0.286709 -0.706539 -0.269041 0.588402 0.286709 -0.706539 -0.269041 0.588402 0.286709 -0.706539 -0.269041 0.588402 -0.180528 -0.551988 -0.116641 0.805676 0.137221 -0.580942 0.132742 0.791237 -0.074033 -0.543279 0.071702 0.833202 -0.074033 -0.543279 0.071702 0.833202 -0.074033 -0.543279 0.071702 0.833202 0.234223 -0.557507 0.165153 0.779134 0.234223 -0.557507 0.165153 0.779134 0.234223 -0.557507 0.165153 0.779134 0.234223 -0.557507 0.165153 0.779134 0.231523 -0.269893 0.144347 0.923428 0.184857 -0.163650 0.256639 0.934442 0.184881 -0.163644 0.256644 0.934438 0.234223 -0.557507 0.165153 0.779134 0.234223 -0.557507 0.165153 0.779134 0.234223 -0.557507 0.165153 0.779134 0.234223 -0.557507 0.165153 0.779134 0.505705 -0.530063 -0.291257 0.615195 0.397407 -0.684403 -0.382042 0.477184 0.397420 -0.684413 -0.382024 0.477173
-0.002902 0.787352 -0.001376 0.262096 -0.601336 0.129247 0.743637 0.124286 -0.457599 -0.284273 0.833273 0.270669 -0.595516 -0.266430 0.707894 0.316552 -0.701311 -0.416555 0.484189 0.316552 -0.701311 -0.416555 0.484189 0.316552 -0.701311 -0.416555 0.484189 -0.168725 -0.568828 -0.113856 0.796871 0.145455 -0.601985 0.133678 0.773684 -0.065714 -0.569399 0.062262 0.817062 -0.065714 -0.569399 0.062262 0.817062 -0.065714 -0.569399 0.062262 0.817062 0.262096 -0.601336 0.129248 0.743637 0.262096 -0.601336 0.129248 0.743637 0.262096 -0.601336 0.129248 0.743637 0.262096 -0.601336 0.129247 0.743637 0.255365 -0.291120 0.143712 0.910706 0.203489 -0.175302 0.262851 0.926699 0.203513 -0.175295 0.262856 0.926694 0.262096 -0.601336 0.129248 0.743637 0.262096 -0.601336 0.129248 0.743637 0.262096 -0.601336 0.129248 0.743637 0.262096 -0.601336 0.129247 0.743637 0.527849 -0.551149 -0.280569 0.582144 0.416876 -0.699695 -0.363069 0.452573 0.416888 -0.699705 -0.363050 0.452562
-0.002899 0.792745 -0.001363 0.282140 -0.648175 0.095213 0.700857 0.174899 -0.464247 -0.394211 0.773617 0.270882 -0.636014 -0.335243 0.640095 0.327095 -0.751090 -0.424467 0.385618 0.327095 -0.751090 -0.424467 0.385618 0.327095 -0.751090 -0.424467 0.385618 -0.164747 -0.582395 -0.108728 0.788577 0.150025 -0.616091 0.127290 0.762707 -0.063378 -0.588145 0.040794 0.805236 -0.063378 -0.588145 0.040794 0.805236 -0.063378 -0.588145 0.040794 0.805236 0.282139 -0.648176 0.095213 0.700857 0.282139 -0.648176 0.095213 0.700857 0.282139 -0.648176 0.095213 0.700857 0.282139 -0.648176 0.095213 0.700857 0.272789 -0.312039 0.142149 0.898894 0.217254 -0.205486 0.268317 0.915741 0.217278 -0.205479 0.268322 0.915736 0.282139 -0.648176 0.095213 0.700857 0.282139 -0.648176 0.095213 0.700857 0.282139 -0.648176 0.095213 0.700857 0.282139 -0.648176 0.095213 0.700857 0.553265 -0.564397 -0.277590 0.546166 0.443312 -0.703121 -0.357093 0.426123 0.443323 -0.703130 -0.357074 0.426111
-0.002926 0.797481 -0.001367 0.290915 -0.687391 0.069091 0.661882 0.194664 -0.484786 -0.451038 0.723639 0.246174 -0.686377 -0.354011 0.585629 0.318997 -0.815611 -0.354950 0.327154 0.318997 -0.815611 -0.354950 0.327154 0.318997 -0.815611 -0.354950 0.327154 -0.168339 -0.598000 -0.101246 0.777051 0.155226 -0.636574 0.120828 0.745707 -0.049413 -0.621303 0.021500 0.781715 -0.049413 -0.621303 0.021500 0.781715 -0.049413 -0.621303 0.021500 0.781715 0.290915 -0.687391 0.069091 0.661882 0.290915 -0.687391 0.069091 0.661882 0.290915 -0.687391 0.069091 0.661882 0.290915 -0.687391 0.069091 0.661882 0.279861 -0.336017 0.140247 0.888314 0.221475 -0.231442 0.267879 0.908639 0.221499 -0.231435 0.267885 0.908633 0.290915 -0.687391 0.069091 0.661882 0.290915 -0.687391 0.069091 0.661882 0.290915 -0.687391 0.069091 0.661882 0.290915 -0.687391 0.069091 0.661882 0.570671 -0.576995 -0.272823 0.516701 0.459799 -0.710343 -0.351203 0.400816 0.459810 -0.710353 -0.351184 0.400804
-0.002956 0.801063 -0.001378 0.292186 -0.726734 0.045321 0.620025 0.197675 -0.512904 -0.472541 0.688883 0.236161 -0.714345 -0.370721 0.544523 0.314432 -0.851314 -0.306887 0.286736 0.314432 -0.851314 -0.306887 0.286736 0.314432 -0.851314 -0.306887 0.286736 -0.175139 -0.622152 -0.091192 0.757586 0.161690 -0.666272 0.110433 0.719543 -0.030542 -0.660087 -0.005034 0.750551 -0.030542 -0.660087 -0.005034 0.750551 -0.030542 -0.660087 -0.005034 0.750551 0.292186 -0.726734 0.045322 0.620025 0.292186 -0.726734 0.045322 0.620025 0.292186 -0.726734 0.045322 0.620025 0.292186 -0.726734 0.045322 0.620025 0.281084 -0.360529 0.136046 0.878921 0.219957 -0.254365 0.264455 0.903870 0.219981 -0.254359 0.264462 0.903864 0.292186 -0.726734 0.045322 0.620025 0.292186 -0.726734 0.045322 0.620025 0.292186 -0.726734 0.045322 0.620025 0.292186 -0.726734 0.045322 0.620025 0.582931 -0.594532 -0.264663 0.486495 0.472796 -0.721279 -0.342768 0.372466 0.472805 -0.721288 -0.342749 0.372454
-0.002918 0.803280 -0.001393 0.289051 -0.765510 0.023352 0.574367 0.191182 -0.544581 -0.458440 0.675806 0.224610 -0.734004 -0.364340 0.527300 0.307090 -0.871679 -0.280177 0.259562 0.307090 -0.871679 -0.280177 0.259562 0.307090 -0.871679 -0.280177 0.259562 -0.181800 -0.641669 -0.082885 0.740500 0.161012 -0.684908 0.103499 0.703039 -0.017956 -0.682830 -0.013241 0.730237 -0.017956 -0.682830 -0.013241 0.730237 -0.017956 -0.682830 -0.013241 0.730237 0.289051 -0.765511 0.023352 0.574367 0.289051 -0.765511 0.023352 0.574367 0.289051 -0.765511 0.023352 0.574367 0.289051 -0.765511 0.023352 0.574367 0.281151 -0.382496 0.129440 0.870572 0.216636 -0.272528 0.260977 0.900382 0.216659 -0.272521 0.260984 0.900377 0.289051 -0.765511 0.023352 0.574367 0.289051 -0.765511 0.023352 0.574367 0.289051 -0.765511 0.023352 0.574367 0.289051 -0.765511 0.023352 0.574367 0.590159 -0.616040 -0.251379 0.457182 0.479445 -0.737903 -0.325504 0.345946 0.479454 -0.737911 -0.325485 0.345934
-0.002851 0.804562 -0.001385 0.282988 -0.802700 0.008266 0.524902 0.167622 -0.582097 -0.414764 0.678996 0.219400 -0.742371 -0.349282 0.527969 0.301965 -0.879898 -0.246708 0.271537 0.301965 -0.879898 -0.246708 0.271537 0.301965 -0.879898 -0.246708 0.271537 -0.181090 -0.659037 -0.076677 0.725946 0.160790 -0.694311 0.097933 0.694614 -0.012191 -0.686811 -0.014883 0.726582 -0.012191 -0.686811 -0.014883 0.726582 -0.012191 -0.686811 -0.014883 0.726582 0.282988 -0.802700 0.008266 0.524902 0.282988 -0.802700 0.008266 0.524902 0.282988 -0.802700 0.008266 0.524902 0.282988 -0.802700 0.008266 0.524902 0.279969 -0.401678 0.125267 0.862891 0.218196 -0.282465 0.247228 0.900823 0.218220 -0.282459 0.247235 0.900817 0.282988 -0.802700 0.008266 0.524902 0.282988 -0.802700 0.008266 0.524902 0.282988 -0.802700 0.008266 0.524902 0.282988 -0.802700 0.008266 0.524902 0.595642 -0.638235 -0.231614 0.429211 0.485934 -0.755262 -0.306283 0.315654 0.485942 -0.755270 -0.306263 0.315642
-0.002766 0.805264 -0.001325 0.272703 -0.836432 0.000113 0.475410 0.138097 -0.624680 -0.365124 0.676305 0.197075 -0.755720 -0.321259 0.535575 0.282070 -0.884976 -0.221142 0.297238 0.282070 -0.884976 -0.221142 0.297238 0.282070 -0.884976 -0.221142 0.297238 -0.175234 -0.674354 -0.069233 0.713965 0.159642 -0.698082 0.097167 0.691198 -0.016198 -0.684056 -0.009468 0.729188 -0.016198 -0.684056 -0.009468 0.729188 -0.016198 -0.684056 -0.009468 0.729188 0.272703 -0.836432 0.000113 0.475410 0.272703 -0.836432 0.000113 0.475410 0.272703 -0.836432 0.000113 0.475410 0.272703 -0.836432 0.000113 0.475410 0.284234 -0.417998 0.117208 0.854839 0.222586 -0.289826 0.237985 0.899900 0.222609 -0.289819 0.237992 0.899894 0.272703 -0.836432 0.000113 0.475410 0.272703 -0.836432 0.000113 0.475410 0.272703 -0.836432 0.000113 0.475410 0.272703 -0.836432 0.000113 0.475410 0.593961 -0.663465 -0.205085 0.406157 0.493138 -0.770691 -0.279700 0.290891 0.493146 -0.770699 -0.279680 0.290878
-0.002647 0.805537 -0.001209 0.258904 -0.868254 -0.000006 0.423206 0.109128 -0.663197 -0.325752 0.664941 0.168937 -0.767681 -0.297921 0.541636 0.253627 -0.887355 -0.203228 0.327068 0.253627 -0.887355 -0.203228 0.327068 0.253627 -0.887355 -0.203228 0.327068 -0.160430 -0.694917 -0.064241 0.698016 0.155927 -0.695339 0.097858 0.694705 -0.033541 -0.667008 0.001249 0.744294 -0.033541 -0.667008 0.001249 0.744294 -0.033541 -0.667008 0.001249 0.744294 0.258904 -0.868254 -0.000005 0.423206 0.258904 -0.868254 -0.000005 0.423206 0.258904 -0.868254 -0.000005 0.423206 0.258904 -0.868254 -0.000005 0.423206 0.294302 -0.431067 0.108818 0.846006 0.234290 -0.300887 0.227813 0.895922 0.234314 -0.300881 0.227821 0.895916 0.258904 -0.868254 -0.000005 0.423206 0.258904 -0.868254 -0.000005 0.423206 0.258904 -0.868254 -0.000005 0.423206 0.258904 -0.868254 -0.000005 0.423206 0.588820 -0.687377 -0.170908 0.389351 0.500747 -0.784334 -0.247492 0.269853 0.500754 -0.784340 -0.247472 0.269840
-0.002540 0.805662 -0.001083 0.248939 -0.886861 0.002737 0.389230 0.097991 -0.689352 -0.295794 0.653986 0.158003 -0.778427 -0.286680 0.535632 0.234120 -0.887443 -0.215928 0.333177 0.234120 -0.887443 -0.215928 0.333177 0.234120 -0.887443 -0.215928 0.333177 -0.142830 -0.709722 -0.060388 0.687203 0.153200 -0.689194 0.099474 0.701175 -0.047263 -0.648055 0.017438 0.759925 -0.047263 -0.648055 0.017438 0.759925 -0.047263 -0.648055 0.017438 0.759925 0.248938 -0.886861 0.002737 0.389230 0.248938 -0.886861 0.002737 0.389230 0.248938 -0.886861 0.002737 0.389230 0.248938 -0.886861 0.002737 0.389230 0.304347 -0.438105 0.103420 0.839489 0.246410 -0.310389 0.220282 0.891300 0.246433 -0.310383 0.220291 0.891294 0.248938 -0.886861 0.002737 0.389230 0.248938 -0.886861 0.002737 0.389230 0.248938 -0.886861 0.002737 0.389230 0.248938 -0.886861 0.002737 0.389230 0.580972 -0.708663 -0.148430 0.371802 0.501124 -0.797242 -0.223843 0.251345 0.501130 -0.797248 -0.223822 0.251332
-0.002473 0.806288 -0.000971 0.241293 -0.893718 0.007374 0.378143 0.085650 -0.698576 -0.262043 0.660295 0.152866 -0.782275 -0.257075 0.546434 0.222753 -0.883348 -0.211676 0.353935 0.222753 -0.883348 -0.211676 0.353935 0.222753 -0.883348 -0.211676 0.353935 -0.128528 -0.714071 -0.055133 0.685962 0.152606 -0.683457 0.103251 0.706355 -0.055545 -0.633264 0.027425 0.771453 -0.055545 -0.633264 0.027425 0.771453 -0.055545 -0.633264 0.027425 0.771453 0.241292 -0.893718 0.007374 0.378143 0.241292 -0.893718 0.007374 0.378143 0.241292 -0.893718 0.007374 0.378143 0.241292 -0.893718 0.007374 0.378143 0.300165 -0.442550 0.103087 0.838704 0.246865 -0.323300 0.210413 0.888966 0.246888 -0.323295 0.210422 0.888960 0.241292 -0.893718 0.007374 0.378143 0.241292 -0.893718 0.007374 0.378143 0.241292 -0.893718 0.007374 0.378143 0.241292 -0.893718 0.007374 0.378143 0.571879 -0.724423 -0.139089 0.358915 0.495207 -0.808456 -0.216969 0.232580 0.495213 -0.808462 -0.216948 0.232567
-0.002396 0.806831 -0.000835 0.233029 -0.907967 0.009214 0.348150 0.075016 -0.717716 -0.239721 0.649454 0.137128 -0.796195 -0.249609 0.533821 0.206648 -0.891377 -0.218756 0.338953 0.206648 -0.891377 -0.218756 0.338953 0.206648 -0.891377 -0.218756 0.338953 -0.111184 -0.729177 -0.053927 0.673076 0.156873 -0.688246 0.107571 0.700098 -0.053384 -0.629704 0.038826 0.774026 -0.053384 -0.629704 0.038826 0.774026 -0.053384 -0.629704 0.038826 0.774026 0.233028 -0.907967 0.009214 0.348150 0.233028 -0.907967 0.009214 0.348150 0.233028 -0.907967 0.009214 0.348150 0.233028 -0.907967 0.009214 0.348150 0.290710 -0.458411 0.106973 0.833009 0.244424 -0.339346 0.197322 0.886659 0.244447 -0.339341 0.197331 0.886653 0.233028 -0.907967 0.009214 0.348150 0.233028 -0.907967 0.009214 0.348150 0.233028 -0.907967 0.009214 0.348150 0.233028 -0.907967 0.009214 0.348150 0.566612 -0.744970 -0.125247 0.329064 0.495940 -0.819754 -0.203784 0.201293 0.495945 -0.819759 -0.203762 0.201280
-0.002368 0.806862 -0.000693 0.226904 -0.920273 0.007683 0.318673 0.069449 -0.740034 -0.229907 0.628227 0.129569 -0.807013 -0.261756 0.513250 0.187165 -0.897026 -0.242163 0.318859 0.187165 -0.897026 -0.242163 0.318859 0.187165 -0.897026 -0.242163 0.318859 -0.096972 -0.744104 -0.053123 0.658850 0.155183 -0.696018 0.109466 0.692456 -0.064964 -0.630697 0.035281 0.772500 -0.064964 -0.630697 0.035281 0.772500 -0.064964 -0.630697 0.035281 0.772500 0.226903 -0.920273 0.007683 0.318673 0.226903 -0.920273 0.007683 0.318673 0.226903 -0.920273 0.007683 0.318673 0.226903 -0.920273 0.007683 0.318673 0.276679 -0.477488 0.111933 0.826393 0.237659 -0.355857 0.184758 0.884731 0.237682 -0.355852 0.184767 0.884725 0.226903 -0.920273 0.007683 0.318673 0.226903 -0.920273 0.007683 0.318673 0.226903 -0.920273 0.007683 0.318673 0.226903 -0.920273 0.007683 0.318673 0.557972 -0.764599 -0.112270 0.302408 0.493617 -0.830397 -0.186999 0.178365 0.493622 -0.830402 -0.186978 0.178353
-0.002388 0.806577 -0.000551 0.224481 -0.931174 0.005337 0.287219 0.076083 -0.759702 -0.238021 0.600342 0.123022 -0.814277 -0.301382 0.480612 0.171833 -0.902827 -0.276454 0.280981 0.171833 -0.902827 -0.276454 0.280981 0.171833 -0.902827 -0.276454 0.280981 -0.082078 -0.758880 -0.057088 0.643510 0.160887 -0.705878 0.105752 0.681666 -0.065254 -0.633949 0.032102 0.769948 -0.065254 -0.633949 0.032102 0.769948 -0.065254 -0.633949 0.032102 0.769948 0.224481 -0.931174 0.005337 0.287219 0.224481 -0.931174 0.005337 0.287219 0.224481 -0.931174 0.005337 0.287219 0.224481 -0.931174 0.005337 0.287219 0.234214 -0.498205 0.129433 0.824732 0.191313 -0.369811 0.196683 0.887669 0.191336 -0.369805 0.196692 0.887664 0.224481 -0.931174 0.005337 0.287219 0.224481 -0.931174 0.005337 0.287219 0.224481 -0.931174 0.005337 0.287219 0.224481 -0.931174 0.005337 0.287219 0.550355 -0.782289 -0.099116 0.274425 0.491205 -0.840339 -0.172886 0.150528 0.491209 -0.840344 -0.172864 0.150515
-0.002427 0.805537 -0.000424 0.224329 -0.938939 0.002637 0.260889 0.079440 -0.772420 -0.266170 0.571149 0.120181 -0.823956 -0.331572 0.443524 0.164395 -0.911053 -0.298369 0.232236 0.164395 -0.911053 -0.298369 0.232236 0.164395 -0.911053 -0.298369 0.232236 -0.072966 -0.771900 -0.061964 0.628496 0.168489 -0.716406 0.104248 0.668959 -0.063607 -0.643890 0.026429 0.762012 -0.063607 -0.643890 0.026429 0.762012 -0.063607 -0.643890 0.026429 0.762012 0.224328 -0.938939 0.002638 0.260889 0.224328 -0.938939 0.002638 0.260889 0.224328 -0.938939 0.002638 0.260889 0.224328 -0.938939 0.002637 0.260889 0.231479 -0.545306 0.127278 0.795524 0.199982 -0.397108 0.173932 0.878669 0.200005 -0.397104 0.173942 0.878664 0.224328 -0.938939 0.002638 0.260889 0.224328 -0.938939 0.002638 0.260889 0.224328 -0.938939 0.002638 0.260889 0.224328 -0.938939 0.002637 0.260889 0.544481 -0.798134 -0.091425 0.241173 0.486914 -0.849780 -0.165662 0.115525 0.486917 -0.849784 -0.165640 0.115512
-0.002473 0.802942 -0.000318 0.224712 -0.944034 0.000178 0.241464 0.079522 -0.784809 -0.293247 0.540146 0.100164 -0.836790 -0.359434 0.400697 0.143366 -0.919649 -0.325017 0.167500 0.143366 -0.919649 -0.325017 0.167500 0.143366 -0.919649 -0.325017 0.167500 -0.073088 -0.780586 -0.066694 0.617168 0.175250 -0.724548 0.104995 0.658250 -0.068782 -0.652004 0.019420 0.754839 -0.068782 -0.652004 0.019420 0.754839 -0.068782 -0.652004 0.019420 0.754839 0.224712 -0.944034 0.000179 0.241464 0.224712 -0.944034 0.000179 0.241464 0.224712 -0.944034 0.000179 0.241464 0.224712 -0.944034 0.000179 0.241464 0.212497 -0.612972 0.124466 0.750746 0.193028 -0.437004 0.152261 0.865208 0.193050 -0.437000 0.152272 0.865203 0.224712 -0.944034 0.000179 0.241464 0.224712 -0.944034 0.000179 0.241464 0.224712 -0.944034 0.000179 0.241464 0.224712 -0.944034 0.000179 0.241464 0.528043 -0.815060 -0.081579 0.224039 0.456352 -0.871618 -0.142811 0.107845 0.456355 -0.871621 -0.142789 0.107833
-0.002512 0.797792 -0.000213 0.226209 -0.948802 -0.005407 0.220398 0.078634 -0.788650 -0.321060 0.518429 0.086874 -0.847193 -0.365923 0.375256 0.131111 -0.927842 -0.322841 0.133016 0.131111 -0.927842 -0.322841 0.133016 0.131111 -0.927842 -0.322841 0.133016 -0.081455 -0.791196 -0.067498 0.602344 0.180636 -0.735518 0.117612 0.642301 -0.065316 -0.669835 0.022745 0.739282 -0.065316 -0.669835 0.022745 0.739282 -0.065316 -0.669835 0.022745 0.739282 0.226208 -0.948802 -0.005407 0.220398 0.226208 -0.948802 -0.005407 0.220398 0.226208 -0.948802 -0.005407 0.220398 0.226208 -0.948802 -0.005407 0.220398 0.193442 -0.681107 0.117209 0.696373 0.197483 -0.474094 0.120937 0.849476 0.197505 -0.474090 0.120949 0.849471 0.226208 -0.948802 -0.005407 0.220398 0.226208 -0.948802 -0.005407 0.220398 0.226208 -0.948802 -0.005407 0.220398 0.226208 -0.948802 -0.005407 0.220398 0.514129 -0.829699 -0.075550 0.203870 0.426765 -0.890397 -0.129546 0.091008 0.426768 -0.890400 -0.129523 0.090997
-0.002538 0.791022 -0.000097 0.227488 -0.953494 -0.012382 0.197346 0.071824 -0.797700 -0.342701 0.490991 0.064766 -0.863184 -0.369795 0.337595 0.108324 -0.945627 -0.296134 0.079756 0.108324 -0.945627 -0.296134 0.079756 0.108324 -0.945627 -0.296134 0.079756 -0.093722 -0.801225 -0.064515 0.587446 0.182054 -0.742851 0.132925 0.630364 -0.062428 -0.683701 0.034136 0.726285 -0.062428 -0.683701 0.034136 0.726285 -0.062428 -0.683701 0.034136 0.726285 0.227488 -0.953494 -0.012382 0.197346 0.227488 -0.953494 -0.012382 0.197346 0.227488 -0.953494 -0.012382 0.197346 0.227488 -0.953494 -0.012382 0.197346 0.190731 -0.740291 0.102751 0.636422 0.197837 -0.489204 0.114670 0.841659 0.197859 -0.489201 0.114683 0.841654 0.227488 -0.953494 -0.012382 0.197346 0.227488 -0.953494 -0.012382 0.197346 0.227488 -0.953494 -0.012382 0.197346 0.227488 -0.953494 -0.012382 0.197346 0.498717 -0.842119 -0.067954 0.193648 0.386094 -0.911787 -0.116258 0.077846 0.386096 -0.911790 -0.116234 0.077836
-0.002553 0.783895 0.000020 0.228800 -0.957099 -0.019778 0.176697 0.067781 -0.803422 -0.358100 0.470832 0.038547 -0.869509 -0.376789 0.317015 0.084479 -0.949558 -0.297862 0.049809 0.084479 -0.949558 -0.297862 0.049809 0.084479 -0.949558 -0.297862 0.049809 -0.105943 -0.807627 -0.057849 0.577207 0.181628 -0.746057 0.145432 0.623907 -0.060109 -0.692500 0.045168 0.717489 -0.060109 -0.692500 0.045168 0.717489 -0.060109 -0.692500 0.045168 0.717489 0.228800 -0.957099 -0.019778 0.176697 0.228800 -0.957099 -0.019778 0.176697 0.228800 -0.957099 -0.019778 0.176697 0.228800 -0.957099 -0.019778 0.176697 0.198908 -0.784873 0.085843 0.580552 0.212575 -0.505032 0.108214 0.829485 0.212597 -0.505029 0.108227 0.829479 0.228800 -0.957099 -0.019778 0.176697 0.228800 -0.957099 -0.019778 0.176697 0.228800 -0.957099 -0.019778 0.176697 0.228800 -0.957099 -0.019778 0.176697 0.485298 -0.853491 -0.064553 0.178527 0.346237 -0.929903 -0.108155 0.060853 0.346239 -0.929906 -0.108131 0.060844
-0.002549 0.777509 0.000122 0.229350 -0.959784 -0.026374 0.159743 0.064450 -0.805181 -0.366936 0.461397 0.022975 -0.875317 -0.368887 0.311792 0.071505 -0.955891 -0.281116 0.046177 0.071505 -0.955891 -0.281116 0.046177 0.071505 -0.955891 -0.281116 0.046177 -0.116196 -0.810552 -0.049911 0.571850 0.185172 -0.744970 0.154984 0.621862 -0.047569 -0.694067 0.061575 0.715694 -0.047569 -0.694067 0.061575 0.715694 -0.047569 -0.694067 0.061575 0.715694 0.229350 -0.959784 -0.026373 0.159743 0.229350 -0.959784 -0.026373 0.159743 0.229350 -0.959784 -0.026373 0.159743 0.229350 -0.959784 -0.026374 0.159743 0.186939 -0.816956 0.075549 0.540304 0.208114 -0.515385 0.098894 0.825401 0.208135 -0.515382 0.098907 0.825396 0.229350 -0.959784 -0.026373 0.159743 0.229350 -0.959784 -0.026373 0.159743 0.229350 -0.959784 -0.026373 0.159743 0.229350 -0.959784 -0.026373 0.159743 0.470642 -0.864067 -0.062066 0.167430 0.307195 -0.945006 -0.102445 0.045825 0.307196 -0.945009 -0.102420 0.045817
-0.002515 0.772587 0.000215 0.228503 -0.962699 -0.029630 0.141841 0.059845 -0.808977 -0.371268 0.451813 0.010786 -0.880475 -0.360105 0.308176 0.063516 -0.957576 -0.278053 0.041237 0.063516 -0.957576 -0.278053 0.041237 0.063516 -0.957576 -0.278053 0.041237 -0.124676 -0.813317 -0.043537 0.566635 0.183547 -0.744076 0.158664 0.622485 -0.045905 -0.692819 0.069284 0.716306 -0.045905 -0.692819 0.069284 0.716306 -0.045905 -0.692819 0.069284 0.716306 0.228502 -0.962699 -0.029630 0.141841 0.228502 -0.962699 -0.029630 0.141841 0.228502 -0.962699 -0.029630 0.141841 0.228502 -0.962699 -0.029630 0.141841 0.183487 -0.838264 0.067967 0.508947 0.209312 -0.512927 0.095533 0.827024 0.209334 -0.512924 0.095546 0.827018 0.228502 -0.962699 -0.029630 0.141841 0.228502 -0.962699 -0.029630 0.141841 0.228502 -0.962699 -0.029630 0.141841 0.228502 -0.962699 -0.029630 0.141841 0.458852 -0.873624 -0.058658 0.150981 0.271333 -0.957126 -0.098544 0.024014 0.271333 -0.957129 -0.098519 0.024007
-0.002436 0.769134 0.000302 0.227045 -0.966050 -0.030471 0.119453 0.051725 -0.815980 -0.370861 0.440412 0.004722 -0.887151 -0.352037 0.298348 0.060226 -0.959374 -0.273877 0.031085 0.060226 -0.959374 -0.273877 0.031085 0.060226 -0.959374 -0.273877 0.031085 -0.130992 -0.818884 -0.036153 0.557641 0.180547 -0.743733 0.163172 0.622607 -0.040602 -0.691663 0.081690 0.716436 -0.040602 -0.691663 0.081690 0.716436 -0.040602 -0.691663 0.081690 0.716436 0.227045 -0.966050 -0.030471 0.119453 0.227045 -0.966050 -0.030471 0.119453 0.227045 -0.966050 -0.030471 0.119453 0.227045 -0.966050 -0.030471 0.119453 0.184415 -0.854794 0.063270 0.480952 0.227179 -0.506925 0.088082 0.826836 0.227200 -0.506923 0.088095 0.826830 0.227045 -0.966050 -0.030471 0.119453 0.227045 -0.966050 -0.030471 0.119453 0.227045 -0.966050 -0.030471 0.119453 0.227045 -0.966050 -0.030471 0.119453 0.448420 -0.883446 -0.054030 0.124596 0.238827 -0.966228 -0.096492 -0.007322 0.238827 -0.966231 -0.096467 -0.007328
-0.002350 0.766993 0.000407 0.225374 -0.969611 -0.030546 0.090152 0.048272 -0.825947 -0.368477 0.423918 0.005396 -0.895808 -0.340331 0.285786 0.063326 -0.960626 -0.269910 0.018326 0.063326 -0.960626 -0.269910 0.018326 0.063326 -0.960626 -0.269910 0.018326 -0.137589 -0.828363 -0.024706 0.542470 0.168906 -0.749636 0.172709 0.616188 -0.042267 -0.697629 0.096867 0.708621 -0.042267 -0.697629 0.096867 0.708621 -0.042267 -0.697629 0.096867 0.708621 0.225373 -0.969611 -0.030546 0.090152 0.225373 -0.969611 -0.030546 0.090152 0.225373 -0.969611 -0.030546 0.090152 0.225373 -0.969611 -0.030546 0.090152 0.200552 -0.867491 0.058946 0.451402 0.260760 -0.494533 0.088502 0.824384 0.260781 -0.494531 0.088515 0.824377 0.225373 -0.969611 -0.030546 0.090152 0.225373 -0.969611 -0.030546 0.090152 0.225373 -0.969611 -0.030546 0.090152 0.225373 -0.969611 -0.030546 0.090152 0.435283 -0.894463 -0.047603 0.090550 0.202942 -0.973011 -0.097213 -0.051135 0.202940 -0.973013 -0.097187 -0.051141
-0.002274 0.765729 0.000505 0.222866 -0.971966 -0.031180 0.068118 0.043308 -0.834159 -0.365783 0.410496 -0.003878 -0.903757 -0.328593 0.274290 0.056451 -0.964708 -0.257055 0.008617 0.056451 -0.964708 -0.257055 0.008617 0.056451 -0.964708 -0.257055 0.008617 -0.138489 -0.833609 -0.009912 0.534620 0.158671 -0.751859 0.177883 0.614727 -0.034278 -0.696953 0.112783 0.707362 -0.034278 -0.696953 0.112783 0.707362 -0.034278 -0.696953 0.112783 0.707362 0.222865 -0.971966 -0.031180 0.068118 0.222865 -0.971966 -0.031180 0.068118 0.222865 -0.971966 -0.031180 0.068118 0.222865 -0.971966 -0.031180 0.068118 0.203762 -0.876964 0.056535 0.431532 0.288202 -0.478685 0.080821 0.825390 0.288224 -0.478683 0.080834 0.825382 0.222865 -0.971966 -0.031180 0.068118 0.222865 -0.971966 -0.031180 0.068118 0.222865 -0.971966 -0.031180 0.068118 0.222865 -0.971966 -0.031180 0.068118 0.418109 -0.905167 -0.043977 0.062638 0.160790 -0.977991 -0.099423 -0.088287 0.160788 -0.977994 -0.099397 -0.088291
-0.002216 0.765002 0.000570 0.219760 -0.973577 -0.033698 0.052140 0.048683 -0.839758 -0.362593 0.401201 -0.005906 -0.906513 -0.323352 0.271373 0.056624 -0.963974 -0.259865 0.004314 0.056624 -0.963974 -0.259865 0.004314 0.056624 -0.963974 -0.259865 0.004314 -0.133505 -0.837381 0.004353 0.530048 0.142538 -0.754427 0.175864 0.616113 -0.043745 -0.695255 0.115233 0.708116 -0.043745 -0.695255 0.115233 0.708116 -0.043745 -0.695255 0.115233 0.708116 0.219760 -0.973577 -0.033698 0.052140 0.219760 -0.973577 -0.033698 0.052140 0.219760 -0.973577 -0.033698 0.052140 0.219760 -0.973577 -0.033698 0.052140 0.194621 -0.893188 0.049482 0.402355 0.303215 -0.476299 0.069007 0.822458 0.303236 -0.476298 0.069019 0.822450 0.219760 -0.973577 -0.033698 0.052140 0.219760 -0.973577 -0.033698 0.052140 0.219760 -0.973577 -0.033698 0.052140 0.219760 -0.973577 -0.033698 0.052140 0.398359 -0.915117 -0.042821 0.045134 0.111520 -0.981499 -0.102435 -0.117176 0.111517 -0.981502 -0.102410 -0.117179
-0.002177 0.764602 0.000599 0.216183 -0.975035 -0.034588 0.037093 0.049558 -0.844596 -0.358509 0.394553 0.002696 -0.909771 -0.315370 0.269911 0.062829 -0.964472 -0.256382 0.010685 0.062829 -0.964472 -0.256382 0.010685 0.062829 -0.964472 -0.256382 0.010685 -0.124086 -0.841688 0.011177 0.525394 0.134894 -0.758148 0.174625 0.613614 -0.041783 -0.694971 0.122332 0.707322 -0.041783 -0.694971 0.122332 0.707322 -0.041783 -0.694971 0.122332 0.707322 0.216183 -0.975035 -0.034588 0.037093 0.216183 -0.975035 -0.034588 0.037093 0.216183 -0.975035 -0.034588 0.037093 0.216183 -0.975035 -0.034588 0.037093 0.222407 -0.904430 0.039694 0.361893 0.359532 -0.452115 0.075846 0.812758 0.359553 -0.452113 0.075857 0.812749 0.216183 -0.975035 -0.034588 0.037093 0.216183 -0.975035 -0.034588 0.037093 0.216183 -0.975035 -0.034588 0.037093 0.216183 -0.975035 -0.034588 0.037093 0.374785 -0.925718 -0.040204 0.031084 0.062016 -0.981901 -0.103757 -0.145806 0.062012 -0.981903 -0.103732 -0.145807
-0.002154 0.764381 0.000595 0.212265 -0.976317 -0.034036 0.024294 0.050945 -0.852152 -0.345825 0.389419 0.012421 -0.913559 -0.305939 0.267688 0.074117 -0.963074 -0.258513 0.012931 0.074117 -0.963074 -0.258513 0.012931 0.074117 -0.963074 -0.258513 0.012931 -0.109521 -0.841433 0.014262 0.528954 0.122272 -0.749414 0.171609 0.627677 -0.049134 -0.668641 0.149656 0.726711 -0.049134 -0.668641 0.149656 0.726711 -0.049134 -0.668641 0.149656 0.726711 0.212265 -0.976317 -0.034036 0.024294 0.212265 -0.976317 -0.034036 0.024294 0.212265 -0.976317 -0.034036 0.024294 0.212265 -0.976317 -0.034036 0.024294 0.241726 -0.921099 0.027949 0.303914 0.401132 -0.444413 0.090008 0.795920 0.401152 -0.444411 0.090019 0.795910 0.212265 -0.976317 -0.034036 0.024294 0.212265 -0.976317 -0.034036 0.024294 0.212265 -0.976317 -0.034036 0.024294 0.212265 -0.976317 -0.034036 0.024294 0.346570 -0.936982 -0.035584 0.026239 0.016218 -0.979499 -0.101693 -0.173138 0.016214 -0.979502 -0.101667 -0.173138
-0.002143 0.764445 0.000584 0.208925 -0.977307 -0.031938 0.014216 0.055474 -0.858763 -0.331253 0.386937 0.011428 -0.915942 -0.292785 0.274220 0.073897 -0.964327 -0.252677 0.027697 0.073897 -0.964327 -0.252677 0.027697 0.073897 -0.964327 -0.252677 0.027697 -0.091464 -0.845539 0.007528 0.525967 0.124173 -0.757629 0.153499 0.622108 -0.051063 -0.676082 0.126936 0.724012 -0.051063 -0.676082 0.126936 0.724012 -0.051063 -0.676082 0.126936 0.724012 0.208925 -0.977307 -0.031938 0.014216 0.208925 -0.977307 -0.031938 0.014216 0.208925 -0.977307 -0.031938 0.014216 0.208925 -0.977307 -0.031938 0.014216 0.238238 -0.942771 0.015488 0.232777 0.445529 -0.427632 0.094343 0.780855 0.445549 -0.427630 0.094354 0.780843 0.208925 -0.977307 -0.031938 0.014216 0.208925 -0.977307 -0.031938 0.014216 0.208925 -0.977307 -0.031938 0.014216 0.208925 -0.977307 -0.031938 0.014216 0.316776 -0.947861 -0.034313 0.005942 -0.029636 -0.969560 -0.107728 -0.217877 -0.029642 -0.969563 -0.107702 -0.217876
-0.002146 0.767566 0.000593 0.205287 -0.978187 -0.030417 0.009072 0.059785 -0.863503 -0.319300 0.385792 0.015862 -0.917371 -0.285778 0.276605 0.078973 -0.958736 -0.270951 0.034270 0.078973 -0.958736 -0.270951 0.034270 0.078973 -0.958736 -0.270951 0.034270 -0.072496 -0.847632 0.012984 0.525448 0.113494 -0.755242 0.139152 0.630369 -0.086245 -0.656120 0.110834 0.741474 -0.086245 -0.656120 0.110834 0.741474 -0.086245 -0.656120 0.110834 0.741474 0.205287 -0.978187 -0.030417 0.009072 0.205287 -0.978187 -0.030417 0.009072 0.205287 -0.978187 -0.030417 0.009072 0.205287 -0.978187 -0.030417 0.009072 0.216952 -0.965219 -0.001410 0.145886 0.512644 -0.406716 0.090660 0.750706 0.512664 -0.406714 0.090670 0.750692 0.205287 -0.978187 -0.030417 0.009072 0.205287 -0.978187 -0.030417 0.009072 0.205287 -0.978187 -0.030417 0.009072 0.205287 -0.978187 -0.030417 0.009072 0.287317 -0.956636 -0.038422 -0.028639 -0.075326 -0.948629 -0.124707 -0.280852 -0.075333 -0.948632 -0.124683 -0.280850
-0.002152 0.772109 0.000624 0.200898 -0.979210 -0.027720 0.004313 0.060438 -0.868577 -0.311256 0.380842 0.013611 -0.921138 -0.275591 0.274535 0.079096 -0.958917 -0.269990 0.036427 0.079096 -0.958917 -0.269990 0.036427 0.079096 -0.958917 -0.269990 0.036427 -0.053451 -0.852955 0.005974 0.519207 0.121289 -0.760706 0.139705 0.622172 -0.085259 -0.660728 0.108534 0.737827 -0.085259 -0.660728 0.108534 0.737827 -0.085259 -0.660728 0.108534 0.737827 0.200898 -0.979210 -0.027720 0.004313 0.200898 -0.979210 -0.027720 0.004313 0.200898 -0.979210 -0.027720 0.004313 0.200898 -0.979210 -0.027720 0.004313 0.194331 -0.977979 -0.013161 0.074967 0.555294 -0.400055 0.095677 0.722807 0.555312 -0.400053 0.095688 0.722793 0.200898 -0.979210 -0.027720 0.004313 0.200898 -0.979210 -0.027720 0.004313 0.200898 -0.979210 -0.027720 0.004313 0.200898 -0.979210 -0.027720 0.004313 0.253214 -0.964419 -0.041485 -0.063698 -0.118835 -0.917828 -0.139762 -0.352047 -0.118845 -0.917831 -0.139738 -0.352044
-0.002159 0.776349 0.000682 0.194744 -0.980517 -0.025315 -0.004554 0.067794 -0.872705 -0.305996 0.374373 0.004961 -0.920364 -0.278300 0.274689 0.073737 -0.954097 -0.287616 0.039230 0.073737 -0.954097 -0.287616 0.039230 0.073737 -0.954097 -0.287616 0.039230 -0.033812 -0.857014 -0.000047 0.514183 0.131951 -0.760225 0.143007 0.619835 -0.076717 -0.655175 0.122566 0.741511 -0.076717 -0.655175 0.122566 0.741511 -0.076717 -0.655175 0.122566 0.741511 0.194743 -0.980517 -0.025315 -0.004554 0.194743 -0.980517 -0.025315 -0.004554 0.194743 -0.980517 -0.025315 -0.004554 0.194743 -0.980517 -0.025315 -0.004554 0.175201 -0.983663 -0.017099 0.037683 0.574732 -0.414699 0.095277 0.699021 0.574751 -0.414696 0.095288 0.699006 0.194743 -0.980517 -0.025315 -0.004554 0.194743 -0.980517 -0.025315 -0.004554 0.194743 -0.980517 -0.025315 -0.004554 0.194743 -0.980517 -0.025315 -0.004554 0.224649 -0.967341 -0.045433 -0.108257 -0.159122 -0.879586 -0.156674 -0.420074 -0.159132 -0.879590 -0.156652 -0.420070
-0.002165 0.779633 0.000734 0.187374 -0.981889 -0.025434 -0.011719 0.072198 -0.875782 -0.305952 0.366315 0.000458 -0.922591 -0.273811 0.271760 0.068480 -0.954226 -0.288356 0.040183 0.068480 -0.954226 -0.288356 0.040183 0.068480 -0.954226 -0.288356 0.040183 -0.021284 -0.861282 -0.007571 0.507624 0.129226 -0.765360 0.139887 0.614782 -0.086731 -0.656823 0.115775 0.740039 -0.086731 -0.656823 0.115775 0.740039 -0.086731 -0.656823 0.115775 0.740039 0.187374 -0.981889 -0.025434 -0.011719 0.187374 -0.981889 -0.025434 -0.011719 0.187374 -0.981889 -0.025434 -0.011719 0.187374 -0.981889 -0.025434 -0.011719 0.144916 -0.988479 -0.016125 0.040613 0.551517 -0.445068 0.072957 0.701727 0.551535 -0.445067 0.072969 0.701712 0.187374 -0.981889 -0.025434 -0.011719 0.187374 -0.981889 -0.025434 -0.011719 0.187374 -0.981889 -0.025434 -0.011719 0.187374 -0.981889 -0.025434 -0.011719 0.206801 -0.966781 -0.049632 -0.141788 -0.198503 -0.842623 -0.172861 -0.469790 -0.198515 -0.842627 -0.172839 -0.469785
-0.002169 0.780382 0.000778 0.180087 -0.983055 -0.028337 -0.019193 0.078568 -0.878816 -0.308310 0.355605 -0.004211 -0.925098 -0.271382 0.265571 0.060209 -0.955807 -0.285254 0.037913 0.060209 -0.955807 -0.285254 0.037913 0.060209 -0.955807 -0.285254 0.037913 -0.002486 -0.862601 -0.017205 0.505587 0.130725 -0.764845 0.132805 0.616673 -0.086604 -0.648201 0.117529 0.747343 -0.086604 -0.648201 0.117529 0.747343 -0.086604 -0.648201 0.117529 0.747343 0.180086 -0.983055 -0.028338 -0.019193 0.180086 -0.983055 -0.028338 -0.019193 0.180086 -0.983055 -0.028338 -0.019193 0.180086 -0.983055 -0.028338 -0.019193 0.117388 -0.991679 -0.017136 0.049993 0.513307 -0.472295 0.050571 0.714769 0.513326 -0.472294 0.050583 0.714756 0.180086 -0.983055 -0.028338 -0.019193 0.180086 -0.983055 -0.028338 -0.019193 0.180086 -0.983055 -0.028338 -0.019193 0.180086 -0.983055 -0.028338 -0.019193 0.199098 -0.962385 -0.056122 -0.176142 -0.224607 -0.803883 -0.194579 -0.515232 -0.224620 -0.803888 -0.194558 -0.515226
-0.002171 0.778946 0.000805 0.173297 -0.984062 -0.030428 -0.025762 0.082047 -0.882598 -0.308862 0.344810 -0.007830 -0.928458 -0.264640 0.260519 0.055455 -0.961840 -0.265179 0.038332 0.055455 -0.961840 -0.265179 0.038332 0.055455 -0.961840 -0.265179 0.038332 0.014095 -0.865542 -0.021449 0.500178 0.132557 -0.770147 0.121636 0.611970 -0.082059 -0.651898 0.107728 0.746116 -0.082059 -0.651898 0.107728 0.746116 -0.082059 -0.651898 0.107728 0.746116 0.173297 -0.984062 -0.030428 -0.025762 0.173297 -0.984062 -0.030428 -0.025762 0.173297 -0.984062 -0.030428 -0.025762 0.173297 -0.984062 -0.030428 -0.025762 0.084152 -0.995063 -0.019994 0.048673 0.513299 -0.493932 0.024285 0.701403 0.513318 -0.493931 0.024297 0.701389 0.173297 -0.984062 -0.030428 -0.025762 0.173297 -0.984062 -0.030428 -0.025762 0.173297 -0.984062 -0.030428 -0.025762 0.173297 -0.984062 -0.030428 -0.025762 0.197874 -0.955089 -0.061648 -0.211781 -0.235862 -0.772576 -0.215817 -0.548560 -0.235876 -0.772582 -0.215797 -0.548554
-0.002171 0.776823 0.000809 0.166854 -0.985006 -0.031491 -0.030520 0.086868 -0.886238 -0.300180 0.341947 -0.007287 -0.931223 -0.250866 0.264266 0.051734 -0.968587 -0.237860 0.050850 0.051734 -0.968587 -0.237860 0.050850 0.051734 -0.968587 -0.237860 0.050850 0.019745 -0.867472 -0.012875 0.496927 0.121986 -0.769600 0.130398 0.613051 -0.087394 -0.646150 0.125104 0.747797 -0.087394 -0.646150 0.125104 0.747797 -0.087394 -0.646150 0.125104 0.747797 0.166854 -0.985006 -0.031491 -0.030520 0.166854 -0.985006 -0.031491 -0.030520 0.166854 -0.985006 -0.031491 -0.030520 0.166854 -0.985006 -0.031491 -0.030520 0.066258 -0.996775 -0.023235 0.038841 0.517164 -0.494741 0.014730 0.698252 0.517182 -0.494740 0.014743 0.698239 0.166854 -0.985006 -0.031491 -0.030520 0.166854 -0.985006 -0.031491 -0.030520 0.166854 -0.985006 -0.031491 -0.030520 0.166854 -0.985006 -0.031491 -0.030520 0.186327 -0.950262 -0.065405 -0.240847 -0.257726 -0.746954 -0.228263 -0.568800 -0.257740 -0.746960 -0.228244 -0.568793
-0.002161 0.774858 0.000788 0.161588 -0.985746 -0.032256 -0.033974 0.092725 -0.890244 -0.288355 0.340174 0.004792 -0.934822 -0.235872 0.265423 0.063353 -0.971095 -0.222454 0.058957 0.063353 -0.971095 -0.222454 0.058957 0.063353 -0.971095 -0.222454 0.058957 0.027612 -0.865145 -0.011178 0.500637 0.115477 -0.762976 0.128599 0.622893 -0.091635 -0.628799 0.141223 0.759125 -0.091635 -0.628799 0.141223 0.759125 -0.091635 -0.628799 0.141223 0.759125 0.161587 -0.985746 -0.032256 -0.033974 0.161587 -0.985746 -0.032256 -0.033974 0.161587 -0.985746 -0.032256 -0.033974 0.161587 -0.985746 -0.032256 -0.033974 0.050680 -0.998139 -0.027710 0.019551 0.536083 -0.503254 0.009937 0.677681 0.536100 -0.503254 0.009950 0.677667 0.161587 -0.985746 -0.032256 -0.033974 0.161587 -0.985746 -0.032256 -0.033974 0.161587 -0.985746 -0.032256 -0.033974 0.161587 -0.985746 -0.032256 -0.033974 0.179317 -0.944135 -0.068622 -0.267855 -0.269062 -0.730527 -0.239609 -0.580106 -0.269077 -0.730533 -0.239590 -0.580100
-0.002147 0.773306 0.000755 0.157937 -0.986002 -0.034396 -0.040911 0.096958 -0.897614 -0.272869 0.332311 0.011585 -0.940397 -0.223461 0.256093 0.072105 -0.973855 -0.209245 0.051217 0.072105 -0.973855 -0.209245 0.051217 0.072105 -0.973855 -0.209245 0.051217 0.038945 -0.870076 -0.018297 0.491035 0.124917 -0.773209 0.103652 0.613025 -0.064087 -0.637684 0.138855 0.754965 -0.064087 -0.637684 0.138855 0.754965 -0.064087 -0.637684 0.138855 0.754965 0.157936 -0.986002 -0.034396 -0.040911 0.157936 -0.986002 -0.034396 -0.040911 0.157936 -0.986002 -0.034396 -0.040911 0.157936 -0.986002 -0.034396 -0.040911 0.039251 -0.998643 -0.030833 0.014832 0.544391 -0.506485 0.002558 0.668659 0.544408 -0.506485 0.002571 0.668645 0.157936 -0.986002 -0.034396 -0.040911 0.157936 -0.986002 -0.034396 -0.040911 0.157936 -0.986002 -0.034396 -0.040911 0.157936 -0.986002 -0.034396 -0.040911 0.134336 -0.942863 -0.074669 -0.295613 -0.311731 -0.681445 -0.239649 -0.617273 -0.311747 -0.681451 -0.239631 -0.617265
-0.002127 0.772739 0.000703 0.155134 -0.986032 -0.036695 -0.048239 0.095465 -0.909198 -0.243006 0.324336 0.012712 -0.950293 -0.190917 0.245627 0.079215 -0.982321 -0.163457 0.045292 0.079215 -0.982321 -0.163457 0.045292 0.079215 -0.982321 -0.163457 0.045292 0.049746 -0.869092 -0.024915 0.491512 0.129434 -0.769072 0.093717 0.618864 -0.060200 -0.626138 0.136900 0.765235 -0.060200 -0.626138 0.136901 0.765235 -0.060200 -0.626138 0.136901 0.765235 0.155134 -0.986032 -0.036695 -0.048239 0.155134 -0.986032 -0.036695 -0.048239 0.155134 -0.986032 -0.036695 -0.048239 0.155134 -0.986032 -0.036695 -0.048239 0.024409 -0.999037 -0.036369 -0.002440 0.563477 -0.512709 -0.001462 0.647782 0.563494 -0.512709 -0.001448 0.647767 0.155134 -0.986032 -0.036695 -0.048239 0.155134 -0.986032 -0.036695 -0.048239 0.155134 -0.986032 -0.036695 -0.048239 0.155134 -0.986032 -0.036695 -0.048239 0.098771 -0.939098 -0.080336 -0.319196 0.362887 0.634198 0.244635 0.637386 0.362903 0.634204 0.244618 0.637376
-0.002098 0.773268 0.000654 0.152885 -0.985580 -0.036442 -0.062697 0.094361 -0.923056 -0.211626 0.307047 0.015427 -0.961318 -0.162347 0.221977 0.084714 -0.989293 -0.116422 0.023852 0.084714 -0.989293 -0.116422 0.023852 0.084714 -0.989293 -0.116422 0.023852 0.045296 -0.859677 -0.018476 0.508491 0.119174 -0.743682 0.098148 0.650463 -0.072313 -0.555363 0.196989 0.804698 -0.072313 -0.555363 0.196989 0.804698 -0.072313 -0.555363 0.196989 0.804698 0.152884 -0.985580 -0.036442 -0.062697 0.152884 -0.985580 -0.036442 -0.062697 0.152884 -0.985580 -0.036442 -0.062697 0.152884 -0.985580 -0.036442 -0.062697 0.016632 -0.998898 -0.038999 -0.020130 0.582411 -0.513327 0.002191 0.630308 0.582427 -0.513327 0.002204 0.630293 0.152884 -0.985580 -0.036442 -0.062697 0.152884 -0.985580 -0.036442 -0.062697 0.152884 -0.985580 -0.036442 -0.062697 0.152884 -0.985580 -0.036442 -0.062697 0.069273 -0.930860 -0.084111 -0.348750 0.386891 0.599234 0.247883 0.655582 0.386908 0.599241 0.247867 0.655572
-0.002067 0.774159 0.000620 0.150755 -0.984994 -0.033275 -0.077153 0.093315 -0.933218 -0.181285 0.295857 0.020719 -0.966875 -0.144619 0.209307 0.092738 -0.992275 -0.080843 0.015968 0.092738 -0.992275 -0.080843 0.015968 0.092738 -0.992275 -0.080843 0.015968 0.049772 -0.865642 -0.015586 0.497939 0.118671 -0.756580 0.094624 0.636043 -0.013173 -0.578561 0.207165 0.788782 -0.013173 -0.578561 0.207165 0.788782 -0.013173 -0.578561 0.207165 0.788782 0.150754 -0.984994 -0.033275 -0.077153 0.150754 -0.984994 -0.033275 -0.077153 0.150754 -0.984994 -0.033275 -0.077153 0.150754 -0.984994 -0.033275 -0.077153 -0.010017 -0.998712 -0.039209 -0.030620 0.579815 -0.534408 -0.009372 0.614926 0.579831 -0.534408 -0.009358 0.614911 0.150754 -0.984994 -0.033275 -0.077153 0.150754 -0.984994 -0.033275 -0.077153 0.150754 -0.984994 -0.033275 -0.077153 0.150754 -0.984994 -0.033275 -0.077153 0.042602 -0.909889 -0.089070 -0.402931 0.384047 0.577835 0.258112 0.672304 0.384064 0.577842 0.258097 0.672294
-0.002044 0.777779 0.000602 0.148984 -0.984984 -0.029036 -0.082268 0.093529 -0.936204 -0.169354 0.293417 0.031295 -0.967788 -0.139350 0.207334 0.098741 -0.992518 -0.068570 0.021367 0.098741 -0.992518 -0.068570 0.021367 0.098741 -0.992518 -0.068570 0.021367 0.036233 -0.866095 0.012336 0.498413 0.103412 -0.748402 0.104003 0.646826 -0.009752 -0.557961 0.232120 0.796684 -0.009752 -0.557961 0.232120 0.796684 -0.009752 -0.557961 0.232120 0.796684 0.148984 -0.984984 -0.029036 -0.082268 0.148984 -0.984984 -0.029036 -0.082268 0.148984 -0.984984 -0.029036 -0.082268 0.148984 -0.984984 -0.029036 -0.082267 -0.025320 -0.997937 -0.038317 -0.044852 0.588641 -0.545001 -0.009616 0.596978 0.588657 -0.545001 -0.009602 0.596963 0.148984 -0.984984 -0.029036 -0.082268 0.148984 -0.984984 -0.029036 -0.082268 0.148984 -0.984984 -0.029036 -0.082268 0.148984 -0.984984 -0.029036 -0.082267 -0.003474 -0.873045 -0.098269 -0.477623 0.381217 0.550844 0.267802 0.692479 0.381235 0.550851 0.267788 0.692469
-0.002038 0.784182 0.000592 0.146072 -0.984849 -0.027952 -0.089181 0.094562 -0.937727 -0.167095 0.289491 0.037395 -0.966217 -0.147229 0.208205 0.093897 -0.992881 -0.067589 0.028317 0.093897 -0.992881 -0.067589 0.028317 0.093897 -0.992881 -0.067589 0.028317 0.025606 -0.871401 0.028733 0.489060 0.085152 -0.757518 0.098819 0.639649 -0.032406 -0.565009 0.223952 0.793448 -0.032406 -0.565009 0.223952 0.793448 -0.032406 -0.565009 0.223952 0.793448 0.146071 -0.984850 -0.027952 -0.089181 0.146071 -0.984850 -0.027952 -0.089181 0.146071 -0.984850 -0.027952 -0.089181 0.146071 -0.984850 -0.027953 -0.089181 -0.050091 -0.993197 -0.046695 -0.094185 0.631131 -0.552122 0.006417 0.544787 0.631145 -0.552122 0.006431 0.544771 0.146071 -0.984850 -0.027952 -0.089181 0.146071 -0.984850 -0.027952 -0.089181 0.146071 -0.984850 -0.027952 -0.089181 0.146071 -0.984850 -0.027953 -0.089181 -0.044098 -0.837274 -0.107017 -0.534392 0.378900 0.522623 0.271027 0.714034 0.378919 0.522630 0.271013 0.714024
-0.002038 0.791309 0.000589 0.141053 -0.984204 -0.031369 -0.102286 0.095926 -0.939595 -0.169520 0.281464 0.042075 -0.965324 -0.154249 0.206366 0.095790 -0.993026 -0.059565 0.034297 0.095790 -0.993026 -0.059565 0.034297 0.095790 -0.993026 -0.059565 0.034297 0.020780 -0.876015 0.037546 0.480371 0.065793 -0.758940 0.103531 0.639502 -0.052548 -0.557258 0.233584 0.795073 -0.052548 -0.557258 0.233584 0.795073 -0.052548 -0.557258 0.233584 0.795073 0.141052 -0.984204 -0.031369 -0.102286 0.141052 -0.984204 -0.031369 -0.102286 0.141052 -0.984204 -0.031369 -0.102286 0.141052 -0.984204 -0.031369 -0.102286 -0.062859 -0.985264 -0.059101 -0.147682 0.683822 -0.561839 0.039201 0.463883 0.683834 -0.561838 0.039216 0.463865 0.141052 -0.984204 -0.031369 -0.102286 0.141052 -0.984204 -0.031369 -0.102286 0.141052 -0.984204 -0.031369 -0.102286 0.141052 -0.984204 -0.031369 -0.102286 -0.046892 -0.748306 -0.121931 -0.650363 0.323798 0.475261 0.311453 0.756491 0.323817 0.475269 0.311440 0.756483
-0.002041 0.797374 0.000590 0.134882 -0.982576 -0.038179 -0.122044 0.097581 -0.941987 -0.176638 0.268213 0.041232 -0.963865 -0.169715 0.201149 0.089166 -0.994124 -0.050429 0.034973 0.089166 -0.994124 -0.050429 0.034973 0.089166 -0.994124 -0.050429 0.034973 0.017918 -0.881298 0.036675 0.470794 0.060896 -0.758840 0.095914 0.641291 -0.062547 -0.541840 0.241482 0.802610 -0.062547 -0.541840 0.241482 0.802610 -0.062547 -0.541840 0.241482 0.802610 0.134881 -0.982576 -0.038179 -0.122044 0.134881 -0.982576 -0.038179 -0.122044 0.134881 -0.982576 -0.038179 -0.122044 0.134881 -0.982576 -0.038179 -0.122044 -0.084159 -0.980075 -0.071216 -0.165221 0.702963 -0.565589 0.040543 0.429311 0.702974 -0.565588 0.040557 0.429292 0.134881 -0.982576 -0.038179 -0.122044 0.134881 -0.982576 -0.038179 -0.122044 0.134881 -0.982576 -0.038179 -0.122044 0.134881 -0.982576 -0.038179 -0.122044 -0.016274 0.598479 0.129734 0.790397 0.195375 0.407942 0.368542 0.812151 0.195396 0.407951 0.368531 0.812146
-0.002038 0.801855 0.000588 0.128819 -0.981230 -0.042519 -0.137060 0.098385 -0.942674 -0.187795 0.257720 0.042850 -0.963143 -0.175877 0.198966 0.082664 -0.995108 -0.038255 0.038256 0.082664 -0.995108 -0.038255 0.038256 0.082664 -0.995108 -0.038255 0.038256 0.021261 -0.892317 0.029858 0.449919 0.046730 -0.782503 0.096639 0.613323 -0.074074 -0.578210 0.228377 0.779763 -0.074074 -0.578210 0.228377 0.779763 -0.074074 -0.578210 0.228377 0.779763 0.128818 -0.981230 -0.042519 -0.137060 0.128818 -0.981230 -0.042519 -0.137060 0.128818 -0.981230 -0.042519 -0.137060 0.128818 -0.981230 -0.042519 -0.137060 -0.099231 -0.976520 -0.079033 -0.174111 0.701947 -0.579878 0.036365 0.411934 0.701958 -0.579877 0.036380 0.411915 0.128818 -0.981230 -0.042519 -0.137060 0.128818 -0.981230 -0.042519 -0.137060 0.128818 -0.981230 -0.042519 -0.137060 0.128818 -0.981230 -0.042519 -0.137060 -0.039851 0.468792 0.129341 0.872878 0.145739 0.319073 0.430108 0.831841 0.145761 0.319084 0.430100 0.831837
-0.002021 0.804625 0.000565 0.123188 -0.979684 -0.046202 -0.151355 0.101547 -0.944369 -0.196413 0.243468 0.041749 -0.965305 -0.175918 0.188402 0.075202 -0.996369 -0.025806 0.030445 0.075202 -0.996369 -0.025806 0.030445 0.075202 -0.996369 -0.025806 0.030445 0.025915 -0.890076 0.022798 0.454503 0.038827 -0.769727 0.105247 0.628439 -0.050835 -0.544309 0.262603 0.795099 -0.050835 -0.544309 0.262603 0.795099 -0.050835 -0.544309 0.262603 0.795099 0.123188 -0.979684 -0.046202 -0.151355 0.123188 -0.979684 -0.046202 -0.151355 0.123188 -0.979684 -0.046202 -0.151355 0.123188 -0.979684 -0.046202 -0.151355 -0.104857 -0.974913 -0.084464 -0.177241 0.694497 -0.594902 0.031326 0.403465 0.694508 -0.594901 0.031341 0.403447 0.123188 -0.979684 -0.046202 -0.151355 0.123188 -0.979684 -0.046202 -0.151355 0.123188 -0.979684 -0.046202 -0.151355 0.123188 -0.979684 -0.046202 -0.151355 -0.100577 0.363223 0.117126 0.918822 0.058278 0.219307 0.456376 0.860366 0.058300 0.219319 0.456370 0.860364
-0.002000 0.806045 0.000525 0.118308 -0.977994 -0.049747 -0.164490 0.103084 -0.946849 -0.202218 0.227945 0.036558 -0.967329 -0.178590 0.176191 0.069880 -0.997248 -0.015653 0.019174 0.069880 -0.997248 -0.015653 0.019174 0.069880 -0.997248 -0.015653 0.019174 0.030199 -0.884558 0.019947 0.465025 0.033066 -0.744035 0.101014 0.659633 -0.040881 -0.485286 0.297336 0.821229 -0.040881 -0.485286 0.297336 0.821229 -0.040881 -0.485286 0.297336 0.821229 0.118308 -0.977994 -0.049747 -0.164490 0.118308 -0.977994 -0.049747 -0.164490 0.118308 -0.977994 -0.049747 -0.164490 0.118308 -0.977994 -0.049747 -0.164490 -0.112389 -0.973068 -0.090166 -0.179939 0.685346 -0.610793 0.024425 0.395773 0.685356 -0.610793 0.024441 0.395755 0.118308 -0.977994 -0.049747 -0.164490 0.118308 -0.977994 -0.049747 -0.164490 0.118308 -0.977994 -0.049747 -0.164490 0.118308 -0.977994 -0.049747 -0.164490 -0.148282 0.287405 0.103462 0.940588 0.002786 0.102692 0.492090 0.864462 0.002808 0.102705 0.492088 0.864461
-0.001965 0.806608 0.000479 0.114436 -0.976850 -0.051790 -0.173165 0.105173 -0.948311 -0.207398 0.215942 0.034773 -0.968970 -0.180806 0.164918 0.063432 -0.997924 -0.007784 0.007984 0.063432 -0.997924 -0.007784 0.007984 0.063432 -0.997924 -0.007784 0.007984 0.026211 -0.882180 0.011104 0.470051 0.064215 -0.733587 0.080642 0.671732 0.041279 -0.440744 0.355750 0.823093 0.041279 -0.440744 0.355750 0.823093 0.041279 -0.440744 0.355750 0.823093 0.114435 -0.976850 -0.051790 -0.173165 0.114435 -0.976850 -0.051790 -0.173165 0.114435 -0.976850 -0.051790 -0.173165 0.114435 -0.976850 -0.051790 -0.173165 -0.123746 -0.971045 -0.094636 -0.181114 0.684498 -0.620030 0.018435 0.382995 0.684508 -0.620029 0.018451 0.382977 0.114435 -0.976850 -0.051790 -0.173165 0.114435 -0.976850 -0.051790 -0.173165 0.114435 -0.976850 -0.051790 -0.173165 0.114435 -0.976850 -0.051790 -0.173165 -0.196302 0.207898 0.088006 0.954201 -0.053534 -0.023600 0.538193 0.840789 -0.053513 -0.023586 0.538193 0.840790
-0.001925 0.806673 0.000429 0.111062 -0.976055 -0.053065 -0.179348 0.107130 -0.949063 -0.210862 0.208181 0.033300 -0.969309 -0.185374 0.158010 0.060771 -0.998130 -0.006496 0.000799 0.060771 -0.998130 -0.006496 0.000799 0.060771 -0.998130 -0.006496 0.000799 0.032852 -0.888164 0.014417 0.458124 0.046368 -0.742193 0.071379 0.664759 0.037629 -0.455451 0.344014 0.820245 0.037629 -0.455451 0.344014 0.820245 0.037629 -0.455451 0.344014 0.820245 0.111062 -0.976055 -0.053065 -0.179348 0.111062 -0.976055 -0.053065 -0.179348 0.111062 -0.976055 -0.053065 -0.179348 0.111062 -0.976055 -0.053065 -0.179348 -0.130074 -0.968730 -0.097875 -0.187251 0.689838 -0.630697 0.021985 0.354769 0.689847 -0.630697 0.022002 0.354752 0.111062 -0.976055 -0.053065 -0.179348 0.111062 -0.976055 -0.053065 -0.179348 0.111062 -0.976055 -0.053065 -0.179348 0.111062 -0.976055 -0.053065 -0.179348 -0.221287 0.151310 0.076838 0.960330 -0.059576 -0.173381 0.633361 0.751827 -0.059557 -0.173365 0.633366 0.751828
-0.001885 0.806425 0.000381 0.108076 -0.974692 -0.052675 -0.188469 0.107067 -0.951142 -0.211041 0.198310 0.031328 -0.970093 -0.189145 0.148873 0.055885 -0.998374 -0.008472 -0.007355 0.055885 -0.998374 -0.008472 -0.007355 0.055885 -0.998374 -0.008472 -0.007355 0.030636 -0.892110 -0.018150 0.450414 0.040965 -0.749980 0.050675 0.658243 0.048391 -0.451394 0.351029 0.818951 0.048391 -0.451394 0.351029 0.818951 0.048391 -0.451394 0.351029 0.818951 0.108076 -0.974692 -0.052675 -0.188469 0.108076 -0.974692 -0.052675 -0.188469 0.108076 -0.974692 -0.052675 -0.188469 0.108076 -0.974692 -0.052675 -0.188469 -0.137471 -0.966053 -0.100341 -0.194358 0.699564 -0.633823 0.028126 0.328767 0.699573 -0.633822 0.028143 0.328749 0.108076 -0.974692 -0.052675 -0.188469 0.108076 -0.974692 -0.052675 -0.188469 0.108076 -0.974692 -0.052675 -0.188469 0.108076 -0.974692 -0.052675 -0.188469 -0.253734 0.127297 0.063901 0.956729 -0.081702 -0.310237 0.633555 0.704049 -0.081684 -0.310221 0.633563 0.704051
-0.001849 0.805998 0.000343 0.105472 -0.972871 -0.051205 -0.199439 0.106118 -0.954251 -0.208633 0.186053 0.030788 -0.971603 -0.191255 0.135874 0.052655 -0.998313 -0.012025 -0.021303 0.052655 -0.998313 -0.012025 -0.021303 0.052655 -0.998313 -0.012025 -0.021303 0.051688 -0.902430 -0.014338 0.427484 0.065512 -0.768683 0.132908 0.622230 0.018385 -0.460665 0.437331 0.772135 0.018385 -0.460665 0.437331 0.772135 0.018385 -0.460665 0.437331 0.772135 0.105472 -0.972871 -0.051205 -0.199439 0.105472 -0.972871 -0.051205 -0.199439 0.105472 -0.972871 -0.051205 -0.199439 0.105472 -0.972871 -0.051205 -0.199439 -0.154449 -0.963440 -0.103297 -0.193025 0.698847 -0.641081 0.020532 0.316554 0.698855 -0.641080 0.020549 0.316536 0.105472 -0.972871 -0.051205 -0.199439 0.105472 -0.972871 -0.051205 -0.199439 0.105472 -0.972871 -0.051205 -0.199439 0.105472 -0.972871 -0.051205 -0.199439 -0.345412 0.116403 0.036195 0.930500 -0.167688 -0.399633 0.580590 0.689268 -0.167671 -0.399618 0.580600 0.689272
-0.001805 0.804671 0.000303 0.102806 -0.967539 -0.050775 -0.225213 0.102068 -0.961412 -0.200287 0.158603 0.028076 -0.975361 -0.191963 0.105037 0.047353 -0.997360 -0.007929 -0.054476 0.047353 -0.997360 -0.007929 -0.054476 0.047353 -0.997360 -0.007929 -0.054476 0.032643 -0.908185 -0.046888 0.414652 0.065409 -0.764223 0.082068 0.636357 0.085255 -0.401975 0.475319 0.777958 0.085255 -0.401975 0.475319 0.777958 0.085255 -0.401975 0.475319 0.777958 0.102806 -0.967539 -0.050775 -0.225213 0.102806 -0.967539 -0.050775 -0.225213 0.102806 -0.967539 -0.050775 -0.225213 0.102806 -0.967539 -0.050775 -0.225213 -0.175958 -0.956459 -0.112798 -0.203720 0.698727 -0.659697 0.020252 0.275987 0.698735 -0.659697 0.020270 0.275969 0.102806 -0.967539 -0.050775 -0.225213 0.102806 -0.967539 -0.050775 -0.225213 0.102806 -0.967539 -0.050775 -0.225213 0.102806 -0.967539 -0.050775 -0.225213 -0.422993 0.107496 0.002782 0.899730 -0.257513 -0.429528 0.529085 0.685027 -0.257495 -0.429514 0.529096 0.685033
-0.001748 0.801730 0.000252 0.100445 -0.960729 -0.049857 -0.253820 0.096589 -0.970063 -0.185580 0.123326 0.026808 -0.980732 -0.183518 0.061383 0.043033 -0.993544 0.008340 -0.104640 0.043033 -0.993544 0.008340 -0.104640 0.043033 -0.993544 0.008340 -0.104640 0.025976 -0.931498 -0.054493 0.358702 0.072783 -0.817545 0.037861 0.569990 0.069069 -0.479419 0.456648 0.746230 0.069069 -0.479419 0.456648 0.746230 0.069069 -0.479419 0.456648 0.746230 0.100445 -0.960729 -0.049857 -0.253820 0.100445 -0.960729 -0.049857 -0.253820 0.100445 -0.960729 -0.049857 -0.253820 0.100445 -0.960729 -0.049857 -0.253820 -0.199373 -0.946791 -0.124777 -0.219699 0.700342 -0.683083 0.029302 0.205085 0.700347 -0.683082 0.029320 0.205067 0.100445 -0.960729 -0.049857 -0.253820 0.100445 -0.960729 -0.049857 -0.253820 0.100445 -0.960729 -0.049857 -0.253820 0.100445 -0.960729 -0.049857 -0.253820 -0.464236 0.101570 -0.025425 0.879501 -0.293181 -0.474242 0.523764 0.644058 -0.293165 -0.474229 0.523776 0.644065
-0.001689 0.798126 0.000204 0.098250 -0.954073 -0.048484 -0.278820 0.091404 -0.976100 -0.174333 0.092099 0.024452 -0.984081 -0.174516 0.023056 0.039985 -0.987981 0.025610 -0.147099 0.039985 -0.987981 0.025610 -0.147099 0.039985 -0.987981 0.025610 -0.147099 0.001657 -0.944625 -0.020238 0.327523 0.047306 -0.825404 0.027463 0.561886 0.053161 -0.515100 0.386953 0.762963 0.053161 -0.515100 0.386953 0.762963 0.053161 -0.515100 0.386953 0.762963 0.098249 -0.954073 -0.048485 -0.278820 0.098249 -0.954073 -0.048485 -0.278820 0.098249 -0.954073 -0.048485 -0.278820 0.098249 -0.954073 -0.048485 -0.278820 -0.223492 -0.932274 -0.138289 -0.248580 0.685386 -0.715700 0.046387 0.125972 0.685389 -0.715698 0.046406 0.125954 0.098249 -0.954073 -0.048485 -0.278820 0.098249 -0.954073 -0.048485 -0.278820 0.098249 -0.954073 -0.048485 -0.278820 0.098249 -0.954073 -0.048485 -0.278820 -0.507126 0.103067 -0.055031 0.853915 -0.346331 -0.497196 0.487864 0.628362 -0.346315 -0.497183 0.487877 0.628371
-0.001641 0.794956 0.000170 0.096694 -0.950738 -0.045807 -0.290946 0.088481 -0.979433 -0.165201 0.074773 0.025142 -0.985695 -0.166646 0.001607 0.039798 -0.983399 0.038968 -0.172695 0.039798 -0.983399 0.038968 -0.172695 0.039798 -0.983399 0.038968 -0.172695 0.014537 -0.950921 -0.049962 0.305028 0.047547 -0.839488 0.021611 0.540862 0.055151 -0.535618 0.387256 0.748401 0.055151 -0.535618 0.387256 0.748401 0.055151 -0.535618 0.387256 0.748401 0.096694 -0.950738 -0.045807 -0.290946 0.096694 -0.950738 -0.045807 -0.290946 0.096694 -0.950738 -0.045807 -0.290946 0.096694 -0.950738 -0.045807 -0.290946 -0.236368 -0.925488 -0.143265 -0.258992 0.662564 -0.744063 0.052960 0.067637 0.662566 -0.744061 0.052979 0.067620 0.096694 -0.950738 -0.045807 -0.290946 0.096694 -0.950738 -0.045807 -0.290946 0.096694 -0.950738 -0.045807 -0.290946 0.096694 -0.950738 -0.045807 -0.290946 -0.553205 0.093982 -0.080985 0.823756 -0.360149 -0.511580 0.548634 0.554598 -0.360135 -0.511566 0.548647 0.554608
-0.001591 0.792567 0.000141 0.094817 -0.948016 -0.043764 -0.300600 0.087223 -0.981390 -0.159409 0.062083 0.026936 -0.986202 -0.162782 -0.013529 0.041720 -0.979879 0.043425 -0.190292 0.041720 -0.979879 0.043425 -0.190292 0.041720 -0.979879 0.043425 -0.190292 0.011383 -0.948952 -0.055917 0.310216 0.030372 -0.830596 0.012390 0.555908 0.105989 -0.547030 0.323471 0.764781 0.105989 -0.547030 0.323471 0.764781 0.105989 -0.547030 0.323471 0.764781 0.094816 -0.948016 -0.043764 -0.300600 0.094816 -0.948016 -0.043764 -0.300600 0.094816 -0.948016 -0.043764 -0.300600 0.094816 -0.948016 -0.043764 -0.300600 -0.240915 -0.925538 -0.144508 -0.253882 0.634132 -0.770899 0.042612 0.042150 0.634133 -0.770897 0.042632 0.042134 0.094816 -0.948016 -0.043764 -0.300600 0.094816 -0.948016 -0.043764 -0.300600 0.094816 -0.948016 -0.043764 -0.300600 0.094816 -0.948016 -0.043764 -0.300600 -0.581569 0.099981 -0.099662 0.801154 0.333878 0.570217 -0.590226 -0.463693 0.333866 0.570202 -0.590240 -0.463702
-0.001537 0.790966 0.000097 0.093379 -0.942794 -0.039893 -0.317535 0.087111 -0.984461 -0.146856 0.040996 0.024706 -0.987726 -0.149644 -0.037332 0.039718 -0.973791 0.058883 -0.216072 0.039718 -0.973791 0.058883 -0.216072 0.039718 -0.973791 0.058883 -0.216072 -0.016745 -0.966191 -0.043818 0.253526 0.026338 -0.887701 0.040997 0.457834 0.007671 -0.539214 0.488739 0.685802 0.007671 -0.539214 0.488739 0.685802 0.007671 -0.539214 0.488739 0.685802 0.093379 -0.942794 -0.039894 -0.317535 0.093379 -0.942794 -0.039894 -0.317535 0.093379 -0.942794 -0.039894 -0.317535 0.093379 -0.942794 -0.039894 -0.317535 -0.228510 -0.923374 -0.143102 -0.273285 0.616565 -0.783850 0.046954 0.056764 0.616566 -0.783849 0.046975 0.056748 0.093379 -0.942794 -0.039894 -0.317535 0.093379 -0.942794 -0.039894 -0.317535 0.093379 -0.942794 -0.039894 -0.317535 0.093379 -0.942794 -0.039894 -0.317535 -0.630060 0.097386 -0.132924 0.758862 -0.402819 -0.573239 0.553874 0.449841 -0.402808 -0.573225 0.553889 0.449852
-0.001487 0.789957 0.000054 0.092060 -0.939409 -0.036736 -0.328154 0.088832 -0.986008 -0.138509 0.026689 0.023292 -0.988348 -0.140391 -0.054003 0.039210 -0.969033 0.068575 -0.233955 0.039210 -0.969033 0.068575 -0.233955 0.039210 -0.969033 0.068575 -0.233955 -0.025086 -0.973703 -0.032322 0.224119 0.017016 -0.905702 -0.003261 0.423561 0.043028 -0.636532 0.357773 0.681890 0.043028 -0.636532 0.357773 0.681890 0.043028 -0.636532 0.357773 0.681890 0.092059 -0.939410 -0.036736 -0.328154 0.092059 -0.939410 -0.036736 -0.328154 0.092059 -0.939410 -0.036736 -0.328154 0.092059 -0.939410 -0.036736 -0.328154 -0.234167 -0.918483 -0.145502 -0.283521 0.574592 -0.816074 0.034983 0.051408 0.574594 -0.816073 0.035004 0.051393 0.092059 -0.939410 -0.036736 -0.328154 0.092059 -0.939410 -0.036736 -0.328154 0.092059 -0.939410 -0.036736 -0.328154 0.092059 -0.939410 -0.036736 -0.328154 -0.630139 0.101097 -0.142016 0.756661 -0.407130 -0.622914 0.510825 0.430442 -0.407119 -0.622901 0.510841 0.430453
-0.001443 0.789705 0.000019 0.089612 -0.940003 -0.036187 -0.327191 0.090670 -0.985556 -0.140805 0.025148 0.023537 -0.988491 -0.137837 -0.057724 0.040622 -0.967106 0.073744 -0.240038 0.040622 -0.967106 0.073744 -0.240038 0.040622 -0.967106 0.073744 -0.240038 -0.032521 -0.992414 -0.003059 0.118523 0.022971 -0.969565 0.022776 0.242687 -0.036771 -0.721692 0.418640 0.550044 -0.036771 -0.721692 0.418640 0.550044 -0.036771 -0.721692 0.418640 0.550044 0.089612 -0.940003 -0.036187 -0.327191 0.089612 -0.940003 -0.036187 -0.327191 0.089612 -0.940003 -0.036187 -0.327191 0.089612 -0.940003 -0.036188 -0.327191 -0.235671 -0.916976 -0.144741 -0.287514 0.524682 -0.850679 0.031855 -0.006302 0.524682 -0.850678 0.031877 -0.006316 0.089612 -0.940003 -0.036187 -0.327191 0.089612 -0.940003 -0.036187 -0.327191 0.089612 -0.940003 -0.036187 -0.327191 0.089612 -0.940003 -0.036187 -0.327191 -0.669595 0.107495 -0.160563 0.717152 -0.497159 -0.592603 0.435632 0.460303 -0.497147 -0.592592 0.435647 0.460316
-0.001410 0.789814 0.000025 0.088098 -0.942401 -0.035033 -0.320769 0.092442 -0.984549 -0.145551 0.030534 0.025370 -0.988940 -0.135766 -0.054049 0.043260 -0.967123 0.080211 -0.237421 0.043260 -0.967123 0.080211 -0.237421 0.043260 -0.967123 0.080211 -0.237421 -0.041774 -0.995552 0.003885 0.084355 0.011470 -0.982325 0.022273 0.185497 0.017675 -0.709180 0.469976 0.525237 0.017675 -0.709180 0.469976 0.525237 0.017675 -0.709180 0.469976 0.525237 0.088098 -0.942401 -0.035033 -0.320769 0.088098 -0.942401 -0.035033 -0.320769 0.088098 -0.942401 -0.035033 -0.320769 0.088098 -0.942401 -0.035033 -0.320769 -0.228803 -0.907180 -0.141830 -0.323354 0.468438 -0.877953 0.051048 -0.084608 0.468436 -0.877952 0.051071 -0.084620 0.088098 -0.942401 -0.035033 -0.320769 0.088098 -0.942401 -0.035033 -0.320769 0.088098 -0.942401 -0.035033 -0.320769 0.088098 -0.942401 -0.035033 -0.320769 -0.676093 0.109840 -0.159586 0.710891 -0.527255 -0.588622 0.383717 0.477793 -0.527243 -0.588612 0.383733 0.477807
-0.001372 0.790029 0.000032 0.085684 -0.946947 -0.033182 -0.307976 0.094518 -0.982854 -0.152186 0.043639 0.030789 -0.989938 -0.131460 -0.042334 0.051111 -0.968259 0.087135 -0.228627 0.051111 -0.968259 0.087135 -0.228627 0.051111 -0.968259 0.087135 -0.228627 -0.042069 -0.996421 -0.024676 0.069040 -0.017372 -0.988977 0.012723 0.146492 0.014717 -0.641044 0.544184 0.541027 0.014717 -0.641044 0.544184 0.541027 0.014717 -0.641044 0.544184 0.541027 0.085683 -0.946947 -0.033182 -0.307976 0.085683 -0.946947 -0.033182 -0.307976 0.085683 -0.946947 -0.033182 -0.307976 0.085683 -0.946947 -0.033183 -0.307976 -0.221559 -0.903955 -0.134510 -0.340125 0.412032 -0.900042 0.053351 -0.131563 0.412028 -0.900040 0.053374 -0.131574 0.085683 -0.946947 -0.033182 -0.307976 0.085683 -0.946947 -0.033182 -0.307976 0.085683 -0.946947 -0.033182 -0.307976 0.085683 -0.946947 -0.033182 -0.307976 0.708718 -0.128531 0.165028 -0.673769 0.574341 0.495229 -0.411688 -0.505365 0.574328 0.495219 -0.411701 -0.505380
-0.001331 0.789546 0.000046 0.082632 -0.955571 -0.029159 -0.281434 0.097236 -0.980102 -0.158768 0.068831 0.039195 -0.991125 -0.125395 -0.020256 0.065465 -0.970194 0.099570 -0.211008 0.065465 -0.970194 0.099570 -0.211008 0.065465 -0.970194 0.099570 -0.211008 -0.052517 -0.997509 -0.032291 0.034274 -0.006775 -0.996893 -0.021379 0.075502 -0.059550 -0.713675 0.496664 0.490354 -0.059550 -0.713675 0.496664 0.490354 -0.059550 -0.713675 0.496664 0.490354 0.082631 -0.955572 -0.029159 -0.281434 0.082631 -0.955572 -0.029159 -0.281434 0.082631 -0.955572 -0.029159 -0.281434 0.082631 -0.955572 -0.029159 -0.281434 -0.223240 -0.899919 -0.123780 -0.353537 0.348778 -0.919977 0.052870 -0.170883 0.348773 -0.919976 0.052894 -0.170892 0.082631 -0.955572 -0.029159 -0.281434 0.082631 -0.955572 -0.029159 -0.281434 0.082631 -0.955572 -0.029159 -0.281434 0.082631 -0.955572 -0.029159 -0.281434 0.774938 -0.152705 0.172685 -0.588500 0.591463 0.384860 -0.531826 -0.468205 0.591451 0.384846 -0.531836 -0.468220
-0.001295 0.787109 0.000088 0.079638 -0.964215 -0.026108 -0.251526 0.102511 -0.976559 -0.161981 0.097910 0.048642 -0.991494 -0.120444 0.008163 0.078732 -0.973488 0.109071 -0.185001 0.078732 -0.973488 0.109071 -0.185001 0.078732 -0.973488 0.109071 -0.185001 -0.061422 -0.996409 -0.055784 0.016850 -0.005567 -0.999331 -0.028846 0.021791 -0.168992 -0.743068 0.458782 0.456958 -0.168992 -0.743068 0.458782 0.456958 -0.168992 -0.743068 0.458782 0.456958 0.079638 -0.964215 -0.026108 -0.251526 0.079638 -0.964215 -0.026108 -0.251526 0.079638 -0.964215 -0.026108 -0.251526 0.079638 -0.964215 -0.026108 -0.251526 -0.228111 -0.896771 -0.113664 -0.361728 0.306460 -0.929405 0.056138 -0.197830 0.306455 -0.929404 0.056162 -0.197838 0.079638 -0.964215 -0.026108 -0.251526 0.079638 -0.964215 -0.026108 -0.251526 0.079638 -0.964215 -0.026108 -0.251526 0.079638 -0.964215 -0.026108 -0.251526 0.825090 -0.169862 0.168355 -0.511889 0.545523 0.403434 -0.625677 -0.384935 0.545513 0.403418 -0.625687 -0.384949
-0.001269 0.783418 0.000103 0.075638 -0.972193 -0.026867 -0.219996 0.109731 -0.969694 -0.172170 0.134202 0.061510 -0.988933 -0.125620 0.049469 0.090405 -0.981190 0.098485 -0.139263 0.090405 -0.981190 0.098485 -0.139263 0.090405 -0.981190 0.098485 -0.139263 -0.072547 -0.994652 -0.070191 0.021864 -0.001840 -0.998738 -0.047217 0.016993 -0.220337 -0.739502 0.435775 0.463345 -0.220337 -0.739502 0.435775 0.463345 -0.220337 -0.739502 0.435775 0.463345 0.075637 -0.972193 -0.026867 -0.219996 0.075637 -0.972193 -0.026867 -0.219996 0.075637 -0.972193 -0.026867 -0.219996 0.075637 -0.972193 -0.026868 -0.219996 -0.239473 -0.894767 -0.107033 -0.361371 0.288480 -0.932116 0.061267 -0.210202 0.288475 -0.932114 0.061291 -0.210210 0.075637 -0.972193 -0.026867 -0.219996 0.075637 -0.972193 -0.026867 -0.219996 0.075637 -0.972193 -0.026867 -0.219996 0.075637 -0.972193 -0.026867 -0.219996 0.925134 -0.247875 0.185396 -0.219804 0.503729 0.056301 -0.799391 -0.322584 0.503721 0.056280 -0.799393 -0.322597
-0.001258 0.777087 0.000098 0.072083 -0.977265 -0.028413 -0.197357 0.113139 -0.962471 -0.184299 0.163958 0.078073 -0.984907 -0.126487 0.088676 0.100520 -0.987076 0.090731 -0.085706 0.100520 -0.987076 0.090731 -0.085706 0.100520 -0.987076 0.090731 -0.085706 -0.085996 -0.992860 -0.081364 0.014629 0.002570 -0.996749 -0.079108 0.015047 -0.255059 -0.732986 0.411015 0.478271 -0.255059 -0.732986 0.411016 0.478271 -0.255059 -0.732986 0.411016 0.478271 0.072083 -0.977265 -0.028413 -0.197357 0.072083 -0.977265 -0.028413 -0.197357 0.072083 -0.977265 -0.028413 -0.197357 0.072083 -0.977265 -0.028413 -0.197357 -0.252055 -0.890967 -0.103596 -0.363200 0.277785 -0.929798 0.070468 -0.230967 0.277779 -0.929796 0.070493 -0.230974 0.072083 -0.977265 -0.028413 -0.197357 0.072083 -0.977265 -0.028413 -0.197357 0.072083 -0.977265 -0.028413 -0.197357 0.072083 -0.977265 -0.028413 -0.197357 0.928776 -0.314218 0.183608 0.070217 0.396521 -0.392983 -0.770252 -0.308298 0.396513 -0.393003 -0.770242 -0.308308
-0.001257 0.765052 0.000087 0.069406 -0.979956 -0.029802 -0.184338 0.120322 -0.957754 -0.194512 0.174340 0.084018 -0.983282 -0.123177 0.104519 0.096089 -0.990651 0.076848 -0.058916 0.096089 -0.990651 0.076848 -0.058916 0.096089 -0.990651 0.076848 -0.058916 -0.104851 -0.989586 -0.097616 0.014055 0.005488 -0.995696 -0.091125 0.016015 -0.284218 -0.719394 0.401830 0.490128 -0.284218 -0.719394 0.401830 0.490128 -0.284218 -0.719394 0.401830 0.490128 0.069405 -0.979956 -0.029802 -0.184338 0.069405 -0.979956 -0.029802 -0.184338 0.069405 -0.979956 -0.029802 -0.184338 0.069405 -0.979956 -0.029802 -0.184338 -0.258597 -0.887710 -0.101641 -0.367106 0.272944 -0.923037 0.082428 -0.258282 0.272937 -0.923035 0.082452 -0.258289 0.069405 -0.979956 -0.029802 -0.184338 0.069405 -0.979956 -0.029802 -0.184338 0.069405 -0.979956 -0.029802 -0.184338 0.069405 -0.979956 -0.029802 -0.184338 0.866032 -0.340715 0.175296 0.321206 0.324864 -0.771168 -0.496431 -0.230910 0.324858 -0.771181 -0.496411 -0.230919
-0.001262 0.750317 0.000075 0.067041 -0.981377 -0.030855 -0.177348 0.130363 -0.953781 -0.200263 0.182213 0.093704 -0.980083 -0.124952 0.122655 0.108090 -0.992042 0.054896 -0.033984 0.108090 -0.992042 0.054896 -0.033984 0.108090 -0.992042 0.054896 -0.033984 -0.120714 -0.987091 -0.103996 0.016293 0.003194 -0.993309 -0.113910 0.018759 -0.282435 -0.715347 0.391240 0.505411 -0.282435 -0.715347 0.391240 0.505411 -0.282435 -0.715347 0.391240 0.505411 0.067041 -0.981377 -0.030855 -0.177348 0.067041 -0.981377 -0.030855 -0.177348 0.067041 -0.981377 -0.030855 -0.177348 0.067041 -0.981377 -0.030855 -0.177348 -0.260157 -0.886569 -0.100108 -0.369177 0.271336 -0.916296 0.091673 -0.279954 0.271329 -0.916294 0.091697 -0.279961 0.067041 -0.981377 -0.030855 -0.177348 0.067041 -0.981377 -0.030855 -0.177348 0.067041 -0.981377 -0.030855 -0.177348 0.067041 -0.981377 -0.030855 -0.177348 0.775919 -0.370539 0.161651 0.484272 0.222160 -0.953034 -0.155939 -0.134363 0.222157 -0.953038 -0.155914 -0.134368
-0.001269 0.736042 0.000065 0.065123 -0.981842 -0.031784 -0.175312 0.139020 -0.951807 -0.201797 0.184430 0.098950 -0.978992 -0.123269 0.128798 0.107728 -0.992662 0.050007 -0.022719 0.107728 -0.992662 0.050007 -0.022719 0.107728 -0.992662 0.050007 -0.022719 -0.133547 -0.983807 -0.118962 0.011669 0.003613 -0.993673 -0.112237 0.001925 -0.306216 -0.716707 0.383493 0.495476 -0.306216 -0.716707 0.383493 0.495476 -0.306216 -0.716707 0.383493 0.495476 0.065122 -0.981843 -0.031784 -0.175312 0.065122 -0.981843 -0.031784 -0.175312 0.065122 -0.981843 -0.031784 -0.175312 0.065122 -0.981843 -0.031784 -0.175312 -0.258522 -0.886633 -0.099426 -0.370354 0.271512 -0.910932 0.097275 -0.294994 0.271504 -0.910930 0.097298 -0.295001 0.065122 -0.981843 -0.031784 -0.175312 0.065122 -0.981843 -0.031784 -0.175312 0.065122 -0.981843 -0.031784 -0.175312 0.065122 -0.981843 -0.031784 -0.175312 0.684830 -0.405352 0.148102 0.587166 0.138548 -0.974717 0.174923 0.011534 0.138548 -0.974712 0.174949 0.011530
-0.001270 0.723876 0.000055 0.062646 -0.981424 -0.033027 -0.178304 0.142691 -0.953291 -0.201173 0.174372 0.100900 -0.980994 -0.120129 0.114189 0.113504 -0.991499 0.045608 -0.044337 0.113504 -0.991499 0.045608 -0.044337 0.113504 -0.991499 0.045608 -0.044337 -0.159152 -0.975323 -0.117524 -0.097995 0.002931 -0.994112 -0.101184 -0.038664 -0.295691 -0.702741 0.430123 0.483442 -0.295691 -0.702741 0.430123 0.483442 -0.295691 -0.702741 0.430123 0.483442 0.062645 -0.981424 -0.033027 -0.178304 0.062645 -0.981424 -0.033027 -0.178304 0.062645 -0.981424 -0.033027 -0.178304 0.062645 -0.981424 -0.033027 -0.178304 -0.258179 -0.887960 -0.100225 -0.367185 0.272434 -0.911282 0.095204 -0.293738 0.272426 -0.911279 0.095228 -0.293745 0.062645 -0.981424 -0.033027 -0.178304 0.062645 -0.981424 -0.033027 -0.178304 0.062645 -0.981424 -0.033027 -0.178304 0.062645 -0.981424 -0.033027 -0.178304 0.632394 -0.399369 0.142829 0.648215 0.127826 -0.898517 0.383766 0.170445 0.127830 -0.898507 0.383790 0.170442
-0.001266 0.714634 0.000047 0.059774 -0.980820 -0.033748 -0.182431 0.142923 -0.956643 -0.199420 0.156970 0.105570 -0.984204 -0.119146 0.077471 0.109892 -0.988572 0.044667 -0.093028 0.109892 -0.988572 0.044667 -0.093028 0.109892 -0.988572 0.044667 -0.093028 -0.166009 -0.974930 -0.117347 -0.090452 -0.012092 -0.993227 -0.104155 -0.050063 -0.338335 -0.699370 0.401515 0.484971 -0.338335 -0.699370 0.401515 0.484971 -0.338335 -0.699370 0.401515 0.484971 0.059773 -0.980820 -0.033748 -0.182431 0.059773 -0.980820 -0.033748 -0.182431 0.059773 -0.980820 -0.033748 -0.182431 0.059773 -0.980820 -0.033748 -0.182431 -0.258172 -0.889801 -0.100732 -0.362565 0.273543 -0.914810 0.090058 -0.283171 0.273536 -0.914808 0.090082 -0.283178 0.059773 -0.980820 -0.033748 -0.182431 0.059773 -0.980820 -0.033748 -0.182431 0.059773 -0.980820 -0.033748 -0.182431 0.059773 -0.980820 -0.033748 -0.182431 0.620838 -0.399317 0.141927 0.659517 0.085443 -0.793946 0.543472 0.258821 0.085450 -0.793931 0.543492 0.258819
-0.001248 0.707969 0.000059 0.056671 -0.980329 -0.033224 -0.186119 0.110190 -0.963031 -0.208931 0.129529 0.096079 -0.987606 -0.115800 0.044659 0.096308 -0.985871 0.043738 -0.129886 0.096308 -0.985871 0.043738 -0.129886 0.096308 -0.985871 0.043738 -0.129886 -0.172923 -0.974846 -0.106509 -0.091805 -0.009644 -0.993246 -0.101341 -0.055670 -0.361238 -0.681755 0.407742 0.488326 -0.361238 -0.681755 0.407742 0.488326 -0.361238 -0.681755 0.407742 0.488326 0.056671 -0.980329 -0.033225 -0.186119 0.056671 -0.980329 -0.033225 -0.186119 0.056671 -0.980329 -0.033225 -0.186119 0.056671 -0.980329 -0.033225 -0.186119 -0.258322 -0.891429 -0.099988 -0.358646 0.276409 -0.919139 0.085575 -0.267317 0.276402 -0.919137 0.085599 -0.267324 0.056671 -0.980329 -0.033225 -0.186119 0.056671 -0.980329 -0.033225 -0.186119 0.056671 -0.980329 -0.033225 -0.186119 0.056671 -0.980329 -0.033225 -0.186119 0.675414 -0.409315 0.148759 0.595103 0.021435 -0.774492 0.596414 0.209745 0.021440 -0.774477 0.596434 0.209744
-0.001283 0.702626 0.000086 0.073664 -0.981827 -0.043217 -0.169474 0.144894 -0.960532 -0.196719 0.132984 0.145722 -0.981938 -0.117892 0.025784 0.182933 -0.965308 0.015969 -0.185634 0.182933 -0.965308 0.015969 -0.185634 0.182933 -0.965308 0.015969 -0.185634 -0.180881 -0.971079 -0.130398 -0.085346 -0.010515 -0.990797 -0.108121 -0.080751 -0.381536 -0.703251 0.375501 0.467833 -0.381536 -0.703251 0.375501 0.467833 -0.381536 -0.703251 0.375501 0.467833 0.073663 -0.981827 -0.043217 -0.169474 0.073663 -0.981827 -0.043217 -0.169474 0.073663 -0.981827 -0.043217 -0.169474 0.073663 -0.981827 -0.043217 -0.169474 -0.285987 -0.821899 -0.121364 -0.477456 0.173360 -0.809547 0.167431 -0.535301 0.173346 -0.809543 0.167452 -0.535305 0.073663 -0.981827 -0.043217 -0.169474 0.073663 -0.981827 -0.043217 -0.169474 0.073663 -0.981827 -0.043217 -0.169474 0.073663 -0.981827 -0.043217 -0.169474 0.716063 -0.436834 0.143771 0.525128 0.239717 -0.723821 0.538348 0.358888 0.239726 -0.723807 0.538367 0.358882
-0.001367 0.698562 0.000107 0.094675 -0.987128 -0.045258 -0.120689 0.154551 -0.954733 -0.185416 0.173837 0.184230 -0.973483 -0.124486 0.053782 0.258593 -0.946650 -0.047783 -0.186277 0.258593 -0.946650 -0.047783 -0.186277 0.258593 -0.946650 -0.047783 -0.186277 -0.195243 -0.968824 -0.134562 -0.071782 -0.022293 -0.989186 -0.111565 -0.092560 -0.434860 -0.690584 0.340741 0.466783 -0.434860 -0.690584 0.340741 0.466783 -0.434860 -0.690584 0.340741 0.466783 0.094675 -0.987128 -0.045258 -0.120689 0.094675 -0.987128 -0.045258 -0.120689 0.094675 -0.987128 -0.045258 -0.120689 0.094675 -0.987128 -0.045258 -0.120689 -0.302998 -0.704929 -0.129603 -0.628069 0.121016 0.537315 -0.146574 0.821684 0.121037 0.537311 -0.146588 0.821680 0.094675 -0.987128 -0.045258 -0.120689 0.094675 -0.987128 -0.045258 -0.120689 0.094675 -0.987128 -0.045258 -0.120689 0.094675 -0.987128 -0.045258 -0.120689 0.717405 -0.525409 0.106297 0.444944 0.489721 -0.526695 0.433382 0.543089 0.489735 -0.526684 0.433396 0.543076
-0.001454 0.694313 0.000164 0.110722 -0.991587 -0.034357 -0.057584 0.147860 -0.947275 -0.175757 0.223420 0.202147 -0.967825 -0.130160 0.074233 0.307577 -0.927143 -0.096989 -0.190776 0.307577 -0.927143 -0.096989 -0.190776 0.307577 -0.927143 -0.096989 -0.190776 -0.201556 -0.966051 -0.152421 -0.053743 -0.003446 -0.988451 -0.105682 -0.108555 -0.445852 -0.714226 0.324931 0.430717 -0.445852 -0.714226 0.324931 0.430717 -0.445852 -0.714226 0.324931 0.430717 0.110722 -0.991587 -0.034357 -0.057584 0.110722 -0.991587 -0.034357 -0.057584 0.110722 -0.991587 -0.034357 -0.057584 0.110722 -0.991587 -0.034358 -0.057584 0.377113 0.609711 0.119716 0.686809 0.350247 0.398040 -0.050788 0.846352 0.350269 0.398039 -0.050798 0.846343 0.110722 -0.991587 -0.034357 -0.057584 0.110722 -0.991587 -0.034357 -0.057584 0.110722 -0.991587 -0.034357 -0.057584 0.110722 -0.991587 -0.034358 -0.057584 0.766245 -0.593921 0.050708 0.239907 0.783399 -0.389922 0.250851 0.413910 0.783409 -0.389915 0.250861 0.413890
-0.001537 0.688967 0.000264 0.122832 -0.991364 -0.016788 0.042760 0.135596 -0.932245 -0.157771 0.296043 0.222377 -0.957556 -0.127867 0.131472 0.341252 -0.921328 -0.100468 -0.156872 0.341252 -0.921328 -0.100468 -0.156872 0.341252 -0.921328 -0.100468 -0.156872 -0.225349 -0.960190 -0.158082 -0.047569 -0.036501 -0.980012 -0.106535 -0.163996 -0.523856 -0.717542 0.240169 0.391188 -0.523856 -0.717542 0.240169 0.391188 -0.523856 -0.717542 0.240169 0.391188 0.122831 -0.991364 -0.016788 0.042760 0.122831 -0.991364 -0.016788 0.042760 0.122831 -0.991364 -0.016788 0.042760 0.122831 -0.991364 -0.016788 0.042760 0.599501 0.564358 0.053702 0.564990 0.570337 0.565264 -0.008268 0.595923 0.570352 0.565264 -0.008283 0.595908 0.122831 -0.991364 -0.016788 0.042760 0.122831 -0.991364 -0.016788 0.042760 0.122831 -0.991364 -0.016788 0.042760 0.122831 -0.991364 -0.016788 0.042760 0.716819 -0.694512 -0.047572 -0.039491 0.703583 -0.447571 -0.391854 -0.388718 0.703573 -0.447581 -0.391842 -0.388736
-0.001557 0.684121 0.000339 0.129355 -0.984033 0.002611 0.122228 0.148927 -0.906093 -0.157577 0.363300 0.241938 -0.939945 -0.140182 0.195749 0.359620 -0.919988 -0.117575 -0.102332 0.359620 -0.919988 -0.117575 -0.102332 0.359620 -0.919988 -0.117575 -0.102332 -0.238959 -0.955691 -0.166731 -0.041888 -0.043037 -0.968906 -0.119202 -0.212510 -0.555160 -0.737974 0.169247 0.344306 -0.555160 -0.737974 0.169247 0.344306 -0.555160 -0.737974 0.169247 0.344306 0.129355 -0.984033 0.002611 0.122228 0.129355 -0.984033 0.002611 0.122228 0.129355 -0.984033 0.002611 0.122228 0.129355 -0.984033 0.002611 0.122228 0.790476 0.602149 -0.104957 -0.039350 0.641041 0.469920 0.433563 -0.424575 0.641030 0.469931 0.433551 -0.424592 0.129355 -0.984033 0.002611 0.122228 0.129355 -0.984033 0.002611 0.122228 0.129355 -0.984033 0.002611 0.122228 0.129355 -0.984033 0.002611 0.122228 0.688716 -0.719943 -0.079371 0.032443 0.554860 -0.510807 -0.494567 -0.431984 0.554849 -0.510820 -0.494553 -0.431999
-0.001544 0.680412 0.000394 0.130443 -0.972409 0.025774 0.191679 0.145525 -0.867502 -0.193119 0.434704 0.249117 -0.909729 -0.194784 0.269061 0.354506 -0.916931 -0.180182 -0.033129 0.354506 -0.916931 -0.180182 -0.033129 0.354506 -0.916931 -0.180182 -0.033129 -0.250677 -0.950462 -0.178692 -0.043042 -0.062172 -0.957716 -0.103663 -0.261092 -0.582657 -0.759286 0.116600 0.265330 -0.582657 -0.759286 0.116600 0.265330 -0.582657 -0.759286 0.116600 0.265330 0.130443 -0.972409 0.025774 0.191679 0.130443 -0.972409 0.025774 0.191679 0.130443 -0.972409 0.025774 0.191679 0.130443 -0.972409 0.025774 0.191679 0.741846 0.454565 -0.217618 -0.442355 0.755928 0.071287 0.226115 -0.610216 0.755912 0.071293 0.226113 -0.610235 0.130443 -0.972409 0.025774 0.191679 0.130443 -0.972409 0.025774 0.191679 0.130443 -0.972409 0.025774 0.191679 0.130443 -0.972409 0.025774 0.191679 0.679238 -0.722462 -0.104568 0.075829 0.478073 -0.596676 -0.508677 -0.395818 0.478063 -0.596689 -0.508661 -0.395830
-0.001483 0.679048 0.000369 0.132518 -0.958554 0.045722 0.248039 0.140713 -0.837957 -0.216158 0.480940 0.234251 -0.889442 -0.239550 0.310863 0.332833 -0.921793 -0.198705 -0.006038 0.332833 -0.921793 -0.198705 -0.006038 0.332833 -0.921793 -0.198705 -0.006038 -0.252962 -0.950890 -0.175745 -0.030534 -0.035578 -0.954115 -0.099575 -0.280150 -0.572967 -0.783156 0.104217 0.217978 -0.572967 -0.783156 0.104217 0.217978 -0.572967 -0.783156 0.104217 0.217978 0.132517 -0.958554 0.045722 0.248039 0.132517 -0.958554 0.045722 0.248039 0.132517 -0.958554 0.045722 0.248039 0.132517 -0.958554 0.045722 0.248039 -0.563213 -0.413628 0.257720 0.667296 -0.570865 -0.190327 -0.046149 0.797345 -0.570844 -0.190328 -0.046144 0.797360 0.132517 -0.958554 0.045722 0.248039 0.132517 -0.958554 0.045722 0.248039 0.132517 -0.958554 0.045722 0.248039 0.132517 -0.958554 0.045722 0.248039 0.675293 -0.714376 -0.121693 0.137244 0.408901 -0.705193 -0.490265 -0.308454 0.408893 -0.705205 -0.490246 -0.308465
-0.001402 0.681368 0.000160 0.133236 -0.937311 0.056108 0.317092 0.138034 -0.815200 -0.213676 0.520325 0.228296 -0.879263 -0.242295 0.340692 0.326194 -0.929115 -0.173954 0.009063 0.326194 -0.929115 -0.173954 0.009063 0.326194 -0.929115 -0.173954 0.009063 -0.262459 -0.950039 -0.168762 0.007807 -0.045125 -0.957966 -0.107483 -0.262132 -0.570784 -0.784530 0.095226 0.222825 -0.570784 -0.784530 0.095226 0.222825 -0.570784 -0.784530 0.095226 0.222825 0.133236 -0.937311 0.056108 0.317092 0.133236 -0.937311 0.056108 0.317092 0.133236 -0.937311 0.056108 0.317092 0.133236 -0.937311 0.056108 0.317092 -0.342947 -0.362629 0.255429 0.828036 -0.308810 -0.253440 0.016829 0.916581 -0.308786 -0.253440 0.016836 0.916589 0.133236 -0.937311 0.056108 0.317092 0.133236 -0.937311 0.056108 0.317092 0.133236 -0.937311 0.056108 0.317092 0.133236 -0.937311 0.056108 0.317092 0.632828 -0.707141 -0.130970 0.286927 0.294774 -0.882121 -0.357757 -0.083553 0.294772 -0.882130 -0.357734 -0.083560
-0.001384 0.686317 -0.000069 0.135185 -0.901400 0.067201 0.405817 0.130654 -0.789901 -0.178955 0.571805 0.221718 -0.876555 -0.193934 0.380634 0.345995 -0.932408 -0.098114 0.035736 0.345995 -0.932408 -0.098114 0.035736 0.345995 -0.932408 -0.098114 0.035736 -0.258685 -0.949386 -0.154214 0.089250 -0.041640 -0.977724 -0.108859 -0.174559 -0.542567 -0.774449 0.150807 0.288284 -0.542567 -0.774449 0.150807 0.288284 -0.542567 -0.774449 0.150807 0.288284 0.135185 -0.901400 0.067201 0.405817 0.135185 -0.901400 0.067201 0.405817 0.135185 -0.901400 0.067201 0.405817 0.135185 -0.901400 0.067201 0.405817 -0.154755 -0.318257 0.229381 0.906724 -0.115081 -0.264269 0.053447 0.956066 -0.115057 -0.264268 0.053454 0.956069 0.135185 -0.901400 0.067201 0.405817 0.135185 -0.901400 0.067201 0.405817 0.135185 -0.901400 0.067201 0.405817 0.135185 -0.901400 0.067201 0.405817 0.587948 -0.694098 -0.155165 0.385318 0.226843 -0.932314 -0.271816 0.073821 0.226845 -0.932321 -0.271792 0.073815
-0.001404 0.691447 -0.000306 0.137228 -0.864131 0.072378 0.478756 0.129168 -0.757817 -0.138553 0.624365 0.222376 -0.859761 -0.146662 0.435719 0.369570 -0.923106 -0.050998 0.093237 0.369570 -0.923106 -0.050998 0.093237 0.369570 -0.923106 -0.050998 0.093237 -0.250420 -0.945662 -0.147485 0.145813 -0.032911 -0.985437 -0.113089 -0.122647 -0.530903 -0.764453 0.163439 0.327173 -0.530903 -0.764453 0.163439 0.327173 -0.530903 -0.764453 0.163439 0.327173 0.137228 -0.864131 0.072378 0.478756 0.137228 -0.864131 0.072378 0.478756 0.137228 -0.864131 0.072378 0.478756 0.137228 -0.864131 0.072378 0.478756 -0.047256 -0.288384 0.198888 0.935438 -0.013998 -0.264640 0.070333 0.961677 -0.013973 -0.264638 0.070340 0.961677 0.137228 -0.864131 0.072378 0.478756 0.137228 -0.864131 0.072378 0.478756 0.137228 -0.864131 0.072378 0.478756 0.137228 -0.864131 0.072378 0.478756 0.538675 -0.699254 -0.170315 0.438024 0.158344 -0.951920 -0.207270 0.160672 0.158348 -0.951925 -0.207245 0.160668
-0.001467 0.699865 -0.000534 0.140485 -0.829015 0.076524 0.535857 0.130875 -0.716288 -0.102833 0.677664 0.231161 -0.823935 -0.104426 0.506745 0.392254 -0.899758 -0.038738 0.187276 0.392254 -0.899758 -0.038738 0.187276 0.392254 -0.899758 -0.038738 0.187276 -0.236985 -0.941559 -0.144388 0.190938 -0.011117 -0.988851 -0.121690 -0.085098 -0.502244 -0.770610 0.180921 0.348109 -0.502244 -0.770609 0.180921 0.348109 -0.502244 -0.770609 0.180921 0.348109 0.140485 -0.829015 0.076524 0.535857 0.140485 -0.829015 0.076524 0.535857 0.140485 -0.829015 0.076524 0.535857 0.140485 -0.829015 0.076524 0.535857 0.017635 -0.272968 0.174102 0.945973 0.036358 -0.262603 0.103429 0.958655 0.036383 -0.262600 0.103436 0.958655 0.140485 -0.829015 0.076524 0.535857 0.140485 -0.829015 0.076524 0.535857 0.140485 -0.829015 0.076524 0.535857 0.140485 -0.829015 0.076524 0.535857 0.499751 -0.686852 -0.175277 0.497756 0.114194 -0.949945 -0.139536 0.255134 0.114201 -0.949949 -0.139512 0.255131
-0.001574 0.708694 -0.000728 0.140016 -0.790599 0.085939 0.589884 0.124107 -0.660990 -0.058023 0.737783 0.234344 -0.767969 -0.045339 0.594349 0.401734 -0.855425 -0.044738 0.323815 0.401734 -0.855425 -0.044738 0.323815 0.401734 -0.855425 -0.044738 0.323815 -0.224955 -0.935528 -0.139919 0.233679 0.013319 -0.990205 -0.129201 -0.051220 -0.478684 -0.774952 0.194479 0.363990 -0.478684 -0.774952 0.194479 0.363990 -0.478684 -0.774952 0.194479 0.363990 0.140016 -0.790599 0.085939 0.589884 0.140016 -0.790599 0.085939 0.589884 0.140016 -0.790599 0.085939 0.589884 0.140016 -0.790599 0.085939 0.589884 0.070472 -0.262148 0.144436 0.951552 0.083140 -0.248282 0.093248 0.960598 0.083165 -0.248280 0.093254 0.960596 0.140016 -0.790599 0.085939 0.589884 0.140016 -0.790599 0.085939 0.589884 0.140016 -0.790599 0.085939 0.589884 0.140016 -0.790599 0.085939 0.589884 0.466241 -0.682807 -0.179225 0.533171 0.078696 -0.947191 -0.112081 0.289955 0.078703 -0.947194 -0.112057 0.289953
-0.001694 0.716054 -0.000874 0.138619 -0.765884 0.092780 0.620965 0.112444 -0.623593 -0.027372 0.773136 0.230034 -0.723195 0.004826 0.651191 0.389071 -0.815156 -0.068548 0.423609 0.389071 -0.815156 -0.068548 0.423609 0.389071 -0.815156 -0.068548 0.423609 -0.212568 -0.930624 -0.131023 0.267556 0.039943 -0.989450 -0.138439 -0.015066 -0.469629 -0.758307 0.211921 0.399384 -0.469629 -0.758307 0.211921 0.399384 -0.469629 -0.758307 0.211921 0.399384 0.138619 -0.765885 0.092780 0.620965 0.138619 -0.765885 0.092780 0.620965 0.138619 -0.765885 0.092780 0.620965 0.138619 -0.765885 0.092780 0.620965 0.113821 -0.255067 0.111233 0.953736 0.123534 -0.227051 0.067136 0.963680 0.123559 -0.227049 0.067142 0.963677 0.138619 -0.765885 0.092780 0.620965 0.138619 -0.765885 0.092780 0.620965 0.138619 -0.765885 0.092780 0.620965 0.138619 -0.765885 0.092780 0.620965 0.446749 -0.682472 -0.180039 0.549757 0.059478 -0.946454 -0.100590 0.300946 0.059485 -0.946457 -0.100565 0.300944
-0.001799 0.722155 -0.000984 0.137010 -0.749752 0.096544 0.640140 0.104357 -0.598927 -0.006020 0.793952 0.227886 -0.692168 0.040399 0.683623 0.367930 -0.788149 -0.091947 0.484763 0.367930 -0.788149 -0.091947 0.484763 0.367930 -0.788149 -0.091947 0.484763 -0.198467 -0.928636 -0.125035 0.287423 0.062373 -0.988226 -0.139700 0.001519 -0.465787 -0.749037 0.226762 0.412996 -0.465787 -0.749037 0.226762 0.412996 -0.465787 -0.749037 0.226762 0.412996 0.137009 -0.749753 0.096544 0.640140 0.137009 -0.749753 0.096544 0.640140 0.137009 -0.749753 0.096544 0.640140 0.137009 -0.749753 0.096544 0.640140 0.136625 -0.253018 0.090174 0.953512 0.136419 -0.204191 0.080318 0.966046 0.136444 -0.204189 0.080323 0.966043 0.137009 -0.749753 0.096544 0.640140 0.137009 -0.749753 0.096544 0.640140 0.137009 -0.749753 0.096544 0.640140 0.137009 -0.749753 0.096544 0.640140 0.432222 -0.679771 -0.178235 0.565091 0.045199 -0.945253 -0.087616 0.311090 0.045207 -0.945256 -0.087592 0.311088
-0.001878 0.727302 -0.001065 0.135575 -0.734955 0.101354 0.656649 0.097334 -0.583810 0.004752 0.806021 0.231339 -0.677368 0.062564 0.695515 0.343814 -0.773304 -0.120067 0.519015 0.343814 -0.773304 -0.120067 0.519015 0.343814 -0.773304 -0.120067 0.519015 -0.186511 -0.927230 -0.123474 0.300355 0.068848 -0.987757 -0.138803 0.018135 -0.480178 -0.727749 0.234369 0.429979 -0.480178 -0.727749 0.234369 0.429979 -0.480178 -0.727749 0.234369 0.429979 0.135575 -0.734955 0.101355 0.656649 0.135575 -0.734955 0.101355 0.656649 0.135575 -0.734955 0.101355 0.656649 0.135575 -0.734955 0.101355 0.656649 0.160680 -0.247975 0.066441 0.953035 0.155792 -0.209687 0.080707 0.961897 0.155817 -0.209685 0.080712 0.961893 0.135575 -0.734955 0.101355 0.656649 0.135575 -0.734955 0.101355 0.656649 0.135575 -0.734955 0.101355 0.656649 0.135575 -0.734955 0.101355 0.656649 0.420700 -0.677381 -0.175981 0.577233 0.029893 -0.945840 -0.076076 0.314174 0.029901 -0.945842 -0.076051 0.314173
-0.001931 0.731619 -0.001124 0.133800 -0.719290 0.106380 0.673351 0.100413 -0.563907 0.008133 0.819671 0.237258 -0.655743 0.082872 0.711928 0.339514 -0.752608 -0.113565 0.552644 0.339514 -0.752608 -0.113565 0.552644 0.339514 -0.752608 -0.113565 0.552644 -0.170706 -0.924833 -0.119814 0.318102 0.083193 -0.985836 -0.139694 0.041142 -0.463788 -0.722908 0.254477 0.444462 -0.463788 -0.722908 0.254477 0.444462 -0.463788 -0.722908 0.254477 0.444462 0.133800 -0.719290 0.106380 0.673351 0.133800 -0.719290 0.106380 0.673351 0.133800 -0.719290 0.106380 0.673351 0.133800 -0.719290 0.106380 0.673351 0.179378 -0.237046 0.044551 0.953755 0.168170 -0.195940 0.088203 0.962053 0.168195 -0.195937 0.088208 0.962049 0.133800 -0.719290 0.106380 0.673351 0.133800 -0.719290 0.106380 0.673351 0.133800 -0.719290 0.106380 0.673351 0.133800 -0.719290 0.106380 0.673351 0.410028 -0.676870 -0.174762 0.585818 0.010244 -0.948439 -0.066059 0.309830 0.010252 -0.948441 -0.066034 0.309830
-0.001963 0.736634 -0.001176 0.131194 -0.704856 0.109367 0.688480 0.108014 -0.552415 0.003080 0.826536 0.244877 -0.653146 0.090948 0.710749 0.341345 -0.750927 -0.127819 0.550686 0.341345 -0.750927 -0.127819 0.550686 0.341345 -0.750927 -0.127819 0.550686 -0.159983 -0.922226 -0.119028 0.331265 0.089962 -0.984870 -0.136609 0.057231 -0.460503 -0.712200 0.270284 0.455691 -0.460503 -0.712200 0.270284 0.455691 -0.460503 -0.712200 0.270284 0.455691 0.131194 -0.704856 0.109367 0.688480 0.131194 -0.704856 0.109367 0.688480 0.131194 -0.704856 0.109367 0.688480 0.131194 -0.704856 0.109367 0.688480 0.192932 -0.233677 0.025123 0.952650 0.179227 -0.187351 0.083861 0.962156 0.179252 -0.187349 0.083866 0.962151 0.131194 -0.704856 0.109367 0.688480 0.131194 -0.704856 0.109367 0.688480 0.131194 -0.704856 0.109367 0.688480 0.131194 -0.704856 0.109367 0.688480 0.399407 -0.677535 -0.174746 0.592355 -0.007768 -0.950517 -0.058560 0.305005 -0.007760 -0.950518 -0.058535 0.305005
-0.001986 0.743237 -0.001228 0.128861 -0.694275 0.111020 0.699322 0.105381 -0.545296 -0.001489 0.831592 0.257907 -0.645075 0.093687 0.713152 0.344729 -0.738486 -0.135938 0.563313 0.344729 -0.738486 -0.135938 0.563313 0.344729 -0.738486 -0.135938 0.563313 -0.152346 -0.918406 -0.120430 0.344698 0.101903 -0.982770 -0.133132 0.077813 -0.439773 -0.709480 0.293750 0.465777 -0.439773 -0.709480 0.293750 0.465777 -0.439773 -0.709480 0.293750 0.465777 0.128861 -0.694275 0.111020 0.699322 0.128861 -0.694275 0.111020 0.699322 0.128861 -0.694275 0.111020 0.699322 0.128861 -0.694275 0.111020 0.699322 0.202853 -0.235719 0.009758 0.950364 0.187713 -0.182368 0.078552 0.961943 0.187738 -0.182366 0.078557 0.961938 0.128861 -0.694275 0.111020 0.699322 0.128861 -0.694275 0.111020 0.699322 0.128861 -0.694275 0.111020 0.699322 0.128861 -0.694275 0.111020 0.699322 0.390438 -0.677278 -0.173822 0.598865 -0.019019 -0.951106 -0.052124 0.303841 -0.019011 -0.951107 -0.052099 0.303841
-0.002013 0.749422 -0.001281 0.126365 -0.686086 0.113001 0.707495 0.097443 -0.548958 -0.013484 0.830041 0.267916 -0.651849 0.098027 0.702641 0.346403 -0.736360 -0.140579 0.563929 0.346403 -0.736360 -0.140579 0.563929 0.346403 -0.736360 -0.140579 0.563929 -0.113144 -0.899233 -0.164574 0.389221 0.090905 -0.986710 -0.111690 0.075270 -0.494628 -0.686918 0.282049 0.451592 -0.494628 -0.686918 0.282049 0.451592 -0.494628 -0.686918 0.282049 0.451592 0.126365 -0.686086 0.113001 0.707495 0.126365 -0.686086 0.113001 0.707495 0.126365 -0.686086 0.113001 0.707495 0.126365 -0.686086 0.113001 0.707495 0.208087 -0.235326 -0.000962 0.949379 0.192573 -0.176551 0.073444 0.962472 0.192598 -0.176549 0.073448 0.962467 0.126365 -0.686086 0.113001 0.707495 0.126365 -0.686086 0.113001 0.707495 0.126365 -0.686086 0.113001 0.707495 0.126365 -0.686086 0.113001 0.707495 0.384272 -0.676713 -0.173647 0.603524 -0.028386 -0.952285 -0.048713 0.299956 -0.028379 -0.952287 -0.048688 0.299957
-0.002041 0.754256 -0.001333 0.123197 -0.677479 0.115153 0.715950 0.096328 -0.547518 -0.032873 0.830581 0.272181 -0.660506 0.100396 0.692510 0.350783 -0.741996 -0.153418 0.550323 0.350783 -0.741996 -0.153418 0.550323 0.350783 -0.741996 -0.153418 0.550323 -0.135220 -0.885813 -0.134525 0.423030 0.114910 -0.979696 -0.099725 0.130559 -0.457844 -0.671333 0.337491 0.475175 -0.457844 -0.671333 0.337491 0.475175 -0.457844 -0.671333 0.337491 0.475175 0.123197 -0.677479 0.115153 0.715950 0.123197 -0.677479 0.115153 0.715950 0.123197 -0.677479 0.115153 0.715950 0.123197 -0.677479 0.115153 0.715950 0.209194 -0.232855 -0.008793 0.949705 0.193991 -0.169663 0.068264 0.963806 0.194016 -0.169661 0.068268 0.963801 0.123197 -0.677479 0.115153 0.715950 0.123197 -0.677479 0.115153 0.715950 0.123197 -0.677479 0.115153 0.715950 0.123197 -0.677479 0.115153 0.715950 0.378488 -0.675115 -0.174541 0.608689 -0.034148 -0.952942 -0.048951 0.297221 -0.034141 -0.952943 -0.048926 0.297221
-0.002068 0.757227 -0.001375 0.119514 -0.667481 0.117803 0.725471 0.096737 -0.534180 -0.041214 0.838806 0.278933 -0.647638 0.107366 0.700881 0.346176 -0.727640 -0.158283 0.570657 0.346176 -0.727640 -0.158283 0.570657 0.346176 -0.727640 -0.158283 0.570657 -0.149135 -0.880191 -0.122126 0.433714 0.124779 -0.977701 -0.088596 0.143810 -0.452576 -0.667099 0.355620 0.472958 -0.452576 -0.667099 0.355620 0.472958 -0.452576 -0.667099 0.355620 0.472958 0.119513 -0.667481 0.117803 0.725471 0.119513 -0.667481 0.117803 0.725471 0.119513 -0.667481 0.117803 0.725471 0.119513 -0.667481 0.117803 0.725471 0.208447 -0.229762 -0.015812 0.950531 0.194406 -0.164998 0.059937 0.965085 0.194431 -0.164996 0.059941 0.965080 0.119513 -0.667481 0.117803 0.725471 0.119513 -0.667481 0.117803 0.725471 0.119513 -0.667481 0.117803 0.725471 0.119513 -0.667481 0.117803 0.725471 0.373640 -0.674303 -0.177568 0.611701 -0.039498 -0.953934 -0.053240 0.292601 -0.039490 -0.953935 -0.053215 0.292602
-0.002088 0.758804 -0.001410 0.117064 -0.662445 0.119158 0.730249 0.097495 -0.527763 -0.052094 0.842168 0.283816 -0.643055 0.106680 0.703241 0.343291 -0.720738 -0.168106 0.578298 0.343291 -0.720738 -0.168106 0.578298 0.343291 -0.720738 -0.168106 0.578298 -0.156362 -0.876291 -0.120134 0.439583 0.135607 -0.975510 -0.087096 0.149684 -0.442433 -0.670478 0.363851 0.471513 -0.442433 -0.670478 0.363851 0.471513 -0.442433 -0.670478 0.363851 0.471513 0.117063 -0.662446 0.119158 0.730249 0.117063 -0.662446 0.119158 0.730249 0.117063 -0.662446 0.119158 0.730249 0.117063 -0.662446 0.119158 0.730249 0.207426 -0.228241 -0.019537 0.951051 0.193988 -0.161305 0.055808 0.966041 0.194013 -0.161304 0.055812 0.966036 0.117063 -0.662446 0.119158 0.730249 0.117063 -0.662446 0.119158 0.730249 0.117063 -0.662446 0.119158 0.730249 0.117063 -0.662446 0.119158 0.730249 0.370376 -0.673879 -0.178594 0.613851 -0.039688 -0.954094 -0.056526 0.291436 -0.039680 -0.954095 -0.056501 0.291437
-0.002099 0.759439 -0.001435 0.116516 -0.663036 0.119969 0.729668 0.101272 -0.525272 -0.065049 0.842379 0.288733 -0.640862 0.101622 0.703990 0.342372 -0.715632 -0.174508 0.583266 0.342372 -0.715632 -0.174508 0.583266 0.342372 -0.715632 -0.174508 0.583266 -0.159563 -0.869733 -0.128020 0.449128 0.139835 -0.973252 -0.085831 0.160808 -0.452076 -0.652308 0.372223 0.481219 -0.452076 -0.652308 0.372223 0.481219 -0.452076 -0.652308 0.372223 0.481219 0.116516 -0.663036 0.119969 0.729668 0.116516 -0.663036 0.119969 0.729668 0.116516 -0.663036 0.119969 0.729668 0.116516 -0.663036 0.119969 0.729668 0.209211 -0.221427 -0.022840 0.952197 0.196660 -0.151792 0.052515 0.967226 0.196685 -0.151791 0.052519 0.967221 0.116516 -0.663036 0.119969 0.729668 0.116516 -0.663036 0.119969 0.729668 0.116516 -0.663036 0.119969 0.729668 0.116516 -0.663036 0.119969 0.729668 0.367726 -0.672160 -0.174367 0.618526 -0.034675 -0.952149 -0.051358 0.299285 -0.034667 -0.952151 -0.051333 0.299286
-0.002101 0.758195 -0.001446 0.116877 -0.662076 0.122530 0.730056 0.102546 -0.521162 -0.080606 0.843432 0.293683 -0.639674 0.098306 0.703494 0.346239 -0.712182 -0.171518 0.586086 0.346239 -0.712182 -0.171518 0.586086 0.346239 -0.712182 -0.171518 0.586086 -0.160143 -0.868603 -0.125982 0.451677 0.158260 -0.971890 -0.080730 0.154487 -0.424816 -0.682124 0.377874 0.459837 -0.424816 -0.682124 0.377874 0.459837 -0.424816 -0.682124 0.377874 0.459837 0.116877 -0.662076 0.122530 0.730056 0.116877 -0.662076 0.122530 0.730056 0.116877 -0.662076 0.122530 0.730056 0.116877 -0.662076 0.122530 0.730056 0.212066 -0.210106 -0.026539 0.954033 0.200980 -0.138504 0.047535 0.968589 0.201005 -0.138503 0.047539 0.968584 0.116877 -0.662076 0.122530 0.730056 0.116877 -0.662076 0.122530 0.730056 0.116877 -0.662076 0.122530 0.730056 0.116877 -0.662076 0.122530 0.730056 0.364981 -0.670122 -0.168277 0.624026 -0.029893 -0.949624 -0.042284 0.309085 -0.029885 -0.949625 -0.042259 0.309086
-0.002101 0.755999 -0.001448 0.117968 -0.661639 0.125329 0.729801 0.100156 -0.516858 -0.099738 0.844321 0.296828 -0.640601 0.101113 0.700928 0.351851 -0.712427 -0.159972 0.585712 0.351851 -0.712427 -0.159972 0.585712 0.351851 -0.712427 -0.159972 0.585712 -0.164990 -0.869216 -0.121539 0.449966 0.160819 -0.973535 -0.076204 0.143386 -0.424529 -0.697325 0.370550 0.442951 -0.424529 -0.697325 0.370550 0.442951 -0.424529 -0.697325 0.370550 0.442951 0.117968 -0.661639 0.125330 0.729801 0.117968 -0.661639 0.125330 0.729801 0.117968 -0.661639 0.125330 0.729801 0.117968 -0.661639 0.125330 0.729801 0.216116 -0.198750 -0.030381 0.955442 0.207042 -0.124671 0.039889 0.969536 0.207068 -0.124670 0.039892 0.969530 0.117968 -0.661639 0.125330 0.729801 0.117968 -0.661639 0.125330 0.729801 0.117968 -0.661639 0.125330 0.729801 0.117968 -0.661639 0.125330 0.729801 0.363511 -0.668932 -0.162328 0.627725 -0.027200 -0.948375 -0.033893 0.314160 -0.027192 -0.948376 -0.033869 0.314161
-0.002103 0.753836 -0.001445 0.119135 -0.657539 0.128521 0.732756 0.095275 -0.513244 -0.116108 0.844998 0.302451 -0.641547 0.107185 0.696744 0.362415 -0.712932 -0.140683 0.583603 0.362415 -0.712932 -0.140683 0.583603 0.362415 -0.712932 -0.140683 0.583603 -0.130026 -0.836871 -0.159988 0.507094 0.166256 -0.964541 -0.088845 0.184733 -0.390528 -0.687288 0.390163 0.472118 -0.390528 -0.687288 0.390163 0.472118 -0.390528 -0.687288 0.390163 0.472118 0.119135 -0.657539 0.128521 0.732756 0.119135 -0.657539 0.128521 0.732756 0.119135 -0.657539 0.128521 0.732756 0.119135 -0.657539 0.128521 0.732756 0.219470 -0.189938 -0.034178 0.956341 0.212632 -0.113383 0.029891 0.970071 0.212657 -0.113383 0.029894 0.970066 0.119135 -0.657539 0.128521 0.732756 0.119135 -0.657539 0.128521 0.732756 0.119135 -0.657539 0.128521 0.732756 0.119135 -0.657539 0.128521 0.732756 0.361944 -0.667758 -0.158531 0.630843 -0.030531 -0.948114 -0.025263 0.315452 -0.030522 -0.948114 -0.025239 0.315453
-0.002105 0.752027 -0.001442 0.120323 -0.652836 0.131056 0.736310 0.092165 -0.508026 -0.129870 0.846492 0.306724 -0.642283 0.110140 0.693731 0.373340 -0.713483 -0.123585 0.579902 0.373340 -0.713483 -0.123585 0.579902 0.373340 -0.713483 -0.123585 0.579902 -0.160550 -0.833306 -0.130440 0.512650 0.160241 -0.966109 -0.060021 0.193270 -0.411365 -0.675118 0.405329 0.459024 -0.411365 -0.675118 0.405329 0.459024 -0.411365 -0.675118 0.405329 0.459024 0.120323 -0.652836 0.131057 0.736310 0.120323 -0.652836 0.131057 0.736310 0.120323 -0.652836 0.131057 0.736310 0.120323 -0.652836 0.131057 0.736310 0.223093 -0.182938 -0.038566 0.956700 0.217880 -0.105747 0.021185 0.969998 0.217905 -0.105746 0.021187 0.969993 0.120323 -0.652836 0.131057 0.736310 0.120323 -0.652836 0.131057 0.736310 0.120323 -0.652836 0.131057 0.736310 0.120323 -0.652836 0.131057 0.736310 0.360560 -0.666519 -0.156091 0.633549 -0.030829 -0.948172 -0.022080 0.315488 -0.030820 -0.948172 -0.022056 0.315489
-0.002103 0.750661 -0.001438 0.120098 -0.641036 0.134608 0.746009 0.091407 -0.498136 -0.136126 0.851455 0.310569 -0.638626 0.111439 0.695187 0.382853 -0.711263 -0.113111 0.578563 0.382853 -0.711263 -0.113111 0.578563 0.382853 -0.711263 -0.113111 0.578563 -0.175457 -0.826489 -0.116640 0.522041 0.162221 -0.963885 -0.046717 0.205982 -0.410660 -0.668685 0.419402 0.456421 -0.410660 -0.668685 0.419402 0.456421 -0.410660 -0.668685 0.419402 0.456421 0.120098 -0.641036 0.134608 0.746009 0.120098 -0.641036 0.134608 0.746009 0.120098 -0.641036 0.134608 0.746009 0.120098 -0.641036 0.134608 0.746009 0.222843 -0.176595 -0.042815 0.957769 0.219088 -0.098607 0.012684 0.970627 0.219113 -0.098606 0.012687 0.970621 0.120098 -0.641036 0.134608 0.746009 0.120098 -0.641036 0.134608 0.746009 0.120098 -0.641036 0.134608 0.746009 0.120098 -0.641036 0.134608 0.746009 0.356934 -0.665790 -0.156368 0.636294 -0.037838 -0.949518 -0.020240 0.310765 -0.037830 -0.949518 -0.020215 0.310765
-0.002097 0.749671 -0.001438 0.119215 -0.631565 0.136856 0.753780 0.091660 -0.490878 -0.138309 0.855282 0.312517 -0.633621 0.111952 0.698802 0.388164 -0.707007 -0.105118 0.581739 0.388164 -0.707007 -0.105118 0.581739 0.388164 -0.707007 -0.105118 0.581739 -0.185001 -0.823027 -0.108506 0.525954 0.168526 -0.961688 -0.035397 0.213314 -0.394552 -0.675395 0.431084 0.449819 -0.394552 -0.675395 0.431084 0.449819 -0.394552 -0.675395 0.431084 0.449819 0.119214 -0.631565 0.136856 0.753780 0.119214 -0.631565 0.136856 0.753780 0.119214 -0.631565 0.136856 0.753780 0.119214 -0.631565 0.136856 0.753780 0.221823 -0.174376 -0.046080 0.958261 0.218846 -0.098572 0.006196 0.970748 0.218871 -0.098572 0.006199 0.970742 0.119214 -0.631565 0.136856 0.753780 0.119214 -0.631565 0.136856 0.753780 0.119214 -0.631565 0.136856 0.753780 0.119214 -0.631565 0.136856 0.753780 0.354350 -0.664292 -0.158393 0.638799 -0.044049 -0.950694 -0.020950 0.306271 -0.044041 -0.950694 -0.020926 0.306272
-0.002093 0.748897 -0.001441 0.118303 -0.625449 0.137735 0.758846 0.096262 -0.484641 -0.141165 0.857863 0.320263 -0.630366 0.105137 0.699297 0.397305 -0.703977 -0.108996 0.578520 0.397305 -0.703977 -0.108996 0.578520 0.397305 -0.703977 -0.108996 0.578520 -0.159949 -0.794368 -0.149914 0.566499 0.172686 -0.958851 -0.044004 0.221014 -0.392129 -0.677142 0.424709 0.455342 -0.392129 -0.677142 0.424709 0.455342 -0.392129 -0.677142 0.424709 0.455342 0.118302 -0.625449 0.137735 0.758846 0.118302 -0.625449 0.137735 0.758846 0.118302 -0.625449 0.137735 0.758846 0.118302 -0.625449 0.137735 0.758846 0.221110 -0.170899 -0.049261 0.958894 0.219002 -0.095320 0.000090 0.971057 0.219027 -0.095320 0.000092 0.971052 0.118302 -0.625449 0.137735 0.758846 0.118302 -0.625449 0.137735 0.758846 0.118302 -0.625449 0.137735 0.758846 0.118302 -0.625449 0.137735 0.758846 0.352226 -0.660026 -0.160204 0.643923 -0.047139 -0.950345 -0.020905 0.306896 -0.047131 -0.950345 -0.020880 0.306898
-0.002088 0.748183 -0.001447 0.117414 -0.621582 0.137730 0.762155 0.098762 -0.479074 -0.143579 0.860302 0.324338 -0.626057 0.102039 0.701744 0.404582 -0.700610 -0.102705 0.578715 0.404582 -0.700610 -0.102705 0.578715 0.404582 -0.700610 -0.102705 0.578715 -0.182349 -0.788681 -0.126314 0.573390 0.172582 -0.956990 -0.026931 0.231649 -0.400136 -0.670541 0.434804 0.448566 -0.400136 -0.670541 0.434804 0.448566 -0.400136 -0.670541 0.434804 0.448566 0.117413 -0.621582 0.137731 0.762155 0.117413 -0.621582 0.137731 0.762155 0.117413 -0.621582 0.137731 0.762155 0.117413 -0.621582 0.137731 0.762155 0.219745 -0.167914 -0.050962 0.959646 0.217923 -0.092755 -0.002164 0.971546 0.217948 -0.092755 -0.002162 0.971540 0.117413 -0.621582 0.137731 0.762155 0.117413 -0.621582 0.137731 0.762155 0.117413 -0.621582 0.137731 0.762155 0.117413 -0.621582 0.137731 0.762155 0.349818 -0.654965 -0.160988 0.650178 -0.048737 -0.949499 -0.019788 0.309331 -0.048729 -0.949499 -0.019764 0.309332
-0.002082 0.747012 -0.001454 0.118613 -0.618768 0.135969 0.764571 0.103576 -0.475581 -0.148264 0.860879 0.330229 -0.625087 0.095271 0.700813 0.411678 -0.699393 -0.105317 0.574700 0.411678 -0.699393 -0.105317 0.574700 0.411678 -0.699393 -0.105317 0.574700 -0.181679 -0.787991 -0.124764 0.574889 0.187477 -0.955455 -0.016892 0.227315 -0.372480 -0.695342 0.439795 0.429348 -0.372480 -0.695342 0.439795 0.429348 -0.372480 -0.695342 0.439795 0.429348 0.118613 -0.618768 0.135969 0.764571 0.118613 -0.618768 0.135969 0.764571 0.118613 -0.618768 0.135969 0.764571 0.118613 -0.618768 0.135969 0.764571 0.220721 -0.164287 -0.052613 0.959960 0.219157 -0.089076 -0.003737 0.971608 0.219182 -0.089076 -0.003734 0.971602 0.118613 -0.618768 0.135969 0.764571 0.118613 -0.618768 0.135969 0.764571 0.118613 -0.618768 0.135969 0.764571 0.118613 -0.618768 0.135969 0.764571 0.347733 -0.648902 -0.161078 0.657314 -0.046930 -0.947320 -0.018111 0.316313 -0.046922 -0.947321 -0.018086 0.316314
-0.002084 0.745469 -0.001461 0.120778 -0.616657 0.133498 0.766371 0.107233 -0.471827 -0.154212 0.861451 0.335068 -0.623680 0.092210 0.700178 0.415847 -0.696715 -0.106683 0.574698 0.415847 -0.696715 -0.106683 0.574698 0.415847 -0.696715 -0.106683 0.574698 -0.187848 -0.779882 -0.133427 0.581975 0.174641 -0.957073 -0.020575 0.230410 -0.407317 -0.672213 0.433198 0.441092 -0.407317 -0.672213 0.433198 0.441092 -0.407317 -0.672213 0.433198 0.441092 0.120778 -0.616658 0.133499 0.766371 0.120778 -0.616658 0.133499 0.766371 0.120778 -0.616658 0.133499 0.766371 0.120778 -0.616658 0.133499 0.766371 0.222517 -0.162712 -0.053334 0.959774 0.221207 -0.087500 -0.005218 0.971280 0.221232 -0.087500 -0.005216 0.971274 0.120778 -0.616658 0.133499 0.766371 0.120778 -0.616658 0.133499 0.766371 0.120778 -0.616658 0.133499 0.766371 0.120778 -0.616658 0.133499 0.766371 0.345478 -0.643917 -0.159973 0.663645 -0.045584 -0.945354 -0.014851 0.322501 -0.045575 -0.945355 -0.014827 0.322502
-0.002093 0.742752 -0.001470 0.122349 -0.615408 0.131501 0.767471 0.108055 -0.468182 -0.161830 0.861940 0.337559 -0.621585 0.092520 0.700804 0.414373 -0.693182 -0.109825 0.579424 0.414373 -0.693182 -0.109825 0.579424 0.414373 -0.693182 -0.109825 0.579424 -0.183306 -0.775853 -0.138944 0.587491 0.183917 -0.956696 -0.019146 0.224813 -0.405637 -0.681500 0.429779 0.431632 -0.405637 -0.681500 0.429779 0.431632 -0.405637 -0.681500 0.429779 0.431632 0.122349 -0.615408 0.131501 0.767471 0.122349 -0.615408 0.131501 0.767471 0.122349 -0.615408 0.131501 0.767471 0.122349 -0.615408 0.131501 0.767471 0.223301 -0.166178 -0.052299 0.959055 0.221886 -0.093842 -0.005949 0.970528 0.221911 -0.093842 -0.005947 0.970522 0.122349 -0.615408 0.131501 0.767471 0.122349 -0.615408 0.131501 0.767471 0.122349 -0.615408 0.131501 0.767471 0.122349 -0.615408 0.131501 0.767471 0.343817 -0.641631 -0.159076 0.666929 -0.049076 -0.946629 -0.013123 0.318295 -0.049068 -0.946630 -0.013099 0.318297
-0.002111 0.738830 -0.001476 0.123411 -0.614881 0.130297 0.767928 0.107357 -0.466357 -0.168970 0.861647 0.339254 -0.621329 0.093270 0.700113 0.410162 -0.691385 -0.116891 0.583173 0.410162 -0.691385 -0.116891 0.583173 0.410162 -0.691385 -0.116891 0.583173 -0.189305 -0.771378 -0.129330 0.593644 0.189207 -0.953465 -0.021251 0.233781 -0.402826 -0.678973 0.432007 0.436002 -0.402826 -0.678973 0.432007 0.436002 -0.402826 -0.678973 0.432007 0.436002 0.123411 -0.614881 0.130298 0.767928 0.123411 -0.614881 0.130298 0.767928 0.123411 -0.614881 0.130298 0.767928 0.123411 -0.614881 0.130298 0.767928 0.223582 -0.172071 -0.050483 0.958047 0.221534 -0.102972 -0.003676 0.969694 0.221559 -0.102972 -0.003674 0.969688 0.123411 -0.614881 0.130298 0.767928 0.123411 -0.614881 0.130298 0.767928 0.123411 -0.614881 0.130298 0.767928 0.123411 -0.614881 0.130298 0.767928 0.345108 -0.639586 -0.161473 0.667651 -0.052176 -0.949645 -0.018894 0.308374 -0.052168 -0.949646 -0.018869 0.308375
-0.002138 0.735085 -0.001479 0.123756 -0.613306 0.129727 0.769228 0.106543 -0.463287 -0.173441 0.862515 0.338970 -0.619435 0.094088 0.701817 0.402126 -0.688525 -0.124978 0.590431 0.402126 -0.688525 -0.124978 0.590431 0.402126 -0.688525 -0.124978 0.590431 -0.192060 -0.768304 -0.125836 0.597484 0.192345 -0.952458 -0.023237 0.235132 -0.408622 -0.677299 0.428353 0.436816 -0.408622 -0.677299 0.428353 0.436816 -0.408622 -0.677299 0.428353 0.436816 0.123756 -0.613306 0.129727 0.769228 0.123756 -0.613306 0.129727 0.769228 0.123756 -0.613306 0.129727 0.769228 0.123756 -0.613306 0.129727 0.769228 0.222828 -0.176666 -0.048906 0.957468 0.220531 -0.109558 -0.003082 0.969203 0.220556 -0.109558 -0.003079 0.969197 0.123756 -0.613306 0.129727 0.769228 0.123756 -0.613306 0.129727 0.769228 0.123756 -0.613306 0.129727 0.769228 0.123756 -0.613306 0.129727 0.769228 0.347900 -0.636220 -0.166967 0.668065 -0.055655 -0.952434 -0.028413 0.298268 -0.055647 -0.952435 -0.028388 0.298270
-0.002163 0.732131 -0.001476 0.121437 -0.603777 0.131458 0.776804 0.105922 -0.457017 -0.174214 0.865775 0.338004 -0.614698 0.095586 0.706231 0.395970 -0.683198 -0.135878 0.598319 0.395970 -0.683198 -0.135878 0.598319 0.395970 -0.683198 -0.135878 0.598319 -0.196071 -0.762416 -0.124122 0.604046 0.199536 -0.950259 -0.021342 0.238198 -0.395986 -0.685296 0.432220 0.432146 -0.395986 -0.685296 0.432220 0.432146 -0.395986 -0.685296 0.432220 0.432146 0.121437 -0.603777 0.131458 0.776804 0.121437 -0.603777 0.131458 0.776804 0.121437 -0.603777 0.131458 0.776804 0.121437 -0.603777 0.131458 0.776804 0.217728 -0.181973 -0.047883 0.957699 0.215450 -0.116349 -0.004448 0.969548 0.215476 -0.116349 -0.004445 0.969543 0.121437 -0.603777 0.131458 0.776804 0.121437 -0.603777 0.131458 0.776804 0.121437 -0.603777 0.131458 0.776804 0.121437 -0.603777 0.131458 0.776804 0.349372 -0.631620 -0.177425 0.668966 -0.062827 -0.955815 -0.045072 0.283619 -0.062819 -0.955816 -0.045047 0.283620
-0.002185 0.730319 -0.001468 0.117557 -0.591375 0.134916 0.786291 0.106189 -0.451408 -0.172439 0.869034 0.336748 -0.612801 0.096989 0.708286 0.389315 -0.681751 -0.146529 0.601813 0.389315 -0.681751 -0.146529 0.601813 0.389315 -0.681751 -0.146529 0.601813 -0.200755 -0.754805 -0.121588 0.612522 0.202378 -0.946739 -0.019814 0.249671 -0.399380 -0.674363 0.439796 0.438530 -0.399380 -0.674363 0.439796 0.438530 -0.399380 -0.674363 0.439796 0.438530 0.117556 -0.591375 0.134916 0.786291 0.117556 -0.591375 0.134916 0.786291 0.117556 -0.591375 0.134916 0.786291 0.117556 -0.591375 0.134916 0.786291 0.211045 -0.187285 -0.047404 0.958195 0.209770 -0.120206 -0.010283 0.970279 0.209795 -0.120207 -0.010280 0.970273 0.117556 -0.591375 0.134916 0.786291 0.117556 -0.591375 0.134916 0.786291 0.117556 -0.591375 0.134916 0.786291 0.117557 -0.591375 0.134916 0.786291 0.351705 -0.625646 -0.191828 0.669382 -0.070094 -0.958329 -0.067914 0.268476 -0.070087 -0.958331 -0.067890 0.268478
-0.002204 0.729354 -0.001460 0.112855 -0.580088 0.139692 0.794511 0.103701 -0.446077 -0.171223 0.872321 0.333489 -0.611286 0.100683 0.710617 0.381249 -0.681891 -0.153472 0.605078 0.381249 -0.681891 -0.153472 0.605078 0.381249 -0.681891 -0.153472 0.605078 -0.204145 -0.751365 -0.121860 0.615569 0.205238 -0.946008 -0.017409 0.250288 -0.404122 -0.672413 0.440827 0.436140 -0.404122 -0.672413 0.440827 0.436140 -0.404122 -0.672413 0.440827 0.436140 0.112854 -0.580088 0.139692 0.794511 0.112854 -0.580088 0.139692 0.794511 0.112854 -0.580088 0.139692 0.794511 0.112854 -0.580088 0.139692 0.794511 0.204181 -0.195924 -0.046093 0.958019 0.203623 -0.126047 -0.013599 0.970806 0.203648 -0.126047 -0.013596 0.970801 0.112854 -0.580088 0.139692 0.794511 0.112854 -0.580088 0.139692 0.794511 0.112854 -0.580088 0.139692 0.794511 0.112854 -0.580088 0.139692 0.794511 0.354047 -0.619808 -0.205400 0.669552 -0.076192 -0.960063 -0.091158 0.253305 -0.076186 -0.960066 -0.091133 0.253307
-0.002225 0.728975 -0.001448 0.108945 -0.570015 0.144387 0.801478 0.101052 -0.441737 -0.171634 0.874757 0.330377 -0.610816 0.102395 0.712229 0.374863 -0.682214 -0.160198 0.606958 0.374863 -0.682214 -0.160198 0.606958 0.374863 -0.682214 -0.160198 0.606958 -0.207680 -0.747005 -0.121176 0.619813 0.207658 -0.943967 -0.014918 0.256088 -0.403491 -0.667747 0.446747 0.437866 -0.403491 -0.667747 0.446747 0.437866 -0.403491 -0.667747 0.446747 0.437866 0.108945 -0.570015 0.144388 0.801478 0.108945 -0.570015 0.144388 0.801478 0.108945 -0.570015 0.144388 0.801478 0.108945 -0.570015 0.144387 0.801478 0.199070 -0.204198 -0.045194 0.957409 0.198956 -0.132722 -0.015733 0.970852 0.198981 -0.132723 -0.015730 0.970847 0.108945 -0.570015 0.144388 0.801478 0.108945 -0.570015 0.144388 0.801478 0.108945 -0.570015 0.144388 0.801478 0.108945 -0.570015 0.144387 0.801478 0.356437 -0.612895 -0.217726 0.670751 -0.081011 -0.960473 -0.112025 0.241619 -0.081005 -0.960476 -0.112000 0.241621
-0.002246 0.728915 -0.001434 0.106178 -0.561606 0.148226 0.807065 0.099990 -0.438138 -0.172553 0.876506 0.328493 -0.609358 0.100422 0.714626 0.368082 -0.681199 -0.171436 0.609174 0.368082 -0.681199 -0.171436 0.609174 0.368082 -0.681199 -0.171436 0.609174 -0.211453 -0.745720 -0.115917 0.621090 0.208860 -0.942398 -0.008225 0.261143 -0.409243 -0.659073 0.454701 0.437481 -0.409243 -0.659073 0.454701 0.437481 -0.409243 -0.659073 0.454701 0.437481 0.106178 -0.561606 0.148226 0.807065 0.106178 -0.561606 0.148226 0.807065 0.106178 -0.561606 0.148226 0.807065 0.106178 -0.561606 0.148226 0.807065 0.197617 -0.209455 -0.047881 0.956443 0.197439 -0.136957 -0.017186 0.970549 0.197464 -0.136957 -0.017182 0.970544 0.106178 -0.561606 0.148226 0.807065 0.106178 -0.561606 0.148226 0.807065 0.106178 -0.561606 0.148226 0.807065 0.106178 -0.561606 0.148226 0.807065 0.357957 -0.605230 -0.227293 0.673721 -0.082839 -0.959283 -0.127155 0.238213 -0.082833 -0.959286 -0.127130 0.238215
-0.002271 0.729013 -0.001416 0.103979 -0.554309 0.151447 0.811784 0.100050 -0.433887 -0.172989 0.878525 0.327096 -0.607749 0.096929 0.717115 0.362167 -0.679825 -0.184647 0.610392 0.362167 -0.679825 -0.184647 0.610392 0.362167 -0.679825 -0.184647 0.610392 -0.212954 -0.744332 -0.113574 0.622673 0.207358 -0.941880 -0.001915 0.264312 -0.414202 -0.652421 0.460631 0.436580 -0.414202 -0.652421 0.460631 0.436580 -0.414202 -0.652421 0.460631 0.436580 0.103979 -0.554310 0.151448 0.811784 0.103979 -0.554310 0.151448 0.811784 0.103979 -0.554310 0.151448 0.811784 0.103979 -0.554310 0.151448 0.811784 0.193975 -0.211771 -0.046749 0.956735 0.194785 -0.135996 -0.020472 0.971156 0.194810 -0.135996 -0.020468 0.971151 0.103979 -0.554310 0.151448 0.811784 0.103979 -0.554310 0.151448 0.811784 0.103979 -0.554310 0.151448 0.811784 0.103979 -0.554310 0.151448 0.811784 0.358755 -0.599578 -0.234816 0.675769 -0.087276 -0.958510 -0.136784 0.234375 -0.087270 -0.958514 -0.136759 0.234377
-0.002301 0.729176 -0.001397 0.102405 -0.547881 0.154270 0.815807 0.101776 -0.430846 -0.173356 0.879750 0.326362 -0.607092 0.091817 0.718677 0.357694 -0.679117 -0.197014 0.609951 0.357694 -0.679117 -0.197014 0.609951 0.357694 -0.679117 -0.197014 0.609951 -0.214575 -0.743621 -0.109475 0.623699 0.205107 -0.941240 0.004136 0.268292 -0.413988 -0.648488 0.467134 0.435733 -0.413988 -0.648488 0.467134 0.435733 -0.413988 -0.648488 0.467134 0.435733 0.102405 -0.547881 0.154270 0.815806 0.102405 -0.547881 0.154270 0.815806 0.102405 -0.547881 0.154270 0.815806 0.102405 -0.547881 0.154270 0.815806 0.191531 -0.212176 -0.046550 0.957147 0.192349 -0.135713 -0.020341 0.971684 0.192375 -0.135713 -0.020337 0.971679 0.102405 -0.547881 0.154270 0.815806 0.102405 -0.547881 0.154270 0.815806 0.102405 -0.547881 0.154270 0.815806 0.102405 -0.547881 0.154270 0.815806 0.359350 -0.593798 -0.241091 0.678341 -0.089931 -0.956704 -0.141838 0.237723 -0.089925 -0.956708 -0.141813 0.237725
-0.002338 0.729403 -0.001377 0.101384 -0.540625 0.157256 0.820193 0.105470 -0.426700 -0.173236 0.881358 0.327792 -0.606539 0.086204 0.719188 0.358118 -0.678211 -0.205970 0.607748 0.358118 -0.678211 -0.205970 0.607748 0.358118 -0.678211 -0.205970 0.607748 -0.217663 -0.739597 -0.104460 0.628257 0.200758 -0.939899 0.013954 0.275848 -0.423270 -0.635506 0.476112 0.436226 -0.423270 -0.635506 0.476112 0.436226 -0.423270 -0.635506 0.476112 0.436226 0.101383 -0.540625 0.157257 0.820193 0.101383 -0.540625 0.157257 0.820193 0.101383 -0.540625 0.157257 0.820193 0.101383 -0.540625 0.157257 0.820193 0.188608 -0.207877 -0.045888 0.958702 0.190722 -0.128303 -0.025194 0.972897 0.190747 -0.128304 -0.025191 0.972892 0.101383 -0.540625 0.157257 0.820193 0.101383 -0.540625 0.157257 0.820193 0.101383 -0.540625 0.157257 0.820193 0.101383 -0.540625 0.157257 0.820193 0.359141 -0.588829 -0.245862 0.681065 -0.087271 -0.954454 -0.149293 0.243134 -0.087264 -0.954457 -0.149268 0.243136
-0.002379 0.730037 -0.001356 0.100714 -0.533336 0.159908 0.824524 0.112271 -0.422793 -0.173574 0.882334 0.331221 -0.605412 0.077941 0.719509 0.359873 -0.676237 -0.216772 0.605148 0.359873 -0.676237 -0.216772 0.605148 0.359873 -0.676237 -0.216772 0.605148 -0.217934 -0.737877 -0.102986 0.630425 0.197894 -0.938830 0.011833 0.281596 -0.429841 -0.625801 0.476441 0.443411 -0.429841 -0.625801 0.476441 0.443411 -0.429841 -0.625801 0.476441 0.443411 0.100714 -0.533336 0.159909 0.824524 0.100714 -0.533336 0.159909 0.824524 0.100714 -0.533336 0.159909 0.824524 0.100714 -0.533336 0.159908 0.824524 0.185676 -0.201128 -0.045324 0.960738 0.188213 -0.118612 -0.026059 0.974591 0.188238 -0.118613 -0.026056 0.974586 0.100714 -0.533336 0.159909 0.824524 0.100714 -0.533336 0.159909 0.824524 0.100714 -0.533336 0.159909 0.824524 0.100714 -0.533336 0.159909 0.824524 0.358038 -0.584939 -0.249001 0.683852 -0.086374 -0.953045 -0.154208 0.245895 -0.086368 -0.953049 -0.154183 0.245897
-0.002423 0.730754 -0.001337 0.100371 -0.525711 0.161548 0.829129 0.119459 -0.418855 -0.173675 0.883248 0.333441 -0.603072 0.069958 0.721267 0.359186 -0.672932 -0.226449 0.605696 0.359186 -0.672932 -0.226449 0.605696 0.359186 -0.672932 -0.226449 0.605696 -0.213114 -0.734306 -0.104555 0.635960 0.201287 -0.936737 0.011313 0.286147 -0.421611 -0.626522 0.481078 0.445285 -0.421611 -0.626522 0.481078 0.445285 -0.421611 -0.626522 0.481078 0.445285 0.100371 -0.525711 0.161549 0.829129 0.100371 -0.525711 0.161549 0.829129 0.100371 -0.525711 0.161549 0.829129 0.100371 -0.525711 0.161549 0.829129 0.183704 -0.192255 -0.046817 0.962860 0.186361 -0.110982 -0.027976 0.975792 0.186386 -0.110983 -0.027973 0.975787 0.100371 -0.525711 0.161549 0.829129 0.100371 -0.525711 0.161549 0.829129 0.100371 -0.525711 0.161549 0.829129 0.100371 -0.525711 0.161549 0.829129 0.356278 -0.578405 -0.252623 0.688981 -0.080321 -0.949812 -0.161877 0.255344 -0.080314 -0.949817 -0.161853 0.255346
-0.002475 0.731641 -0.001317 0.100285 -0.515341 0.162646 0.835412 0.127320 -0.412743 -0.172550 0.885246 0.335459 -0.599295 0.061394 0.724254 0.359009 -0.669168 -0.234954 0.606732 0.359009 -0.669168 -0.234954 0.606732 0.359009 -0.669168 -0.234954 0.606732 -0.213173 -0.728711 -0.102251 0.642715 0.197307 -0.935027 0.012456 0.294347 -0.421059 -0.619693 0.485741 0.450274 -0.421059 -0.619693 0.485741 0.450274 -0.421059 -0.619693 0.485741 0.450274 0.100285 -0.515341 0.162646 0.835412 0.100285 -0.515341 0.162646 0.835412 0.100285 -0.515341 0.162646 0.835412 0.100285 -0.515341 0.162646 0.835412 0.180333 -0.178603 -0.047972 0.966064 0.184493 -0.094806 -0.036347 0.977575 0.184519 -0.094806 -0.036344 0.977570 0.100285 -0.515341 0.162646 0.835412 0.100285 -0.515341 0.162646 0.835412 0.100285 -0.515341 0.162646 0.835412 0.100285 -0.515341 0.162646 0.835412 0.352576 -0.572404 -0.255705 0.694737 -0.078524 -0.947308 -0.166349 0.262239 -0.078517 -0.947312 -0.166324 0.262241
-0.002534 0.732733 -0.001294 0.100669 -0.503121 0.163623 0.842593 0.137220 -0.402761 -0.170277 0.888797 0.336341 -0.592853 0.048282 0.730116 0.356569 -0.663478 -0.247713 0.609339 0.356569 -0.663478 -0.247713 0.609339 0.356569 -0.663478 -0.247713 0.609339 -0.211830 -0.721712 -0.100655 0.651251 0.196900 -0.932067 0.012872 0.303836 -0.401583 -0.625205 0.491413 0.454272 -0.401583 -0.625205 0.491413 0.454272 -0.401583 -0.625205 0.491413 0.454272 0.100669 -0.503121 0.163623 0.842593 0.100669 -0.503121 0.163623 0.842593 0.100669 -0.503121 0.163623 0.842593 0.100669 -0.503121 0.163623 0.842593 0.177022 -0.165429 -0.048783 0.968977 0.181178 -0.082394 -0.037625 0.979270 0.181204 -0.082395 -0.037623 0.979265 0.100669 -0.503121 0.163623 0.842593 0.100669 -0.503121 0.163623 0.842593 0.100669 -0.503121 0.163623 0.842593 0.100669 -0.503121 0.163623 0.842593 0.348617 -0.563606 -0.260027 0.702282 -0.074142 -0.943039 -0.173032 0.274299 -0.074135 -0.943044 -0.173007 0.274301
-0.002598 0.734073 -0.001268 0.101413 -0.485888 0.165764 0.852145 0.147256 -0.393762 -0.166502 0.891933 0.336482 -0.588232 0.036122 0.734479 0.359890 -0.660845 -0.251340 0.608762 0.359890 -0.660845 -0.251340 0.608762 0.359890 -0.660845 -0.251340 0.608762 -0.217234 -0.718269 -0.088794 0.654992 0.194103 -0.929828 0.020219 0.311986 -0.389063 -0.625999 0.501697 0.452830 -0.389063 -0.625999 0.501697 0.452830 -0.389063 -0.625999 0.501697 0.452830 0.101413 -0.485888 0.165765 0.852145 0.101413 -0.485888 0.165765 0.852145 0.101413 -0.485888 0.165765 0.852145 0.101413 -0.485888 0.165765 0.852145 0.173872 -0.149274 -0.051128 0.972045 0.178154 -0.066518 -0.040323 0.980923 0.178180 -0.066519 -0.040322 0.980919 0.101413 -0.485888 0.165765 0.852145 0.101413 -0.485888 0.165765 0.852145 0.101413 -0.485888 0.165765 0.852145 0.101413 -0.485888 0.165765 0.852145 0.343278 -0.555509 -0.264395 0.709694 -0.069411 -0.938838 -0.183136 0.283242 -0.069403 -0.938843 -0.183111 0.283244
-0.002658 0.737312 -0.001243 0.102840 -0.466794 0.167887 0.862172 0.156225 -0.378304 -0.161345 0.898024 0.336718 -0.581247 0.025923 0.740338 0.365593 -0.658797 -0.249149 0.608484 0.365593 -0.658797 -0.249149 0.608484 0.365593 -0.658797 -0.249149 0.608484 -0.217801 -0.709475 -0.083262 0.665037 0.193327 -0.925889 0.019316 0.324007 -0.356830 -0.638125 0.505311 0.458399 -0.356830 -0.638125 0.505311 0.458399 -0.356830 -0.638125 0.505311 0.458399 0.102839 -0.466794 0.167888 0.862172 0.102839 -0.466794 0.167888 0.862172 0.102839 -0.466794 0.167888 0.862172 0.102839 -0.466794 0.167888 0.862172 0.171473 -0.138267 -0.052395 0.974030 0.175912 -0.053113 -0.041388 0.982100 0.175938 -0.053114 -0.041387 0.982096 0.102839 -0.466794 0.167888 0.862172 0.102839 -0.466794 0.167888 0.862172 0.102839 -0.466794 0.167888 0.862172 0.102839 -0.466794 0.167888 0.862172 0.338373 -0.549102 -0.269985 0.714911 -0.068111 -0.935706 -0.195274 0.285803 -0.068104 -0.935711 -0.195249 0.285804
-0.002709 0.741778 -0.001223 0.104130 -0.450147 0.169789 0.870458 0.163530 -0.365852 -0.154179 0.903127 0.337524 -0.568060 0.021687 0.750276 0.367297 -0.649087 -0.237248 0.622489 0.367297 -0.649087 -0.237248 0.622489 0.367297 -0.649087 -0.237248 0.622489 -0.219866 -0.700605 -0.079888 0.674113 0.185313 -0.922725 0.024600 0.337094 -0.340660 -0.636453 0.513826 0.463530 -0.340660 -0.636453 0.513826 0.463530 -0.340660 -0.636453 0.513826 0.463530 0.104129 -0.450147 0.169789 0.870458 0.104129 -0.450147 0.169789 0.870458 0.104129 -0.450147 0.169789 0.870458 0.104129 -0.450147 0.169789 0.870458 0.168007 -0.132232 -0.049316 0.975631 0.172295 -0.043352 -0.037993 0.983357 0.172321 -0.043353 -0.037992 0.983353 0.104129 -0.450147 0.169789 0.870458 0.104129 -0.450147 0.169789 0.870458 0.104129 -0.450147 0.169789 0.870458 0.104129 -0.450147 0.169789 0.870458 0.334502 -0.541671 -0.275944 0.720108 -0.065901 -0.931971 -0.208672 0.289040 -0.065893 -0.931976 -0.208648 0.289042
-0.002749 0.746747 -0.001208 0.105446 -0.438641 0.170838 0.875951 0.174205 -0.359395 -0.151449 0.904185 0.339945 -0.572490 0.007894 0.746077 0.380137 -0.661005 -0.241757 0.600101 0.380137 -0.661005 -0.241757 0.600101 0.380137 -0.661005 -0.241757 0.600101 -0.220954 -0.692806 -0.077096 0.682096 0.182296 -0.918749 0.029789 0.348970 -0.316453 -0.637575 0.524032 0.467702 -0.316453 -0.637575 0.524032 0.467702 -0.316453 -0.637575 0.524032 0.467702 0.105446 -0.438641 0.170838 0.875951 0.105446 -0.438641 0.170838 0.875951 0.105446 -0.438641 0.170838 0.875951 0.105446 -0.438641 0.170838 0.875951 0.166057 -0.132000 -0.045532 0.976180 0.170091 -0.040498 -0.033957 0.984010 0.170117 -0.040499 -0.033956 0.984006 0.105446 -0.438641 0.170838 0.875951 0.105446 -0.438641 0.170838 0.875951 0.105446 -0.438641 0.170838 0.875951 0.105446 -0.438641 0.170838 0.875951 0.331851 -0.535072 -0.280100 0.724649 -0.060545 -0.928289 -0.223479 0.290982 -0.060537 -0.928295 -0.223455 0.290983
-0.002779 0.751027 -0.001203 0.106439 -0.430691 0.171478 0.879643 0.184980 -0.359015 -0.153269 0.901887 0.351728 -0.573361 -0.018898 0.739721 0.404493 -0.668328 -0.245235 0.574093 0.404493 -0.668328 -0.245235 0.574093 0.404493 -0.668328 -0.245235 0.574093 -0.226278 -0.694728 -0.073007 0.678839 0.178418 -0.922918 0.035946 0.339259 -0.310298 -0.654422 0.518005 0.455102 -0.310298 -0.654422 0.518005 0.455102 -0.310298 -0.654422 0.518005 0.455102 0.106439 -0.430691 0.171478 0.879643 0.106439 -0.430691 0.171478 0.879643 0.106439 -0.430691 0.171478 0.879643 0.106439 -0.430691 0.171478 0.879643 0.164737 -0.132946 -0.042218 0.976425 0.167021 -0.040553 -0.019111 0.984934 0.167047 -0.040553 -0.019110 0.984929 0.106439 -0.430691 0.171478 0.879643 0.106439 -0.430691 0.171478 0.879643 0.106439 -0.430691 0.171478 0.879643 0.106439 -0.430691 0.171478 0.879643 0.329744 -0.528840 -0.282713 0.729157 -0.058891 -0.925611 -0.229691 0.294989 -0.058884 -0.925617 -0.229667 0.294991
-0.002801 0.754227 -0.001203 0.107493 -0.425707 0.172214 0.881795 0.187089 -0.347458 -0.152008 0.906181 0.349771 -0.562820 -0.031306 0.748274 0.396937 -0.662432 -0.258403 0.580391 0.396937 -0.662432 -0.258403 0.580391 0.396937 -0.662432 -0.258403 0.580391 -0.229001 -0.697185 -0.074106 0.675278 0.174718 -0.926013 0.030080 0.333269 -0.295278 -0.672661 0.506818 0.451080 -0.295278 -0.672661 0.506818 0.451081 -0.295278 -0.672661 0.506818 0.451081 0.107493 -0.425707 0.172214 0.881794 0.107493 -0.425707 0.172214 0.881794 0.107493 -0.425707 0.172214 0.881794 0.107493 -0.425707 0.172214 0.881794 0.165230 -0.133578 -0.041701 0.976277 0.165692 -0.044249 -0.006192 0.985165 0.165717 -0.044249 -0.006191 0.985161 0.107493 -0.425707 0.172214 0.881794 0.107493 -0.425707 0.172214 0.881794 0.107493 -0.425707 0.172214 0.881794 0.107493 -0.425707 0.172214 0.881794 0.328256 -0.522574 -0.283160 0.734156 -0.052623 -0.922207 -0.236417 0.301451 -0.052615 -0.922213 -0.236393 0.301452
-0.002814 0.756062 -0.001204 0.108289 -0.422201 0.173499 0.883130 0.184186 -0.341179 -0.149481 0.909576 0.342478 -0.558025 -0.023863 0.755478 0.390869 -0.664229 -0.238971 0.590690 0.390869 -0.664229 -0.238971 0.590690 0.390869 -0.664229 -0.238971 0.590690 -0.230785 -0.697295 -0.073720 0.674599 0.174396 -0.926188 0.033946 0.332579 -0.294372 -0.673096 0.509230 0.448299 -0.294372 -0.673096 0.509230 0.448299 -0.294372 -0.673096 0.509230 0.448299 0.108288 -0.422201 0.173499 0.883130 0.108288 -0.422201 0.173499 0.883130 0.108288 -0.422201 0.173499 0.883130 0.108288 -0.422201 0.173499 0.883130 0.164051 -0.133581 -0.037764 0.976636 0.163625 -0.044666 0.001391 0.985510 0.163650 -0.044665 0.001392 0.985506 0.108288 -0.422201 0.173499 0.883130 0.108288 -0.422201 0.173499 0.883130 0.108288 -0.422201 0.173499 0.883130 0.108288 -0.422201 0.173499 0.883130 0.326699 -0.516164 -0.281449 0.740019 -0.044519 -0.919044 -0.242819 0.307269 -0.044511 -0.919051 -0.242795 0.307270
-0.002819 0.757016 -0.001217 0.109683 -0.409618 0.175124 0.888546 0.175627 -0.328319 -0.144662 0.916752 0.329762 -0.541654 -0.016435 0.773045 0.379892 -0.651328 -0.226768 0.616466 0.379892 -0.651328 -0.226768 0.616466 0.379892 -0.651328 -0.226768 0.616466 -0.234505 -0.694063 -0.067753 0.677269 0.175584 -0.924287 0.045401 0.335861 -0.288194 -0.671324 0.521714 0.440549 -0.288194 -0.671324 0.521714 0.440549 -0.288194 -0.671324 0.521714 0.440549 0.109683 -0.409618 0.175124 0.888546 0.109683 -0.409618 0.175124 0.888546 0.109683 -0.409618 0.175124 0.888546 0.109683 -0.409618 0.175124 0.888546 0.160835 -0.128179 -0.032181 0.978093 0.160164 -0.039175 0.005572 0.986297 0.160190 -0.039175 0.005573 0.986293 0.109683 -0.409618 0.175124 0.888546 0.109683 -0.409618 0.175124 0.888546 0.109683 -0.409618 0.175124 0.888546 0.109683 -0.409618 0.175124 0.888546 0.322023 -0.505383 -0.281826 0.749308 -0.040244 -0.914405 -0.248020 0.317379 -0.040236 -0.914412 -0.247996 0.317380
-0.002817 0.757487 -0.001238 0.111644 -0.394651 0.176502 0.894781 0.170216 -0.314302 -0.136731 0.923875 0.322831 -0.532833 -0.013258 0.782109 0.372116 -0.647283 -0.232733 0.623210 0.372116 -0.647283 -0.232733 0.623210 0.372116 -0.647283 -0.232733 0.623210 -0.235824 -0.687380 -0.067981 0.683574 0.175941 -0.923261 0.039744 0.339197 -0.288510 -0.674472 0.514200 0.444351 -0.288510 -0.674471 0.514200 0.444351 -0.288510 -0.674471 0.514200 0.444351 0.111643 -0.394651 0.176502 0.894781 0.111643 -0.394651 0.176502 0.894781 0.111643 -0.394651 0.176502 0.894781 0.111643 -0.394651 0.176502 0.894781 0.157612 -0.123165 -0.025183 0.979467 0.156716 -0.032549 0.010177 0.987055 0.156742 -0.032549 0.010178 0.987051 0.111643 -0.394651 0.176502 0.894781 0.111643 -0.394651 0.176502 0.894781 0.111643 -0.394651 0.176502 0.894781 0.111643 -0.394651 0.176502 0.894781 0.316966 -0.496448 -0.282423 0.757172 -0.043140 -0.913152 -0.249962 0.319080 -0.043131 -0.913158 -0.249938 0.319081
-0.002808 0.758390 -0.001263 0.113263 -0.375800 0.179348 0.902098 0.165447 -0.300353 -0.131098 0.930177 0.312516 -0.524085 -0.013302 0.792144 0.352221 -0.644343 -0.245859 0.632705 0.352221 -0.644343 -0.245859 0.632705 0.352221 -0.644343 -0.245859 0.632705 -0.239911 -0.680536 -0.069344 0.688843 0.172200 -0.923935 0.037772 0.339506 -0.315063 -0.672195 0.496587 0.449767 -0.315063 -0.672195 0.496587 0.449767 -0.315063 -0.672195 0.496587 0.449767 0.113263 -0.375800 0.179348 0.902098 0.113263 -0.375800 0.179348 0.902098 0.113263 -0.375800 0.179348 0.902098 0.113263 -0.375800 0.179348 0.902098 0.153842 -0.114629 -0.018850 0.981243 0.153031 -0.022234 0.012214 0.987896 0.153057 -0.022233 0.012214 0.987892 0.113263 -0.375800 0.179348 0.902098 0.113263 -0.375800 0.179348 0.902098 0.113263 -0.375800 0.179348 0.902098 0.113263 -0.375800 0.179348 0.902098 0.311761 -0.486852 -0.285671 0.764311 -0.040866 -0.907746 -0.258546 0.327843 -0.040858 -0.907753 -0.258522 0.327844
-0.002796 0.759980 -0.001285 0.114933 -0.362220 0.181681 0.906962 0.167503 -0.295989 -0.128754 0.931534 0.313488 -0.525027 -0.020470 0.790982 0.357569 -0.650515 -0.241916 0.624861 0.357569 -0.650515 -0.241916 0.624861 0.357569 -0.650515 -0.241916 0.624861 -0.243161 -0.671088 -0.064102 0.697428 0.175274 -0.915851 0.037403 0.359300 -0.277558 -0.670150 0.512362 0.459723 -0.277558 -0.670150 0.512362 0.459723 -0.277558 -0.670150 0.512362 0.459723 0.114933 -0.362220 0.181681 0.906962 0.114933 -0.362220 0.181681 0.906962 0.114933 -0.362220 0.181681 0.906962 0.114933 -0.362220 0.181681 0.906962 0.151976 -0.110783 -0.013357 0.982065 0.150875 -0.019811 0.015829 0.988228 0.150901 -0.019811 0.015830 0.988224 0.114933 -0.362220 0.181681 0.906962 0.114933 -0.362220 0.181681 0.906962 0.114933 -0.362220 0.181681 0.906962 0.114933 -0.362220 0.181681 0.906962 0.308903 -0.482961 -0.287808 0.767134 -0.040290 -0.905527 -0.265550 0.328453 -0.040281 -0.905534 -0.265526 0.328454
-0.002781 0.761670 -0.001319 0.116941 -0.344909 0.183639 0.913038 0.172483 -0.289436 -0.133029 0.932083 0.323279 -0.522546 -0.044677 0.787680 0.378029 -0.651095 -0.253098 0.607545 0.378029 -0.651095 -0.253098 0.607545 0.378029 -0.651095 -0.253098 0.607545 -0.250306 -0.658993 -0.063186 0.706458 0.165848 -0.909500 0.046435 0.378348 -0.251766 -0.657869 0.533725 0.467931 -0.251766 -0.657869 0.533725 0.467931 -0.251766 -0.657869 0.533725 0.467931 0.116940 -0.344909 0.183640 0.913038 0.116940 -0.344909 0.183640 0.913038 0.116940 -0.344909 0.183640 0.913038 0.116940 -0.344909 0.183640 0.913038 0.150967 -0.108555 -0.008719 0.982522 0.149776 -0.019406 0.017361 0.988377 0.149802 -0.019405 0.017362 0.988373 0.116940 -0.344909 0.183640 0.913038 0.116940 -0.344909 0.183640 0.913038 0.116940 -0.344909 0.183640 0.913038 0.116940 -0.344909 0.183640 0.913038 0.304790 -0.477108 -0.291374 0.771085 -0.036050 -0.898311 -0.270246 0.344535 -0.036041 -0.898318 -0.270222 0.344536
-0.002767 0.763136 -0.001359 0.119144 -0.329833 0.184897 0.918057 0.182281 -0.263433 -0.131089 0.938186 0.331579 -0.507872 -0.061191 0.792703 0.388995 -0.643536 -0.272718 0.600141 0.388995 -0.643536 -0.272718 0.600141 0.388995 -0.643536 -0.272718 0.600141 -0.257991 -0.654994 -0.060127 0.707678 0.168128 -0.903336 0.079296 0.386561 -0.259173 -0.637182 0.563505 0.457482 -0.259173 -0.637182 0.563505 0.457482 -0.259173 -0.637182 0.563505 0.457482 0.119144 -0.329833 0.184897 0.918056 0.119144 -0.329833 0.184897 0.918056 0.119144 -0.329833 0.184897 0.918056 0.119144 -0.329833 0.184897 0.918056 0.151596 -0.111192 -0.004839 0.982157 0.149993 -0.021621 0.021474 0.988217 0.150019 -0.021620 0.021475 0.988213 0.119144 -0.329833 0.184897 0.918056 0.119144 -0.329833 0.184897 0.918056 0.119144 -0.329833 0.184897 0.918056 0.119144 -0.329833 0.184897 0.918056 0.300842 -0.474875 -0.291597 0.773925 -0.027786 -0.890998 -0.272416 0.362132 -0.027776 -0.891005 -0.272393 0.362132
-0.002756 0.764232 -0.001392 0.124821 -0.320443 0.183861 0.920832 0.205558 -0.265394 -0.132798 0.932565 0.341820 -0.506772 -0.076749 0.787687 0.405440 -0.641760 -0.271916 0.591459 0.405440 -0.641760 -0.271916 0.591459 0.405440 -0.641760 -0.271916 0.591459 -0.259578 -0.644273 -0.064673 0.716484 0.154775 -0.904615 0.049304 0.394064 -0.227729 -0.656814 0.539405 0.475160 -0.227729 -0.656814 0.539405 0.475160 -0.227729 -0.656814 0.539405 0.475160 0.124820 -0.320443 0.183862 0.920832 0.124820 -0.320443 0.183862 0.920832 0.124820 -0.320443 0.183862 0.920832 0.124820 -0.320443 0.183862 0.920832 0.157037 -0.118874 -0.001163 0.980412 0.155043 -0.027432 0.025152 0.987206 0.155069 -0.027431 0.025153 0.987202 0.124820 -0.320443 0.183862 0.920832 0.124820 -0.320443 0.183862 0.920832 0.124820 -0.320443 0.183862 0.920832 0.124820 -0.320443 0.183862 0.920832 0.300296 -0.474439 -0.288635 0.775512 -0.019480 -0.886084 -0.268302 0.377478 -0.019470 -0.886091 -0.268279 0.377478
-0.002746 0.764968 -0.001417 0.137093 -0.314283 0.179957 0.921980 0.218163 -0.260641 -0.136672 0.930479 0.341628 -0.506473 -0.091937 0.786335 0.410445 -0.649898 -0.267365 0.581106 0.410445 -0.649898 -0.267365 0.581106 0.410445 -0.649898 -0.267365 0.581106 -0.258366 -0.642467 -0.072616 0.717781 0.151643 -0.910051 0.047573 0.382817 -0.186663 -0.707414 0.511160 0.451041 -0.186663 -0.707414 0.511160 0.451041 -0.186663 -0.707414 0.511160 0.451041 0.137093 -0.314283 0.179957 0.921980 0.137093 -0.314283 0.179957 0.921980 0.137093 -0.314283 0.179957 0.921980 0.137093 -0.314283 0.179957 0.921980 0.169021 -0.124346 0.001854 0.977735 0.166446 -0.027217 0.030797 0.985194 0.166471 -0.027216 0.030798 0.985189 0.137093 -0.314283 0.179957 0.921980 0.137093 -0.314283 0.179957 0.921980 0.137093 -0.314283 0.179957 0.921980 0.137093 -0.314283 0.179957 0.921980 0.304691 -0.475284 -0.283572 0.775149 -0.011241 -0.886291 -0.268789 0.376980 -0.011231 -0.886298 -0.268766 0.376980
-0.002738 0.765416 -0.001434 0.144992 -0.311571 0.177797 0.922111 0.235471 -0.259462 -0.146997 0.925000 0.349310 -0.505018 -0.101801 0.782672 0.426629 -0.653013 -0.252286 0.572637 0.426629 -0.653013 -0.252286 0.572637 0.426629 -0.653013 -0.252286 0.572637 -0.250330 -0.618292 -0.071228 0.741604 0.133321 -0.875021 0.098897 0.454735 -0.253935 -0.625370 0.549965 0.491902 -0.253935 -0.625370 0.549965 0.491902 -0.253935 -0.625370 0.549965 0.491902 0.144992 -0.311571 0.177797 0.922111 0.144992 -0.311571 0.177797 0.922111 0.144992 -0.311571 0.177797 0.922111 0.144992 -0.311571 0.177797 0.922111 0.175787 -0.129433 0.007727 0.975851 0.171636 -0.027454 0.043738 0.983806 0.171662 -0.027453 0.043739 0.983802 0.144992 -0.311571 0.177797 0.922111 0.144992 -0.311571 0.177797 0.922111 0.144992 -0.311571 0.177797 0.922111 0.144992 -0.311571 0.177797 0.922111 0.307339 -0.476499 -0.276617 0.775870 -0.004046 -0.887932 -0.267568 0.374123 -0.004036 -0.887939 -0.267545 0.374123
-0.002729 0.765675 -0.001442 0.148940 -0.311914 0.177023 0.921515 0.237126 -0.254586 -0.155176 0.924596 0.366046 -0.518873 -0.140986 0.759542 0.412339 -0.663176 -0.325253 0.533277 0.412339 -0.663176 -0.325253 0.533277 0.412339 -0.663176 -0.325253 0.533277 -0.258611 -0.611574 -0.080723 0.743358 0.159089 -0.882027 0.060419 0.439396 -0.224233 -0.685821 0.490839 0.488310 -0.224233 -0.685821 0.490839 0.488310 -0.224233 -0.685821 0.490839 0.488310 0.148940 -0.311915 0.177023 0.921515 0.148940 -0.311915 0.177023 0.921515 0.148940 -0.311915 0.177023 0.921515 0.148940 -0.311915 0.177023 0.921515 0.179497 -0.132438 0.010306 0.974749 0.174620 -0.027260 0.049238 0.983026 0.174645 -0.027259 0.049239 0.983022 0.148940 -0.311915 0.177023 0.921515 0.148940 -0.311915 0.177023 0.921515 0.148940 -0.311915 0.177023 0.921515 0.148940 -0.311915 0.177023 0.921515 0.309722 -0.475873 -0.274368 0.776105 0.007010 -0.886920 -0.287551 0.361438 0.007020 -0.886928 -0.287528 0.361438
-0.002719 0.765521 -0.001449 0.150285 -0.313136 0.177199 0.920848 0.235687 -0.259620 -0.149906 0.924434 0.351079 -0.522861 -0.132749 0.765335 0.414812 -0.671509 -0.295936 0.537986 0.414812 -0.671509 -0.295936 0.537986 0.414812 -0.671509 -0.295936 0.537986 -0.272549 -0.607713 -0.082216 0.741379 0.162135 -0.877004 0.069661 0.446904 -0.213429 -0.676153 0.508912 0.488133 -0.213429 -0.676153 0.508912 0.488133 -0.213429 -0.676153 0.508912 0.488133 0.150285 -0.313136 0.177199 0.920848 0.150285 -0.313136 0.177199 0.920848 0.150285 -0.313136 0.177199 0.920848 0.150285 -0.313136 0.177199 0.920848 0.179996 -0.133619 0.013966 0.974450 0.174332 -0.026934 0.055317 0.982763 0.174358 -0.026932 0.055318 0.982758 0.150285 -0.313136 0.177199 0.920848 0.150285 -0.313136 0.177199 0.920848 0.150285 -0.313136 0.177199 0.920848 0.150285 -0.313136 0.177199 0.920848 0.311051 -0.471180 -0.274509 0.778384 0.016807 -0.882862 -0.308798 0.353434 0.016816 -0.882870 -0.308775 0.353433
-0.002710 0.765210 -0.001459 0.153736 -0.315778 0.176354 0.919537 0.234841 -0.234762 -0.144920 0.932059 0.343708 -0.510845 -0.138622 0.775684 0.418324 -0.674150 -0.287260 0.536664 0.418324 -0.674150 -0.287260 0.536664 0.418324 -0.674150 -0.287260 0.536664 -0.270896 -0.612794 -0.082070 0.737810 0.187498 -0.878348 0.081711 0.432055 -0.198121 -0.700941 0.503752 0.464396 -0.198121 -0.700941 0.503752 0.464396 -0.198121 -0.700941 0.503752 0.464396 0.153736 -0.315779 0.176354 0.919537 0.153736 -0.315779 0.176354 0.919537 0.153736 -0.315779 0.176354 0.919537 0.153736 -0.315779 0.176354 0.919537 0.183623 -0.136898 0.015594 0.973293 0.176454 -0.028838 0.065534 0.981701 0.176480 -0.028837 0.065535 0.981697 0.153736 -0.315779 0.176354 0.919537 0.153736 -0.315779 0.176354 0.919537 0.153736 -0.315779 0.176354 0.919537 0.153736 -0.315779 0.176354 0.919537 0.313913 -0.465892 -0.273863 0.780642 0.023545 -0.879662 -0.320005 0.351050 0.023554 -0.879671 -0.319982 0.351050
-0.002704 0.764904 -0.001470 0.156062 -0.317404 0.176134 0.918627 0.227193 -0.230881 -0.145932 0.934762 0.330322 -0.505817 -0.117540 0.788176 0.425381 -0.678323 -0.236186 0.550586 0.425381 -0.678323 -0.236186 0.550586 0.425381 -0.678323 -0.236186 0.550586 -0.257930 -0.569740 -0.106890 0.772944 0.146093 -0.851410 0.086526 0.496257 -0.114112 -0.659990 0.532536 0.517491 -0.114112 -0.659990 0.532536 0.517491 -0.114112 -0.659990 0.532536 0.517491 0.156062 -0.317404 0.176134 0.918627 0.156062 -0.317404 0.176134 0.918627 0.156062 -0.317404 0.176134 0.918627 0.156062 -0.317404 0.176134 0.918627 0.185755 -0.140027 0.018205 0.972397 0.176780 -0.029860 0.077295 0.980756 0.176805 -0.029858 0.077296 0.980752 0.156062 -0.317404 0.176134 0.918627 0.156062 -0.317404 0.176134 0.918627 0.156062 -0.317404 0.176134 0.918627 0.156062 -0.317404 0.176134 0.918627 0.315625 -0.460851 -0.272562 0.783395 0.034103 -0.873239 -0.329969 0.356946 0.034112 -0.873248 -0.329946 0.356945
-0.002699 0.766453 -0.001480 0.160756 -0.316402 0.175647 0.918257 0.220402 -0.227713 -0.145404 0.937245 0.325326 -0.498960 -0.116041 0.794818 0.429681 -0.678693 -0.214162 0.555774 0.429681 -0.678693 -0.214162 0.555774 0.429681 -0.678693 -0.214162 0.555774 -0.259464 -0.573144 -0.101631 0.770620 0.151576 -0.869641 0.061334 0.465819 -0.151335 -0.711289 0.473238 0.497203 -0.151335 -0.711289 0.473238 0.497203 -0.151335 -0.711289 0.473238 0.497203 0.160756 -0.316402 0.175648 0.918257 0.160756 -0.316402 0.175648 0.918257 0.160756 -0.316402 0.175648 0.918257 0.160756 -0.316402 0.175648 0.918257 0.189392 -0.142001 0.022681 0.971315 0.178717 -0.027884 0.088419 0.979523 0.178742 -0.027882 0.088419 0.979518 0.160756 -0.316402 0.175648 0.918257 0.160756 -0.316402 0.175648 0.918257 0.160756 -0.316402 0.175648 0.918257 0.160756 -0.316402 0.175648 0.918257 0.318406 -0.455782 -0.271993 0.785430 0.045830 -0.865338 -0.340394 0.364995 0.045840 -0.865347 -0.340372 0.364994
-0.002698 0.769470 -0.001488 0.164936 -0.315640 0.175795 0.917749 0.219205 -0.218591 -0.137981 0.940812 0.322737 -0.485012 -0.122861 0.803436 0.426485 -0.670050 -0.217150 0.567441 0.426485 -0.670050 -0.217150 0.567441 0.426485 -0.670050 -0.217150 0.567441 -0.258086 -0.565570 -0.095734 0.777404 0.161252 -0.863781 0.054702 0.474224 -0.157516 -0.709139 0.466427 0.504733 -0.157516 -0.709139 0.466427 0.504733 -0.157516 -0.709139 0.466427 0.504733 0.164936 -0.315640 0.175796 0.917749 0.164936 -0.315640 0.175796 0.917749 0.164936 -0.315640 0.175796 0.917749 0.164936 -0.315640 0.175795 0.917749 0.192210 -0.144149 0.028441 0.970293 0.179883 -0.025709 0.098821 0.978374 0.179908 -0.025706 0.098821 0.978369 0.164936 -0.315640 0.175796 0.917749 0.164936 -0.315640 0.175796 0.917749 0.164936 -0.315640 0.175796 0.917749 0.164936 -0.315640 0.175795 0.917749 0.321155 -0.450700 -0.271267 0.787492 0.058013 -0.856203 -0.347289 0.378075 0.058023 -0.856212 -0.347267 0.378073
-0.002700 0.773882 -0.001495 0.169713 -0.315356 0.175925 0.916951 0.214147 -0.227525 -0.132332 0.940671 0.316535 -0.484367 -0.119188 0.806839 0.418498 -0.666415 -0.204737 0.582094 0.418498 -0.666415 -0.204737 0.582094 0.418498 -0.666415 -0.204737 0.582094 -0.254271 -0.570731 -0.097716 0.774638 0.165872 -0.868482 0.055636 0.463822 -0.187051 -0.714236 0.452790 0.499861 -0.187051 -0.714236 0.452790 0.499861 -0.187051 -0.714236 0.452790 0.499861 0.169712 -0.315356 0.175925 0.916951 0.169712 -0.315356 0.175925 0.916951 0.169712 -0.315356 0.175925 0.916951 0.169712 -0.315356 0.175925 0.916951 0.195216 -0.147675 0.036184 0.968903 0.181177 -0.024468 0.108937 0.977092 0.181202 -0.024466 0.108937 0.977087 0.169712 -0.315356 0.175925 0.916951 0.169712 -0.315356 0.175925 0.916951 0.169712 -0.315356 0.175925 0.916951 0.169712 -0.315356 0.175925 0.916951 0.325123 -0.446402 -0.272266 0.787967 0.068972 -0.846938 -0.353333 0.391273 0.068982 -0.846947 -0.353311 0.391271
-0.002710 0.778222 -0.001503 0.174221 -0.318036 0.176432 0.915080 0.210518 -0.238817 -0.133835 0.938476 0.316721 -0.495438 -0.127145 0.798789 0.421516 -0.678007 -0.210360 0.564252 0.421516 -0.678007 -0.210360 0.564252 0.421516 -0.678007 -0.210360 0.564252 -0.254788 -0.563920 -0.094577 0.779829 0.152783 -0.854433 0.083491 0.489521 -0.255849 -0.671992 0.454824 0.525456 -0.255849 -0.671991 0.454824 0.525456 -0.255849 -0.671991 0.454824 0.525456 0.174221 -0.318036 0.176433 0.915080 0.174221 -0.318036 0.176433 0.915080 0.174221 -0.318036 0.176433 0.915080 0.174221 -0.318036 0.176433 0.915080 0.198415 -0.150363 0.042559 0.967580 0.182918 -0.021890 0.116908 0.975907 0.182943 -0.021887 0.116909 0.975902 0.174221 -0.318036 0.176433 0.915080 0.174221 -0.318036 0.176433 0.915080 0.174221 -0.318036 0.176433 0.915080 0.174221 -0.318036 0.176433 0.915080 0.329700 -0.443227 -0.270913 0.788323 0.078657 -0.839437 -0.348122 0.409841 0.078668 -0.839446 -0.348100 0.409839
-0.002726 0.781700 -0.001509 0.177619 -0.321253 0.177624 0.913070 0.206774 -0.233900 -0.134296 0.940479 0.317927 -0.487403 -0.126330 0.803369 0.413956 -0.670047 -0.224032 0.574010 0.413956 -0.670047 -0.224032 0.574010 0.413956 -0.670047 -0.224032 0.574010 -0.243223 -0.555695 -0.096384 0.789149 0.168737 -0.846251 0.057102 0.502122 -0.197498 -0.682309 0.448395 0.542578 -0.197498 -0.682309 0.448395 0.542578 -0.197498 -0.682309 0.448395 0.542578 0.177619 -0.321254 0.177625 0.913070 0.177619 -0.321254 0.177625 0.913070 0.177619 -0.321254 0.177625 0.913070 0.177619 -0.321254 0.177624 0.913070 0.200695 -0.152100 0.048096 0.966579 0.184098 -0.020876 0.123108 0.974944 0.184124 -0.020873 0.123108 0.974940 0.177619 -0.321254 0.177625 0.913070 0.177619 -0.321254 0.177625 0.913070 0.177619 -0.321254 0.177625 0.913070 0.177619 -0.321254 0.177624 0.913070 0.333828 -0.442034 -0.268722 0.788006 0.088347 -0.832972 -0.342600 0.425415 0.088358 -0.832981 -0.342579 0.425413
-0.002747 0.784196 -0.001514 0.181472 -0.325003 0.178543 0.910804 0.204424 -0.228407 -0.132638 0.942575 0.321723 -0.483646 -0.120434 0.805032 0.411942 -0.666047 -0.231038 0.577327 0.411942 -0.666047 -0.231038 0.577327 0.411942 -0.666047 -0.231038 0.577327 -0.238450 -0.551715 -0.098353 0.793145 0.172886 -0.841323 0.046065 0.510062 -0.179860 -0.681146 0.444114 0.553582 -0.179860 -0.681146 0.444114 0.553582 -0.179860 -0.681146 0.444114 0.553582 0.181472 -0.325003 0.178543 0.910804 0.181472 -0.325003 0.178543 0.910804 0.181472 -0.325003 0.178543 0.910804 0.181472 -0.325003 0.178543 0.910804 0.203638 -0.152582 0.052336 0.965666 0.185887 -0.018466 0.129557 0.973817 0.185912 -0.018462 0.129558 0.973812 0.181472 -0.325003 0.178543 0.910804 0.181472 -0.325003 0.178543 0.910804 0.181472 -0.325003 0.178543 0.910804 0.181472 -0.325003 0.178543 0.910804 0.338746 -0.441485 -0.267567 0.786607 0.093774 -0.830015 -0.336507 0.434793 0.093785 -0.830023 -0.336485 0.434791
-0.002770 0.785778 -0.001517 0.185777 -0.329541 0.179004 0.908211 0.200101 -0.229490 -0.136279 0.942720 0.321392 -0.488660 -0.118406 0.802433 0.411660 -0.670580 -0.232893 0.571506 0.411660 -0.670580 -0.232893 0.571506 0.411660 -0.670580 -0.232893 0.571506 -0.235937 -0.566636 -0.104463 0.782525 0.185510 -0.859619 0.056897 0.472656 -0.182371 -0.730386 0.415090 0.510859 -0.182371 -0.730386 0.415090 0.510859 -0.182371 -0.730386 0.415090 0.510859 0.185777 -0.329541 0.179005 0.908211 0.185777 -0.329541 0.179005 0.908211 0.185777 -0.329541 0.179005 0.908211 0.185777 -0.329541 0.179005 0.908211 0.207525 -0.152866 0.054917 0.964650 0.188553 -0.016229 0.136132 0.972447 0.188579 -0.016226 0.136132 0.972442 0.185777 -0.329541 0.179005 0.908211 0.185777 -0.329541 0.179005 0.908211 0.185777 -0.329541 0.179005 0.908211 0.185777 -0.329541 0.179005 0.908211 0.344028 -0.438453 -0.266698 0.786305 0.103451 -0.822257 -0.332438 0.450196 0.103463 -0.822266 -0.332417 0.450193
-0.002790 0.786652 -0.001519 0.189772 -0.333508 0.180122 0.905713 0.189152 -0.232596 -0.136122 0.944241 0.316697 -0.495031 -0.106320 0.802087 0.412449 -0.676501 -0.217340 0.570084 0.412449 -0.676501 -0.217340 0.570084 0.412449 -0.676501 -0.217340 0.570084 -0.231381 -0.548252 -0.108850 0.796263 0.163559 -0.843768 0.044154 0.509269 -0.227866 -0.686415 0.403453 0.560479 -0.227866 -0.686415 0.403453 0.560479 -0.227866 -0.686415 0.403453 0.560479 0.189772 -0.333508 0.180122 0.905712 0.189772 -0.333508 0.180122 0.905712 0.189772 -0.333508 0.180122 0.905712 0.189772 -0.333508 0.180122 0.905712 0.211115 -0.151968 0.057211 0.963879 0.191065 -0.014163 0.142502 0.971075 0.191090 -0.014159 0.142502 0.971070 0.189772 -0.333508 0.180122 0.905712 0.189772 -0.333508 0.180122 0.905712 0.189772 -0.333508 0.180122 0.905712 0.189772 -0.333508 0.180122 0.905712 0.349441 -0.436671 -0.266475 0.784984 0.113484 -0.814627 -0.330957 0.462571 0.113496 -0.814636 -0.330935 0.462568
-0.002810 0.787061 -0.001520 0.195090 -0.335689 0.180488 0.903702 0.174740 -0.236709 -0.137431 0.945805 0.307776 -0.502386 -0.104787 0.801188 0.402442 -0.681646 -0.225092 0.568095 0.402442 -0.681646 -0.225092 0.568095 0.402442 -0.681646 -0.225092 0.568095 -0.224447 -0.537768 -0.104334 0.805942 0.176907 -0.825227 0.042089 0.534726 -0.199307 -0.662272 0.426327 0.583024 -0.199307 -0.662272 0.426327 0.583024 -0.199307 -0.662272 0.426327 0.583024 0.195090 -0.335689 0.180488 0.903702 0.195090 -0.335689 0.180488 0.903702 0.195090 -0.335689 0.180488 0.903702 0.195090 -0.335689 0.180488 0.903702 0.215121 -0.148436 0.060543 0.963340 0.194331 -0.011317 0.148548 0.969557 0.194357 -0.011313 0.148548 0.969552 0.195090 -0.335689 0.180488 0.903702 0.195090 -0.335689 0.180488 0.903702 0.195090 -0.335689 0.180488 0.903702 0.195090 -0.335689 0.180488 0.903702 0.354509 -0.436512 -0.264312 0.783530 0.123070 -0.808197 -0.323108 0.476730 0.123083 -0.808206 -0.323087 0.476727
-0.002824 0.787244 -0.001518 0.208095 -0.337558 0.178054 0.900582 0.160618 -0.234506 -0.135686 0.949104 0.301005 -0.497781 -0.093096 0.808049 0.391479 -0.674701 -0.218129 0.586467 0.391479 -0.674701 -0.218129 0.586467 0.391479 -0.674701 -0.218129 0.586467 -0.216385 -0.533718 -0.109064 0.810202 0.189647 -0.821743 0.034721 0.536252 -0.194678 -0.662736 0.422100 0.587123 -0.194678 -0.662736 0.422100 0.587123 -0.194678 -0.662736 0.422100 0.587123 0.208095 -0.337558 0.178054 0.900582 0.208095 -0.337558 0.178054 0.900582 0.208095 -0.337558 0.178054 0.900582 0.208095 -0.337558 0.178054 0.900582 0.225732 -0.145069 0.066719 0.961014 0.203687 -0.007749 0.157706 0.966220 0.203712 -0.007745 0.157706 0.966214 0.208095 -0.337558 0.178054 0.900582 0.208095 -0.337558 0.178054 0.900582 0.208095 -0.337558 0.178054 0.900582 0.208095 -0.337558 0.178054 0.900582 0.365430 -0.436506 -0.264896 0.778302 0.137222 -0.800380 -0.324103 0.485304 0.137235 -0.800388 -0.324083 0.485300
-0.002834 0.787325 -0.001514 0.219785 -0.338815 0.176162 0.897700 0.143954 -0.223419 -0.131784 0.954984 0.290321 -0.486757 -0.082190 0.819772 0.372814 -0.664425 -0.224861 0.607442 0.372814 -0.664425 -0.224861 0.607442 0.372814 -0.664425 -0.224861 0.607442 -0.213315 -0.516455 -0.113630 0.821498 0.185483 -0.798609 0.028525 0.571845 -0.227693 -0.634695 0.339709 0.655680 -0.227693 -0.634695 0.339709 0.655680 -0.227693 -0.634695 0.339709 0.655680 0.219785 -0.338815 0.176162 0.897700 0.219785 -0.338815 0.176162 0.897700 0.219785 -0.338815 0.176162 0.897700 0.219785 -0.338815 0.176162 0.897700 0.234857 -0.142574 0.073754 0.958684 0.212039 -0.005554 0.164037 0.963380 0.212064 -0.005550 0.164037 0.963374 0.219785 -0.338815 0.176162 0.897700 0.219785 -0.338815 0.176162 0.897700 0.219785 -0.338815 0.176162 0.897700 0.219785 -0.338815 0.176162 0.897700 0.374575 -0.438748 -0.262593 0.773459 0.148675 -0.795708 -0.315671 0.495072 0.148688 -0.795716 -0.315650 0.495068
-0.002836 0.788376 -0.001508 0.231806 -0.338350 0.173665 0.895336 0.125281 -0.214460 -0.123500 0.960760 0.281671 -0.476212 -0.075220 0.829594 0.355861 -0.652141 -0.233138 0.627472 0.355861 -0.652141 -0.233138 0.627472 0.355861 -0.652141 -0.233138 0.627472 -0.204301 -0.512271 -0.122174 0.825174 0.177317 -0.795284 0.030818 0.578906 -0.248267 -0.618679 0.335369 0.665678 -0.248267 -0.618679 0.335369 0.665678 -0.248267 -0.618679 0.335369 0.665678 0.231806 -0.338350 0.173665 0.895336 0.231806 -0.338350 0.173665 0.895336 0.231806 -0.338350 0.173665 0.895336 0.231806 -0.338350 0.173665 0.895336 0.243395 -0.141834 0.083592 0.955853 0.219544 -0.004748 0.171374 0.960421 0.219569 -0.004743 0.171374 0.960415 0.231806 -0.338350 0.173665 0.895336 0.231806 -0.338350 0.173665 0.895336 0.231806 -0.338350 0.173665 0.895336 0.231806 -0.338350 0.173665 0.895336 0.383240 -0.442294 -0.261185 0.767650 0.162848 -0.788998 -0.312425 0.503342 0.162861 -0.789006 -0.312405 0.503338
-0.002835 0.789713 -0.001499 0.240899 -0.338070 0.171829 0.893393 0.110267 -0.223527 -0.120237 0.960947 0.269715 -0.488054 -0.078298 0.826393 0.329357 -0.662759 -0.253466 0.622921 0.329357 -0.662759 -0.253466 0.622921 0.329357 -0.662759 -0.253466 0.622921 -0.192401 -0.513063 -0.127843 0.826683 0.190175 -0.797723 0.022980 0.571790 -0.216437 -0.634621 0.340262 0.659267 -0.216437 -0.634621 0.340262 0.659267 -0.216437 -0.634621 0.340262 0.659267 0.240898 -0.338070 0.171830 0.893393 0.240898 -0.338070 0.171830 0.893393 0.240898 -0.338070 0.171830 0.893393 0.240898 -0.338070 0.171830 0.893393 0.249223 -0.144505 0.093914 0.952988 0.224139 -0.005157 0.177755 0.958195 0.224164 -0.005152 0.177755 0.958189 0.240898 -0.338070 0.171830 0.893393 0.240898 -0.338070 0.171830 0.893393 0.240898 -0.338070 0.171830 0.893393 0.240898 -0.338070 0.171830 0.893393 0.389947 -0.446007 -0.260599 0.762304 0.174214 -0.782932 -0.307727 0.511831 0.174228 -0.782940 -0.307707 0.511826
-0.002833 0.790881 -0.001490 0.242394 -0.344164 0.173028 0.890425 0.101929 -0.222456 -0.116132 0.962620 0.263638 -0.486672 -0.072861 0.829661 0.311776 -0.659289 -0.263182 0.631560 0.311776 -0.659289 -0.263182 0.631560 0.311776 -0.659289 -0.263182 0.631560 -0.185504 -0.506885 -0.129424 0.831809 0.199266 -0.784796 0.028850 0.586136 -0.168599 -0.626928 0.363166 0.668316 -0.168599 -0.626928 0.363166 0.668316 -0.168599 -0.626928 0.363166 0.668316 0.242394 -0.344164 0.173029 0.890425 0.242394 -0.344164 0.173029 0.890425 0.242394 -0.344164 0.173029 0.890425 0.242394 -0.344164 0.173029 0.890425 0.249192 -0.147934 0.100044 0.951846 0.223630 -0.009735 0.180898 0.957690 0.223655 -0.009730 0.180899 0.957684 0.242394 -0.344164 0.173029 0.890425 0.242394 -0.344164 0.173029 0.890425 0.242394 -0.344164 0.173029 0.890425 0.242394 -0.344164 0.173029 0.890425 0.395432 -0.447813 -0.264808 0.756951 0.186227 -0.773459 -0.315324 0.517351 0.186240 -0.773467 -0.315304 0.517346
-0.002830 0.791699 -0.001478 0.241981 -0.348985 0.174840 0.888305 0.096884 -0.220797 -0.112610 0.963940 0.262318 -0.483082 -0.069820 0.832434 0.303230 -0.654022 -0.274465 0.636377 0.303230 -0.654022 -0.274465 0.636377 0.303230 -0.654022 -0.274465 0.636377 -0.184623 -0.515361 -0.132760 0.826252 0.185382 -0.797026 0.029480 0.574033 -0.212464 -0.631546 0.348123 0.659408 -0.212464 -0.631546 0.348123 0.659408 -0.212464 -0.631546 0.348123 0.659408 0.241981 -0.348985 0.174840 0.888305 0.241981 -0.348985 0.174840 0.888305 0.241981 -0.348985 0.174840 0.888305 0.241981 -0.348985 0.174840 0.888305 0.247632 -0.148159 0.103876 0.951807 0.222168 -0.014592 0.183336 0.957505 0.222193 -0.014587 0.183337 0.957499 0.241981 -0.348985 0.174840 0.888305 0.241981 -0.348985 0.174840 0.888305 0.241981 -0.348985 0.174840 0.888305 0.241981 -0.348985 0.174840 0.888305 0.399531 -0.447685 -0.270715 0.752772 0.198155 -0.761845 -0.327560 0.522524 0.198169 -0.761854 -0.327540 0.522518
-0.002826 0.791913 -0.001466 0.241100 -0.352541 0.176432 0.886824 0.091748 -0.218306 -0.110314 0.965275 0.257425 -0.477025 -0.063716 0.837926 0.288541 -0.648170 -0.278317 0.647425 0.288541 -0.648170 -0.278317 0.647425 0.288541 -0.648170 -0.278317 0.647425 -0.179861 -0.518482 -0.132416 0.825405 0.190076 -0.797159 0.029299 0.572321 -0.221720 -0.629698 0.341650 0.661510 -0.221720 -0.629698 0.341650 0.661510 -0.221720 -0.629698 0.341650 0.661510 0.241100 -0.352541 0.176433 0.886824 0.241100 -0.352541 0.176433 0.886824 0.241100 -0.352541 0.176433 0.886824 0.241100 -0.352541 0.176433 0.886824 0.246111 -0.147938 0.106005 0.952001 0.220879 -0.020131 0.185570 0.957273 0.220904 -0.020126 0.185570 0.957267 0.241100 -0.352541 0.176433 0.886824 0.241100 -0.352541 0.176433 0.886824 0.241100 -0.352541 0.176433 0.886824 0.241100 -0.352541 0.176433 0.886824 0.402471 -0.447519 -0.275953 0.749396 0.207751 -0.751410 -0.335812 0.528633 0.207764 -0.751419 -0.335792 0.528627
-0.002820 0.791813 -0.001456 0.240495 -0.355177 0.177251 0.885773 0.089161 -0.220600 -0.110509 0.964973 0.258084 -0.480201 -0.063794 0.835901 0.286491 -0.650349 -0.284209 0.643579 0.286491 -0.650349 -0.284209 0.643579 0.286491 -0.650349 -0.284209 0.643579 -0.176464 -0.521552 -0.133163 0.824082 0.193406 -0.799436 0.029029 0.568025 -0.224648 -0.633046 0.338633 0.658873 -0.224648 -0.633046 0.338633 0.658873 -0.224648 -0.633046 0.338633 0.658873 0.240495 -0.355178 0.177251 0.885773 0.240495 -0.355178 0.177251 0.885773 0.240495 -0.355178 0.177251 0.885773 0.240495 -0.355178 0.177251 0.885773 0.245264 -0.148196 0.106956 0.952073 0.220110 -0.024470 0.187403 0.956992 0.220135 -0.024465 0.187404 0.956986 0.240495 -0.355178 0.177251 0.885773 0.240495 -0.355178 0.177251 0.885773 0.240495 -0.355178 0.177251 0.885773 0.240495 -0.355178 0.177251 0.885773 0.404411 -0.448188 -0.279278 0.746715 0.215179 -0.743645 -0.340245 0.533783 0.215193 -0.743654 -0.340225 0.533777
-0.002809 0.791623 -0.001448 0.240122 -0.357290 0.177336 0.885007 0.088279 -0.221767 -0.111144 0.964714 0.259941 -0.480514 -0.060387 0.835398 0.288722 -0.649790 -0.280838 0.644626 0.288722 -0.649790 -0.280838 0.644626 0.288722 -0.649790 -0.280838 0.644626 -0.174504 -0.524007 -0.133474 0.822891 0.197253 -0.801630 0.029576 0.563565 -0.216452 -0.642711 0.333989 0.654616 -0.216452 -0.642711 0.333989 0.654616 -0.216452 -0.642711 0.333989 0.654616 0.240122 -0.357290 0.177337 0.885007 0.240122 -0.357290 0.177337 0.885007 0.240122 -0.357290 0.177337 0.885007 0.240122 -0.357290 0.177337 0.885007 0.244146 -0.148514 0.108835 0.952098 0.218867 -0.027329 0.189721 0.956742 0.218892 -0.027324 0.189722 0.956737 0.240122 -0.357290 0.177337 0.885007 0.240122 -0.357290 0.177337 0.885007 0.240122 -0.357290 0.177337 0.885007 0.240122 -0.357290 0.177337 0.885007 0.405776 -0.448725 -0.281933 0.744651 0.224676 -0.734486 -0.348564 0.537172 0.224690 -0.734496 -0.348545 0.537166
-0.002794 0.791426 -0.001442 0.238369 -0.360659 0.178081 0.883964 0.081383 -0.225559 -0.110712 0.964491 0.259533 -0.484495 -0.059293 0.833301 0.294616 -0.654092 -0.276648 0.639399 0.294616 -0.654092 -0.276648 0.639399 0.294616 -0.654092 -0.276648 0.639399 -0.173303 -0.524103 -0.133549 0.823072 0.200417 -0.799256 0.029242 0.565834 -0.210476 -0.641091 0.334453 0.657908 -0.210476 -0.641091 0.334453 0.657908 -0.210476 -0.641091 0.334453 0.657908 0.238369 -0.360659 0.178081 0.883964 0.238369 -0.360659 0.178081 0.883964 0.238369 -0.360659 0.178081 0.883964 0.238369 -0.360659 0.178081 0.883964 0.240900 -0.149538 0.112801 0.952303 0.215445 -0.028559 0.191441 0.957141 0.215470 -0.028554 0.191442 0.957135 0.238369 -0.360659 0.178081 0.883964 0.238369 -0.360659 0.178081 0.883964 0.238369 -0.360659 0.178081 0.883964 0.238369 -0.360659 0.178081 0.883964 0.407326 -0.448475 -0.286307 0.742283 0.234905 -0.723998 -0.362590 0.537749 0.234919 -0.724008 -0.362571 0.537743
-0.002783 0.791083 -0.001431 0.230962 -0.369990 0.181407 0.881394 0.072861 -0.234678 -0.108967 0.963195 0.261098 -0.488099 -0.058308 0.830775 0.299483 -0.653444 -0.266173 0.642240 0.299483 -0.653444 -0.266173 0.642240 0.299483 -0.653444 -0.266173 0.642240 -0.180312 -0.532353 -0.127762 0.817169 0.200193 -0.800081 0.039822 0.564099 -0.191986 -0.648263 0.341345 0.652978 -0.191986 -0.648263 0.341345 0.652978 -0.191986 -0.648263 0.341345 0.652978 0.230961 -0.369990 0.181408 0.881394 0.230961 -0.369990 0.181408 0.881394 0.230961 -0.369990 0.181408 0.881394 0.230961 -0.369990 0.181408 0.881394 0.232199 -0.153088 0.117052 0.953387 0.206819 -0.033779 0.192027 0.958755 0.206844 -0.033774 0.192028 0.958749 0.230961 -0.369990 0.181408 0.881394 0.230961 -0.369990 0.181408 0.881394 0.230961 -0.369990 0.181408 0.881394 0.230961 -0.369990 0.181408 0.881394 0.408064 -0.449196 -0.289884 0.740050 0.245079 -0.713872 -0.376388 0.537266 0.245093 -0.713882 -0.376369 0.537260
-0.002793 0.790730 -0.001404 0.220906 -0.386115 0.185292 0.876232 0.069029 -0.260804 -0.112491 0.956327 0.261426 -0.513089 -0.060377 0.815322 0.299722 -0.673595 -0.258345 0.624255 0.299722 -0.673595 -0.258345 0.624255 0.299722 -0.673595 -0.258345 0.624255 -0.192133 -0.543411 -0.124299 0.807675 0.188127 -0.803722 0.054684 0.561826 -0.206521 -0.640971 0.358961 0.646261 -0.206521 -0.640971 0.358961 0.646261 -0.206521 -0.640971 0.358961 0.646261 0.220906 -0.386115 0.185293 0.876232 0.220906 -0.386115 0.185293 0.876232 0.220906 -0.386115 0.185293 0.876232 0.220906 -0.386115 0.185293 0.876232 0.220562 -0.155878 0.120783 0.955231 0.195511 -0.040182 0.192503 0.960783 0.195536 -0.040177 0.192504 0.960778 0.220906 -0.386115 0.185293 0.876232 0.220906 -0.386115 0.185293 0.876232 0.220906 -0.386115 0.185293 0.876232 0.220906 -0.386115 0.185293 0.876232 0.410084 -0.447604 -0.293276 0.738560 0.253284 -0.705071 -0.388215 0.536667 0.253298 -0.705081 -0.388197 0.536661
-0.002827 0.790168 -0.001360 0.211275 -0.410304 0.188615 0.866855 0.076702 -0.272769 -0.123856 0.950985 0.264423 -0.513299 -0.063550 0.813981 0.310435 -0.668928 -0.247334 0.628484 0.310435 -0.668928 -0.247334 0.628484 0.310435 -0.668928 -0.247334 0.628484 -0.204880 -0.554232 -0.116182 0.798344 0.184612 -0.801679 0.071581 0.564009 -0.213510 -0.630606 0.377101 0.643851 -0.213510 -0.630606 0.377101 0.643851 -0.213510 -0.630606 0.377101 0.643851 0.211274 -0.410304 0.188616 0.866855 0.211274 -0.410304 0.188616 0.866855 0.211274 -0.410304 0.188616 0.866855 0.211274 -0.410304 0.188616 0.866855 0.209070 -0.160560 0.124649 0.956542 0.184454 -0.051114 0.193704 0.962207 0.184479 -0.051109 0.193705 0.962202 0.211274 -0.410304 0.188616 0.866855 0.211274 -0.410304 0.188616 0.866855 0.211274 -0.410304 0.188616 0.866855 0.211274 -0.410304 0.188616 0.866855 0.416125 -0.445625 -0.295604 0.735443 0.266843 -0.693244 -0.396562 0.539395 0.266857 -0.693254 -0.396544 0.539388
-0.002871 0.789490 -0.001301 0.205966 -0.426800 0.190446 0.859739 0.085616 -0.279746 -0.131361 0.947183 0.267439 -0.515804 -0.060740 0.811624 0.307602 -0.670269 -0.229645 0.635125 0.307602 -0.670269 -0.229645 0.635125 0.307602 -0.670269 -0.229645 0.635125 -0.215919 -0.563665 -0.110279 0.789620 0.183146 -0.806187 0.080129 0.556865 -0.210878 -0.639961 0.380521 0.633391 -0.210878 -0.639961 0.380521 0.633391 -0.210878 -0.639961 0.380521 0.633391 0.205966 -0.426800 0.190446 0.859738 0.205966 -0.426800 0.190446 0.859738 0.205966 -0.426800 0.190446 0.859738 0.205966 -0.426800 0.190446 0.859739 0.201303 -0.161961 0.128803 0.957421 0.177107 -0.057827 0.195706 0.962802 0.177132 -0.057821 0.195707 0.962798 0.205966 -0.426800 0.190446 0.859738 0.205966 -0.426800 0.190446 0.859738 0.205966 -0.426800 0.190446 0.859738 0.205966 -0.426800 0.190446 0.859739 0.422804 -0.440573 -0.301767 0.732167 0.280889 -0.677400 -0.411144 0.541472 0.280903 -0.677410 -0.411126 0.541464
-0.002911 0.788480 -0.001232 0.203235 -0.438006 0.191337 0.854539 0.093800 -0.291034 -0.141482 0.941533 0.262343 -0.534854 -0.056796 0.801175 0.302672 -0.696522 -0.223887 0.610837 0.302672 -0.696522 -0.223887 0.610837 0.302672 -0.696522 -0.223887 0.610837 -0.222053 -0.559409 -0.106768 0.791426 0.191054 -0.792157 0.091672 0.572348 -0.191917 -0.639347 0.366816 0.647958 -0.191917 -0.639347 0.366816 0.647958 -0.191917 -0.639347 0.366816 0.647958 0.203235 -0.438006 0.191338 0.854539 0.203235 -0.438006 0.191338 0.854539 0.203235 -0.438006 0.191338 0.854539 0.203235 -0.438006 0.191338 0.854539 0.196512 -0.163200 0.132289 0.957731 0.172561 -0.062842 0.197718 0.962902 0.172586 -0.062837 0.197719 0.962898 0.203235 -0.438006 0.191338 0.854539 0.203235 -0.438006 0.191338 0.854539 0.203235 -0.438006 0.191338 0.854539 0.203235 -0.438006 0.191338 0.854539 0.429486 -0.435587 -0.309915 0.727845 0.293979 -0.661865 -0.432868 0.536783 0.293993 -0.661876 -0.432851 0.536776
-0.002944 0.787488 -0.001166 0.201157 -0.445916 0.192075 0.850765 0.092988 -0.299183 -0.140897 0.939144 0.261932 -0.538371 -0.064302 0.798382 0.301743 -0.700718 -0.218814 0.608330 0.301743 -0.700718 -0.218814 0.608330 0.301743 -0.700718 -0.218814 0.608330 -0.230238 -0.563440 -0.110549 0.785688 0.176703 -0.797133 0.088492 0.570548 -0.206534 -0.638703 0.354782 0.650793 -0.206534 -0.638703 0.354782 0.650793 -0.206534 -0.638703 0.354782 0.650793 0.201157 -0.445916 0.192075 0.850765 0.201157 -0.445916 0.192075 0.850765 0.201157 -0.445916 0.192075 0.850765 0.201157 -0.445916 0.192075 0.850765 0.192546 -0.167018 0.136428 0.957298 0.168527 -0.069510 0.200532 0.962577 0.168552 -0.069504 0.200534 0.962572 0.201157 -0.445916 0.192075 0.850765 0.201157 -0.445916 0.192075 0.850765 0.201157 -0.445916 0.192075 0.850765 0.201157 -0.445916 0.192075 0.850765 0.434339 -0.432005 -0.315721 0.724597 0.300019 -0.654385 -0.451029 0.527581 0.300032 -0.654397 -0.451012 0.527573
-0.002972 0.786694 -0.001094 0.193149 -0.462703 0.197076 0.842473 0.092588 -0.308913 -0.142382 0.935803 0.258156 -0.540585 -0.065247 0.798039 0.292690 -0.705200 -0.209099 0.610985 0.292690 -0.705200 -0.209099 0.610985 0.292690 -0.705200 -0.209099 0.610985 -0.231303 -0.572787 -0.102652 0.779664 0.179924 -0.796965 0.096688 0.568441 -0.198877 -0.640071 0.363851 0.646815 -0.198877 -0.640071 0.363851 0.646815 -0.198877 -0.640071 0.363851 0.646815 0.193149 -0.462703 0.197076 0.842473 0.193149 -0.462703 0.197076 0.842473 0.193149 -0.462703 0.197076 0.842473 0.193149 -0.462703 0.197076 0.842473 0.184310 -0.177906 0.139475 0.956518 0.159951 -0.084297 0.203071 0.962326 0.159976 -0.084292 0.203074 0.962322 0.193149 -0.462703 0.197076 0.842473 0.193149 -0.462703 0.197076 0.842473 0.193149 -0.462703 0.197076 0.842473 0.193149 -0.462703 0.197076 0.842473 0.441817 -0.430537 -0.321118 0.718553 0.316862 -0.638166 -0.472283 0.518934 0.316876 -0.638178 -0.472266 0.518925
-0.002984 0.786323 -0.001028 0.186126 -0.482704 0.202648 0.831437 0.076072 -0.325220 -0.139251 0.932231 0.244462 -0.549453 -0.062441 0.796518 0.280534 -0.713669 -0.200421 0.609761 0.280534 -0.713669 -0.200421 0.609761 0.280534 -0.713669 -0.200421 0.609761 -0.231560 -0.586403 -0.104782 0.769111 0.174072 -0.804187 0.097915 0.559817 -0.222513 -0.639566 0.356049 0.643951 -0.222513 -0.639566 0.356049 0.643951 -0.222513 -0.639566 0.356049 0.643951 0.186125 -0.482704 0.202648 0.831437 0.186125 -0.482704 0.202648 0.831437 0.186125 -0.482704 0.202648 0.831437 0.186125 -0.482704 0.202648 0.831437 0.178579 -0.190889 0.140748 0.954914 0.154028 -0.102575 0.204367 0.961243 0.154053 -0.102570 0.204370 0.961239 0.186125 -0.482704 0.202648 0.831437 0.186125 -0.482704 0.202648 0.831437 0.186125 -0.482704 0.202648 0.831437 0.186126 -0.482704 0.202648 0.831437 0.452966 -0.432681 -0.325454 0.708300 0.337762 -0.622946 -0.491016 0.506714 0.337775 -0.622959 -0.491000 0.506705
-0.002975 0.786253 -0.000975 0.178873 -0.500727 0.209912 0.820496 0.052690 -0.339901 -0.132595 0.929575 0.229651 -0.555618 -0.045184 0.797814 0.259060 -0.718484 -0.185823 0.618173 0.259061 -0.718484 -0.185823 0.618173 0.259061 -0.718484 -0.185823 0.618173 -0.228112 -0.597589 -0.105861 0.761345 0.179805 -0.808134 0.094781 0.552816 -0.217753 -0.644976 0.353296 0.641694 -0.217753 -0.644976 0.353296 0.641694 -0.217753 -0.644976 0.353296 0.641694 0.178873 -0.500727 0.209912 0.820496 0.178873 -0.500727 0.209912 0.820496 0.178873 -0.500727 0.209912 0.820496 0.178873 -0.500727 0.209912 0.820496 0.172918 -0.201484 0.141779 0.953626 0.148560 -0.119340 0.204798 0.960076 0.148585 -0.119335 0.204801 0.960072 0.178873 -0.500727 0.209912 0.820496 0.178873 -0.500727 0.209912 0.820496 0.178873 -0.500727 0.209912 0.820496 0.178873 -0.500727 0.209912 0.820496 0.465229 -0.434747 -0.331359 0.696246 0.360201 -0.605406 -0.509165 0.494460 0.360213 -0.605419 -0.509150 0.494450
-0.002950 0.786628 -0.000937 0.178385 -0.520591 0.213326 0.807252 0.035809 -0.352259 -0.135235 0.925388 0.220151 -0.565585 -0.037895 0.793859 0.252358 -0.729003 -0.184856 0.608849 0.252358 -0.729003 -0.184856 0.608849 0.252358 -0.729003 -0.184856 0.608849 -0.222077 -0.609644 -0.109362 0.753031 0.185737 -0.815228 0.090349 0.541056 -0.213069 -0.656854 0.346073 0.635121 -0.213069 -0.656854 0.346073 0.635121 -0.213069 -0.656854 0.346073 0.635121 0.178385 -0.520592 0.213326 0.807252 0.178385 -0.520592 0.213326 0.807252 0.178385 -0.520592 0.213326 0.807252 0.178385 -0.520592 0.213326 0.807252 0.174090 -0.209414 0.141961 0.951675 0.150112 -0.134049 0.204977 0.957853 0.150137 -0.134044 0.204980 0.957849 0.178385 -0.520592 0.213326 0.807252 0.178385 -0.520592 0.213326 0.807252 0.178385 -0.520592 0.213326 0.807252 0.178385 -0.520592 0.213326 0.807252 0.479956 -0.443773 -0.328838 0.681596 0.381112 -0.601960 -0.509026 0.483001 0.381125 -0.601973 -0.509011 0.482991
-0.002920 0.787274 -0.000912 0.179647 -0.533374 0.214328 0.798312 0.012909 -0.351103 -0.131499 0.926967 0.209575 -0.557699 -0.036059 0.802341 0.233513 -0.722706 -0.191996 0.621535 0.233513 -0.722706 -0.191996 0.621535 0.233513 -0.722706 -0.191996 0.621535 -0.215704 -0.619545 -0.112007 0.746385 0.194741 -0.824684 0.085578 0.524069 -0.208799 -0.676570 0.335876 0.621163 -0.208799 -0.676570 0.335876 0.621163 -0.208799 -0.676570 0.335876 0.621163 0.179647 -0.533374 0.214329 0.798312 0.179647 -0.533374 0.214329 0.798312 0.179647 -0.533374 0.214329 0.798312 0.179647 -0.533374 0.214329 0.798312 0.177606 -0.216812 0.141096 0.949495 0.152973 -0.147902 0.208336 0.954631 0.152998 -0.147897 0.208340 0.954627 0.179647 -0.533374 0.214329 0.798312 0.179647 -0.533374 0.214329 0.798312 0.179647 -0.533374 0.214329 0.798312 0.179647 -0.533374 0.214329 0.798312 0.491073 -0.453819 -0.327854 0.667389 0.393934 -0.605082 -0.506913 0.470884 0.393946 -0.605095 -0.506898 0.470873
-0.002888 0.787898 -0.000895 0.181504 -0.539609 0.213793 0.793833 -0.016327 -0.348036 -0.120186 0.929602 0.187673 -0.549676 -0.010504 0.813956 0.211230 -0.719131 -0.174837 0.638486 0.211230 -0.719131 -0.174837 0.638486 0.211230 -0.719131 -0.174837 0.638486 -0.209893 -0.621473 -0.116873 0.745692 0.203012 -0.828650 0.075287 0.516195 -0.211368 -0.685321 0.325270 0.616327 -0.211368 -0.685321 0.325270 0.616327 -0.211368 -0.685321 0.325270 0.616327 0.181504 -0.539609 0.213793 0.793833 0.181504 -0.539609 0.213793 0.793833 0.181504 -0.539609 0.213793 0.793833 0.181504 -0.539609 0.213793 0.793833 0.181956 -0.223336 0.139472 0.947397 0.156385 -0.160402 0.211814 0.951288 0.156410 -0.160397 0.211819 0.951284 0.181504 -0.539609 0.213793 0.793833 0.181504 -0.539609 0.213793 0.793833 0.181504 -0.539609 0.213793 0.793833 0.181504 -0.539609 0.213793 0.793833 0.499764 -0.463767 -0.332251 0.651740 0.402792 -0.606772 -0.520739 0.445440 0.402804 -0.606786 -0.520723 0.445430
-0.002857 0.788391 -0.000886 0.190672 -0.552313 0.203329 0.785653 -0.039003 -0.350621 -0.106317 0.929645 0.178005 -0.545757 -0.002521 0.818815 0.197662 -0.714840 -0.167099 0.649625 0.197662 -0.714840 -0.167099 0.649625 0.197662 -0.714840 -0.167099 0.649625 -0.200211 -0.622176 -0.122004 0.746945 0.219514 -0.830798 0.062699 0.507599 -0.210953 -0.695942 0.305806 0.614529 -0.210953 -0.695942 0.305806 0.614529 -0.210953 -0.695942 0.305806 0.614529 0.190672 -0.552313 0.203330 0.785653 0.190672 -0.552313 0.203330 0.785653 0.190672 -0.552313 0.203330 0.785653 0.190672 -0.552313 0.203330 0.785653 0.193742 -0.236530 0.136766 0.942238 0.164081 -0.164367 0.217870 0.947942 0.164106 -0.164362 0.217874 0.947937 0.190672 -0.552313 0.203330 0.785653 0.190672 -0.552313 0.203330 0.785653 0.190672 -0.552313 0.203330 0.785653 0.190672 -0.552313 0.203330 0.785653 0.509516 -0.471858 -0.330396 0.639204 0.409432 -0.615377 -0.508219 0.442029 0.409443 -0.615391 -0.508203 0.442019
-0.002855 0.788709 -0.000898 0.204360 -0.575603 0.185097 0.769842 -0.046466 -0.362486 -0.102059 0.925218 0.176308 -0.556785 -0.006178 0.811707 0.196681 -0.725097 -0.172076 0.637135 0.196681 -0.725097 -0.172076 0.637135 0.196681 -0.725097 -0.172076 0.637135 -0.193445 -0.628177 -0.120971 0.743868 0.231916 -0.830481 0.056567 0.503306 -0.206643 -0.699286 0.298236 0.615916 -0.206643 -0.699286 0.298236 0.615916 -0.206643 -0.699286 0.298236 0.615916 0.204360 -0.575603 0.185097 0.769842 0.204360 -0.575603 0.185097 0.769842 0.204360 -0.575603 0.185097 0.769842 0.204360 -0.575603 0.185097 0.769842 0.209895 -0.251051 0.132195 0.935650 0.174310 -0.162888 0.225802 0.944509 0.174334 -0.162882 0.225807 0.944504 0.204360 -0.575603 0.185097 0.769842 0.204360 -0.575603 0.185097 0.769842 0.204360 -0.575603 0.185097 0.769842 0.204360 -0.575603 0.185097 0.769842 0.523372 -0.490421 -0.323080 0.617405 0.424687 -0.628426 -0.489538 0.430203 0.424698 -0.628439 -0.489521 0.430192
-0.002881 0.788940 -0.000950 0.224042 -0.604977 0.157641 0.747635 -0.043647 -0.376802 -0.102839 0.919532 0.175383 -0.573647 -0.020212 0.799851 0.193284 -0.739259 -0.195709 0.614683 0.193284 -0.739259 -0.195709 0.614683 0.193284 -0.739259 -0.195709 0.614683 -0.182674 -0.629885 -0.120485 0.745224 0.237222 -0.831224 0.051494 0.500141 -0.211226 -0.700884 0.289746 0.616597 -0.211226 -0.700884 0.289746 0.616597 -0.211226 -0.700884 0.289746 0.616597 0.224042 -0.604977 0.157641 0.747635 0.224042 -0.604977 0.157641 0.747635 0.224042 -0.604977 0.157641 0.747635 0.224042 -0.604977 0.157641 0.747635 0.229809 -0.266188 0.128745 0.927231 0.188228 -0.166441 0.235383 0.938862 0.188253 -0.166435 0.235387 0.938858 0.224042 -0.604977 0.157641 0.747635 0.224042 -0.604977 0.157641 0.747635 0.224042 -0.604977 0.157641 0.747635 0.224042 -0.604977 0.157641 0.747635 0.536829 -0.515178 -0.309986 0.591874 0.434549 -0.654233 -0.449918 0.425112 0.434560 -0.654244 -0.449901 0.425101
-0.002918 0.789121 -0.001032 0.242987 -0.631895 0.129329 0.724528 -0.040732 -0.388364 -0.101604 0.914981 0.175927 -0.583045 -0.027439 0.792688 0.193297 -0.746671 -0.205064 0.602551 0.193297 -0.746671 -0.205064 0.602551 0.193297 -0.746671 -0.205064 0.602551 -0.176937 -0.635067 -0.116540 0.742834 0.235063 -0.829543 0.048476 0.504237 -0.218563 -0.690471 0.292102 0.624625 -0.218563 -0.690471 0.292102 0.624625 -0.218563 -0.690471 0.292102 0.624625 0.242986 -0.631895 0.129329 0.724528 0.242986 -0.631895 0.129329 0.724528 0.242986 -0.631895 0.129329 0.724528 0.242986 -0.631895 0.129329 0.724528 0.246998 -0.277492 0.127235 0.919675 0.200387 -0.169426 0.244453 0.933479 0.200411 -0.169420 0.244457 0.933474 0.242986 -0.631895 0.129329 0.724528 0.242986 -0.631895 0.129329 0.724528 0.242986 -0.631895 0.129329 0.724528 0.242986 -0.631895 0.129329 0.724528 0.542650 -0.542203 -0.291473 0.571481 0.453172 -0.667168 -0.425483 0.410471 0.453183 -0.667179 -0.425466 0.410459
-0.002968 0.791251 -0.001110 0.261019 -0.658287 0.100558 0.698868 -0.013878 -0.407051 -0.116029 0.905900 0.204736 -0.604802 -0.058529 0.767380 0.221521 -0.759877 -0.240655 0.561783 0.221521 -0.759877 -0.240655 0.561783 0.221521 -0.759877 -0.240655 0.561783 -0.171719 -0.641908 -0.111525 0.738937 0.228713 -0.838247 0.047064 0.492764 -0.240176 -0.698878 0.274431 0.615283 -0.240176 -0.698878 0.274431 0.615283 -0.240176 -0.698878 0.274431 0.615283 0.261018 -0.658287 0.100558 0.698867 0.261018 -0.658287 0.100558 0.698867 0.261018 -0.658287 0.100558 0.698867 0.261018 -0.658287 0.100558 0.698867 0.261343 -0.293380 0.128414 0.910570 0.209813 -0.178004 0.252953 0.927528 0.209837 -0.177997 0.252958 0.927522 0.261018 -0.658287 0.100558 0.698867 0.261018 -0.658287 0.100558 0.698867 0.261018 -0.658287 0.100558 0.698867 0.261018 -0.658287 0.100558 0.698867 0.551081 -0.563958 -0.282231 0.546449 0.456392 -0.689013 -0.395502 0.400683 0.456402 -0.689023 -0.395484 0.400671
-0.003033 0.794957 -0.001185 0.274384 -0.685411 0.074215 0.670386 0.022532 -0.429608 -0.144544 0.891087 0.236165 -0.631526 -0.098048 0.731975 0.259228 -0.778833 -0.262884 0.507062 0.259228 -0.778833 -0.262884 0.507062 0.259228 -0.778833 -0.262884 0.507062 -0.170622 -0.658301 -0.109266 0.724975 0.229334 -0.842252 0.040317 0.486201 -0.222785 -0.705769 0.275009 0.613700 -0.222785 -0.705769 0.275009 0.613700 -0.222785 -0.705769 0.275009 0.613700 0.274383 -0.685412 0.074216 0.670386 0.274383 -0.685412 0.074216 0.670386 0.274383 -0.685412 0.074216 0.670386 0.274383 -0.685412 0.074216 0.670386 0.270668 -0.311580 0.129908 0.901544 0.214890 -0.190863 0.258877 0.922158 0.214914 -0.190856 0.258882 0.922153 0.274383 -0.685412 0.074216 0.670386 0.274383 -0.685412 0.074216 0.670386 0.274383 -0.685412 0.074216 0.670386 0.274383 -0.685412 0.074216 0.670386 0.559617 -0.582585 -0.275715 0.520965 0.466388 -0.700549 -0.378458 0.385334 0.466398 -0.700559 -0.378440 0.385322
-0.003101 0.799528 -0.001254 0.280460 -0.713814 0.054449 0.639412 0.049855 -0.440643 -0.172958 0.879451 0.246746 -0.641506 -0.141699 0.712396 0.250756 -0.778322 -0.289796 0.497347 0.250756 -0.778322 -0.289796 0.497347 0.250756 -0.778322 -0.289796 0.497347 -0.172038 -0.700403 -0.102527 0.685075 0.216987 -0.865452 0.032913 0.450362 -0.257566 -0.722540 0.245739 0.592628 -0.257566 -0.722540 0.245739 0.592628 -0.257566 -0.722540 0.245739 0.592628 0.280460 -0.713814 0.054449 0.639412 0.280460 -0.713814 0.054449 0.639412 0.280460 -0.713814 0.054449 0.639412 0.280460 -0.713814 0.054449 0.639412 0.275652 -0.325644 0.129601 0.895084 0.217315 -0.203630 0.261001 0.918252 0.217339 -0.203623 0.261006 0.918247 0.280460 -0.713814 0.054449 0.639412 0.280460 -0.713814 0.054449 0.639412 0.280460 -0.713814 0.054449 0.639412 0.280460 -0.713814 0.054449 0.639412 0.565553 -0.601555 -0.265041 0.498031 0.473993 -0.713755 -0.357989 0.371118 0.474002 -0.713764 -0.357970 0.371106
-0.003156 0.805247 -0.001303 0.281844 -0.740943 0.039855 0.608259 0.065374 -0.464832 -0.194648 0.861260 0.238515 -0.662300 -0.172636 0.688960 0.248469 -0.796614 -0.297941 0.463574 0.248469 -0.796614 -0.297941 0.463574 0.248469 -0.796614 -0.297941 0.463574 -0.174080 -0.732577 -0.082528 0.652852 0.216264 -0.867696 0.023542 0.446966 -0.258362 -0.714163 0.245856 0.602308 -0.258362 -0.714163 0.245856 0.602308 -0.258362 -0.714163 0.245856 0.602308 0.281843 -0.740943 0.039855 0.608259 0.281843 -0.740943 0.039855 0.608259 0.281843 -0.740943 0.039855 0.608259 0.281843 -0.740943 0.039855 0.608259 0.276716 -0.340979 0.129363 0.889060 0.217643 -0.218366 0.258353 0.915533 0.217667 -0.218360 0.258359 0.915528 0.281843 -0.740943 0.039855 0.608259 0.281843 -0.740943 0.039855 0.608259 0.281843 -0.740943 0.039855 0.608259 0.281843 -0.740943 0.039855 0.608259 0.571218 -0.617251 -0.254021 0.477686 0.483846 -0.722513 -0.343061 0.355214 0.483855 -0.722522 -0.343043 0.355202
-0.003156 0.810472 -0.001321 0.275662 -0.778388 0.032314 0.563097 0.074535 -0.499843 -0.216667 0.835259 0.220165 -0.682382 -0.204338 0.666429 0.218137 -0.805839 -0.334446 0.437249 0.218137 -0.805839 -0.334446 0.437249 0.218137 -0.805839 -0.334446 0.437249 -0.167373 -0.758456 -0.067700 0.626216 0.210799 -0.880345 0.017830 0.424545 -0.263999 -0.731388 0.226074 0.586743 -0.263999 -0.731388 0.226074 0.586743 -0.263999 -0.731388 0.226074 0.586743 0.275661 -0.778388 0.032314 0.563097 0.275661 -0.778388 0.032314 0.563097 0.275661 -0.778388 0.032314 0.563097 0.275661 -0.778388 0.032314 0.563097 0.276875 -0.358309 0.127110 0.882495 0.218919 -0.237720 0.250357 0.912625 0.218942 -0.237714 0.250363 0.912620 0.275661 -0.778388 0.032314 0.563097 0.275661 -0.778388 0.032314 0.563097 0.275661 -0.778388 0.032314 0.563097 0.275661 -0.778388 0.032314 0.563097 0.577995 -0.637602 -0.230896 0.453952 0.495909 -0.736416 -0.319692 0.331003 0.495918 -0.736424 -0.319673 0.330990
-0.003124 0.814520 -0.001322 0.268799 -0.808383 0.028339 0.522935 0.085688 -0.529600 -0.232384 0.811283 0.210828 -0.700477 -0.219720 0.645451 0.200802 -0.815448 -0.343300 0.420557 0.200802 -0.815448 -0.343300 0.420557 0.200802 -0.815448 -0.343300 0.420557 -0.162611 -0.774044 -0.057799 0.609158 0.210274 -0.885732 0.014885 0.413572 -0.279961 -0.731427 0.217619 0.582476 -0.279961 -0.731427 0.217619 0.582476 -0.279961 -0.731427 0.217619 0.582476 0.268798 -0.808383 0.028339 0.522935 0.268798 -0.808383 0.028339 0.522935 0.268798 -0.808383 0.028339 0.522935 0.268798 -0.808383 0.028339 0.522935 0.279730 -0.371259 0.123583 0.876724 0.222701 -0.251261 0.243362 0.909971 0.222725 -0.251254 0.243368 0.909965 0.268798 -0.808383 0.028339 0.522935 0.268798 -0.808383 0.028339 0.522935 0.268798 -0.808383 0.028339 0.522935 0.268798 -0.808383 0.028339 0.522935 0.582292 -0.652486 -0.208154 0.438030 0.501745 -0.749784 -0.296007 0.313777 0.501753 -0.749792 -0.295987 0.313764
-0.003041 0.816524 -0.001272 0.260651 -0.837666 0.025146 0.479317 0.088725 -0.559286 -0.242054 0.787868 0.196560 -0.715145 -0.223295 0.632512 0.189700 -0.827096 -0.329692 0.413798 0.189700 -0.827096 -0.329692 0.413798 0.189700 -0.827096 -0.329692 0.413798 -0.156988 -0.789269 -0.044406 0.591977 0.205042 -0.889742 0.012560 0.407626 -0.279399 -0.732115 0.221533 0.580403 -0.279399 -0.732115 0.221533 0.580403 -0.279399 -0.732115 0.221533 0.580403 0.260650 -0.837666 0.025147 0.479317 0.260650 -0.837666 0.025147 0.479317 0.260650 -0.837666 0.025147 0.479317 0.260650 -0.837666 0.025147 0.479317 0.284731 -0.388150 0.118942 0.868401 0.228221 -0.266903 0.235880 0.906112 0.228244 -0.266897 0.235887 0.906106 0.260650 -0.837666 0.025147 0.479317 0.260650 -0.837666 0.025147 0.479317 0.260650 -0.837666 0.025147 0.479317 0.260650 -0.837666 0.025147 0.479317 0.583208 -0.671684 -0.183347 0.418441 0.504702 -0.766137 -0.268962 0.293206 0.504709 -0.766144 -0.268942 0.293193
-0.002950 0.816588 -0.001188 0.253686 -0.860655 0.022420 0.440924 0.089803 -0.584299 -0.247907 0.767510 0.183193 -0.729686 -0.230719 0.617064 0.174046 -0.835998 -0.330220 0.402206 0.174046 -0.835998 -0.330220 0.402206 0.174046 -0.835998 -0.330220 0.402206 -0.148331 -0.802724 -0.035465 0.576519 0.201275 -0.893677 0.010942 0.400887 -0.289061 -0.729696 0.217231 0.580343 -0.289061 -0.729696 0.217231 0.580343 -0.289061 -0.729696 0.217231 0.580343 0.253686 -0.860655 0.022420 0.440924 0.253686 -0.860655 0.022420 0.440924 0.253686 -0.860655 0.022420 0.440924 0.253686 -0.860655 0.022420 0.440924 0.290094 -0.403609 0.115393 0.860017 0.236368 -0.277801 0.225140 0.903476 0.236392 -0.277795 0.225147 0.903470 0.253686 -0.860655 0.022420 0.440924 0.253686 -0.860655 0.022420 0.440924 0.253686 -0.860655 0.022420 0.440924 0.253686 -0.860655 0.022420 0.440924 0.581444 -0.689090 -0.161682 0.401169 0.506467 -0.779326 -0.244650 0.276202 0.506475 -0.779333 -0.244630 0.276189
-0.002884 0.814772 -0.001099 0.246386 -0.878812 0.017080 0.408279 0.088006 -0.607460 -0.245154 0.750431 0.177034 -0.742376 -0.227644 0.604744 0.172978 -0.848184 -0.307143 0.395380 0.172978 -0.848184 -0.307143 0.395380 0.172978 -0.848184 -0.307143 0.395380 -0.139222 -0.812979 -0.027755 0.564723 0.201788 -0.895265 0.011820 0.397042 -0.289668 -0.728536 0.220527 0.580255 -0.289668 -0.728536 0.220527 0.580255 -0.289668 -0.728536 0.220527 0.580255 0.246386 -0.878812 0.017080 0.408279 0.246386 -0.878812 0.017080 0.408279 0.246386 -0.878812 0.017080 0.408279 0.246386 -0.878812 0.017080 0.408279 0.294776 -0.420553 0.109812 0.850990 0.243526 -0.290218 0.214085 0.900353 0.243549 -0.290212 0.214093 0.900347 0.246386 -0.878812 0.017080 0.408279 0.246386 -0.878812 0.017080 0.408279 0.246386 -0.878812 0.017080 0.408279 0.246386 -0.878812 0.017080 0.408279 0.576338 -0.705964 -0.146144 0.384826 0.502784 -0.792305 -0.221436 0.265382 0.502791 -0.792311 -0.221415 0.265369
-0.002840 0.812163 -0.001023 0.240312 -0.891438 0.012058 0.383983 0.094581 -0.630869 -0.252658 0.727477 0.170070 -0.759228 -0.243939 0.578915 0.161475 -0.860772 -0.318954 0.362306 0.161475 -0.860772 -0.318954 0.362306 0.161475 -0.860772 -0.318954 0.362306 -0.133343 -0.820530 -0.018455 0.555527 0.199377 -0.896591 0.017344 0.395059 -0.294099 -0.726359 0.226339 0.578514 -0.294099 -0.726359 0.226339 0.578514 -0.294099 -0.726359 0.226339 0.578514 0.240311 -0.891438 0.012058 0.383983 0.240311 -0.891438 0.012058 0.383983 0.240311 -0.891438 0.012058 0.383983 0.240312 -0.891438 0.012058 0.383983 0.296867 -0.432722 0.105681 0.844662 0.246840 -0.300077 0.207382 0.897784 0.246863 -0.300072 0.207390 0.897778 0.240311 -0.891438 0.012058 0.383983 0.240311 -0.891438 0.012058 0.383983 0.240311 -0.891438 0.012058 0.383983 0.240312 -0.891438 0.012058 0.383983 0.568652 -0.719817 -0.134161 0.374833 0.498245 -0.801372 -0.201171 0.262841 0.498251 -0.801377 -0.201150 0.262828
-0.002801 0.808715 -0.000954 0.235301 -0.901056 0.008555 0.364222 0.097035 -0.652727 -0.249969 0.708553 0.160659 -0.774951 -0.252066 0.556868 0.143661 -0.874552 -0.318369 0.336394 0.143661 -0.874552 -0.318369 0.336394 0.143661 -0.874552 -0.318369 0.336394 -0.127759 -0.828149 -0.008943 0.545680 0.195521 -0.899519 0.024201 0.389939 -0.301668 -0.725999 0.231401 0.573041 -0.301668 -0.725999 0.231401 0.573041 -0.301668 -0.725999 0.231401 0.573041 0.235301 -0.901056 0.008555 0.364222 0.235301 -0.901056 0.008555 0.364222 0.235301 -0.901056 0.008555 0.364222 0.235301 -0.901056 0.008555 0.364222 0.294339 -0.445982 0.104301 0.838800 0.246407 -0.315292 0.200482 0.894249 0.246430 -0.315287 0.200490 0.894243 0.235301 -0.901056 0.008555 0.364222 0.235301 -0.901056 0.008555 0.364222 0.235301 -0.901056 0.008555 0.364222 0.235301 -0.901056 0.008555 0.364222 0.562601 -0.733868 -0.126702 0.358976 0.494786 -0.810300 -0.190644 0.249512 0.494792 -0.810305 -0.190623 0.249499
-0.002756 0.804848 -0.000875 0.230562 -0.909753 0.005975 0.345190 0.098720 -0.666881 -0.247512 0.695889 0.152815 -0.786154 -0.261974 0.538497 0.133565 -0.882826 -0.325622 0.311045 0.133565 -0.882826 -0.325622 0.311045 0.133565 -0.882826 -0.325622 0.311045 -0.122578 -0.836576 -0.000833 0.533961 0.192580 -0.904918 0.029329 0.378387 -0.312467 -0.730794 0.230647 0.561343 -0.312467 -0.730794 0.230647 0.561343 -0.312467 -0.730794 0.230647 0.561343 0.230561 -0.909753 0.005975 0.345190 0.230561 -0.909753 0.005975 0.345190 0.230561 -0.909753 0.005975 0.345190 0.230561 -0.909753 0.005975 0.345190 0.284868 -0.460965 0.106230 0.833713 0.239902 -0.331202 0.193544 0.891792 0.239925 -0.331197 0.193553 0.891786 0.230561 -0.909753 0.005975 0.345190 0.230561 -0.909753 0.005975 0.345190 0.230561 -0.909753 0.005975 0.345190 0.230561 -0.909753 0.005975 0.345190 0.556962 -0.747152 -0.119645 0.342407 0.491216 -0.819081 -0.181882 0.233949 0.491222 -0.819086 -0.181861 0.233937
-0.002693 0.801443 -0.000758 0.226899 -0.923672 0.003205 0.308767 0.097099 -0.690494 -0.246641 0.673021 0.137650 -0.799080 -0.273225 0.517563 0.121948 -0.890083 -0.334755 0.284287 0.121948 -0.890083 -0.334755 0.284287 0.121948 -0.890083 -0.334755 0.284287 -0.108031 -0.849841 -0.006431 0.515809 0.202046 -0.906920 0.025420 0.368818 -0.293347 -0.736425 0.240120 0.560329 -0.293347 -0.736425 0.240120 0.560329 -0.293347 -0.736425 0.240120 0.560329 0.226899 -0.923672 0.003205 0.308767 0.226899 -0.923672 0.003205 0.308767 0.226899 -0.923672 0.003205 0.308767 0.226899 -0.923672 0.003205 0.308767 0.279020 -0.481372 0.110694 0.823514 0.245098 -0.341043 0.175257 0.890450 0.245121 -0.341039 0.175266 0.890444 0.226899 -0.923672 0.003205 0.308767 0.226899 -0.923672 0.003205 0.308767 0.226899 -0.923672 0.003205 0.308767 0.226899 -0.923672 0.003205 0.308767 0.553568 -0.764983 -0.105821 0.311714 0.496195 -0.826486 -0.166454 0.207376 0.496200 -0.826491 -0.166432 0.207363
-0.002644 0.798530 -0.000632 0.226849 -0.932750 0.001337 0.280206 0.107048 -0.700826 -0.248247 0.660119 0.140223 -0.798149 -0.281811 0.513691 0.125141 -0.886657 -0.344459 0.282005 0.125141 -0.886657 -0.344459 0.282005 0.125141 -0.886657 -0.344459 0.282005 -0.092854 -0.861364 -0.023719 0.498867 0.209781 -0.911075 0.014351 0.354582 -0.277596 -0.743294 0.243182 0.557957 -0.277596 -0.743294 0.243182 0.557957 -0.277596 -0.743294 0.243182 0.557957 0.226849 -0.932750 0.001337 0.280206 0.226849 -0.932750 0.001337 0.280206 0.226849 -0.932750 0.001337 0.280206 0.226849 -0.932750 0.001337 0.280206 0.252667 -0.485489 0.126018 0.827393 0.214210 -0.326498 0.188635 0.901072 0.214233 -0.326493 0.188643 0.901066 0.226849 -0.932750 0.001337 0.280206 0.226849 -0.932750 0.001337 0.280206 0.226849 -0.932750 0.001337 0.280206 0.226849 -0.932750 0.001337 0.280206 0.550689 -0.780149 -0.096002 0.280878 0.499863 -0.833076 -0.157694 0.176785 0.499868 -0.833081 -0.157672 0.176772
-0.002617 0.796241 -0.000499 0.229932 -0.938139 -0.000079 0.258895 0.090943 -0.717374 -0.249418 0.644123 0.123518 -0.815076 -0.278588 0.492731 0.116250 -0.899208 -0.340230 0.249307 0.116250 -0.899208 -0.340230 0.249307 0.116250 -0.899208 -0.340230 0.249307 -0.079600 -0.868971 -0.041701 0.486635 0.222280 -0.910115 0.009165 0.349570 -0.238496 -0.753677 0.244529 0.561512 -0.238496 -0.753677 0.244529 0.561512 -0.238496 -0.753677 0.244529 0.561512 0.229932 -0.938139 -0.000079 0.258895 0.229932 -0.938139 -0.000079 0.258895 0.229932 -0.938139 -0.000079 0.258895 0.229932 -0.938139 -0.000079 0.258895 0.212387 -0.465724 0.148721 0.846094 0.162229 -0.314008 0.220165 0.909180 0.162253 -0.314002 0.220174 0.909176 0.229932 -0.938139 -0.000079 0.258895 0.229932 -0.938139 -0.000079 0.258895 0.229932 -0.938139 -0.000079 0.258895 0.229932 -0.938139 -0.000079 0.258895 0.547059 -0.791734 -0.088004 0.257175 0.499465 -0.839728 -0.153454 0.147799 0.499468 -0.839732 -0.153432 0.147786
-0.002605 0.794579 -0.000360 0.232549 -0.942781 -0.000994 0.238924 0.082648 -0.734809 -0.253647 0.623609 0.114938 -0.831286 -0.282682 0.464590 0.106105 -0.911969 -0.334360 0.212738 0.106105 -0.911969 -0.334360 0.212738 0.106105 -0.911969 -0.334360 0.212738 -0.070705 -0.873201 -0.059028 0.478579 0.223527 -0.907810 0.007493 0.354769 -0.223952 -0.746607 0.243973 0.576976 -0.223952 -0.746607 0.243973 0.576976 -0.223952 -0.746607 0.243973 0.576976 0.232548 -0.942781 -0.000994 0.238924 0.232548 -0.942781 -0.000994 0.238924 0.232548 -0.942781 -0.000994 0.238924 0.232548 -0.942781 -0.000994 0.238924 0.167790 -0.445035 0.169900 0.863090 0.129363 -0.322013 0.216131 0.912612 0.129386 -0.322007 0.216139 0.912609 0.232548 -0.942781 -0.000994 0.238924 0.232548 -0.942781 -0.000994 0.238924 0.232548 -0.942781 -0.000994 0.238924 0.232548 -0.942781 -0.000994 0.238924 0.541692 -0.804825 -0.081806 0.228331 0.492450 -0.849742 -0.146673 0.117981 0.492453 -0.849745 -0.146651 0.117968
-0.002574 0.793341 -0.000214 0.233342 -0.948025 -0.002255 0.216321 0.076648 -0.752482 -0.261034 0.599797 0.102789 -0.843860 -0.290821 0.439041 0.086703 -0.919607 -0.337431 0.181512 0.086703 -0.919607 -0.337431 0.181512 0.086703 -0.919607 -0.337431 0.181512 -0.062731 -0.880487 -0.074965 0.463883 0.224761 -0.911952 0.003489 0.343239 -0.217316 -0.751607 0.237822 0.575588 -0.217316 -0.751607 0.237822 0.575588 -0.217316 -0.751607 0.237822 0.575588 0.233342 -0.948025 -0.002255 0.216321 0.233342 -0.948025 -0.002255 0.216321 0.233342 -0.948025 -0.002255 0.216321 0.233342 -0.948025 -0.002255 0.216321 0.129486 -0.510084 0.174100 0.832308 0.092299 -0.377774 0.206269 0.897898 0.092322 -0.377769 0.206279 0.897896 0.233342 -0.948025 -0.002255 0.216321 0.233342 -0.948025 -0.002255 0.216321 0.233342 -0.948025 -0.002255 0.216321 0.233342 -0.948025 -0.002255 0.216321 0.536056 -0.815016 -0.073195 0.207452 0.477137 -0.862959 -0.140901 0.088256 0.477140 -0.862962 -0.140879 0.088244
-0.002550 0.792478 -0.000092 0.232408 -0.952273 -0.003865 0.197858 0.073076 -0.766290 -0.276479 0.575343 0.091969 -0.859382 -0.291305 0.410056 0.074129 -0.928228 -0.335269 0.143148 0.074129 -0.928228 -0.335269 0.143148 0.074129 -0.928228 -0.335269 0.143148 -0.063088 -0.886415 -0.083841 0.450842 0.227267 -0.915852 0.001330 0.331003 -0.216900 -0.757867 0.233796 0.569149 -0.216900 -0.757867 0.233796 0.569149 -0.216900 -0.757867 0.233796 0.569149 0.232408 -0.952273 -0.003865 0.197858 0.232408 -0.952273 -0.003865 0.197858 0.232408 -0.952273 -0.003865 0.197858 0.232408 -0.952273 -0.003865 0.197858 0.143890 -0.604418 0.155100 0.768061 0.109918 -0.423800 0.178832 0.881096 0.109940 -0.423795 0.178843 0.881094 0.232408 -0.952273 -0.003865 0.197858 0.232408 -0.952273 -0.003865 0.197858 0.232408 -0.952273 -0.003865 0.197858 0.232408 -0.952273 -0.003865 0.197858 0.527765 -0.825283 -0.066753 0.189517 0.453318 -0.878933 -0.131887 0.067717 0.453320 -0.878936 -0.131864 0.067705
-0.002536 0.791498 0.000020 0.232346 -0.955865 -0.006670 0.179700 0.069187 -0.776344 -0.290827 0.554908 0.076258 -0.867629 -0.306926 0.383668 0.055334 -0.941400 -0.311711 0.116359 0.055334 -0.941400 -0.311711 0.116359 0.055334 -0.941400 -0.311711 0.116359 -0.067402 -0.894220 -0.087665 0.433754 0.231145 -0.922468 0.004199 0.309204 -0.213609 -0.775581 0.228509 0.548296 -0.213609 -0.775581 0.228509 0.548296 -0.213609 -0.775581 0.228509 0.548296 0.232346 -0.955866 -0.006670 0.179700 0.232346 -0.955866 -0.006670 0.179700 0.232346 -0.955866 -0.006670 0.179700 0.232346 -0.955866 -0.006670 0.179700 0.172104 -0.693144 0.129988 0.687775 0.147334 -0.458319 0.154001 0.862856 0.147356 -0.458315 0.154013 0.862852 0.232346 -0.955866 -0.006670 0.179700 0.232346 -0.955866 -0.006670 0.179700 0.232346 -0.955866 -0.006670 0.179700 0.232346 -0.955866 -0.006670 0.179700 0.522159 -0.832402 -0.061391 0.175181 0.427701 -0.893865 -0.125224 0.048957 0.427702 -0.893868 -0.125201 0.048946
-0.002519 0.790500 0.000116 0.232036 -0.958680 -0.009084 0.164343 0.073726 -0.783916 -0.304736 0.535889 0.057584 -0.873165 -0.320594 0.362611 0.036370 -0.948647 -0.301676 0.087962 0.036370 -0.948647 -0.301676 0.087962 0.036370 -0.948647 -0.301676 0.087962 -0.074766 -0.899398 -0.086667 0.421880 0.234756 -0.925939 0.008241 0.295734 -0.211198 -0.786806 0.227403 0.533498 -0.211198 -0.786806 0.227403 0.533498 -0.211198 -0.786806 0.227403 0.533498 0.232035 -0.958681 -0.009084 0.164343 0.232035 -0.958681 -0.009084 0.164343 0.232035 -0.958681 -0.009084 0.164343 0.232035 -0.958680 -0.009084 0.164343 0.205525 -0.751147 0.107250 0.618090 0.185051 -0.472977 0.147479 0.848704 0.185073 -0.472973 0.147491 0.848699 0.232035 -0.958681 -0.009084 0.164343 0.232035 -0.958681 -0.009084 0.164343 0.232035 -0.958681 -0.009084 0.164343 0.232035 -0.958680 -0.009084 0.164343 0.515462 -0.839801 -0.057500 0.160395 0.394143 -0.911077 -0.115019 0.036884 0.394144 -0.911080 -0.114996 0.036874
-0.002489 0.787615 0.000196 0.230868 -0.961619 -0.010794 0.147894 0.070361 -0.789176 -0.316752 0.521458 0.046733 -0.879092 -0.324225 0.346254 0.028123 -0.952751 -0.294785 0.067658 0.028123 -0.952751 -0.294785 0.067658 0.028123 -0.952751 -0.294785 0.067658 -0.081219 -0.902830 -0.083493 0.413920 0.239340 -0.926833 0.011794 0.289065 -0.198419 -0.794734 0.235895 0.522859 -0.198419 -0.794734 0.235895 0.522859 -0.198419 -0.794734 0.235895 0.522859 0.230867 -0.961619 -0.010794 0.147894 0.230867 -0.961619 -0.010794 0.147894 0.230867 -0.961619 -0.010794 0.147894 0.230867 -0.961619 -0.010794 0.147894 0.194568 -0.793472 0.097619 0.568345 0.186227 -0.494678 0.133053 0.838398 0.186249 -0.494674 0.133066 0.838393 0.230867 -0.961619 -0.010794 0.147894 0.230867 -0.961619 -0.010794 0.147894 0.230867 -0.961619 -0.010794 0.147894 0.230867 -0.961619 -0.010794 0.147894 0.505929 -0.848200 -0.051794 0.148020 0.358477 -0.926631 -0.112862 0.010528 0.358477 -0.926634 -0.112838 0.010518
-0.002452 0.783142 0.000274 0.229139 -0.964315 -0.011602 0.132124 0.066762 -0.794692 -0.325431 0.508038 0.036515 -0.884338 -0.327328 0.330860 0.019301 -0.954222 -0.294607 0.047897 0.019301 -0.954222 -0.294607 0.047897 0.019301 -0.954222 -0.294607 0.047897 -0.086055 -0.905606 -0.082770 0.406967 0.238772 -0.927549 0.011707 0.287234 -0.198918 -0.794074 0.237919 0.522755 -0.198918 -0.794074 0.237919 0.522755 -0.198918 -0.794074 0.237919 0.522755 0.229138 -0.964316 -0.011602 0.132124 0.229138 -0.964316 -0.011602 0.132124 0.229138 -0.964316 -0.011602 0.132124 0.229138 -0.964315 -0.011602 0.132124 0.199196 -0.820256 0.088500 0.528837 0.208724 -0.488527 0.121748 0.838423 0.208746 -0.488524 0.121761 0.838418 0.229138 -0.964316 -0.011602 0.132124 0.229138 -0.964316 -0.011602 0.132124 0.229138 -0.964316 -0.011602 0.132124 0.229138 -0.964315 -0.011602 0.132124 0.496894 -0.856235 -0.046700 0.133332 0.315559 -0.942083 -0.111883 -0.019579 0.315558 -0.942086 -0.111859 -0.019588
-0.002415 0.778815 0.000330 0.226971 -0.966155 -0.013133 0.121889 0.067920 -0.796558 -0.330633 0.501561 0.027873 -0.886455 -0.321137 0.332102 0.011796 -0.956200 -0.287872 0.051702 0.011796 -0.956200 -0.287872 0.051702 0.011796 -0.956200 -0.287872 0.051702 -0.088724 -0.908153 -0.078868 0.401456 0.239505 -0.927747 0.017766 0.285671 -0.190339 -0.798325 0.240258 0.518386 -0.190339 -0.798325 0.240258 0.518386 -0.190339 -0.798325 0.240258 0.518386 0.226971 -0.966155 -0.013133 0.121889 0.226971 -0.966155 -0.013133 0.121889 0.226971 -0.966155 -0.013133 0.121889 0.226971 -0.966155 -0.013133 0.121889 0.196997 -0.825145 0.086636 0.522324 0.208161 -0.486932 0.119846 0.839764 0.208183 -0.486929 0.119858 0.839758 0.226971 -0.966155 -0.013133 0.121889 0.226971 -0.966155 -0.013133 0.121889 0.226971 -0.966155 -0.013133 0.121889 0.226971 -0.966155 -0.013133 0.121889 0.486955 -0.863513 -0.044140 0.123578 0.281344 -0.953191 -0.106395 -0.030869 0.281344 -0.953194 -0.106370 -0.030876
-0.002385 0.775401 0.000372 0.224832 -0.967690 -0.015389 0.113090 0.067597 -0.802456 -0.339326 0.486161 0.012717 -0.892088 -0.325512 0.313143 -0.000190 -0.957772 -0.286796 0.020530 -0.000190 -0.957772 -0.286796 0.020530 -0.000190 -0.957772 -0.286796 0.020530 -0.095850 -0.912123 -0.065443 0.393143 0.234039 -0.930397 0.035531 0.279866 -0.192310 -0.802967 0.254199 0.503630 -0.192310 -0.802967 0.254199 0.503630 -0.192310 -0.802967 0.254199 0.503630 0.224832 -0.967690 -0.015389 0.113090 0.224832 -0.967690 -0.015389 0.113090 0.224832 -0.967690 -0.015389 0.113090 0.224832 -0.967690 -0.015389 0.113090 0.214068 -0.836664 0.077422 0.498171 0.223720 -0.482873 0.125692 0.837248 0.223742 -0.482869 0.125705 0.837243 0.224832 -0.967690 -0.015389 0.113090 0.224832 -0.967690 -0.015389 0.113090 0.224832 -0.967690 -0.015389 0.113090 0.224832 -0.967690 -0.015389 0.113090 0.478991 -0.869204 -0.043114 0.114858 0.254488 -0.960589 -0.103969 -0.041181 0.254487 -0.960591 -0.103944 -0.041187
-0.002357 0.773074 0.000423 0.223354 -0.969483 -0.016889 0.099652 0.065694 -0.807389 -0.344172 0.474713 0.008999 -0.895309 -0.329675 0.299426 -0.003236 -0.955447 -0.295143 -0.001336 -0.003236 -0.955447 -0.295143 -0.001336 -0.003236 -0.955447 -0.295143 -0.001336 -0.104172 -0.915910 -0.046309 0.384853 0.226210 -0.932187 0.055509 0.277083 -0.200011 -0.802663 0.271815 0.491777 -0.200011 -0.802663 0.271815 0.491777 -0.200011 -0.802663 0.271815 0.491777 0.223354 -0.969483 -0.016889 0.099652 0.223354 -0.969483 -0.016889 0.099652 0.223354 -0.969483 -0.016889 0.099652 0.223354 -0.969483 -0.016889 0.099652 0.203761 -0.852425 0.073827 0.475818 0.221030 -0.492698 0.118479 0.833281 0.221052 -0.492695 0.118492 0.833275 0.223354 -0.969483 -0.016889 0.099652 0.223354 -0.969483 -0.016889 0.099652 0.223354 -0.969483 -0.016889 0.099652 0.223354 -0.969483 -0.016889 0.099652 0.470551 -0.877057 -0.043780 0.086230 0.226968 -0.964367 -0.111886 -0.077226 0.226966 -0.964370 -0.111861 -0.077232
-0.002332 0.771574 0.000455 0.222538 -0.970751 -0.018174 0.088260 0.056092 -0.811254 -0.341885 0.470994 0.004201 -0.898160 -0.326805 0.294091 -0.007462 -0.956920 -0.290180 -0.006688 -0.007463 -0.956920 -0.290180 -0.006688 -0.007463 -0.956920 -0.290180 -0.006688 -0.111272 -0.916193 -0.028713 0.383907 0.220183 -0.929512 0.069513 0.287568 -0.201080 -0.794522 0.289241 0.494612 -0.201080 -0.794522 0.289241 0.494612 -0.201080 -0.794522 0.289241 0.494612 0.222537 -0.970751 -0.018174 0.088260 0.222537 -0.970751 -0.018174 0.088260 0.222537 -0.970751 -0.018174 0.088260 0.222537 -0.970751 -0.018175 0.088260 0.192091 -0.860901 0.073109 0.465409 0.222827 -0.493887 0.107477 0.833590 0.222848 -0.493884 0.107490 0.833584 0.222537 -0.970751 -0.018174 0.088260 0.222537 -0.970751 -0.018174 0.088260 0.222537 -0.970751 -0.018174 0.088260 0.222537 -0.970751 -0.018174 0.088260 0.461674 -0.882876 -0.041216 0.075417 0.205182 -0.968119 -0.110653 -0.091660 0.205179 -0.968122 -0.110628 -0.091666
-0.002308 0.770678 0.000475 0.220599 -0.972264 -0.018525 0.075469 0.054351 -0.820053 -0.334253 0.461340 -0.001543 -0.905853 -0.314666 0.283571 -0.008160 -0.959689 -0.279984 -0.023239 -0.008160 -0.959689 -0.279984 -0.023239 -0.008160 -0.959689 -0.279984 -0.023239 -0.115204 -0.916688 -0.012866 0.382422 0.214275 -0.927293 0.078386 0.296765 -0.198293 -0.786611 0.305322 0.498700 -0.198293 -0.786610 0.305322 0.498700 -0.198293 -0.786610 0.305322 0.498700 0.220598 -0.972264 -0.018525 0.075469 0.220598 -0.972264 -0.018525 0.075469 0.220598 -0.972264 -0.018525 0.075469 0.220598 -0.972264 -0.018525 0.075469 0.210522 -0.875024 0.064792 0.431064 0.258529 -0.482314 0.108038 0.829978 0.258551 -0.482311 0.108051 0.829971 0.220598 -0.972264 -0.018525 0.075469 0.220598 -0.972264 -0.018525 0.075469 0.220598 -0.972264 -0.018525 0.075469 0.220598 -0.972264 -0.018525 0.075469 0.447381 -0.891298 -0.037270 0.063636 0.176366 -0.971443 -0.110436 -0.114003 0.176363 -0.971446 -0.110411 -0.114007
-0.002288 0.770166 0.000495 0.218239 -0.973609 -0.019001 0.064001 0.052201 -0.824341 -0.325168 0.460437 -0.001120 -0.905149 -0.309878 0.290998 -0.005318 -0.952025 -0.305617 -0.014759 -0.005318 -0.952025 -0.305617 -0.014759 -0.005318 -0.952025 -0.305617 -0.014759 -0.113433 -0.918835 0.002145 0.377982 0.205780 -0.927179 0.085290 0.301197 -0.198949 -0.782280 0.315295 0.499046 -0.198949 -0.782280 0.315295 0.499046 -0.198949 -0.782280 0.315295 0.499046 0.218238 -0.973609 -0.019001 0.064001 0.218238 -0.973609 -0.019001 0.064001 0.218238 -0.973609 -0.019001 0.064001 0.218238 -0.973609 -0.019001 0.064001 0.208855 -0.894352 0.056585 0.391551 0.272099 -0.478460 0.104579 0.828312 0.272121 -0.478458 0.104591 0.828305 0.218238 -0.973609 -0.019001 0.064001 0.218238 -0.973609 -0.019001 0.064001 0.218238 -0.973609 -0.019001 0.064001 0.218238 -0.973609 -0.019001 0.064001 0.429948 -0.900759 -0.034430 0.050912 0.139312 -0.972575 -0.114985 -0.146520 0.139308 -0.972578 -0.114960 -0.146523
-0.002266 0.770479 0.000511 0.215651 -0.974813 -0.020785 0.052936 0.052781 -0.831341 -0.314821 0.454944 -0.001194 -0.907427 -0.306283 0.287689 -0.005759 -0.951285 -0.307872 -0.015446 -0.005759 -0.951285 -0.307872 -0.015446 -0.005759 -0.951285 -0.307872 -0.015446 -0.113961 -0.920949 0.009984 0.372514 0.205645 -0.927257 0.094426 0.298311 -0.192143 -0.783114 0.327510 0.492495 -0.192142 -0.783114 0.327510 0.492495 -0.192142 -0.783114 0.327510 0.492495 0.215650 -0.974813 -0.020785 0.052936 0.215650 -0.974813 -0.020785 0.052936 0.215650 -0.974813 -0.020785 0.052936 0.215650 -0.974813 -0.020785 0.052936 0.202071 -0.911748 0.047982 0.354373 0.298036 -0.463919 0.092332 0.829113 0.298058 -0.463916 0.092344 0.829106 0.215650 -0.974813 -0.020785 0.052936 0.215650 -0.974813 -0.020785 0.052936 0.215650 -0.974813 -0.020785 0.052936 0.215650 -0.974813 -0.020785 0.052936 0.410611 -0.910396 -0.033214 0.038400 0.096367 -0.972598 -0.118580 -0.175228 0.096362 -0.972601 -0.118555 -0.175231
-0.002244 0.771306 0.000517 0.213186 -0.975792 -0.021815 0.043658 0.056296 -0.835658 -0.307450 0.451642 -0.001902 -0.907474 -0.303541 0.290430 -0.008228 -0.951422 -0.307706 -0.006786 -0.008228 -0.951422 -0.307706 -0.006786 -0.008228 -0.951422 -0.307706 -0.006786 -0.108336 -0.933878 0.057810 0.335847 0.192388 -0.930924 0.103208 0.292773 -0.229461 -0.771197 0.329161 0.494222 -0.229461 -0.771197 0.329161 0.494222 -0.229461 -0.771197 0.329161 0.494222 0.213186 -0.975792 -0.021815 0.043658 0.213186 -0.975792 -0.021815 0.043658 0.213186 -0.975792 -0.021815 0.043658 0.213186 -0.975792 -0.021815 0.043658 0.207422 -0.923520 0.040014 0.320134 0.309538 -0.465752 0.097777 0.823226 0.309559 -0.465749 0.097789 0.823218 0.213186 -0.975792 -0.021815 0.043658 0.213186 -0.975792 -0.021815 0.043658 0.213186 -0.975792 -0.021815 0.043658 0.213186 -0.975792 -0.021815 0.043658 0.391474 -0.919221 -0.032077 0.027410 0.053723 -0.971322 -0.119894 -0.198173 0.053718 -0.971325 -0.119869 -0.198174
-0.002224 0.772192 0.000516 0.209975 -0.976909 -0.021541 0.033083 0.059821 -0.840818 -0.301129 0.445833 0.002259 -0.910250 -0.296986 0.288513 0.001683 -0.954928 -0.296789 -0.005195 0.001683 -0.954928 -0.296789 -0.005195 0.001683 -0.954928 -0.296789 -0.005195 -0.104634 -0.936599 0.035869 0.332486 0.190859 -0.932641 0.090954 0.292373 -0.216402 -0.764553 0.337735 0.504543 -0.216402 -0.764553 0.337735 0.504543 -0.216402 -0.764553 0.337735 0.504543 0.209975 -0.976909 -0.021541 0.033083 0.209975 -0.976909 -0.021541 0.033083 0.209975 -0.976909 -0.021541 0.033083 0.209975 -0.976909 -0.021541 0.033083 0.200115 -0.936808 0.033814 0.284959 0.337919 -0.453169 0.088754 0.820105 0.337940 -0.453167 0.088766 0.820096 0.209975 -0.976909 -0.021541 0.033083 0.209975 -0.976909 -0.021541 0.033083 0.209975 -0.976909 -0.021541 0.033083 0.209975 -0.976909 -0.021541 0.033083 0.371976 -0.927597 -0.028988 0.018901 0.015634 -0.970362 -0.115528 -0.211676 0.015629 -0.970365 -0.115503 -0.211677
-0.002210 0.774259 0.000516 0.207134 -0.977772 -0.021127 0.024740 0.067248 -0.841678 -0.300868 0.443321 0.003096 -0.910404 -0.294150 0.290913 0.011655 -0.954823 -0.296923 -0.003729 0.011655 -0.954823 -0.296923 -0.003729 0.011655 -0.954823 -0.296923 -0.003729 -0.099031 -0.938232 0.031473 0.330036 0.185053 -0.931367 0.090490 0.300203 -0.216366 -0.748965 0.354167 0.516529 -0.216366 -0.748965 0.354168 0.516529 -0.216366 -0.748965 0.354168 0.516529 0.207133 -0.977772 -0.021127 0.024740 0.207133 -0.977772 -0.021127 0.024740 0.207133 -0.977772 -0.021127 0.024740 0.207133 -0.977772 -0.021127 0.024740 0.196949 -0.945906 0.028854 0.256206 0.364113 -0.441356 0.084690 0.815754 0.364134 -0.441354 0.084701 0.815744 0.207133 -0.977772 -0.021127 0.024740 0.207133 -0.977772 -0.021127 0.024740 0.207133 -0.977772 -0.021127 0.024740 0.207133 -0.977772 -0.021127 0.024740 0.351654 -0.935697 -0.027945 0.005526 -0.017796 -0.966053 -0.115362 -0.230471 -0.017802 -0.966056 -0.115337 -0.230471
-0.002200 0.776962 0.000527 0.204395 -0.978559 -0.020120 0.015518 0.068864 -0.846497 -0.296532 0.436773 0.001764 -0.911164 -0.295709 0.286936 0.004565 -0.950400 -0.310957 -0.004948 0.004565 -0.950400 -0.310957 -0.004948 0.004565 -0.950400 -0.310957 -0.004948 -0.087503 -0.941690 0.026319 0.323836 0.182210 -0.931919 0.086775 0.301326 -0.211376 -0.747094 0.355440 0.520416 -0.211376 -0.747094 0.355440 0.520416 -0.211376 -0.747094 0.355440 0.520416 0.204395 -0.978559 -0.020120 0.015518 0.204395 -0.978559 -0.020120 0.015518 0.204395 -0.978559 -0.020120 0.015518 0.204395 -0.978559 -0.020120 0.015518 0.194710 -0.954968 0.023777 0.222617 0.397900 -0.449177 0.080698 0.795866 0.397921 -0.449175 0.080710 0.795856 0.204395 -0.978559 -0.020120 0.015518 0.204395 -0.978559 -0.020120 0.015518 0.204395 -0.978559 -0.020120 0.015518 0.204395 -0.978559 -0.020120 0.015518 0.327649 -0.944125 -0.028962 -0.020849 -0.058189 -0.952477 -0.124798 -0.271713 -0.058196 -0.952480 -0.124774 -0.271711
-0.002194 0.779954 0.000542 0.201287 -0.979292 -0.019373 0.009733 0.073331 -0.848666 -0.295745 0.432346 0.005804 -0.912077 -0.294050 0.285685 0.007688 -0.949446 -0.313830 -0.002180 0.007688 -0.949446 -0.313830 -0.002180 0.007688 -0.949446 -0.313830 -0.002180 -0.074909 -0.943069 0.023913 0.323169 0.176660 -0.932437 0.084932 0.303543 -0.212867 -0.742387 0.357112 0.525376 -0.212867 -0.742387 0.357112 0.525376 -0.212867 -0.742387 0.357112 0.525376 0.201287 -0.979292 -0.019373 0.009733 0.201287 -0.979292 -0.019373 0.009733 0.201287 -0.979292 -0.019373 0.009733 0.201287 -0.979292 -0.019373 0.009733 0.175395 -0.964344 0.019713 0.197204 0.417511 -0.444663 0.067319 0.789574 0.417531 -0.444661 0.067331 0.789563 0.201287 -0.979292 -0.019373 0.009733 0.201287 -0.979292 -0.019373 0.009733 0.201287 -0.979292 -0.019373 0.009733 0.201287 -0.979292 -0.019373 0.009733 0.302069 -0.951798 -0.030765 -0.043463 -0.098569 -0.935108 -0.134025 -0.312882 -0.098577 -0.935111 -0.134001 -0.312880
-0.002190 0.782582 0.000575 0.197699 -0.980079 -0.018394 0.004598 0.078155 -0.850393 -0.294872 0.428689 0.012218 -0.913361 -0.289833 0.285691 0.014104 -0.950231 -0.311214 0.002668 0.014104 -0.950231 -0.311214 0.002668 0.014104 -0.950231 -0.311214 0.002668 -0.059435 -0.944872 0.025470 0.320990 0.173155 -0.932518 0.080054 0.306626 -0.205049 -0.739236 0.359809 0.531058 -0.205049 -0.739236 0.359809 0.531058 -0.205049 -0.739236 0.359809 0.531058 0.197699 -0.980079 -0.018394 0.004598 0.197699 -0.980079 -0.018394 0.004598 0.197699 -0.980079 -0.018394 0.004598 0.197699 -0.980079 -0.018394 0.004598 0.194703 -0.967302 0.013604 0.161967 0.449690 -0.437052 0.086667 0.774114 0.449711 -0.437050 0.086678 0.774102 0.197699 -0.980079 -0.018394 0.004598 0.197699 -0.980079 -0.018394 0.004598 0.197699 -0.980079 -0.018394 0.004598 0.197699 -0.980079 -0.018394 0.004598 0.272070 -0.958586 -0.034741 -0.076712 -0.135819 -0.907757 -0.148263 -0.368170 -0.135828 -0.907760 -0.148240 -0.368167
-0.002192 0.784724 0.000616 0.193747 -0.980890 -0.017809 0.000552 0.082372 -0.853431 -0.293003 0.423108 0.012093 -0.914959 -0.287687 0.282738 0.014605 -0.952354 -0.304638 0.001885 0.014605 -0.952354 -0.304638 0.001885 0.014605 -0.952354 -0.304638 0.001885 -0.047363 -0.949649 0.032966 0.307957 0.167855 -0.936548 0.078423 0.297576 -0.202649 -0.747633 0.354506 0.523741 -0.202649 -0.747633 0.354506 0.523741 -0.202649 -0.747633 0.354506 0.523741 0.193746 -0.980890 -0.017809 0.000552 0.193746 -0.980890 -0.017809 0.000552 0.193746 -0.980890 -0.017809 0.000552 0.193746 -0.980890 -0.017809 0.000552 0.179755 -0.974669 0.008434 0.132802 0.470996 -0.442825 0.079595 0.758771 0.471016 -0.442823 0.079606 0.758759 0.193746 -0.980890 -0.017809 0.000552 0.193746 -0.980890 -0.017809 0.000552 0.193746 -0.980890 -0.017809 0.000552 0.193746 -0.980890 -0.017809 0.000552 0.241140 -0.963437 -0.039348 -0.109965 -0.171232 -0.877466 -0.160114 -0.418445 -0.171243 -0.877470 -0.160091 -0.418440
-0.002196 0.787042 0.000648 0.188967 -0.981831 -0.017131 -0.002579 0.086858 -0.856551 -0.291810 0.416682 0.007364 -0.915928 -0.289259 0.278120 0.007407 -0.952692 -0.303840 -0.002219 0.007407 -0.952692 -0.303840 -0.002219 0.007407 -0.952692 -0.303840 -0.002219 -0.033965 -0.950170 0.030388 0.308384 0.169007 -0.936010 0.079711 0.298274 -0.209890 -0.739606 0.360677 0.528054 -0.209890 -0.739606 0.360677 0.528054 -0.209890 -0.739606 0.360677 0.528054 0.188966 -0.981831 -0.017131 -0.002579 0.188966 -0.981831 -0.017131 -0.002579 0.188966 -0.981831 -0.017131 -0.002579 0.188966 -0.981831 -0.017131 -0.002579 0.170572 -0.979723 0.003572 0.105050 0.497910 -0.444654 0.077165 0.740550 0.497929 -0.444652 0.077176 0.740537 0.188966 -0.981831 -0.017131 -0.002579 0.188966 -0.981831 -0.017131 -0.002579 0.188966 -0.981831 -0.017131 -0.002579 0.188966 -0.981831 -0.017131 -0.002579 0.217828 -0.965141 -0.042943 -0.138600 -0.205255 -0.844388 -0.171787 -0.464078 -0.205267 -0.844392 -0.171765 -0.464073
-0.002202 0.789092 0.000666 0.183398 -0.982887 -0.016688 -0.004412 0.091006 -0.856895 -0.291662 0.415189 0.009050 -0.916212 -0.284848 0.281665 0.011085 -0.957755 -0.287301 0.006432 0.011085 -0.957755 -0.287301 0.006432 0.011085 -0.957755 -0.287301 0.006432 -0.024313 -0.949373 0.030186 0.311752 0.166850 -0.934934 0.083661 0.301762 -0.213987 -0.729249 0.371916 0.532996 -0.213987 -0.729249 0.371916 0.532996 -0.213987 -0.729249 0.371916 0.532996 0.183398 -0.982887 -0.016688 -0.004412 0.183398 -0.982887 -0.016688 -0.004412 0.183398 -0.982887 -0.016688 -0.004412 0.183398 -0.982887 -0.016689 -0.004412 0.158282 -0.983257 0.000863 0.090289 0.510186 -0.451582 0.070825 0.728538 0.510205 -0.451581 0.070837 0.728525 0.183398 -0.982887 -0.016688 -0.004412 0.183398 -0.982887 -0.016688 -0.004412 0.183398 -0.982887 -0.016688 -0.004412 0.183398 -0.982887 -0.016688 -0.004412 0.202356 -0.965667 -0.044717 -0.156651 -0.231749 -0.815998 -0.179763 -0.498122 -0.231762 -0.816002 -0.179741 -0.498116
-0.002210 0.790739 0.000677 0.178448 -0.983780 -0.017136 -0.006264 0.092643 -0.858580 -0.289060 0.413161 0.009075 -0.919392 -0.273370 0.282674 0.013333 -0.961791 -0.273262 0.010392 0.013333 -0.961791 -0.273262 0.010392 0.013333 -0.961791 -0.273262 0.010392 -0.018568 -0.950926 0.033535 0.307035 0.160888 -0.935033 0.091432 0.302438 -0.220139 -0.726428 0.376551 0.531084 -0.220139 -0.726428 0.376551 0.531084 -0.220139 -0.726428 0.376551 0.531084 0.178448 -0.983780 -0.017136 -0.006264 0.178448 -0.983780 -0.017136 -0.006264 0.178448 -0.983780 -0.017136 -0.006264 0.178448 -0.983780 -0.017136 -0.006264 0.147392 -0.986700 -0.003834 0.068443 0.528045 -0.456800 0.068052 0.712651 0.528063 -0.456798 0.068064 0.712637 0.178448 -0.983780 -0.017136 -0.006264 0.178448 -0.983780 -0.017136 -0.006264 0.178448 -0.983780 -0.017136 -0.006264 0.178448 -0.983780 -0.017136 -0.006264 0.191471 -0.964938 -0.047019 -0.173274 -0.252311 -0.788556 -0.188537 -0.528179 -0.252325 -0.788561 -0.188517 -0.528172
-0.002213 0.792313 0.000686 0.174014 -0.984511 -0.020303 -0.006631 0.095674 -0.859335 -0.285462 0.413402 0.010814 -0.920433 -0.265681 0.286531 0.016214 -0.963633 -0.266160 0.017549 0.016214 -0.963633 -0.266160 0.017549 0.016214 -0.963633 -0.266160 0.017549 -0.005089 -0.951084 0.033583 0.307059 0.156572 -0.934061 0.086944 0.308961 -0.236406 -0.711856 0.378044 0.542638 -0.236406 -0.711856 0.378044 0.542638 -0.236406 -0.711856 0.378044 0.542638 0.174014 -0.984512 -0.020303 -0.006631 0.174014 -0.984512 -0.020303 -0.006631 0.174014 -0.984512 -0.020303 -0.006631 0.174014 -0.984512 -0.020303 -0.006631 0.135752 -0.989599 -0.011322 0.046231 0.549949 -0.453245 0.064943 0.698504 0.549967 -0.453243 0.064954 0.698489 0.174014 -0.984512 -0.020303 -0.006631 0.174014 -0.984512 -0.020303 -0.006631 0.174014 -0.984512 -0.020303 -0.006631 0.174014 -0.984512 -0.020303 -0.006631 0.183286 -0.962690 -0.052558 -0.192023 -0.277984 -0.758952 -0.202174 -0.553030 -0.277998 -0.758958 -0.202154 -0.553022
-0.002210 0.793655 0.000694 0.170012 -0.985032 -0.026634 -0.009935 0.100015 -0.859633 -0.283715 0.412957 0.018250 -0.920750 -0.260002 0.290321 0.023965 -0.963861 -0.264058 0.025912 0.023965 -0.963861 -0.264058 0.025912 0.023965 -0.963861 -0.264058 0.025912 0.010253 -0.951849 0.019371 0.305784 0.165135 -0.934717 0.073224 0.306061 -0.219377 -0.716858 0.373849 0.546100 -0.219377 -0.716858 0.373849 0.546100 -0.219377 -0.716858 0.373849 0.546100 0.170011 -0.985032 -0.026634 -0.009935 0.170011 -0.985032 -0.026634 -0.009935 0.170011 -0.985032 -0.026634 -0.009935 0.170011 -0.985032 -0.026634 -0.009935 0.111496 -0.993298 -0.022125 0.020909 0.577046 -0.464138 0.052714 0.669937 0.577063 -0.464136 0.052727 0.669922 0.170011 -0.985032 -0.026634 -0.009935 0.170011 -0.985032 -0.026634 -0.009935 0.170011 -0.985032 -0.026634 -0.009935 0.170011 -0.985032 -0.026634 -0.009935 0.180506 -0.957862 -0.061168 -0.214889 -0.290675 -0.735310 -0.219845 -0.571398 -0.290690 -0.735316 -0.219826 -0.571390
-0.002202 0.794729 0.000702 0.166481 -0.985440 -0.032373 -0.011966 0.103195 -0.859596 -0.282091 0.413365 0.026342 -0.921452 -0.253351 0.293334 0.031595 -0.966318 -0.253182 0.033614 0.031595 -0.966318 -0.253182 0.033614 0.031595 -0.966318 -0.253182 0.033614 0.021676 -0.953226 0.002721 0.301469 0.162740 -0.938843 0.062546 0.296947 -0.221066 -0.724348 0.360513 0.544500 -0.221066 -0.724348 0.360513 0.544500 -0.221066 -0.724348 0.360513 0.544500 0.166481 -0.985440 -0.032373 -0.011966 0.166481 -0.985440 -0.032373 -0.011966 0.166481 -0.985440 -0.032373 -0.011966 0.166481 -0.985440 -0.032373 -0.011966 0.097329 -0.994660 -0.028185 0.019590 0.600816 -0.450886 0.039864 0.658887 0.600834 -0.450885 0.039875 0.658872 0.166481 -0.985440 -0.032373 -0.011966 0.166481 -0.985440 -0.032373 -0.011966 0.166481 -0.985440 -0.032373 -0.011966 0.166481 -0.985440 -0.032373 -0.011966 0.184540 -0.950221 -0.069719 -0.241173 -0.298693 -0.714953 -0.241709 -0.584125 -0.298708 -0.714959 -0.241690 -0.584117
-0.002190 0.795863 0.000695 0.162400 -0.985964 -0.036159 -0.013933 0.108289 -0.861472 -0.276601 0.411864 0.037113 -0.924159 -0.243402 0.292075 0.043311 -0.969907 -0.236896 0.035852 0.043311 -0.969907 -0.236896 0.035852 0.043311 -0.969907 -0.236896 0.035852 0.031062 -0.955079 0.006312 0.294652 0.171101 -0.937776 0.059738 0.296195 -0.203312 -0.727674 0.365555 0.543622 -0.203312 -0.727674 0.365555 0.543622 -0.203312 -0.727674 0.365555 0.543622 0.162399 -0.985964 -0.036159 -0.013933 0.162399 -0.985964 -0.036159 -0.013933 0.162399 -0.985964 -0.036159 -0.013933 0.162400 -0.985964 -0.036159 -0.013933 0.080297 -0.996159 -0.034501 0.005443 0.575452 -0.487703 0.032817 0.655686 0.575469 -0.487702 0.032830 0.655671 0.162399 -0.985964 -0.036159 -0.013933 0.162399 -0.985964 -0.036159 -0.013933 0.162399 -0.985964 -0.036159 -0.013933 0.162400 -0.985964 -0.036159 -0.013933 0.195076 -0.938845 -0.076673 -0.273199 -0.305887 -0.685229 -0.270304 -0.603183 -0.305903 -0.685236 -0.270286 -0.603175
-0.002172 0.798127 0.000676 0.159083 -0.986335 -0.039639 -0.016282 0.112187 -0.863085 -0.273182 0.409720 0.043692 -0.926252 -0.236227 0.290422 0.050726 -0.973943 -0.217597 0.038899 0.050726 -0.973943 -0.217597 0.038899 0.050726 -0.973943 -0.217597 0.038899 0.039040 -0.957236 -0.019245 0.286014 0.168384 -0.944689 0.040905 0.278455 -0.200514 -0.744692 0.341448 0.537254 -0.200514 -0.744692 0.341448 0.537254 -0.200514 -0.744692 0.341448 0.537254 0.159083 -0.986335 -0.039639 -0.016282 0.159083 -0.986335 -0.039639 -0.016282 0.159083 -0.986335 -0.039639 -0.016282 0.159083 -0.986335 -0.039639 -0.016282 0.066825 -0.996871 -0.035196 0.023331 0.524615 -0.511255 0.015292 0.680561 0.524633 -0.511255 0.015306 0.680547 0.159083 -0.986335 -0.039639 -0.016282 0.159083 -0.986335 -0.039639 -0.016282 0.159083 -0.986335 -0.039639 -0.016282 0.159083 -0.986335 -0.039639 -0.016282 0.200172 -0.932081 -0.081062 -0.290835 -0.327676 -0.650678 -0.291918 -0.619702 -0.327692 -0.650686 -0.291901 -0.619693
-0.002152 0.800594 0.000653 0.156342 -0.986542 -0.043146 -0.020769 0.116669 -0.865313 -0.267939 0.407223 0.046829 -0.927359 -0.228090 0.292894 0.051291 -0.976060 -0.205572 0.049149 0.051291 -0.976060 -0.205572 0.049149 0.051291 -0.976060 -0.205572 0.049149 0.046950 -0.956864 -0.032795 0.284836 0.164980 -0.945113 0.031455 0.280275 -0.201807 -0.739689 0.337571 0.546059 -0.201807 -0.739689 0.337571 0.546059 -0.201807 -0.739689 0.337571 0.546059 0.156342 -0.986542 -0.043146 -0.020769 0.156342 -0.986542 -0.043146 -0.020769 0.156342 -0.986542 -0.043146 -0.020769 0.156342 -0.986542 -0.043146 -0.020769 0.056286 -0.997060 -0.036565 0.036957 0.480119 -0.528959 0.002309 0.699773 0.480137 -0.528959 0.002323 0.699761 0.156342 -0.986542 -0.043146 -0.020769 0.156342 -0.986542 -0.043146 -0.020769 0.156342 -0.986542 -0.043146 -0.020769 0.156342 -0.986542 -0.043146 -0.020769 0.183775 -0.929909 -0.085439 -0.306915 0.358257 0.606151 0.301034 0.643126 0.358274 0.606159 0.301018 0.643117
-0.002134 0.802645 0.000635 0.154108 -0.986673 -0.044383 -0.027515 0.119746 -0.869108 -0.257625 0.404896 0.046001 -0.930133 -0.212653 0.295828 0.052094 -0.979795 -0.183613 0.059779 0.052094 -0.979795 -0.183613 0.059779 0.052094 -0.979795 -0.183613 0.059779 0.051054 -0.957765 -0.040220 0.280111 0.163799 -0.944052 0.032381 0.284405 -0.186503 -0.740444 0.343514 0.546771 -0.186503 -0.740444 0.343514 0.546771 -0.186503 -0.740444 0.343514 0.546771 0.154108 -0.986673 -0.044383 -0.027515 0.154108 -0.986673 -0.044383 -0.027515 0.154108 -0.986673 -0.044383 -0.027515 0.154108 -0.986673 -0.044383 -0.027515 0.036370 -0.997238 -0.035371 0.054252 0.444302 -0.540600 -0.017299 0.714176 0.444321 -0.540601 -0.017285 0.714165 0.154108 -0.986673 -0.044383 -0.027515 0.154108 -0.986673 -0.044383 -0.027515 0.154108 -0.986673 -0.044383 -0.027515 0.154108 -0.986673 -0.044383 -0.027515 0.162637 -0.928600 -0.087507 -0.321861 0.378465 0.568560 0.301293 0.665377 0.378483 0.568568 0.301279 0.665367
-0.002125 0.804120 0.000627 0.152517 -0.986667 -0.043903 -0.036037 0.121715 -0.875540 -0.241855 0.400151 0.049823 -0.933496 -0.198455 0.294479 0.055843 -0.981318 -0.172817 0.063492 0.055843 -0.981318 -0.172817 0.063492 0.055843 -0.981318 -0.172817 0.063492 0.050295 -0.958267 -0.038916 0.278712 0.157982 -0.943453 0.038115 0.288938 -0.181652 -0.732026 0.358217 0.550291 -0.181652 -0.732026 0.358217 0.550291 -0.181652 -0.732026 0.358217 0.550291 0.152516 -0.986667 -0.043903 -0.036037 0.152516 -0.986667 -0.043903 -0.036037 0.152516 -0.986667 -0.043903 -0.036037 0.152516 -0.986667 -0.043903 -0.036037 0.011963 -0.998581 -0.038642 0.034639 0.461396 -0.543539 -0.028645 0.700613 0.461414 -0.543540 -0.028630 0.700601 0.152516 -0.986667 -0.043903 -0.036037 0.152516 -0.986667 -0.043903 -0.036037 0.152516 -0.986667 -0.043903 -0.036037 0.152516 -0.986667 -0.043903 -0.036037 0.159523 -0.919027 -0.089061 -0.349300 0.369399 0.537812 0.312366 0.690457 0.369417 0.537820 0.312352 0.690447
-0.002122 0.804979 0.000625 0.151332 -0.986660 -0.042868 -0.041975 0.123264 -0.880937 -0.227330 0.396330 0.057408 -0.936155 -0.186956 0.292174 0.062102 -0.983178 -0.159304 0.064242 0.062102 -0.983178 -0.159304 0.064242 0.062102 -0.983178 -0.159304 0.064242 0.048700 -0.958221 -0.033451 0.279860 0.151910 -0.941103 0.042767 0.299031 -0.179902 -0.719036 0.371588 0.559058 -0.179902 -0.719036 0.371588 0.559058 -0.179902 -0.719036 0.371588 0.559058 0.151332 -0.986661 -0.042868 -0.041975 0.151332 -0.986661 -0.042868 -0.041975 0.151332 -0.986661 -0.042868 -0.041975 0.151332 -0.986661 -0.042868 -0.041975 -0.007555 -0.998827 -0.045820 -0.013699 0.519433 -0.545238 -0.022861 0.657558 0.519450 -0.545238 -0.022847 0.657544 0.151332 -0.986661 -0.042868 -0.041975 0.151332 -0.986661 -0.042868 -0.041975 0.151332 -0.986661 -0.042868 -0.041975 0.151332 -0.986661 -0.042868 -0.041975 0.130414 -0.906809 -0.093633 -0.389772 0.356877 0.507154 0.309438 0.720890 0.356896 0.507162 0.309424 0.720880
-0.002125 0.805427 0.000628 0.149973 -0.986725 -0.042029 -0.045986 0.123707 -0.884242 -0.216309 0.394998 0.066252 -0.937476 -0.179626 0.290662 0.070594 -0.982726 -0.158104 0.065339 0.070594 -0.982726 -0.158104 0.065339 0.070594 -0.982726 -0.158104 0.065339 0.046864 -0.958648 -0.026619 0.279443 0.146908 -0.940631 0.044998 0.302665 -0.178036 -0.714846 0.376004 0.562067 -0.178036 -0.714846 0.376004 0.562067 -0.178036 -0.714846 0.376004 0.562067 0.149973 -0.986725 -0.042029 -0.045986 0.149973 -0.986725 -0.042029 -0.045986 0.149973 -0.986725 -0.042029 -0.045986 0.149973 -0.986725 -0.042029 -0.045986 -0.028210 -0.996279 -0.053131 -0.061718 0.589790 -0.545707 -0.009419 0.595200 0.589805 -0.545708 -0.009405 0.595184 0.149973 -0.986725 -0.042029 -0.045986 0.149973 -0.986725 -0.042029 -0.045986 0.149973 -0.986725 -0.042029 -0.045986 0.149973 -0.986725 -0.042029 -0.045986 0.081255 -0.896791 -0.098789 -0.423562 0.361604 0.499560 0.292054 0.731018 0.361623 0.499567 0.292041 0.731009
-0.002127 0.805640 0.000639 0.148004 -0.986819 -0.042117 -0.050084 0.123120 -0.886284 -0.209227 0.394418 0.073174 -0.937968 -0.173245 0.291286 0.079377 -0.983458 -0.147183 0.069623 0.079377 -0.983458 -0.147183 0.069623 0.079377 -0.983458 -0.147183 0.069623 0.043710 -0.959701 -0.019915 0.276889 0.143738 -0.941199 0.041285 0.302953 -0.174641 -0.716023 0.373341 0.563408 -0.174641 -0.716023 0.373341 0.563408 -0.174641 -0.716023 0.373341 0.563408 0.148004 -0.986819 -0.042117 -0.050084 0.148004 -0.986819 -0.042117 -0.050084 0.148004 -0.986819 -0.042117 -0.050084 0.148004 -0.986819 -0.042117 -0.050084 -0.047136 -0.992776 -0.058769 -0.093381 0.641687 -0.549767 0.002422 0.534778 0.641701 -0.549767 0.002436 0.534762 0.148004 -0.986819 -0.042117 -0.050084 0.148004 -0.986819 -0.042117 -0.050084 0.148004 -0.986819 -0.042117 -0.050084 0.148004 -0.986819 -0.042117 -0.050084 0.035771 -0.880529 -0.104885 -0.460857 0.370023 0.489402 0.281927 0.737622 0.370043 0.489409 0.281914 0.737612
-0.002122 0.807217 0.000659 0.144627 -0.986649 -0.045051 -0.059809 0.122689 -0.890412 -0.205973 0.386898 0.076144 -0.940333 -0.172143 0.283447 0.079710 -0.985564 -0.135371 0.063130 0.079710 -0.985564 -0.135371 0.063130 0.079710 -0.985564 -0.135371 0.063130 0.042096 -0.960334 -0.018424 0.275042 0.143181 -0.940774 0.035561 0.305252 -0.179877 -0.708709 0.373639 0.570762 -0.179876 -0.708709 0.373639 0.570762 -0.179876 -0.708709 0.373639 0.570762 0.144627 -0.986649 -0.045051 -0.059809 0.144627 -0.986649 -0.045051 -0.059809 0.144627 -0.986649 -0.045051 -0.059809 0.144627 -0.986649 -0.045051 -0.059809 -0.051309 -0.985919 -0.069142 -0.143358 0.710247 -0.566605 0.041908 0.415634 0.710258 -0.566604 0.041923 0.415616 0.144627 -0.986649 -0.045051 -0.059809 0.144627 -0.986649 -0.045051 -0.059809 0.144627 -0.986649 -0.045051 -0.059809 0.144627 -0.986649 -0.045051 -0.059809 0.009179 -0.837335 -0.115977 -0.534168 0.341015 0.475318 0.291677 0.756773 0.341035 0.475326 0.291665 0.756764
-0.002110 0.809958 0.000676 0.139853 -0.986239 -0.049545 -0.072926 0.120464 -0.897734 -0.201851 0.372583 0.071484 -0.944521 -0.171699 0.270720 0.068559 -0.989220 -0.119250 0.050228 0.068559 -0.989220 -0.119250 0.050228 0.068559 -0.989220 -0.119250 0.050228 0.041852 -0.962379 -0.018386 0.267839 0.144145 -0.938765 0.020053 0.312314 -0.149132 -0.709864 0.372069 0.579152 -0.149132 -0.709864 0.372069 0.579152 -0.149132 -0.709864 0.372069 0.579152 0.139853 -0.986240 -0.049545 -0.072926 0.139853 -0.986240 -0.049545 -0.072926 0.139853 -0.986240 -0.049545 -0.072926 0.139853 -0.986240 -0.049545 -0.072926 -0.065496 -0.978594 -0.079283 -0.178267 0.747630 -0.582305 0.068137 0.311974 0.747638 -0.582303 0.068152 0.311955 0.139853 -0.986240 -0.049545 -0.072926 0.139853 -0.986240 -0.049545 -0.072926 0.139853 -0.986240 -0.049545 -0.072926 0.139853 -0.986240 -0.049545 -0.072926 0.003680 -0.748598 -0.129540 -0.650236 0.290203 0.432627 0.330803 0.786883 0.290224 0.432636 0.330792 0.786875
-0.002094 0.812684 0.000690 0.135137 -0.985879 -0.052939 -0.083529 0.119947 -0.901226 -0.201227 0.364570 0.073521 -0.946311 -0.172475 0.263329 0.062329 -0.990515 -0.112771 0.047737 0.062329 -0.990515 -0.112771 0.047737 0.062329 -0.990515 -0.112771 0.047737 0.042671 -0.964286 -0.024443 0.260259 0.135547 -0.942901 0.014781 0.303884 -0.166931 -0.706863 0.368318 0.580362 -0.166931 -0.706863 0.368318 0.580362 -0.166931 -0.706863 0.368318 0.580362 0.135137 -0.985880 -0.052939 -0.083529 0.135137 -0.985880 -0.052939 -0.083529 0.135137 -0.985880 -0.052939 -0.083529 0.135137 -0.985880 -0.052939 -0.083529 -0.075728 -0.973632 -0.085751 -0.197363 0.765128 -0.592763 0.084473 0.236801 0.765134 -0.592761 0.084488 0.236781 0.135137 -0.985880 -0.052939 -0.083529 0.135137 -0.985880 -0.052939 -0.083529 0.135137 -0.985880 -0.052939 -0.083529 0.135137 -0.985880 -0.052939 -0.083529 -0.024647 0.634907 0.136192 0.760091 0.204726 0.395220 0.361670 0.819197 0.204747 0.395229 0.361660 0.819191
-0.002075 0.814851 0.000694 0.131181 -0.985338 -0.053992 -0.094788 0.120008 -0.905182 -0.198788 0.355987 0.071887 -0.946914 -0.174032 0.260575 0.063518 -0.991449 -0.103642 0.047460 0.063518 -0.991449 -0.103642 0.047460 0.063518 -0.991449 -0.103642 0.047460 0.042840 -0.964691 -0.040648 0.256679 0.136554 -0.940910 0.002201 0.309897 -0.126147 -0.715527 0.359479 0.585562 -0.126147 -0.715527 0.359479 0.585562 -0.126147 -0.715527 0.359479 0.585562 0.131181 -0.985338 -0.053992 -0.094788 0.131181 -0.985338 -0.053992 -0.094788 0.131181 -0.985338 -0.053992 -0.094788 0.131181 -0.985338 -0.053992 -0.094788 -0.083243 -0.972721 -0.087667 -0.197988 0.769492 -0.596366 0.084710 0.212260 0.769497 -0.596364 0.084726 0.212240 0.131181 -0.985338 -0.053992 -0.094788 0.131181 -0.985338 -0.053992 -0.094788 0.131181 -0.985338 -0.053992 -0.094788 0.131181 -0.985338 -0.053992 -0.094788 -0.058084 0.501770 0.135384 0.852364 0.132526 0.322918 0.409807 0.842745 0.132548 0.322929 0.409798 0.842742
-0.002052 0.814468 0.000675 0.127548 -0.984851 -0.054008 -0.104322 0.120910 -0.908217 -0.197863 0.348386 0.070609 -0.948365 -0.173987 0.255630 0.063035 -0.991915 -0.100547 0.044967 0.063035 -0.991915 -0.100547 0.044967 0.063035 -0.991915 -0.100547 0.044967 0.039025 -0.965511 -0.044977 0.253460 0.130334 -0.940016 0.002754 0.315238 -0.120136 -0.709272 0.363226 0.592087 -0.120136 -0.709272 0.363226 0.592087 -0.120136 -0.709272 0.363226 0.592087 0.127548 -0.984851 -0.054008 -0.104322 0.127548 -0.984851 -0.054008 -0.104322 0.127548 -0.984851 -0.054008 -0.104322 0.127548 -0.984851 -0.054008 -0.104322 -0.090688 -0.973277 -0.087822 -0.191819 0.768026 -0.598250 0.077347 0.215058 0.768032 -0.598248 0.077362 0.215038 0.127548 -0.984851 -0.054008 -0.104322 0.127548 -0.984851 -0.054008 -0.104322 0.127548 -0.984851 -0.054008 -0.104322 0.127548 -0.984851 -0.054008 -0.104322 -0.113402 0.382097 0.126583 0.908360 0.056603 0.214384 0.460654 0.859438 0.056625 0.214396 0.460649 0.859436
-0.002030 0.811993 0.000658 0.124707 -0.984233 -0.054721 -0.112866 0.122058 -0.910322 -0.198040 0.342339 0.070024 -0.949465 -0.173179 0.252232 0.056169 -0.992479 -0.098572 0.045982 0.056169 -0.992479 -0.098572 0.045982 0.056169 -0.992479 -0.098572 0.045982 0.030702 -0.968035 -0.034417 0.246540 0.122268 -0.939287 0.012704 0.320357 -0.157915 -0.681333 0.381867 0.604174 -0.157915 -0.681333 0.381867 0.604174 -0.157915 -0.681333 0.381867 0.604174 0.124706 -0.984233 -0.054721 -0.112866 0.124706 -0.984233 -0.054721 -0.112866 0.124706 -0.984233 -0.054721 -0.112866 0.124707 -0.984233 -0.054721 -0.112866 -0.096980 -0.974920 -0.088117 -0.179892 0.765559 -0.597503 0.064406 0.229700 0.765565 -0.597501 0.064422 0.229680 0.124706 -0.984233 -0.054721 -0.112866 0.124706 -0.984233 -0.054721 -0.112866 0.124706 -0.984233 -0.054721 -0.112866 0.124707 -0.984233 -0.054721 -0.112866 -0.163169 0.324853 0.116459 0.924275 -0.004496 0.167030 0.479736 0.861356 -0.004473 0.167042 0.479731 0.861356
-0.002012 0.809118 0.000655 0.123187 -0.983614 -0.054967 -0.119611 0.122425 -0.912821 -0.196299 0.336508 0.071169 -0.950838 -0.172563 0.247112 0.057012 -0.992595 -0.098733 0.041910 0.057012 -0.992595 -0.098733 0.041910 0.057012 -0.992595 -0.098733 0.041910 0.034856 -0.969563 -0.050057 0.237121 0.132626 -0.943114 -0.004458 0.304839 -0.127008 -0.706478 0.366344 0.592073 -0.127008 -0.706478 0.366344 0.592073 -0.127008 -0.706478 0.366344 0.592073 0.123186 -0.983614 -0.054967 -0.119611 0.123186 -0.983614 -0.054967 -0.119611 0.123186 -0.983614 -0.054967 -0.119611 0.123186 -0.983614 -0.054967 -0.119611 -0.104124 -0.976175 -0.088333 -0.168637 0.763024 -0.595252 0.051649 0.246582 0.763030 -0.595251 0.051665 0.246562 0.123186 -0.983614 -0.054967 -0.119611 0.123186 -0.983614 -0.054967 -0.119611 0.123186 -0.983614 -0.054967 -0.119611 0.123186 -0.983614 -0.054967 -0.119611 -0.185454 0.314526 0.110788 0.924341 -0.023563 0.145738 0.488994 0.859703 -0.023540 0.145751 0.488990 0.859704
-0.001997 0.805998 0.000662 0.122934 -0.983197 -0.054420 -0.123490 0.121443 -0.916977 -0.192022 0.327921 0.073651 -0.954563 -0.171662 0.232199 0.062907 -0.992750 -0.100528 0.019578 0.062907 -0.992750 -0.100528 0.019578 0.062907 -0.992750 -0.100528 0.019578 0.031925 -0.971186 -0.053270 0.230087 0.132130 -0.946311 -0.009344 0.294874 -0.120125 -0.719042 0.357669 0.583627 -0.120125 -0.719042 0.357669 0.583627 -0.120125 -0.719042 0.357669 0.583627 0.122933 -0.983197 -0.054420 -0.123490 0.122933 -0.983197 -0.054420 -0.123490 0.122933 -0.983197 -0.054420 -0.123490 0.122933 -0.983197 -0.054420 -0.123490 -0.109316 -0.976605 -0.088148 -0.162859 0.763628 -0.594415 0.045947 0.247854 0.763634 -0.594414 0.045963 0.247835 0.122933 -0.983197 -0.054420 -0.123490 0.122933 -0.983197 -0.054420 -0.123490 0.122933 -0.983197 -0.054420 -0.123490 0.122933 -0.983197 -0.054420 -0.123490 -0.190492 0.328630 0.109119 0.918590 -0.018790 0.172007 0.497364 0.850111 -0.018768 0.172020 0.497360 0.850112
-0.001984 0.802083 0.000672 0.123416 -0.983031 -0.053832 -0.124579 0.118929 -0.920485 -0.185625 0.322657 0.075450 -0.957827 -0.167554 0.220906 0.070726 -0.992589 -0.098812 0.001328 0.070726 -0.992589 -0.098812 0.001328 0.070726 -0.992589 -0.098812 0.001328 0.031061 -0.971125 -0.056373 0.229726 0.133107 -0.945534 -0.010282 0.296887 -0.122173 -0.716682 0.358446 0.585625 -0.122173 -0.716682 0.358446 0.585625 -0.122173 -0.716682 0.358446 0.585625 0.123416 -0.983031 -0.053832 -0.124579 0.123416 -0.983031 -0.053832 -0.124579 0.123416 -0.983031 -0.053832 -0.124579 0.123416 -0.983031 -0.053832 -0.124579 -0.111781 -0.976446 -0.088004 -0.162217 0.765699 -0.596374 0.046392 0.236414 0.765705 -0.596372 0.046408 0.236394 0.123416 -0.983031 -0.053832 -0.124579 0.123416 -0.983031 -0.053832 -0.124579 0.123416 -0.983031 -0.053832 -0.124579 0.123416 -0.983031 -0.053832 -0.124579 -0.191924 0.339315 0.109059 0.914405 -0.019096 0.187077 0.490093 0.851144 -0.019074 0.187089 0.490088 0.851145
-0.001973 0.797834 0.000682 0.124553 -0.983110 -0.052810 -0.123258 0.117180 -0.923464 -0.179556 0.318188 0.075697 -0.960752 -0.164727 0.209976 0.072285 -0.992397 -0.098086 -0.017393 0.072285 -0.992397 -0.098086 -0.017393 0.072285 -0.992397 -0.098086 -0.017393 0.030343 -0.971279 -0.059484 0.228380 0.134746 -0.946640 -0.008111 0.292662 -0.134333 -0.716976 0.357774 0.583008 -0.134333 -0.716976 0.357774 0.583008 -0.134333 -0.716976 0.357774 0.583008 0.124553 -0.983110 -0.052810 -0.123258 0.124553 -0.983110 -0.052810 -0.123258 0.124553 -0.983110 -0.052810 -0.123258 0.124553 -0.983110 -0.052810 -0.123258 -0.109426 -0.978582 -0.085536 -0.151943 0.753629 -0.598974 0.034639 0.268465 0.753636 -0.598973 0.034655 0.268446 0.124553 -0.983110 -0.052810 -0.123258 0.124553 -0.983110 -0.052810 -0.123258 0.124553 -0.983110 -0.052810 -0.123258 0.124553 -0.983110 -0.052810 -0.123258 -0.143512 0.384649 0.117234 0.904271 0.045115 0.224627 0.488624 0.841875 0.045136 0.224640 0.488618 0.841874
-0.001961 0.794208 0.000685 0.126735 -0.983969 -0.049738 -0.115189 0.115766 -0.923880 -0.173522 0.320834 0.077198 -0.962509 -0.158402 0.206215 0.080547 -0.992046 -0.092586 -0.028008 0.080547 -0.992046 -0.092586 -0.028008 0.080547 -0.992046 -0.092586 -0.028008 0.031963 -0.969730 -0.057728 0.235094 0.148126 -0.943442 -0.012385 0.296347 -0.108581 -0.725250 0.356104 0.579148 -0.108581 -0.725250 0.356104 0.579148 -0.108581 -0.725250 0.356104 0.579148 0.126734 -0.983969 -0.049738 -0.115189 0.126734 -0.983969 -0.049738 -0.115189 0.126734 -0.983969 -0.049738 -0.115189 0.126734 -0.983969 -0.049738 -0.115189 -0.101355 -0.982343 -0.079032 -0.135955 0.730124 -0.601515 0.019265 0.323616 0.730133 -0.601514 0.019280 0.323597 0.126734 -0.983969 -0.049738 -0.115189 0.126734 -0.983969 -0.049738 -0.115189 0.126734 -0.983969 -0.049738 -0.115189 0.126734 -0.983969 -0.049738 -0.115189 -0.160570 0.456965 0.115990 0.867149 0.028005 0.352853 0.433845 0.828546 0.028027 0.352865 0.433836 0.828545
-0.001951 0.791515 0.000683 0.129942 -0.985454 -0.045511 -0.099622 0.116596 -0.921448 -0.167559 0.330549 0.077658 -0.962449 -0.151554 0.211404 0.087300 -0.992058 -0.085798 -0.028944 0.087300 -0.992058 -0.085798 -0.028944 0.087300 -0.992058 -0.085798 -0.028944 0.029733 -0.967597 -0.050358 0.245636 0.149945 -0.941520 -0.009276 0.301614 -0.118376 -0.720522 0.356590 0.582820 -0.118376 -0.720522 0.356590 0.582820 -0.118376 -0.720522 0.356590 0.582820 0.129941 -0.985454 -0.045512 -0.099622 0.129941 -0.985454 -0.045512 -0.099622 0.129941 -0.985454 -0.045512 -0.099622 0.129942 -0.985454 -0.045512 -0.099622 -0.088601 -0.985585 -0.071012 -0.125420 0.707699 -0.601989 0.013460 0.369580 0.707709 -0.601989 0.013476 0.369562 0.129941 -0.985454 -0.045512 -0.099622 0.129941 -0.985454 -0.045512 -0.099622 0.129941 -0.985454 -0.045512 -0.099622 0.129942 -0.985454 -0.045512 -0.099622 -0.003282 0.610674 0.130852 0.780989 0.228299 0.408500 0.383780 0.796065 0.228320 0.408510 0.383770 0.796059
-0.001945 0.790793 0.000662 0.134118 -0.986791 -0.043224 -0.079924 0.118303 -0.917228 -0.161249 0.344522 0.079222 -0.960576 -0.147513 0.221939 0.097146 -0.991156 -0.086936 -0.024810 0.097146 -0.991156 -0.086936 -0.024810 0.097146 -0.991156 -0.086936 -0.024810 0.031017 -0.964677 -0.042410 0.258144 0.159430 -0.939516 -0.007930 0.303034 -0.126093 -0.723332 0.352578 0.580155 -0.126093 -0.723332 0.352578 0.580155 -0.126093 -0.723332 0.352578 0.580155 0.134117 -0.986791 -0.043224 -0.079924 0.134117 -0.986791 -0.043224 -0.079924 0.134117 -0.986791 -0.043224 -0.079924 0.134117 -0.986791 -0.043224 -0.079924 -0.071404 -0.987778 -0.065635 -0.122018 0.700223 -0.592938 0.018385 0.397208 0.700234 -0.592937 0.018400 0.397190 0.134117 -0.986791 -0.043224 -0.079924 0.134117 -0.986791 -0.043224 -0.079924 0.134117 -0.986791 -0.043224 -0.079924 0.134117 -0.986791 -0.043224 -0.079924 -0.091318 -0.788690 -0.122869 -0.595427 0.380152 0.482857 0.276684 0.738769 0.380171 0.482864 0.276671 0.738760
-0.001941 0.791079 0.000636 0.138602 -0.987383 -0.042357 -0.063794 0.116728 -0.913039 -0.156769 0.357992 0.082409 -0.959072 -0.144785 0.228970 0.103258 -0.989748 -0.096755 -0.019347 0.103258 -0.989748 -0.096755 -0.019347 0.103258 -0.989748 -0.096755 -0.019347 0.032839 -0.962014 -0.035804 0.268644 0.164773 -0.937938 -0.007663 0.305061 -0.130492 -0.724400 0.348955 0.580040 -0.130492 -0.724400 0.348955 0.580040 -0.130492 -0.724400 0.348955 0.580040 0.138601 -0.987383 -0.042357 -0.063794 0.138601 -0.987383 -0.042357 -0.063794 0.138601 -0.987383 -0.042357 -0.063794 0.138601 -0.987383 -0.042357 -0.063794 -0.055221 -0.988942 -0.063158 -0.122292 0.712222 -0.576507 0.028951 0.399427 0.712232 -0.576506 0.028966 0.399408 0.138601 -0.987383 -0.042357 -0.063794 0.138601 -0.987383 -0.042357 -0.063794 0.138601 -0.987383 -0.042357 -0.063794 0.138601 -0.987383 -0.042357 -0.063794 -0.101781 -0.893173 -0.104602 -0.425371 0.477104 0.520650 0.211185 0.675793 0.477122 0.520656 0.211171 0.675780
-0.001935 0.791692 0.000622 0.143189 -0.987451 -0.042213 -0.051537 0.120985 -0.905462 -0.165677 0.371553 0.078110 -0.953264 -0.155687 0.246879 0.100667 -0.986237 -0.131134 0.002518 0.100667 -0.986237 -0.131134 0.002518 0.100667 -0.986237 -0.131134 0.002518 0.035793 -0.959635 -0.032471 0.277066 0.169079 -0.936321 -0.005310 0.307712 -0.141378 -0.720714 0.349628 0.581674 -0.141378 -0.720714 0.349628 0.581674 -0.141378 -0.720714 0.349628 0.581674 0.143188 -0.987451 -0.042213 -0.051537 0.143188 -0.987451 -0.042213 -0.051537 0.143188 -0.987451 -0.042213 -0.051537 0.143189 -0.987451 -0.042214 -0.051537 -0.041644 -0.993543 -0.057483 -0.088514 0.679240 -0.567545 0.008176 0.465251 0.679252 -0.567545 0.008191 0.465234 0.143188 -0.987451 -0.042213 -0.051537 0.143188 -0.987451 -0.042213 -0.051537 0.143188 -0.987451 -0.042213 -0.051537 0.143189 -0.987451 -0.042213 -0.051537 -0.043016 -0.944161 -0.088217 -0.314528 0.508699 0.541987 0.190893 0.641121 0.508715 0.541991 0.190879 0.641108
-0.001930 0.792320 0.000618 0.147509 -0.987379 -0.041002 -0.040525 0.125466 -0.897925 -0.176504 0.383190 0.072421 -0.948654 -0.162392 0.261608 0.094736 -0.985124 -0.142044 0.019486 0.094736 -0.985124 -0.142044 0.019486 0.094736 -0.985124 -0.142044 0.019486 0.036848 -0.961064 -0.021817 0.272986 0.171303 -0.938158 0.000046 0.300856 -0.168521 -0.724175 0.341749 0.574786 -0.168521 -0.724175 0.341749 0.574786 -0.168521 -0.724175 0.341749 0.574786 0.147508 -0.987379 -0.041002 -0.040525 0.147508 -0.987379 -0.041002 -0.040525 0.147508 -0.987379 -0.041002 -0.040525 0.147509 -0.987379 -0.041002 -0.040525 -0.026108 -0.995103 -0.054119 -0.078483 0.616665 -0.593633 0.002785 0.517027 0.616678 -0.593633 0.002801 0.517011 0.147508 -0.987379 -0.041002 -0.040525 0.147508 -0.987379 -0.041002 -0.040525 0.147508 -0.987379 -0.041002 -0.040525 0.147509 -0.987379 -0.041002 -0.040525 0.032813 -0.963657 -0.076589 -0.253815 0.505078 0.558318 0.198769 0.627430 0.505094 0.558323 0.198754 0.627417
-0.001935 0.792894 0.000613 0.152120 -0.987158 -0.039629 -0.028445 0.133224 -0.887463 -0.196552 0.395004 0.070450 -0.939299 -0.189131 0.277461 0.089547 -0.977505 -0.187578 0.035768 0.089547 -0.977505 -0.187578 0.035768 0.089547 -0.977505 -0.187578 0.035768 0.035588 -0.962412 -0.003912 0.269223 0.167708 -0.941189 0.016134 0.292877 -0.191835 -0.725392 0.345151 0.563805 -0.191835 -0.725392 0.345151 0.563805 -0.191835 -0.725392 0.345151 0.563805 0.152119 -0.987158 -0.039629 -0.028445 0.152119 -0.987158 -0.039629 -0.028445 0.152119 -0.987158 -0.039629 -0.028445 0.152119 -0.987158 -0.039629 -0.028445 -0.018782 -0.998736 -0.043300 -0.017293 0.576336 -0.566397 -0.025644 0.588534 0.576352 -0.566398 -0.025629 0.588519 0.152119 -0.987158 -0.039629 -0.028445 0.152119 -0.987158 -0.039629 -0.028445 0.152119 -0.987158 -0.039629 -0.028445 0.152119 -0.987158 -0.039629 -0.028445 0.104605 -0.967520 -0.069628 -0.219350 0.485585 0.577922 0.218541 0.618428 0.485602 0.577928 0.218526 0.618415
-0.001949 0.793394 0.000616 0.156289 -0.986894 -0.036884 -0.015934 0.135262 -0.879885 -0.212898 0.402717 0.060659 -0.933825 -0.208241 0.284477 0.075480 -0.972258 -0.218062 0.038300 0.075480 -0.972258 -0.218062 0.038300 0.075480 -0.972258 -0.218062 0.038300 0.032164 -0.961869 0.003325 0.271593 0.168387 -0.940520 0.032066 0.293324 -0.215900 -0.717807 0.353575 0.559576 -0.215900 -0.717807 0.353575 0.559576 -0.215900 -0.717807 0.353575 0.559576 0.156289 -0.986894 -0.036884 -0.015934 0.156289 -0.986894 -0.036884 -0.015934 0.156289 -0.986894 -0.036884 -0.015934 0.156289 -0.986894 -0.036884 -0.015934 -0.006231 -0.999260 -0.035192 0.014240 0.551919 -0.550320 -0.031148 0.625750 0.551936 -0.550321 -0.031134 0.625736 0.156289 -0.986894 -0.036884 -0.015934 0.156289 -0.986894 -0.036884 -0.015934 0.156289 -0.986894 -0.036884 -0.015934 0.156289 -0.986894 -0.036884 -0.015934 0.128281 -0.967739 -0.066771 -0.206319 0.471316 0.601926 0.222226 0.605113 0.471332 0.601932 0.222211 0.605101
-0.001968 0.793886 0.000627 0.159861 -0.986499 -0.034944 -0.006490 0.140158 -0.870864 -0.236275 0.407584 0.058237 -0.928025 -0.229214 0.287816 0.067145 -0.964752 -0.251826 0.036464 0.067145 -0.964752 -0.251826 0.036464 0.067145 -0.964752 -0.251826 0.036464 0.032116 -0.961211 0.001792 0.273932 0.169740 -0.942141 0.038644 0.286471 -0.232746 -0.720475 0.350517 0.551256 -0.232746 -0.720475 0.350517 0.551256 -0.232746 -0.720475 0.350517 0.551256 0.159861 -0.986500 -0.034944 -0.006490 0.159861 -0.986500 -0.034944 -0.006490 0.159861 -0.986500 -0.034944 -0.006490 0.159861 -0.986500 -0.034945 -0.006490 0.009845 -0.998497 -0.027821 0.046184 0.521718 -0.541219 -0.032717 0.658652 0.521735 -0.541220 -0.032703 0.658638 0.159861 -0.986500 -0.034944 -0.006490 0.159861 -0.986500 -0.034944 -0.006490 0.159861 -0.986500 -0.034944 -0.006490 0.159861 -0.986500 -0.034944 -0.006490 0.186230 -0.959047 -0.065654 -0.203067 -0.406918 -0.625217 -0.248909 -0.617710 -0.406934 -0.625224 -0.248893 -0.617699
-0.001985 0.794778 0.000642 0.162493 -0.986126 -0.033934 0.000429 0.136486 -0.867670 -0.252292 0.406040 0.045141 -0.926122 -0.246135 0.282272 0.053675 -0.963525 -0.261265 0.021886 0.053675 -0.963525 -0.261265 0.021886 0.053675 -0.963525 -0.261265 0.021886 0.031780 -0.961581 0.004870 0.272631 0.173706 -0.941270 0.041190 0.286603 -0.229719 -0.725393 0.349182 0.546906 -0.229719 -0.725393 0.349182 0.546906 -0.229719 -0.725393 0.349182 0.546906 0.162493 -0.986126 -0.033934 0.000429 0.162493 -0.986126 -0.033934 0.000429 0.162493 -0.986126 -0.033934 0.000429 0.162493 -0.986126 -0.033934 0.000429 0.025449 -0.996756 -0.022277 0.073032 0.494435 -0.536160 -0.030760 0.683462 0.494453 -0.536161 -0.030746 0.683449 0.162493 -0.986126 -0.033934 0.000429 0.162493 -0.986126 -0.033934 0.000429 0.162493 -0.986126 -0.033934 0.000429 0.162493 -0.986126 -0.033934 0.000429 0.211930 -0.953310 -0.066606 -0.204571 -0.353479 -0.648007 -0.259563 -0.622709 -0.353495 -0.648013 -0.259546 -0.622700
-0.001996 0.795795 0.000656 0.165133 -0.985694 -0.033451 0.004337 0.136362 -0.862922 -0.264218 0.408606 0.034534 -0.922714 -0.256872 0.285346 0.042134 -0.962331 -0.267685 0.022119 0.042134 -0.962331 -0.267685 0.022119 0.042134 -0.962331 -0.267685 0.022119 0.035535 -0.961415 0.002736 0.272783 0.178488 -0.941685 0.037390 0.282797 -0.222154 -0.733122 0.344424 0.542726 -0.222154 -0.733122 0.344424 0.542726 -0.222154 -0.733122 0.344424 0.542726 0.165133 -0.985694 -0.033451 0.004337 0.165133 -0.985694 -0.033451 0.004337 0.165133 -0.985694 -0.033451 0.004337 0.165133 -0.985694 -0.033451 0.004337 0.043977 -0.993065 -0.015822 0.107880 0.461850 -0.531471 -0.027217 0.709572 0.461868 -0.531471 -0.027203 0.709560 0.165133 -0.985694 -0.033451 0.004337 0.165133 -0.985694 -0.033451 0.004337 0.165133 -0.985694 -0.033451 0.004337 0.165133 -0.985694 -0.033451 0.004337 0.231900 -0.947468 -0.068263 -0.209444 -0.304569 -0.670152 -0.267761 -0.621641 -0.304585 -0.670159 -0.267744 -0.621633
-0.002004 0.797609 0.000670 0.167009 -0.985381 -0.032785 0.007523 0.133973 -0.857782 -0.276796 0.411880 0.022808 -0.917347 -0.269975 0.291665 0.026210 -0.958845 -0.281274 0.028534 0.026210 -0.958845 -0.281274 0.028534 0.026210 -0.958845 -0.281274 0.028534 0.033809 -0.963318 0.002620 0.266213 0.182966 -0.944436 0.028030 0.271622 -0.217530 -0.745940 0.330567 0.535705 -0.217530 -0.745940 0.330567 0.535705 -0.217530 -0.745940 0.330567 0.535705 0.167009 -0.985381 -0.032785 0.007523 0.167009 -0.985381 -0.032785 0.007523 0.167009 -0.985381 -0.032785 0.007523 0.167009 -0.985381 -0.032785 0.007523 0.062700 -0.987999 -0.009481 0.140841 0.433882 -0.529365 -0.020682 0.728760 0.433901 -0.529365 -0.020669 0.728749 0.167009 -0.985381 -0.032785 0.007523 0.167009 -0.985381 -0.032785 0.007523 0.167009 -0.985381 -0.032785 0.007523 0.167009 -0.985381 -0.032785 0.007523 0.240716 -0.944655 -0.069181 -0.211890 -0.270174 -0.694950 -0.267065 -0.610513 -0.270190 -0.694957 -0.267047 -0.610506
-0.002016 0.800655 0.000695 0.168844 -0.985079 -0.031279 0.011507 0.139692 -0.851430 -0.289455 0.414450 0.017827 -0.914550 -0.277795 0.293447 0.015226 -0.958857 -0.282084 0.028110 0.015226 -0.958857 -0.282084 0.028110 0.015226 -0.958857 -0.282084 0.028110 0.032870 -0.964024 0.002977 0.263758 0.189466 -0.945584 0.031199 0.262678 -0.205067 -0.757086 0.333018 0.523324 -0.205067 -0.757086 0.333018 0.523324 -0.205067 -0.757086 0.333018 0.523324 0.168843 -0.985079 -0.031279 0.011507 0.168843 -0.985079 -0.031279 0.011507 0.168843 -0.985079 -0.031279 0.011507 0.168843 -0.985079 -0.031279 0.011507 0.081279 -0.979192 -0.000170 0.185947 0.397153 -0.530872 -0.013380 0.748509 0.397172 -0.530872 -0.013366 0.748499 0.168843 -0.985079 -0.031279 0.011507 0.168843 -0.985079 -0.031279 0.011507 0.168843 -0.985079 -0.031279 0.011507 0.168843 -0.985079 -0.031279 0.011507 0.246562 -0.941992 -0.069936 -0.216720 -0.235488 -0.723767 -0.263092 -0.592865 -0.235504 -0.723774 -0.263074 -0.592859
-0.002032 0.803815 0.000731 0.171109 -0.984665 -0.030172 0.015703 0.139811 -0.844777 -0.310181 0.413029 0.009676 -0.910917 -0.293532 0.289787 0.007332 -0.956998 -0.289429 0.018218 0.007332 -0.956998 -0.289429 0.018218 0.007332 -0.956998 -0.289429 0.018218 0.028613 -0.965086 -0.004420 0.260329 0.192126 -0.949245 0.027384 0.247531 -0.209298 -0.769903 0.318670 0.511756 -0.209298 -0.769903 0.318670 0.511756 -0.209298 -0.769903 0.318670 0.511756 0.171108 -0.984665 -0.030172 0.015703 0.171108 -0.984665 -0.030172 0.015703 0.171108 -0.984665 -0.030172 0.015703 0.171108 -0.984665 -0.030172 0.015703 0.102786 -0.967701 0.008682 0.230033 0.367390 -0.537306 -0.001876 0.759160 0.367410 -0.537306 -0.001862 0.759150 0.171108 -0.984665 -0.030172 0.015703 0.171108 -0.984665 -0.030172 0.015703 0.171108 -0.984665 -0.030172 0.015703 0.171108 -0.984665 -0.030172 0.015703 0.248448 -0.940192 -0.071326 -0.221867 -0.205591 -0.750383 -0.256931 -0.573275 -0.205606 -0.750389 -0.256911 -0.573270
-0.002047 0.806446 0.000764 0.174044 -0.984100 -0.028929 0.020451 0.138480 -0.840514 -0.320665 0.414165 -0.002157 -0.907874 -0.299229 0.293636 -0.006762 -0.962154 -0.271511 0.022262 -0.006762 -0.962154 -0.271511 0.022262 -0.006762 -0.962154 -0.271511 0.022262 0.024167 -0.965471 -0.011503 0.259131 0.196328 -0.949215 0.023851 0.244699 -0.200752 -0.777145 0.313907 0.507155 -0.200752 -0.777145 0.313907 0.507155 -0.200752 -0.777145 0.313907 0.507155 0.174044 -0.984100 -0.028929 0.020451 0.174044 -0.984100 -0.028929 0.020451 0.174044 -0.984100 -0.028929 0.020451 0.174044 -0.984100 -0.028929 0.020451 0.123785 -0.956397 0.016013 0.264056 0.352544 -0.538905 0.010696 0.764970 0.352564 -0.538905 0.010710 0.764961 0.174044 -0.984100 -0.028929 0.020451 0.174044 -0.984100 -0.028929 0.020451 0.174044 -0.984100 -0.028929 0.020451 0.174044 -0.984100 -0.028929 0.020451 0.252440 -0.942165 -0.069918 -0.209070 -0.183124 -0.780430 -0.244697 -0.545451 -0.183138 -0.780437 -0.244677 -0.545447
-0.002057 0.808386 0.000786 0.177994 -0.983335 -0.027405 0.024900 0.138241 -0.835846 -0.323672 0.421291 -0.005923 -0.906706 -0.293410 0.302918 -0.007694 -0.963778 -0.265105 0.028147 -0.007694 -0.963778 -0.265105 0.028147 -0.007694 -0.963778 -0.265105 0.028147 0.020849 -0.964804 -0.017459 0.261561 0.201574 -0.947358 0.020301 0.247930 -0.185602 -0.780662 0.314318 0.507270 -0.185602 -0.780662 0.314318 0.507270 -0.185602 -0.780662 0.314318 0.507270 0.177994 -0.983335 -0.027405 0.024900 0.177994 -0.983335 -0.027405 0.024900 0.177994 -0.983335 -0.027405 0.024900 0.177994 -0.983335 -0.027405 0.024900 0.143014 -0.948384 0.021040 0.282263 0.351366 -0.538416 0.022819 0.765591 0.351386 -0.538415 0.022833 0.765582 0.177994 -0.983335 -0.027405 0.024900 0.177994 -0.983335 -0.027405 0.024900 0.177994 -0.983335 -0.027405 0.024900 0.177994 -0.983335 -0.027405 0.024900 0.259065 -0.946536 -0.065645 -0.180683 -0.170234 -0.808056 -0.229533 -0.515151 -0.170247 -0.808062 -0.229512 -0.515147
-0.002059 0.810394 0.000797 0.182828 -0.982379 -0.026434 0.028403 0.133938 -0.831323 -0.326188 0.429609 -0.009351 -0.906435 -0.284002 0.312459 -0.007433 -0.966196 -0.254979 0.037350 -0.007433 -0.966196 -0.254979 0.037350 -0.007433 -0.966196 -0.254979 0.037350 0.017619 -0.963504 -0.024727 0.265967 0.204380 -0.945844 0.012152 0.251912 -0.176744 -0.780562 0.310925 0.512650 -0.176744 -0.780562 0.310925 0.512650 -0.176744 -0.780562 0.310925 0.512650 0.182828 -0.982379 -0.026434 0.028403 0.182828 -0.982379 -0.026434 0.028403 0.182828 -0.982379 -0.026434 0.028403 0.182828 -0.982379 -0.026434 0.028403 0.163421 -0.943232 0.023529 0.288191 0.357097 -0.536023 0.036647 0.764080 0.357117 -0.536022 0.036661 0.764071 0.182828 -0.982379 -0.026434 0.028403 0.182828 -0.982379 -0.026434 0.028403 0.182828 -0.982379 -0.026434 0.028403 0.182828 -0.982379 -0.026434 0.028403 0.276064 -0.947790 -0.060944 -0.147544 -0.150466 -0.836148 -0.217194 -0.480669 -0.150478 -0.836154 -0.217172 -0.480665
-0.002052 0.812847 0.000796 0.187333 -0.981477 -0.025749 0.030758 0.128450 -0.828210 -0.325632 0.437645 -0.012574 -0.905107 -0.277217 0.322141 -0.008867 -0.967539 -0.247823 0.048724 -0.008867 -0.967539 -0.247823 0.048724 -0.008867 -0.967539 -0.247823 0.048724 0.014854 -0.962092 -0.031209 0.270525 0.206573 -0.943778 0.006190 0.258016 -0.171702 -0.776863 0.310614 0.520116 -0.171702 -0.776863 0.310614 0.520116 -0.171702 -0.776863 0.310614 0.520116 0.187332 -0.981477 -0.025749 0.030758 0.187332 -0.981477 -0.025749 0.030758 0.187332 -0.981477 -0.025749 0.030758 0.187332 -0.981477 -0.025749 0.030758 0.178078 -0.940532 0.024758 0.288228 0.364426 -0.529533 0.047023 0.764576 0.364446 -0.529532 0.047037 0.764567 0.187332 -0.981477 -0.025749 0.030758 0.187332 -0.981477 -0.025749 0.030758 0.187332 -0.981477 -0.025749 0.030758 0.187332 -0.981477 -0.025749 0.030758 0.295463 -0.946318 -0.056649 -0.118210 -0.122916 -0.862113 -0.206279 -0.446208 -0.122928 -0.862118 -0.206257 -0.446205
-0.002036 0.815341 0.000771 0.191086 -0.980655 -0.025458 0.033953 0.122722 -0.826943 -0.320988 0.445051 -0.014593 -0.904299 -0.273199 0.327709 -0.011270 -0.965127 -0.256047 0.053314 -0.011270 -0.965127 -0.256047 0.053314 -0.011270 -0.965127 -0.256047 0.053314 0.011301 -0.961771 -0.036779 0.271137 0.208058 -0.942662 0.001064 0.260959 -0.170917 -0.777312 0.304582 0.523263 -0.170917 -0.777312 0.304582 0.523263 -0.170917 -0.777312 0.304582 0.523263 0.191086 -0.980655 -0.025458 0.033953 0.191086 -0.980655 -0.025458 0.033953 0.191086 -0.980655 -0.025458 0.033953 0.191086 -0.980655 -0.025458 0.033953 0.186131 -0.939083 0.025260 0.287821 0.364450 -0.524275 0.054560 0.767682 0.364470 -0.524273 0.054574 0.767672 0.191086 -0.980655 -0.025458 0.033953 0.191086 -0.980655 -0.025458 0.033953 0.191086 -0.980655 -0.025458 0.033953 0.191086 -0.980655 -0.025458 0.033953 0.313795 -0.944400 -0.051653 -0.083504 -0.093274 -0.892010 -0.189777 -0.399503 -0.093285 -0.892015 -0.189754 -0.399500
-0.002011 0.817397 0.000731 0.194093 -0.979938 -0.025287 0.037554 0.116929 -0.825621 -0.314375 0.453703 -0.011886 -0.902493 -0.268686 0.336413 -0.004744 -0.965111 -0.254022 0.063331 -0.004744 -0.965111 -0.254022 0.063331 -0.004744 -0.965111 -0.254022 0.063331 0.007210 -0.960270 -0.039878 0.276114 0.205321 -0.941061 -0.000297 0.268788 -0.179742 -0.767811 0.305199 0.533865 -0.179742 -0.767811 0.305199 0.533865 -0.179742 -0.767811 0.305199 0.533865 0.194092 -0.979938 -0.025287 0.037554 0.194092 -0.979938 -0.025287 0.037554 0.194092 -0.979938 -0.025287 0.037554 0.194093 -0.979938 -0.025287 0.037554 0.191010 -0.938910 0.024941 0.285203 0.366794 -0.519012 0.058978 0.769812 0.366814 -0.519010 0.058992 0.769802 0.194092 -0.979938 -0.025287 0.037554 0.194092 -0.979938 -0.025287 0.037554 0.194092 -0.979938 -0.025287 0.037554 0.194093 -0.979938 -0.025287 0.037554 0.327834 -0.942076 -0.047314 -0.052713 -0.062803 -0.916161 -0.173368 -0.355877 -0.062813 -0.916165 -0.173345 -0.355875
-0.001990 0.818895 0.000697 0.197052 -0.979199 -0.024351 0.041799 0.112382 -0.824768 -0.305218 0.462569 -0.008992 -0.898572 -0.271454 0.344673 -0.011859 -0.955980 -0.284174 0.072162 -0.011859 -0.955980 -0.284174 0.072162 -0.011859 -0.955980 -0.284174 0.072162 0.003462 -0.958703 -0.044207 0.280931 0.208042 -0.943072 -0.007613 0.259375 -0.187724 -0.772063 0.293550 0.531513 -0.187724 -0.772063 0.293550 0.531513 -0.187724 -0.772063 0.293550 0.531513 0.197052 -0.979199 -0.024351 0.041799 0.197052 -0.979199 -0.024351 0.041799 0.197052 -0.979199 -0.024351 0.041799 0.197052 -0.979199 -0.024351 0.041799 0.203275 -0.931355 0.028679 0.300725 0.367051 -0.505108 0.066895 0.778245 0.367071 -0.505106 0.066908 0.778235 0.197052 -0.979199 -0.024351 0.041799 0.197052 -0.979199 -0.024351 0.041799 0.197052 -0.979199 -0.024351 0.041799 0.197052 -0.979199 -0.024351 0.041799 0.340193 -0.938668 -0.044744 -0.034187 -0.027570 -0.931391 -0.162950 -0.324343 -0.027578 -0.931395 -0.162926 -0.324342
-0.001976 0.819327 0.000668 0.199652 -0.978441 -0.021933 0.048065 0.108368 -0.821152 -0.305120 0.469966 0.002040 -0.896108 -0.275025 0.348348 0.010376 -0.952717 -0.295476 0.070121 0.010376 -0.952717 -0.295476 0.070121 0.010376 -0.952717 -0.295476 0.070121 -0.002743 -0.958439 -0.045639 0.281609 0.206644 -0.944597 -0.004816 0.254974 -0.209673 -0.769335 0.286118 0.531316 -0.209673 -0.769335 0.286118 0.531316 -0.209673 -0.769335 0.286118 0.531316 0.199652 -0.978442 -0.021933 0.048065 0.199652 -0.978442 -0.021933 0.048065 0.199652 -0.978442 -0.021933 0.048065 0.199652 -0.978442 -0.021933 0.048065 0.212096 -0.920970 0.035241 0.324942 0.361264 -0.499163 0.072255 0.784286 0.361285 -0.499161 0.072268 0.784276 0.199652 -0.978442 -0.021933 0.048065 0.199652 -0.978442 -0.021933 0.048065 0.199652 -0.978442 -0.021933 0.048065 0.199652 -0.978442 -0.021933 0.048065 0.351638 -0.934913 -0.042654 -0.021672 0.008139 -0.940180 -0.156483 -0.302505 0.008131 -0.940184 -0.156458 -0.302505
-0.001969 0.816810 0.000626 0.201844 -0.977648 -0.018800 0.055771 0.103325 -0.819992 -0.296552 0.478533 0.008644 -0.893862 -0.275418 0.353667 0.016909 -0.950488 -0.301236 0.074457 0.016909 -0.950488 -0.301236 0.074457 0.016909 -0.950488 -0.301236 0.074457 -0.009236 -0.957162 -0.045976 0.285731 0.211372 -0.945854 -0.002404 0.246326 -0.222809 -0.771476 0.279054 0.526602 -0.222809 -0.771476 0.279054 0.526602 -0.222809 -0.771476 0.279054 0.526602 0.201843 -0.977648 -0.018800 0.055771 0.201843 -0.977648 -0.018800 0.055771 0.201843 -0.977648 -0.018800 0.055771 0.201843 -0.977648 -0.018800 0.055771 0.211799 -0.908010 0.044517 0.358717 0.345245 -0.496468 0.072943 0.793098 0.345266 -0.496466 0.072956 0.793089 0.201843 -0.977648 -0.018800 0.055771 0.201843 -0.977648 -0.018800 0.055771 0.201843 -0.977648 -0.018800 0.055771 0.201843 -0.977648 -0.018800 0.055771 0.368534 -0.928765 -0.039577 -0.003361 0.055202 -0.948636 -0.148817 -0.273671 0.055195 -0.948640 -0.148792 -0.273672
-0.001966 0.811186 0.000570 0.203716 -0.976727 -0.016472 0.065052 0.099178 -0.816898 -0.295134 0.485528 0.020307 -0.892260 -0.279027 0.354407 0.029745 -0.947872 -0.308999 0.071932 0.029745 -0.947872 -0.308999 0.071932 0.029745 -0.947872 -0.308999 0.071932 -0.016755 -0.955428 -0.044162 0.291423 0.215128 -0.944266 -0.000351 0.249162 -0.230118 -0.769650 0.275839 0.527824 -0.230118 -0.769650 0.275839 0.527824 -0.230118 -0.769650 0.275839 0.527824 0.203716 -0.976728 -0.016472 0.065052 0.203716 -0.976728 -0.016472 0.065052 0.203716 -0.976728 -0.016472 0.065052 0.203716 -0.976728 -0.016472 0.065052 0.214918 -0.895508 0.051163 0.386339 0.329307 -0.496593 0.078126 0.799280 0.329328 -0.496591 0.078139 0.799272 0.203716 -0.976728 -0.016472 0.065052 0.203716 -0.976728 -0.016472 0.065052 0.203716 -0.976728 -0.016472 0.065052 0.203716 -0.976728 -0.016472 0.065052 0.386636 -0.921316 -0.038033 0.015605 0.099731 -0.954845 -0.142251 -0.241017 0.099725 -0.954849 -0.142226 -0.241020
-0.001966 0.804348 0.000501 0.205628 -0.975561 -0.015979 0.075782 0.095711 -0.811440 -0.292221 0.497002 0.026592 -0.885999 -0.283435 0.366009 0.032803 -0.944712 -0.314275 0.087607 0.032803 -0.944712 -0.314275 0.087607 0.032803 -0.944712 -0.314275 0.087607 -0.024013 -0.952737 -0.042974 0.299781 0.219213 -0.942152 0.000612 0.253563 -0.231225 -0.768150 0.275058 0.529928 -0.231225 -0.768150 0.275058 0.529929 -0.231225 -0.768150 0.275058 0.529929 0.205627 -0.975561 -0.015979 0.075782 0.205627 -0.975561 -0.015979 0.075782 0.205627 -0.975561 -0.015979 0.075782 0.205627 -0.975561 -0.015979 0.075782 0.203788 -0.889763 0.054897 0.404695 0.304773 -0.496853 0.077295 0.808873 0.304794 -0.496851 0.077308 0.808865 0.205627 -0.975561 -0.015979 0.075782 0.205627 -0.975561 -0.015979 0.075782 0.205627 -0.975561 -0.015979 0.075782 0.205627 -0.975561 -0.015979 0.075782 0.402991 -0.913362 -0.036808 0.044867 0.130856 -0.964687 -0.128669 -0.188943 0.130851 -0.964691 -0.128644 -0.188946
-0.001970 0.797552 0.000431 0.207602 -0.974147 -0.016866 0.087486 0.096218 -0.808462 -0.289693 0.503198 0.030947 -0.883251 -0.291070 0.366317 0.037149 -0.945878 -0.311373 0.083560 0.037149 -0.945878 -0.311373 0.083560 0.037149 -0.945878 -0.311373 0.083560 -0.031107 -0.950069 -0.042324 0.307586 0.221171 -0.940691 -0.000050 0.257260 -0.233164 -0.767176 0.271678 0.532227 -0.233164 -0.767176 0.271678 0.532227 -0.233164 -0.767176 0.271678 0.532227 0.207602 -0.974147 -0.016866 0.087486 0.207602 -0.974147 -0.016866 0.087486 0.207602 -0.974147 -0.016866 0.087486 0.207602 -0.974147 -0.016866 0.087486 0.212889 -0.879449 0.055606 0.422085 0.303117 -0.482559 0.082936 0.817544 0.303139 -0.482557 0.082948 0.817536 0.207602 -0.974147 -0.016866 0.087486 0.207602 -0.974147 -0.016866 0.087486 0.207602 -0.974147 -0.016866 0.087486 0.207602 -0.974147 -0.016866 0.087486 0.417862 -0.905029 -0.038367 0.069585 0.156391 -0.969545 -0.120168 -0.145202 0.156387 -0.969548 -0.120143 -0.145206
-0.001978 0.791804 0.000383 0.209442 -0.972821 -0.018009 0.097106 0.092068 -0.804781 -0.291404 0.508857 0.035300 -0.881742 -0.298949 0.363201 0.022843 -0.943512 -0.320321 0.081601 0.022843 -0.943512 -0.320321 0.081601 0.022843 -0.943512 -0.320321 0.081601 -0.036447 -0.947986 -0.043539 0.313208 0.219983 -0.940028 -0.001990 0.260673 -0.234660 -0.766555 0.267593 0.534530 -0.234660 -0.766555 0.267593 0.534530 -0.234660 -0.766555 0.267593 0.534530 0.209441 -0.972821 -0.018009 0.097106 0.209441 -0.972821 -0.018009 0.097106 0.209441 -0.972821 -0.018009 0.097106 0.209441 -0.972821 -0.018009 0.097106 0.201088 -0.879657 0.055659 0.427398 0.271813 -0.479139 0.087975 0.829942 0.271835 -0.479137 0.087988 0.829935 0.209441 -0.972821 -0.018009 0.097106 0.209441 -0.972821 -0.018009 0.097106 0.209441 -0.972821 -0.018009 0.097106 0.209441 -0.972821 -0.018009 0.097106 0.432983 -0.896718 -0.042284 0.081451 0.181714 -0.968266 -0.120936 -0.121719 0.181711 -0.968269 -0.120910 -0.121723
-0.001998 0.787507 0.000353 0.212240 -0.971400 -0.018899 0.104784 0.091781 -0.800653 -0.293172 0.514375 0.028281 -0.876077 -0.309704 0.368474 0.011838 -0.940377 -0.328892 0.085913 0.011838 -0.940377 -0.328892 0.085913 0.011838 -0.940377 -0.328892 0.085913 -0.039742 -0.946470 -0.045289 0.317119 0.216616 -0.940972 -0.005978 0.260024 -0.238203 -0.768129 0.259325 0.534778 -0.238203 -0.768129 0.259325 0.534778 -0.238203 -0.768129 0.259325 0.534778 0.212240 -0.971400 -0.018899 0.104784 0.212240 -0.971400 -0.018899 0.104784 0.212240 -0.971400 -0.018899 0.104784 0.212240 -0.971400 -0.018899 0.104784 0.204860 -0.873901 0.056424 0.437202 0.270974 -0.473928 0.090296 0.832954 0.270996 -0.473925 0.090308 0.832947 0.212240 -0.971400 -0.018899 0.104784 0.212240 -0.971400 -0.018899 0.104784 0.212240 -0.971400 -0.018899 0.104784 0.212240 -0.971400 -0.018899 0.104784 0.447244 -0.889003 -0.046656 0.086429 0.202387 -0.965426 -0.124357 -0.107367 0.202384 -0.965429 -0.124332 -0.107372
-0.002028 0.784527 0.000322 0.215727 -0.969874 -0.019801 0.111419 0.089313 -0.796273 -0.295429 0.520282 0.031852 -0.877546 -0.298326 0.374033 0.015305 -0.945413 -0.311849 0.093329 0.015305 -0.945413 -0.311849 0.093329 0.015305 -0.945413 -0.311849 0.093329 -0.040387 -0.944058 -0.048900 0.323625 0.217199 -0.940026 -0.016646 0.262484 -0.231134 -0.769871 0.250620 0.539505 -0.231134 -0.769871 0.250620 0.539505 -0.231134 -0.769871 0.250620 0.539505 0.215726 -0.969874 -0.019801 0.111419 0.215726 -0.969874 -0.019801 0.111419 0.215726 -0.969874 -0.019801 0.111419 0.215726 -0.969874 -0.019801 0.111419 0.199433 -0.869946 0.058792 0.447174 0.254282 -0.475536 0.093301 0.836959 0.254304 -0.475534 0.093313 0.836953 0.215726 -0.969874 -0.019801 0.111419 0.215726 -0.969874 -0.019801 0.111419 0.215726 -0.969874 -0.019801 0.111419 0.215726 -0.969874 -0.019801 0.111419 0.458948 -0.882238 -0.050231 0.092187 0.227812 -0.961217 -0.125935 -0.091122 0.227810 -0.961221 -0.125910 -0.091128
-0.002080 0.782710 0.000263 0.219014 -0.968134 -0.021029 0.119609 0.083126 -0.793807 -0.294115 0.525792 0.043111 -0.876196 -0.308558 0.367714 0.027096 -0.946327 -0.311215 0.082923 0.027096 -0.946327 -0.311215 0.082923 0.027096 -0.946327 -0.311215 0.082923 -0.043018 -0.940258 -0.051840 0.333732 0.217295 -0.936641 -0.024072 0.273691 -0.224747 -0.763555 0.250790 0.550978 -0.224747 -0.763555 0.250790 0.550978 -0.224747 -0.763555 0.250790 0.550978 0.219014 -0.968134 -0.021029 0.119609 0.219014 -0.968134 -0.021029 0.119609 0.219014 -0.968134 -0.021029 0.119609 0.219014 -0.968134 -0.021029 0.119609 0.197727 -0.864531 0.060422 0.458083 0.240159 -0.478357 0.098064 0.838976 0.240181 -0.478355 0.098076 0.838970 0.219014 -0.968134 -0.021029 0.119609 0.219014 -0.968134 -0.021029 0.119609 0.219014 -0.968134 -0.021029 0.119609 0.219014 -0.968134 -0.021029 0.119609 0.468180 -0.873843 -0.049327 0.121542 0.258091 -0.958399 -0.113637 -0.044122 0.258090 -0.958402 -0.113612 -0.044129
-0.002140 0.781868 0.000198 0.221830 -0.966594 -0.022161 0.126474 0.087743 -0.789441 -0.290573 0.533528 0.038215 -0.866352 -0.319036 0.382348 0.018235 -0.949490 -0.295005 0.105391 0.018235 -0.949490 -0.295005 0.105391 0.018235 -0.949490 -0.295005 0.105391 -0.046410 -0.936780 -0.054738 0.342480 0.218225 -0.933362 -0.028699 0.283529 -0.221820 -0.756444 0.252726 0.560997 -0.221820 -0.756444 0.252726 0.560997 -0.221820 -0.756444 0.252726 0.560997 0.221829 -0.966595 -0.022161 0.126474 0.221829 -0.966595 -0.022161 0.126474 0.221829 -0.966595 -0.022161 0.126474 0.221829 -0.966594 -0.022161 0.126474 0.204488 -0.858068 0.060775 0.467130 0.234320 -0.479715 0.106322 0.838846 0.234342 -0.479712 0.106334 0.838840 0.221829 -0.966595 -0.022161 0.126474 0.221829 -0.966595 -0.022161 0.126474 0.221829 -0.966595 -0.022161 0.126474 0.221829 -0.966594 -0.022161 0.126474 0.476460 -0.866169 -0.049515 0.142427 0.283575 -0.952440 -0.110287 -0.016747 0.283575 -0.952443 -0.110263 -0.016754
-0.002192 0.781560 0.000148 0.223795 -0.965501 -0.022165 0.131273 0.087273 -0.784841 -0.297163 0.536752 0.045269 -0.864278 -0.323509 0.382513 0.022545 -0.948942 -0.296702 0.104731 0.022545 -0.948942 -0.296702 0.104731 0.022545 -0.948942 -0.296702 0.104731 -0.049243 -0.934735 -0.057675 0.347159 0.218312 -0.931613 -0.031046 0.288918 -0.220093 -0.752331 0.254007 0.566602 -0.220093 -0.752331 0.254007 0.566602 -0.220093 -0.752331 0.254007 0.566602 0.223795 -0.965501 -0.022165 0.131273 0.223795 -0.965501 -0.022165 0.131273 0.223795 -0.965501 -0.022165 0.131273 0.223795 -0.965501 -0.022165 0.131273 0.197866 -0.854975 0.063618 0.475204 0.224603 -0.481490 0.105527 0.840586 0.224624 -0.481487 0.105539 0.840580 0.223795 -0.965501 -0.022165 0.131273 0.223795 -0.965501 -0.022165 0.131273 0.223795 -0.965501 -0.022165 0.131273 0.223795 -0.965501 -0.022165 0.131273 0.487155 -0.859040 -0.051516 0.148584 0.316546 -0.941305 -0.116810 -0.009892 0.316546 -0.941308 -0.116786 -0.009900
-0.002234 0.781576 0.000097 0.225660 -0.964264 -0.021849 0.137092 0.088086 -0.783410 -0.294654 0.540082 0.048280 -0.860971 -0.330892 0.383286 0.023438 -0.946755 -0.303725 0.104192 0.023438 -0.946755 -0.303725 0.104192 0.023438 -0.946755 -0.303725 0.104192 -0.051652 -0.932672 -0.059057 0.352090 0.216688 -0.930283 -0.028857 0.294598 -0.223103 -0.746345 0.258808 0.571150 -0.223103 -0.746345 0.258808 0.571150 -0.223103 -0.746345 0.258808 0.571150 0.225660 -0.964264 -0.021849 0.137092 0.225660 -0.964264 -0.021849 0.137092 0.225660 -0.964264 -0.021849 0.137092 0.225660 -0.964264 -0.021849 0.137092 0.198887 -0.846771 0.066931 0.488818 0.215226 -0.488810 0.111237 0.838074 0.215248 -0.488807 0.111250 0.838069 0.225660 -0.964264 -0.021849 0.137092 0.225660 -0.964264 -0.021849 0.137092 0.225660 -0.964264 -0.021849 0.137092 0.225660 -0.964264 -0.021849 0.137092 0.498006 -0.851296 -0.053521 0.156272 0.356682 -0.926003 -0.123678 0.000028 0.356682 -0.926006 -0.123654 0.000019
-0.002272 0.781791 0.000041 0.227205 -0.962688 -0.021765 0.145382 0.092464 -0.780747 -0.293331 0.543912 0.053794 -0.856878 -0.337605 0.385861 0.026028 -0.946251 -0.304186 0.106780 0.026028 -0.946251 -0.304186 0.106780 0.026028 -0.946251 -0.304186 0.106780 -0.053676 -0.930673 -0.059305 0.357002 0.215224 -0.929500 -0.022940 0.298633 -0.228591 -0.741772 0.264548 0.572306 -0.228591 -0.741772 0.264548 0.572306 -0.228591 -0.741772 0.264548 0.572306 0.227204 -0.962688 -0.021765 0.145382 0.227204 -0.962688 -0.021765 0.145382 0.227204 -0.962688 -0.021765 0.145382 0.227204 -0.962688 -0.021765 0.145382 0.183123 -0.832132 0.075775 0.517958 0.187235 -0.480045 0.114093 0.849401 0.187258 -0.480042 0.114106 0.849396 0.227204 -0.962688 -0.021765 0.145382 0.227204 -0.962688 -0.021765 0.145382 0.227204 -0.962688 -0.021765 0.145382 0.227204 -0.962688 -0.021765 0.145382 0.507807 -0.843701 -0.056939 0.164496 0.393390 -0.909511 -0.134133 0.006558 0.393390 -0.909514 -0.134109 0.006547
-0.002331 0.782664 -0.000040 0.228045 -0.959761 -0.022017 0.162387 0.100270 -0.771057 -0.291347 0.557256 0.068122 -0.845180 -0.344738 0.402722 0.036052 -0.939443 -0.314447 0.131417 0.036052 -0.939443 -0.314447 0.131417 0.036052 -0.939443 -0.314447 0.131417 -0.057596 -0.926152 -0.055884 0.368514 0.213059 -0.926206 -0.012833 0.310781 -0.230923 -0.732356 0.278389 0.576913 -0.230923 -0.732356 0.278389 0.576913 -0.230923 -0.732356 0.278389 0.576913 0.228044 -0.959761 -0.022017 0.162387 0.228044 -0.959761 -0.022017 0.162387 0.228044 -0.959761 -0.022017 0.162387 0.228044 -0.959761 -0.022017 0.162387 0.226775 -0.790304 0.077488 0.563904 0.226996 -0.473945 0.125944 0.841420 0.227018 -0.473941 0.125956 0.841414 0.228044 -0.959761 -0.022017 0.162387 0.228044 -0.959761 -0.022017 0.162387 0.228044 -0.959761 -0.022017 0.162387 0.228044 -0.959761 -0.022017 0.162387 0.512863 -0.835099 -0.060931 0.189390 0.424477 -0.894398 -0.133212 0.046099 0.424479 -0.894402 -0.133189 0.046088
-0.002415 0.784075 -0.000125 0.230128 -0.955675 -0.021841 0.182345 0.108507 -0.761541 -0.291382 0.568663 0.083283 -0.835916 -0.352183 0.412644 0.049888 -0.934686 -0.322574 0.140783 0.049888 -0.934686 -0.322574 0.140783 0.049888 -0.934686 -0.322574 0.140783 -0.062873 -0.921127 -0.048605 0.381063 0.209715 -0.923053 -0.000383 0.322478 -0.234633 -0.724541 0.291504 0.578803 -0.234633 -0.724541 0.291504 0.578803 -0.234633 -0.724541 0.291504 0.578803 0.230128 -0.955675 -0.021841 0.182345 0.230128 -0.955675 -0.021841 0.182345 0.230128 -0.955675 -0.021841 0.182345 0.230128 -0.955675 -0.021841 0.182345 0.233076 -0.734470 0.090660 0.630880 0.209546 -0.472263 0.146023 0.843644 0.209568 -0.472259 0.146036 0.843639 0.230128 -0.955675 -0.021841 0.182345 0.230128 -0.955675 -0.021841 0.182345 0.230128 -0.955675 -0.021841 0.182345 0.230128 -0.955675 -0.021841 0.182345 0.517695 -0.826358 -0.066771 0.211344 0.443441 -0.882528 -0.132579 0.083232 0.443444 -0.882531 -0.132556 0.083221
-0.002489 0.785452 -0.000197 0.232586 -0.952168 -0.021107 0.197065 0.112001 -0.756036 -0.288513 0.576737 0.093138 -0.831070 -0.347873 0.423830 0.055354 -0.934895 -0.312433 0.159038 0.055354 -0.934895 -0.312433 0.159038 0.055354 -0.934895 -0.312433 0.159038 -0.066441 -0.919347 -0.043815 0.385313 0.208823 -0.924394 0.006458 0.319134 -0.234630 -0.732372 0.291169 0.569036 -0.234630 -0.732372 0.291169 0.569036 -0.234630 -0.732372 0.291169 0.569036 0.232586 -0.952168 -0.021107 0.197065 0.232586 -0.952168 -0.021107 0.197065 0.232586 -0.952168 -0.021107 0.197065 0.232586 -0.952168 -0.021107 0.197065 0.239058 -0.671993 0.104910 0.693016 0.204684 -0.427655 0.163453 0.865158 0.204707 -0.427650 0.163464 0.865153 0.232586 -0.952168 -0.021107 0.197065 0.232586 -0.952168 -0.021107 0.197065 0.232586 -0.952168 -0.021107 0.197065 0.232586 -0.952168 -0.021107 0.197065 0.522646 -0.817428 -0.069630 0.231956 0.458423 -0.871379 -0.128709 0.118239 0.458426 -0.871383 -0.128687 0.118227
-0.002544 0.786529 -0.000253 0.233211 -0.949643 -0.021817 0.208123 0.113972 -0.750185 -0.290935 0.582743 0.101587 -0.825709 -0.348870 0.431479 0.060420 -0.928213 -0.324796 0.171110 0.060420 -0.928213 -0.324796 0.171110 0.060420 -0.928213 -0.324796 0.171110 -0.069627 -0.917270 -0.039413 0.390146 0.208054 -0.924391 0.008814 0.319589 -0.238962 -0.734814 0.286554 0.566420 -0.238962 -0.734814 0.286554 0.566420 -0.238962 -0.734814 0.286554 0.566420 0.233210 -0.949643 -0.021817 0.208123 0.233210 -0.949643 -0.021817 0.208123 0.233210 -0.949643 -0.021817 0.208123 0.233210 -0.949643 -0.021817 0.208123 0.248977 -0.618501 0.112168 0.736808 0.207940 -0.392608 0.177017 0.878228 0.207963 -0.392603 0.177027 0.878223 0.233210 -0.949643 -0.021817 0.208123 0.233210 -0.949643 -0.021817 0.208123 0.233210 -0.949643 -0.021817 0.208123 0.233210 -0.949643 -0.021817 0.208123 0.529520 -0.807725 -0.073568 0.248549 0.475451 -0.857831 -0.127741 0.147496 0.475455 -0.857834 -0.127718 0.147484
-0.002655 0.787293 -0.000304 0.231742 -0.943728 -0.016949 0.235343 0.136246 -0.727507 -0.319652 0.591603 0.123513 -0.802656 -0.386772 0.436915 0.073604 -0.913648 -0.358752 0.176427 0.073604 -0.913648 -0.358752 0.176427 0.073604 -0.913648 -0.358752 0.176427 -0.075575 -0.910962 -0.033291 0.404139 0.211670 -0.923621 0.005231 0.319519 -0.245206 -0.742644 0.265735 0.563683 -0.245206 -0.742644 0.265735 0.563683 -0.245206 -0.742644 0.265735 0.563683 0.231741 -0.943728 -0.016949 0.235343 0.231741 -0.943728 -0.016949 0.235343 0.231741 -0.943728 -0.016949 0.235343 0.231741 -0.943728 -0.016949 0.235343 0.268271 -0.558764 0.113730 0.776453 0.225301 -0.367429 0.185671 0.883041 0.225324 -0.367424 0.185681 0.883035 0.231741 -0.943728 -0.016949 0.235343 0.231741 -0.943728 -0.016949 0.235343 0.231741 -0.943728 -0.016949 0.235343 0.231741 -0.943728 -0.016949 0.235343 0.535197 -0.794831 -0.080332 0.274509 0.498004 -0.836874 -0.132065 0.184913 0.498008 -0.836878 -0.132043 0.184900
-0.002803 0.787164 -0.000366 0.229346 -0.936122 -0.010284 0.266400 0.146807 -0.710875 -0.346784 0.594008 0.128375 -0.787510 -0.417487 0.434801 0.060794 -0.911078 -0.367405 0.176789 0.060794 -0.911078 -0.367405 0.176789 0.060794 -0.911078 -0.367405 0.176789 -0.086577 -0.905588 -0.025550 0.414441 0.216202 -0.923117 0.008294 0.317874 -0.269525 -0.743984 0.250049 0.557960 -0.269525 -0.743984 0.250049 0.557960 -0.269525 -0.743984 0.250049 0.557960 0.229346 -0.936123 -0.010284 0.266400 0.229346 -0.936123 -0.010284 0.266400 0.229346 -0.936123 -0.010284 0.266400 0.229346 -0.936123 -0.010284 0.266400 0.291335 -0.502945 0.109129 0.806388 0.249459 -0.351227 0.187576 0.882737 0.249482 -0.351222 0.187585 0.882731 0.229346 -0.936123 -0.010284 0.266400 0.229346 -0.936123 -0.010284 0.266400 0.229346 -0.936123 -0.010284 0.266400 0.229346 -0.936123 -0.010284 0.266400 0.535480 -0.782935 -0.086346 0.304662 0.508441 -0.819024 -0.129279 0.232325 0.508447 -0.819027 -0.129258 0.232312
-0.002953 0.783766 -0.000422 0.227896 -0.927440 -0.004281 0.296480 0.162360 -0.694108 -0.356246 0.604105 0.143801 -0.782156 -0.399805 0.455752 0.090087 -0.910941 -0.347752 0.202827 0.090087 -0.910941 -0.347752 0.202827 0.090087 -0.910941 -0.347752 0.202827 -0.104543 -0.899597 -0.018145 0.423634 0.223813 -0.920862 0.018668 0.318705 -0.301368 -0.738357 0.236955 0.554849 -0.301368 -0.738357 0.236955 0.554849 -0.301368 -0.738357 0.236955 0.554849 0.227895 -0.927440 -0.004281 0.296480 0.227895 -0.927440 -0.004281 0.296480 0.227895 -0.927440 -0.004281 0.296480 0.227895 -0.927440 -0.004281 0.296480 0.314868 -0.455459 0.100369 0.826644 0.267203 -0.338561 0.198132 0.880183 0.267225 -0.338556 0.198141 0.880176 0.227895 -0.927440 -0.004281 0.296480 0.227895 -0.927440 -0.004281 0.296480 0.227895 -0.927440 -0.004281 0.296480 0.227895 -0.927440 -0.004281 0.296480 0.533863 -0.773840 -0.093714 0.327687 0.521290 -0.800188 -0.135730 0.263692 0.521296 -0.800192 -0.135709 0.263679
-0.003082 0.775737 -0.000451 0.227673 -0.919889 -0.000115 0.319325 0.176607 -0.678444 -0.385301 0.600056 0.156483 -0.772805 -0.415110 0.453838 0.106044 -0.913568 -0.344227 0.188828 0.106044 -0.913568 -0.344227 0.188828 0.106044 -0.913568 -0.344227 0.188828 -0.122083 -0.897154 -0.017787 0.424140 0.235622 -0.919140 0.025894 0.314634 -0.321417 -0.738339 0.232193 0.545558 -0.321417 -0.738339 0.232193 0.545558 -0.321417 -0.738339 0.232193 0.545558 0.227673 -0.919890 -0.000115 0.319325 0.227673 -0.919890 -0.000115 0.319325 0.227673 -0.919890 -0.000115 0.319325 0.227673 -0.919890 -0.000115 0.319325 0.331613 -0.424271 0.092133 0.837579 0.278074 -0.329808 0.208674 0.877700 0.278097 -0.329803 0.208682 0.877693 0.227673 -0.919890 -0.000115 0.319325 0.227673 -0.919890 -0.000115 0.319325 0.227673 -0.919890 -0.000115 0.319325 0.227673 -0.919890 -0.000115 0.319325 0.539184 -0.763536 -0.103091 0.340097 0.527188 -0.790154 -0.146480 0.276177 0.527195 -0.790158 -0.146459 0.276163
-0.003160 0.766584 -0.000499 0.229126 -0.911124 0.002466 0.342561 0.181576 -0.659968 -0.398866 0.610228 0.166976 -0.765364 -0.403919 0.472426 0.108139 -0.920594 -0.293273 0.234103 0.108139 -0.920594 -0.293273 0.234103 0.108139 -0.920594 -0.293273 0.234103 -0.134356 -0.891487 -0.019543 0.432225 0.244447 -0.916419 0.026167 0.315810 -0.328734 -0.736838 0.230111 0.544107 -0.328734 -0.736838 0.230111 0.544107 -0.328734 -0.736838 0.230111 0.544107 0.229125 -0.911124 0.002466 0.342561 0.229125 -0.911124 0.002466 0.342561 0.229125 -0.911124 0.002466 0.342561 0.229125 -0.911124 0.002466 0.342561 0.341739 -0.399320 0.085453 0.846437 0.280122 -0.317044 0.225186 0.877671 0.280145 -0.317038 0.225194 0.877664 0.229125 -0.911124 0.002466 0.342561 0.229125 -0.911124 0.002466 0.342561 0.229125 -0.911124 0.002466 0.342561 0.229125 -0.911124 0.002466 0.342561 0.543083 -0.753005 -0.113152 0.353895 0.529735 -0.781774 -0.158580 0.288204 0.529743 -0.781779 -0.158559 0.288190
-0.003210 0.758759 -0.000607 0.237799 -0.894071 0.003995 0.379569 0.191271 -0.635267 -0.402584 0.630696 0.183735 -0.756308 -0.376089 0.502790 0.149434 -0.923808 -0.246480 0.251983 0.149434 -0.923808 -0.246480 0.251983 0.149434 -0.923808 -0.246480 0.251983 -0.145981 -0.879330 -0.015478 0.453022 0.240718 -0.912892 0.024089 0.328790 -0.334283 -0.729523 0.229158 0.550942 -0.334283 -0.729523 0.229158 0.550942 -0.334283 -0.729523 0.229158 0.550942 0.237798 -0.894071 0.003995 0.379569 0.237798 -0.894071 0.003995 0.379569 0.237798 -0.894071 0.003995 0.379569 0.237798 -0.894071 0.003995 0.379569 0.342830 -0.381250 0.083430 0.854492 0.274442 -0.306245 0.242139 0.878786 0.274465 -0.306239 0.242147 0.878779 0.237798 -0.894071 0.003995 0.379569 0.237798 -0.894071 0.003995 0.379569 0.237798 -0.894071 0.003995 0.379569 0.237798 -0.894071 0.003995 0.379569 0.548132 -0.737695 -0.130485 0.371928 0.522312 -0.778433 -0.179219 0.298517 0.522320 -0.778438 -0.179199 0.298504
-0.003158 0.752866 -0.000783 0.249122 -0.865089 0.001409 0.435383 0.178833 -0.601424 -0.371014 0.684584 0.216329 -0.728131 -0.344743 0.551525 0.196555 -0.905890 -0.220357 0.303598 0.196555 -0.905890 -0.220357 0.303598 0.196555 -0.905890 -0.220357 0.303598 -0.149731 -0.861760 -0.012855 0.484547 0.227463 -0.909201 0.015110 0.348404 -0.319139 -0.730007 0.232758 0.557731 -0.319139 -0.730007 0.232758 0.557731 -0.319139 -0.730007 0.232758 0.557731 0.249121 -0.865089 0.001410 0.435383 0.249121 -0.865089 0.001410 0.435383 0.249121 -0.865089 0.001410 0.435383 0.249121 -0.865089 0.001410 0.435383 0.324930 -0.373390 0.086068 0.864635 0.256649 -0.295166 0.245579 0.886961 0.256672 -0.295160 0.245587 0.886954 0.249121 -0.865089 0.001410 0.435383 0.249121 -0.865089 0.001410 0.435383 0.249121 -0.865089 0.001410 0.435383 0.249121 -0.865089 0.001410 0.435383 0.549117 -0.716573 -0.160251 0.399142 0.501920 -0.777146 -0.212097 0.314856 0.501928 -0.777152 -0.212077 0.314843
-0.003082 0.756858 -0.000970 0.261734 -0.835098 -0.001854 0.483841 0.165291 -0.568552 -0.335391 0.732762 0.238611 -0.697643 -0.318553 0.595720 0.225193 -0.883020 -0.216080 0.350533 0.225193 -0.883020 -0.216080 0.350533 0.225193 -0.883020 -0.216080 0.350533 -0.151567 -0.852920 -0.011847 0.499415 0.203153 -0.908312 0.006280 0.365593 -0.319498 -0.719502 0.231323 0.571601 -0.319498 -0.719502 0.231323 0.571601 -0.319498 -0.719502 0.231323 0.571601 0.261734 -0.835099 -0.001854 0.483841 0.261734 -0.835099 -0.001854 0.483841 0.261734 -0.835099 -0.001854 0.483841 0.261734 -0.835099 -0.001854 0.483841 0.304988 -0.371413 0.095680 0.871711 0.235716 -0.281950 0.254052 0.894650 0.235739 -0.281944 0.254060 0.894644 0.261734 -0.835099 -0.001854 0.483841 0.261734 -0.835099 -0.001854 0.483841 0.261734 -0.835099 -0.001854 0.483841 0.261734 -0.835099 -0.001854 0.483841 0.550594 -0.698136 -0.190071 0.416325 0.488350 -0.771786 -0.244440 0.325746 0.488359 -0.771792 -0.244420 0.325733
-0.003051 0.775826 -0.001131 0.270442 -0.810149 0.001562 0.520114 0.149122 -0.546594 -0.300850 0.767129 0.245890 -0.681206 -0.298839 0.621444 0.241137 -0.869791 -0.218856 0.370699 0.241137 -0.869791 -0.218856 0.370699 0.241137 -0.869791 -0.218856 0.370699 -0.153386 -0.842254 -0.007721 0.516741 0.194290 -0.906208 0.004507 0.375523 -0.303457 -0.725766 0.222483 0.575916 -0.303457 -0.725766 0.222483 0.575916 -0.303457 -0.725766 0.222483 0.575916 0.270441 -0.810149 0.001562 0.520114 0.270441 -0.810149 0.001562 0.520114 0.270441 -0.810149 0.001562 0.520114 0.270441 -0.810149 0.001562 0.520114 0.287940 -0.372836 0.108099 0.875442 0.218602 -0.269996 0.260648 0.900765 0.218625 -0.269989 0.260655 0.900759 0.270441 -0.810149 0.001562 0.520114 0.270441 -0.810149 0.001562 0.520114 0.270441 -0.810149 0.001562 0.520114 0.270441 -0.810149 0.001562 0.520114 0.552948 -0.681641 -0.209878 0.430773 0.483935 -0.762161 -0.267153 0.336967 0.483944 -0.762168 -0.267133 0.336954
-0.003069 0.797897 -0.001254 0.275946 -0.787188 0.007045 0.551489 0.134221 -0.529716 -0.270504 0.792599 0.245525 -0.670747 -0.273677 0.644141 0.257387 -0.858414 -0.215452 0.387888 0.257387 -0.858414 -0.215452 0.387888 0.257387 -0.858414 -0.215452 0.387888 -0.158062 -0.828212 -0.004603 0.537643 0.181744 -0.900338 0.008478 0.395334 -0.298694 -0.717706 0.227644 0.586394 -0.298694 -0.717706 0.227644 0.586394 -0.298694 -0.717706 0.227644 0.586394 0.275945 -0.787188 0.007045 0.551489 0.275945 -0.787188 0.007045 0.551489 0.275945 -0.787188 0.007045 0.551489 0.275945 -0.787188 0.007045 0.551489 0.273847 -0.370633 0.119727 0.879377 0.205451 -0.254513 0.264968 0.907086 0.205475 -0.254507 0.264974 0.907081 0.275945 -0.787188 0.007045 0.551489 0.275945 -0.787188 0.007045 0.551489 0.275945 -0.787188 0.007045 0.551489 0.275945 -0.787188 0.007045 0.551489 0.552576 -0.666789 -0.224529 0.446810 0.478041 -0.753501 -0.282048 0.352368 0.478050 -0.753508 -0.282028 0.352355
-0.003092 0.816633 -0.001331 0.281263 -0.753840 0.015055 0.593625 0.122787 -0.493004 -0.232737 0.829279 0.248495 -0.632078 -0.236756 0.694747 0.271838 -0.820571 -0.205455 0.458863 0.271838 -0.820571 -0.205455 0.458863 0.271838 -0.820571 -0.205455 0.458863 -0.164019 -0.808140 -0.005890 0.565662 0.176312 -0.888773 0.014635 0.422826 -0.286816 -0.703428 0.251027 0.599926 -0.286816 -0.703428 0.251027 0.599926 -0.286816 -0.703428 0.251027 0.599926 0.281263 -0.753840 0.015055 0.593625 0.281263 -0.753840 0.015055 0.593625 0.281263 -0.753840 0.015055 0.593625 0.281263 -0.753840 0.015055 0.593625 0.261224 -0.369573 0.130787 0.882084 0.194122 -0.245344 0.267640 0.911313 0.194146 -0.245337 0.267647 0.911308 0.281263 -0.753840 0.015055 0.593625 0.281263 -0.753840 0.015055 0.593625 0.281263 -0.753840 0.015055 0.593625 0.281263 -0.753840 0.015055 0.593625 0.545269 -0.652597 -0.242062 0.467123 0.463183 -0.747587 -0.300175 0.369418 0.463193 -0.747595 -0.300156 0.369406
-0.003089 0.829974 -0.001363 0.284843 -0.709986 0.030723 0.643304 0.112230 -0.447473 -0.194361 0.865677 0.254349 -0.580783 -0.199309 0.747178 0.282368 -0.771088 -0.204320 0.532865 0.282368 -0.771088 -0.204320 0.532865 0.282368 -0.771088 -0.204320 0.532865 -0.168808 -0.788131 -0.011072 0.591803 0.174046 -0.877635 0.022407 0.446053 -0.279877 -0.687182 0.275608 0.611139 -0.279877 -0.687182 0.275608 0.611139 -0.279877 -0.687182 0.275608 0.611139 0.284842 -0.709986 0.030724 0.643304 0.284842 -0.709986 0.030724 0.643304 0.284842 -0.709986 0.030724 0.643304 0.284842 -0.709986 0.030724 0.643304 0.249059 -0.377690 0.143783 0.880140 0.185981 -0.247475 0.263326 0.913688 0.186005 -0.247468 0.263333 0.913684 0.284842 -0.709986 0.030724 0.643304 0.284842 -0.709986 0.030724 0.643304 0.284842 -0.709986 0.030724 0.643304 0.284843 -0.709986 0.030724 0.643304 0.532384 -0.639560 -0.257704 0.491039 0.446660 -0.740284 -0.316087 0.390593 0.446670 -0.740293 -0.316068 0.390581
-0.003066 0.838449 -0.001368 0.283017 -0.672230 0.053210 0.682039 0.086155 -0.415625 -0.161241 0.890974 0.238992 -0.563773 -0.170925 0.771898 0.255310 -0.754279 -0.204472 0.569272 0.255310 -0.754279 -0.204472 0.569272 0.255310 -0.754279 -0.204472 0.569272 -0.172121 -0.778944 -0.017322 0.602760 0.176901 -0.875341 0.030234 0.448966 -0.275599 -0.687255 0.291602 0.605552 -0.275599 -0.687255 0.291602 0.605552 -0.275599 -0.687255 0.291602 0.605552 0.283016 -0.672230 0.053210 0.682039 0.283016 -0.672230 0.053210 0.682039 0.283016 -0.672230 0.053210 0.682039 0.283016 -0.672230 0.053210 0.682039 0.250123 -0.363902 0.147626 0.884998 0.188502 -0.237873 0.266786 0.914718 0.188526 -0.237866 0.266793 0.914713 0.283016 -0.672230 0.053210 0.682039 0.283016 -0.672230 0.053210 0.682039 0.283016 -0.672230 0.053210 0.682039 0.283016 -0.672230 0.053210 0.682039 0.526617 -0.626844 -0.271700 0.505886 0.441727 -0.729129 -0.336378 0.400122 0.441737 -0.729138 -0.336359 0.400110
-0.003046 0.843198 -0.001359 0.277251 -0.644809 0.074015 0.708431 0.062679 -0.411711 -0.141958 0.898005 0.229551 -0.577037 -0.143528 0.770542 0.263875 -0.768288 -0.195755 0.549348 0.263875 -0.768288 -0.195755 0.549348 0.263875 -0.768288 -0.195755 0.549348 -0.173476 -0.769346 -0.022941 0.614400 0.182439 -0.865724 0.037798 0.464553 -0.267324 -0.674289 0.304654 0.617299 -0.267324 -0.674289 0.304654 0.617299 -0.267324 -0.674289 0.304654 0.617299 0.277251 -0.644809 0.074015 0.708431 0.277251 -0.644809 0.074015 0.708431 0.277251 -0.644809 0.074015 0.708431 0.277251 -0.644809 0.074015 0.708431 0.244748 -0.355086 0.154096 0.888970 0.184633 -0.229017 0.269237 0.917046 0.184657 -0.229009 0.269243 0.917041 0.277251 -0.644809 0.074015 0.708431 0.277251 -0.644809 0.074015 0.708431 0.277251 -0.644809 0.074015 0.708431 0.277251 -0.644809 0.074015 0.708431 0.523522 -0.615556 -0.282182 0.517097 0.439811 -0.718576 -0.352120 0.407708 0.439821 -0.718585 -0.352102 0.407697
-0.003029 0.845174 -0.001352 0.260403 -0.629204 0.099928 0.725470 0.052641 -0.398204 -0.132918 0.906088 0.225559 -0.556913 -0.133090 0.788199 0.242516 -0.737880 -0.241861 0.581569 0.242516 -0.737880 -0.241861 0.581569 0.242516 -0.737880 -0.241861 0.581569 -0.172396 -0.771037 -0.030975 0.612228 0.188965 -0.867833 0.036020 0.458106 -0.263761 -0.680971 0.300516 0.613513 -0.263761 -0.680971 0.300516 0.613513 -0.263761 -0.680971 0.300516 0.613513 0.260403 -0.629204 0.099929 0.725470 0.260403 -0.629204 0.099929 0.725470 0.260403 -0.629204 0.099929 0.725470 0.260403 -0.629204 0.099929 0.725470 0.237171 -0.334399 0.151864 0.899369 0.180514 -0.210642 0.265120 0.923448 0.180538 -0.210635 0.265125 0.923443 0.260403 -0.629204 0.099929 0.725470 0.260403 -0.629204 0.099929 0.725470 0.260403 -0.629204 0.099929 0.725470 0.260403 -0.629204 0.099929 0.725470 0.523505 -0.604118 -0.289848 0.526282 0.442185 -0.706954 -0.367480 0.411882 0.442196 -0.706964 -0.367461 0.411870
-0.002998 0.845024 -0.001316 0.235148 -0.609919 0.133209 0.744956 0.028181 -0.402369 -0.119960 0.907147 0.212127 -0.565324 -0.109320 0.789595 0.218397 -0.742293 -0.245335 0.584050 0.218397 -0.742293 -0.245335 0.584050 0.218397 -0.742293 -0.245335 0.584050 -0.171053 -0.772026 -0.034810 0.611150 0.196762 -0.867335 0.035401 0.455808 -0.265919 -0.681345 0.296835 0.613958 -0.265919 -0.681345 0.296835 0.613958 -0.265919 -0.681345 0.296835 0.613958 0.235148 -0.609919 0.133209 0.744956 0.235148 -0.609919 0.133209 0.744956 0.235148 -0.609919 0.133209 0.744956 0.235148 -0.609919 0.133209 0.744956 0.227760 -0.313825 0.141515 0.910831 0.174469 -0.197954 0.257519 0.929548 0.174493 -0.197947 0.257524 0.929543 0.235148 -0.609919 0.133209 0.744956 0.235148 -0.609919 0.133209 0.744956 0.235148 -0.609919 0.133209 0.744956 0.235148 -0.609919 0.133209 0.744956 0.520858 -0.586654 -0.298489 0.543552 0.436785 -0.695630 -0.385015 0.420810 0.436795 -0.695640 -0.384997 0.420799
-0.002957 0.843123 -0.001259 0.217452 -0.587349 0.156431 0.763718 0.014191 -0.393570 -0.112601 0.912262 0.203093 -0.558249 -0.087725 0.799635 0.206249 -0.734321 -0.243246 0.599220 0.206249 -0.734321 -0.243246 0.599220 0.206249 -0.734321 -0.243246 0.599220 -0.169067 -0.770666 -0.041862 0.612975 0.205670 -0.866996 0.034973 0.452543 -0.263244 -0.683952 0.299876 0.610726 -0.263244 -0.683952 0.299876 0.610726 -0.263244 -0.683952 0.299876 0.610726 0.217452 -0.587349 0.156431 0.763718 0.217452 -0.587349 0.156431 0.763718 0.217452 -0.587349 0.156431 0.763718 0.217452 -0.587349 0.156431 0.763718 0.218105 -0.298118 0.136132 0.919252 0.167920 -0.183870 0.250609 0.935516 0.167944 -0.183864 0.250614 0.935511 0.217452 -0.587349 0.156431 0.763718 0.217452 -0.587349 0.156431 0.763718 0.217452 -0.587349 0.156431 0.763718 0.217452 -0.587349 0.156431 0.763718 0.515641 -0.563740 -0.311045 0.565299 0.423843 -0.684047 -0.407917 0.431324 0.423854 -0.684058 -0.407899 0.431313
-0.002924 0.840642 -0.001196 0.207534 -0.569378 0.170546 0.776951 0.012985 -0.385172 -0.111689 0.915969 0.208174 -0.552827 -0.080173 0.802881 0.215565 -0.728639 -0.242508 0.603164 0.215565 -0.728639 -0.242508 0.603164 0.215565 -0.728639 -0.242508 0.603164 -0.167995 -0.766386 -0.050384 0.617974 0.217648 -0.861443 0.039920 0.457112 -0.241094 -0.684307 0.307792 0.615518 -0.241094 -0.684307 0.307792 0.615518 -0.241094 -0.684307 0.307792 0.615518 0.207533 -0.569378 0.170546 0.776951 0.207533 -0.569378 0.170546 0.776951 0.207533 -0.569378 0.170546 0.776951 0.207533 -0.569378 0.170546 0.776951 0.213114 -0.286358 0.132027 0.924743 0.164254 -0.159247 0.244292 0.942328 0.164279 -0.159241 0.244296 0.942324 0.207533 -0.569378 0.170546 0.776951 0.207533 -0.569378 0.170546 0.776951 0.207533 -0.569378 0.170546 0.776951 0.207533 -0.569378 0.170546 0.776951 0.509450 -0.541406 -0.318673 0.588037 0.411032 -0.673454 -0.428260 0.440575 0.411043 -0.673465 -0.428243 0.440564
-0.002904 0.837698 -0.001138 0.198510 -0.555482 0.182379 0.786620 0.016087 -0.380139 -0.114305 0.917698 0.215363 -0.550298 -0.077642 0.802971 0.216812 -0.724321 -0.251217 0.604352 0.216812 -0.724321 -0.251217 0.604352 0.216812 -0.724321 -0.251217 0.604352 -0.172980 -0.765417 -0.055360 0.617374 0.216073 -0.859962 0.052218 0.459402 -0.249234 -0.676883 0.317246 0.615684 -0.249234 -0.676883 0.317246 0.615684 -0.249234 -0.676883 0.317246 0.615684 0.198510 -0.555482 0.182379 0.786620 0.198510 -0.555482 0.182379 0.786620 0.198510 -0.555482 0.182379 0.786620 0.198510 -0.555482 0.182379 0.786620 0.207631 -0.274475 0.128469 0.930080 0.160529 -0.138872 0.238003 0.947787 0.160553 -0.138866 0.238006 0.947783 0.198510 -0.555482 0.182379 0.786620 0.198510 -0.555482 0.182379 0.786620 0.198510 -0.555482 0.182379 0.786620 0.198510 -0.555482 0.182379 0.786620 0.502447 -0.520849 -0.322464 0.610147 0.396821 -0.666005 -0.440315 0.452871 0.396833 -0.666017 -0.440298 0.452861
-0.002897 0.833186 -0.001094 0.193165 -0.541975 0.190410 0.795421 0.021812 -0.372975 -0.118565 0.919976 0.223230 -0.546426 -0.076291 0.803596 0.221982 -0.719166 -0.255699 0.606747 0.221982 -0.719166 -0.255699 0.606747 0.221982 -0.719166 -0.255699 0.606747 -0.177149 -0.764327 -0.058389 0.617262 0.213625 -0.857939 0.067165 0.462379 -0.255483 -0.668419 0.333486 0.613785 -0.255483 -0.668419 0.333486 0.613785 -0.255483 -0.668419 0.333486 0.613785 0.193165 -0.541975 0.190411 0.795421 0.193165 -0.541975 0.190411 0.795421 0.193165 -0.541975 0.190411 0.795421 0.193165 -0.541975 0.190411 0.795421 0.204011 -0.265110 0.126559 0.933852 0.158368 -0.123318 0.233218 0.951484 0.158393 -0.123312 0.233221 0.951480 0.193165 -0.541975 0.190411 0.795421 0.193165 -0.541975 0.190411 0.795421 0.193165 -0.541975 0.190411 0.795421 0.193165 -0.541975 0.190411 0.795421 0.494303 -0.501776 -0.324078 0.631553 0.385017 -0.657355 -0.452411 0.463650 0.385029 -0.657367 -0.452394 0.463640
-0.002896 0.826886 -0.001069 0.188518 -0.537472 0.195047 0.798462 0.017780 -0.369923 -0.118663 0.921282 0.216784 -0.541675 -0.068036 0.809299 0.211030 -0.712935 -0.250313 0.620108 0.211030 -0.712935 -0.250313 0.620108 0.211030 -0.712935 -0.250313 0.620108 -0.178161 -0.765904 -0.065076 0.614341 0.216406 -0.860190 0.067254 0.456857 -0.253708 -0.673188 0.332429 0.609870 -0.253708 -0.673188 0.332429 0.609870 -0.253708 -0.673188 0.332429 0.609870 0.188518 -0.537472 0.195048 0.798462 0.188518 -0.537472 0.195048 0.798462 0.188518 -0.537472 0.195048 0.798462 0.188518 -0.537472 0.195047 0.798462 0.200752 -0.265466 0.125894 0.934547 0.156643 -0.130136 0.229938 0.951660 0.156668 -0.130130 0.229941 0.951656 0.188518 -0.537472 0.195048 0.798462 0.188518 -0.537472 0.195048 0.798462 0.188518 -0.537472 0.195048 0.798462 0.188518 -0.537472 0.195047 0.798462 0.490509 -0.492016 -0.325109 0.641581 0.381335 -0.650688 -0.462753 0.465884 0.381347 -0.650700 -0.462736 0.465874
-0.002895 0.820211 -0.001059 0.186291 -0.537660 0.196539 0.798493 0.008202 -0.369756 -0.115553 0.921879 0.205652 -0.539130 -0.057945 0.814671 0.194407 -0.710085 -0.242710 0.631726 0.194407 -0.710085 -0.242710 0.631726 0.194407 -0.710085 -0.242710 0.631726 -0.178121 -0.766703 -0.070011 0.612812 0.223323 -0.860847 0.061503 0.453086 -0.254658 -0.677825 0.323286 0.609252 -0.254658 -0.677825 0.323286 0.609252 -0.254658 -0.677825 0.323286 0.609252 0.186290 -0.537660 0.196539 0.798493 0.186290 -0.537660 0.196539 0.798493 0.186290 -0.537660 0.196539 0.798493 0.186290 -0.537660 0.196539 0.798493 0.199069 -0.267519 0.125876 0.934324 0.156800 -0.143900 0.227226 0.950303 0.156825 -0.143894 0.227229 0.950298 0.186290 -0.537660 0.196539 0.798493 0.186290 -0.537660 0.196539 0.798493 0.186290 -0.537660 0.196539 0.798493 0.186290 -0.537660 0.196539 0.798493 0.488976 -0.489296 -0.323657 0.645553 0.374370 -0.655311 -0.456916 0.470789 0.374382 -0.655323 -0.456899 0.470779
-0.002895 0.814607 -0.001058 0.185188 -0.540127 0.196499 0.797093 0.001915 -0.372445 -0.114188 0.921001 0.196589 -0.539832 -0.048792 0.817040 0.183279 -0.710326 -0.235990 0.637302 0.183279 -0.710326 -0.235990 0.637302 0.183279 -0.710326 -0.235990 0.637302 -0.179133 -0.763470 -0.073405 0.616147 0.233913 -0.856313 0.053165 0.457369 -0.239008 -0.677835 0.322936 0.615733 -0.239008 -0.677835 0.322936 0.615733 -0.239008 -0.677835 0.322936 0.615733 0.185187 -0.540127 0.196499 0.797093 0.185187 -0.540127 0.196499 0.797093 0.185187 -0.540127 0.196499 0.797093 0.185187 -0.540127 0.196499 0.797093 0.198126 -0.269388 0.125846 0.933991 0.157030 -0.157051 0.226426 0.948371 0.157055 -0.157045 0.226431 0.948367 0.185187 -0.540127 0.196499 0.797093 0.185187 -0.540127 0.196499 0.797093 0.185187 -0.540127 0.196499 0.797093 0.185187 -0.540127 0.196499 0.797093 0.490500 -0.490684 -0.325003 0.642660 0.373977 -0.657277 -0.465404 0.459920 0.373989 -0.657289 -0.465387 0.459911
-0.002895 0.810475 -0.001062 0.185180 -0.543097 0.195528 0.795313 0.000014 -0.373986 -0.114582 0.920329 0.195342 -0.539330 -0.043863 0.817949 0.177554 -0.709828 -0.237671 0.638851 0.177554 -0.709828 -0.237671 0.638851 0.177554 -0.709828 -0.237671 0.638851 -0.178763 -0.765834 -0.076584 0.612924 0.232168 -0.860975 0.044114 0.450417 -0.249961 -0.679775 0.317180 0.612227 -0.249961 -0.679775 0.317180 0.612227 -0.249961 -0.679775 0.317180 0.612227 0.185180 -0.543097 0.195528 0.795313 0.185180 -0.543097 0.195528 0.795313 0.185180 -0.543097 0.195528 0.795313 0.185180 -0.543097 0.195528 0.795313 0.197761 -0.270488 0.126148 0.933710 0.157746 -0.167891 0.225811 0.946540 0.157770 -0.167885 0.225815 0.946536 0.185180 -0.543097 0.195528 0.795313 0.185180 -0.543097 0.195528 0.795313 0.185180 -0.543097 0.195528 0.795313 0.185180 -0.543097 0.195528 0.795313 0.492068 -0.491973 -0.325099 0.640424 0.373426 -0.659851 -0.466456 0.455596 0.373438 -0.659863 -0.466439 0.455586
-0.002881 0.807720 -0.001064 0.186655 -0.553208 0.194371 0.788252 -0.002737 -0.383705 -0.113734 0.916421 0.191637 -0.548311 -0.040347 0.813021 0.178121 -0.717993 -0.231026 0.631970 0.178121 -0.717993 -0.231026 0.631970 0.178121 -0.717993 -0.231026 0.631970 -0.165558 -0.742529 -0.101729 0.641009 0.213181 -0.865841 0.022977 0.452046 -0.260277 -0.681584 0.292703 0.618082 -0.260276 -0.681583 0.292703 0.618082 -0.260276 -0.681583 0.292703 0.618082 0.186654 -0.553208 0.194372 0.788252 0.186654 -0.553208 0.194372 0.788252 0.186654 -0.553208 0.194372 0.788252 0.186654 -0.553208 0.194372 0.788252 0.199713 -0.269837 0.125244 0.933604 0.160521 -0.174974 0.225200 0.944935 0.160545 -0.174968 0.225205 0.944931 0.186654 -0.553208 0.194372 0.788252 0.186654 -0.553208 0.194372 0.788252 0.186654 -0.553208 0.194372 0.788252 0.186654 -0.553208 0.194372 0.788252 0.498823 -0.494032 -0.323056 0.634620 0.389385 -0.651038 -0.459595 0.461845 0.389397 -0.651050 -0.459578 0.461835
-0.002860 0.806271 -0.001061 0.189411 -0.564630 0.193001 0.779787 -0.004186 -0.392110 -0.112908 0.912954 0.190206 -0.553652 -0.036171 0.809928 0.184212 -0.723240 -0.218867 0.628560 0.184212 -0.723240 -0.218867 0.628560 0.184212 -0.723240 -0.218867 0.628560 -0.145128 -0.726556 -0.114672 0.661743 0.239900 -0.860802 0.021232 0.448350 -0.240606 -0.696323 0.289221 0.611224 -0.240606 -0.696323 0.289221 0.611224 -0.240606 -0.696323 0.289221 0.611224 0.189410 -0.564630 0.193002 0.779787 0.189410 -0.564630 0.193002 0.779787 0.189410 -0.564630 0.193002 0.779787 0.189410 -0.564630 0.193001 0.779787 0.203060 -0.267733 0.124269 0.933618 0.164462 -0.180069 0.225471 0.943234 0.164486 -0.180064 0.225476 0.943230 0.189410 -0.564630 0.193002 0.779787 0.189410 -0.564630 0.193002 0.779787 0.189410 -0.564630 0.193002 0.779787 0.189410 -0.564630 0.193001 0.779787 0.509714 -0.499398 -0.325059 0.620588 0.405677 -0.645663 -0.456993 0.457933 0.405688 -0.645675 -0.456977 0.457922
-0.002835 0.805768 -0.001056 0.198700 -0.579151 0.185487 0.768568 -0.008400 -0.400190 -0.109990 0.909769 0.185818 -0.558641 -0.036491 0.807502 0.181833 -0.726766 -0.212934 0.627222 0.181833 -0.726766 -0.212934 0.627222 0.181833 -0.726766 -0.212934 0.627222 -0.147731 -0.722825 -0.111756 0.665741 0.244350 -0.861571 0.023567 0.444334 -0.222398 -0.710305 0.289433 0.601859 -0.222398 -0.710305 0.289433 0.601859 -0.222398 -0.710305 0.289433 0.601859 0.198700 -0.579152 0.185488 0.768568 0.198700 -0.579152 0.185488 0.768568 0.198700 -0.579152 0.185488 0.768568 0.198700 -0.579152 0.185488 0.768568 0.212200 -0.259721 0.122072 0.934138 0.173953 -0.174894 0.226417 0.942278 0.173977 -0.174888 0.226421 0.942274 0.198700 -0.579152 0.185488 0.768568 0.198700 -0.579152 0.185488 0.768568 0.198700 -0.579152 0.185488 0.768568 0.198700 -0.579152 0.185488 0.768568 0.520962 -0.506804 -0.320636 0.607405 0.429466 -0.637038 -0.456696 0.448520 0.429478 -0.637049 -0.456680 0.448509
-0.002809 0.805963 -0.001051 0.209459 -0.593451 0.175541 0.757053 -0.012595 -0.403792 -0.105824 0.908623 0.182258 -0.556658 -0.034270 0.809778 0.179101 -0.724296 -0.204778 0.633549 0.179101 -0.724296 -0.204778 0.633549 0.179101 -0.724296 -0.204778 0.633549 -0.147890 -0.724777 -0.103402 0.664933 0.241998 -0.862719 0.017703 0.443665 -0.233505 -0.709975 0.278035 0.603414 -0.233505 -0.709975 0.278035 0.603414 -0.233505 -0.709975 0.278035 0.603414 0.209459 -0.593451 0.175541 0.757052 0.209459 -0.593451 0.175541 0.757052 0.209459 -0.593451 0.175541 0.757052 0.209459 -0.593451 0.175541 0.757052 0.221830 -0.249465 0.120769 0.934866 0.184161 -0.166425 0.227692 0.941565 0.184185 -0.166419 0.227696 0.941560 0.209459 -0.593451 0.175541 0.757052 0.209459 -0.593451 0.175541 0.757052 0.209459 -0.593451 0.175541 0.757052 0.209459 -0.593451 0.175541 0.757052 0.532186 -0.513521 -0.317520 0.593511 0.452374 -0.628175 -0.453429 0.441765 0.452385 -0.628187 -0.453413 0.441753
-0.002785 0.806931 -0.001044 0.217718 -0.609023 0.165681 0.744473 -0.017146 -0.411065 -0.102816 0.905627 0.175209 -0.560096 -0.031641 0.809069 0.172456 -0.727475 -0.199655 0.633385 0.172456 -0.727475 -0.199655 0.633385 0.172456 -0.727475 -0.199655 0.633385 -0.142536 -0.726854 -0.100949 0.664211 0.241529 -0.862247 0.012005 0.445027 -0.242193 -0.703011 0.277377 0.608425 -0.242193 -0.703011 0.277377 0.608425 -0.242193 -0.703011 0.277377 0.608425 0.217717 -0.609023 0.165681 0.744473 0.217717 -0.609023 0.165681 0.744473 0.217717 -0.609023 0.165681 0.744473 0.217717 -0.609023 0.165681 0.744473 0.230020 -0.240554 0.118688 0.935488 0.192348 -0.159141 0.229948 0.940638 0.192372 -0.159135 0.229953 0.940633 0.217717 -0.609023 0.165681 0.744473 0.217717 -0.609023 0.165681 0.744473 0.217717 -0.609023 0.165681 0.744473 0.217718 -0.609023 0.165681 0.744473 0.540506 -0.524219 -0.310737 0.580077 0.470130 -0.626970 -0.445476 0.432940 0.470141 -0.626982 -0.445460 0.432928
-0.002764 0.808398 -0.001037 0.223163 -0.623398 0.157390 0.732667 -0.021382 -0.418791 -0.099417 0.902371 0.169939 -0.563869 -0.030440 0.807618 0.164763 -0.730033 -0.199956 0.632395 0.164763 -0.730033 -0.199956 0.632395 0.164763 -0.730033 -0.199956 0.632395 -0.136877 -0.731697 -0.099992 0.660216 0.242368 -0.865262 0.006917 0.438784 -0.247946 -0.705280 0.271961 0.605920 -0.247946 -0.705280 0.271961 0.605920 -0.247946 -0.705280 0.271961 0.605920 0.223162 -0.623398 0.157391 0.732667 0.223162 -0.623398 0.157391 0.732667 0.223162 -0.623398 0.157391 0.732667 0.223162 -0.623398 0.157391 0.732667 0.237073 -0.233356 0.115344 0.935969 0.198823 -0.153743 0.232949 0.939451 0.198848 -0.153737 0.232953 0.939445 0.223162 -0.623398 0.157391 0.732667 0.223162 -0.623398 0.157391 0.732667 0.223162 -0.623398 0.157391 0.732667 0.223162 -0.623398 0.157391 0.732667 0.546992 -0.534322 -0.304685 0.567862 0.482525 -0.629292 -0.435068 0.426471 0.482536 -0.629303 -0.435052 0.426459
-0.002754 0.809834 -0.001035 0.228807 -0.636414 0.147568 0.721698 -0.021840 -0.421833 -0.097112 0.901193 0.168934 -0.561168 -0.033973 0.809566 0.157772 -0.721810 -0.202222 0.642810 0.157772 -0.721810 -0.202222 0.642810 0.157772 -0.721810 -0.202222 0.642810 -0.132065 -0.735301 -0.097778 0.657519 0.242251 -0.866300 0.004715 0.436825 -0.249403 -0.705665 0.269118 0.606144 -0.249403 -0.705665 0.269118 0.606144 -0.249403 -0.705665 0.269118 0.606144 0.228807 -0.636414 0.147568 0.721698 0.228807 -0.636414 0.147568 0.721698 0.228807 -0.636414 0.147568 0.721698 0.228807 -0.636414 0.147568 0.721698 0.244525 -0.231995 0.112559 0.934728 0.204742 -0.152465 0.237039 0.937362 0.204766 -0.152459 0.237043 0.937357 0.228807 -0.636414 0.147568 0.721698 0.228807 -0.636414 0.147568 0.721698 0.228807 -0.636414 0.147568 0.721698 0.228807 -0.636414 0.147568 0.721698 0.551451 -0.543962 -0.298812 0.557421 0.489132 -0.635661 -0.422807 0.421804 0.489143 -0.635672 -0.422791 0.421792
-0.002754 0.810998 -0.001041 0.233313 -0.647406 0.138187 0.712274 -0.017466 -0.432437 -0.098591 0.896087 0.171675 -0.572681 -0.038131 0.800694 0.162076 -0.731582 -0.207938 0.628714 0.162076 -0.731582 -0.207938 0.628714 0.162076 -0.731582 -0.207938 0.628714 -0.128302 -0.738255 -0.094682 0.655403 0.239042 -0.866783 0.005607 0.437624 -0.253838 -0.702215 0.269892 0.607963 -0.253837 -0.702215 0.269892 0.607963 -0.253837 -0.702215 0.269892 0.607963 0.233313 -0.647406 0.138187 0.712274 0.233313 -0.647406 0.138187 0.712274 0.233313 -0.647406 0.138187 0.712274 0.233313 -0.647406 0.138187 0.712274 0.250825 -0.234192 0.110191 0.932791 0.208784 -0.152113 0.241735 0.935326 0.208809 -0.152107 0.241739 0.935321 0.233313 -0.647406 0.138187 0.712274 0.233313 -0.647406 0.138187 0.712274 0.233313 -0.647406 0.138187 0.712274 0.233313 -0.647406 0.138187 0.712274 0.554211 -0.551878 -0.293936 0.549439 0.494564 -0.640067 -0.413773 0.417747 0.494575 -0.640078 -0.413756 0.417734
-0.002776 0.811863 -0.001054 0.237832 -0.660825 0.127909 0.700275 -0.013813 -0.440451 -0.103824 0.891646 0.164019 -0.578549 -0.044222 0.797761 0.147791 -0.733811 -0.217679 0.626334 0.147791 -0.733811 -0.217679 0.626334 0.147791 -0.733811 -0.217679 0.626334 -0.124525 -0.743994 -0.091915 0.650014 0.236211 -0.870648 0.007452 0.431418 -0.251701 -0.708014 0.272846 0.600765 -0.251701 -0.708014 0.272846 0.600765 -0.251701 -0.708014 0.272846 0.600765 0.237832 -0.660826 0.127909 0.700275 0.237832 -0.660826 0.127909 0.700275 0.237832 -0.660826 0.127909 0.700275 0.237832 -0.660826 0.127909 0.700275 0.257541 -0.235265 0.107684 0.930982 0.213268 -0.148027 0.246076 0.933837 0.213292 -0.148021 0.246079 0.933831 0.237832 -0.660826 0.127909 0.700275 0.237832 -0.660826 0.127909 0.700275 0.237832 -0.660826 0.127909 0.700275 0.237832 -0.660826 0.127909 0.700275 0.556281 -0.562712 -0.286068 0.540436 0.495398 -0.651786 -0.396497 0.415387 0.495409 -0.651796 -0.396480 0.415374
-0.002810 0.812495 -0.001073 0.242167 -0.673790 0.117862 0.688092 -0.005958 -0.453453 -0.106180 0.884913 0.172192 -0.594687 -0.055394 0.783344 0.150221 -0.741940 -0.246249 0.605244 0.150221 -0.741940 -0.246249 0.605244 0.150221 -0.741940 -0.246249 0.605244 -0.122738 -0.748724 -0.088436 0.645389 0.229455 -0.873153 0.010761 0.429929 -0.268664 -0.702167 0.269986 0.601572 -0.268664 -0.702167 0.269986 0.601572 -0.268664 -0.702167 0.269986 0.601572 0.242167 -0.673790 0.117862 0.688092 0.242167 -0.673790 0.117862 0.688092 0.242167 -0.673790 0.117862 0.688092 0.242167 -0.673790 0.117862 0.688092 0.264096 -0.236126 0.105555 0.929169 0.217694 -0.145052 0.250668 0.932059 0.217719 -0.145045 0.250672 0.932054 0.242167 -0.673790 0.117862 0.688092 0.242167 -0.673790 0.117862 0.688092 0.242167 -0.673790 0.117862 0.688092 0.242167 -0.673790 0.117862 0.688092 0.557841 -0.572960 -0.278215 0.532097 0.497012 -0.661484 -0.381322 0.412325 0.497022 -0.661494 -0.381305 0.412312
-0.002844 0.812947 -0.001099 0.245841 -0.681936 0.110203 0.679986 -0.001615 -0.458047 -0.112095 0.881831 0.173916 -0.596134 -0.063703 0.781229 0.142562 -0.738442 -0.263141 0.604265 0.142562 -0.738442 -0.263141 0.604265 0.142562 -0.738442 -0.263141 0.604265 -0.121147 -0.751607 -0.083250 0.643024 0.225586 -0.873593 0.015251 0.430945 -0.280722 -0.696268 0.270417 0.602728 -0.280722 -0.696268 0.270417 0.602728 -0.280722 -0.696268 0.270417 0.602728 0.245841 -0.681936 0.110203 0.679986 0.245841 -0.681936 0.110203 0.679986 0.245841 -0.681936 0.110203 0.679986 0.245841 -0.681936 0.110203 0.679986 0.269256 -0.237560 0.104260 0.927468 0.220988 -0.142825 0.254626 0.930554 0.221012 -0.142818 0.254630 0.930548 0.245841 -0.681936 0.110203 0.679986 0.245841 -0.681936 0.110203 0.679986 0.245841 -0.681936 0.110203 0.679986 0.245841 -0.681936 0.110203 0.679986 0.557381 -0.581228 -0.271933 0.526833 0.493732 -0.672164 -0.366438 0.412490 0.493742 -0.672173 -0.366420 0.412477
-0.002875 0.813352 -0.001129 0.248936 -0.686088 0.104649 0.675546 0.001478 -0.459427 -0.113606 0.880919 0.179478 -0.592643 -0.063748 0.782623 0.148470 -0.732788 -0.259222 0.611377 0.148470 -0.732788 -0.259222 0.611377 0.148470 -0.732788 -0.259222 0.611377 -0.120638 -0.752475 -0.077546 0.642818 0.222180 -0.873937 0.019399 0.431848 -0.290760 -0.693056 0.268738 0.602422 -0.290760 -0.693056 0.268738 0.602422 -0.290760 -0.693056 0.268738 0.602422 0.248936 -0.686088 0.104649 0.675546 0.248936 -0.686088 0.104649 0.675546 0.248936 -0.686088 0.104649 0.675546 0.248936 -0.686088 0.104649 0.675546 0.272686 -0.240224 0.104057 0.925801 0.222626 -0.142500 0.258463 0.929155 0.222650 -0.142493 0.258466 0.929149 0.248936 -0.686088 0.104649 0.675546 0.248936 -0.686088 0.104649 0.675546 0.248936 -0.686088 0.104649 0.675546 0.248936 -0.686088 0.104649 0.675546 0.555919 -0.587268 -0.267742 0.523818 0.490938 -0.679087 -0.355757 0.413833 0.490949 -0.679096 -0.355739 0.413821
-0.002910 0.814069 -0.001160 0.255329 -0.686934 0.096004 0.673582 0.010301 -0.457941 -0.123282 0.880333 0.186730 -0.593450 -0.076743 0.779140 0.153011 -0.731490 -0.272864 0.605851 0.153011 -0.731490 -0.272864 0.605851 0.153011 -0.731490 -0.272864 0.605851 -0.120694 -0.750310 -0.074059 0.645743 0.218871 -0.872928 0.020912 0.435495 -0.294985 -0.688868 0.271403 0.603975 -0.294985 -0.688868 0.271403 0.603975 -0.294985 -0.688868 0.271403 0.603975 0.255329 -0.686934 0.096004 0.673581 0.255329 -0.686934 0.096004 0.673581 0.255329 -0.686934 0.096004 0.673581 0.255329 -0.686934 0.096004 0.673582 0.277387 -0.249108 0.105479 0.921887 0.224888 -0.145076 0.261735 0.927293 0.224912 -0.145069 0.261739 0.927288 0.255329 -0.686934 0.096004 0.673581 0.255329 -0.686934 0.096004 0.673581 0.255329 -0.686934 0.096004 0.673581 0.255329 -0.686934 0.096004 0.673582 0.553774 -0.592510 -0.266649 0.520735 0.485509 -0.686447 -0.348189 0.414530 0.485520 -0.686456 -0.348172 0.414518
-0.002951 0.815137 -0.001190 0.262061 -0.685795 0.087400 0.673329 0.018641 -0.460265 -0.131299 0.877821 0.189686 -0.602362 -0.083620 0.770836 0.156776 -0.741005 -0.288473 0.585762 0.156776 -0.741005 -0.288473 0.585762 0.156776 -0.741005 -0.288473 0.585762 -0.121470 -0.746824 -0.071079 0.649959 0.216152 -0.871380 0.020083 0.439967 -0.295283 -0.686355 0.271905 0.606459 -0.295283 -0.686355 0.271905 0.606459 -0.295283 -0.686355 0.271905 0.606459 0.262060 -0.685795 0.087401 0.673328 0.262060 -0.685795 0.087401 0.673328 0.262060 -0.685795 0.087401 0.673328 0.262060 -0.685795 0.087401 0.673328 0.280381 -0.260945 0.108512 0.917344 0.225026 -0.149070 0.265433 0.925574 0.225050 -0.149063 0.265437 0.925568 0.262060 -0.685795 0.087401 0.673328 0.262060 -0.685795 0.087401 0.673328 0.262060 -0.685795 0.087401 0.673328 0.262060 -0.685795 0.087401 0.673328 0.550803 -0.597740 -0.266723 0.517863 0.480718 -0.692200 -0.343228 0.414685 0.480728 -0.692209 -0.343210 0.414673
-0.002999 0.817361 -0.001225 0.269791 -0.684393 0.075899 0.673096 -0.003675 -0.504319 -0.112045 0.856209 0.192153 -0.620126 -0.092754 0.754929 0.156362 -0.749307 -0.295998 0.571380 0.156362 -0.749307 -0.295998 0.571380 0.156362 -0.749307 -0.295998 0.571380 -0.124161 -0.742908 -0.068920 0.654157 0.212616 -0.871003 0.018998 0.442479 -0.293756 -0.687609 0.270171 0.606555 -0.293756 -0.687609 0.270171 0.606555 -0.293756 -0.687609 0.270171 0.606555 0.269791 -0.684393 0.075899 0.673096 0.269791 -0.684393 0.075899 0.673096 0.269791 -0.684393 0.075899 0.673096 0.269791 -0.684393 0.075899 0.673096 0.282496 -0.278110 0.112203 0.911187 0.224545 -0.156367 0.266231 0.924256 0.224569 -0.156360 0.266235 0.924251 0.269791 -0.684393 0.075899 0.673096 0.269791 -0.684393 0.075899 0.673096 0.269791 -0.684393 0.075899 0.673096 0.269791 -0.684393 0.075899 0.673096 0.547141 -0.603776 -0.268633 0.513738 0.473974 -0.699261 -0.339663 0.413536 0.473985 -0.699269 -0.339645 0.413524
-0.003048 0.820058 -0.001258 0.275800 -0.683379 0.065781 0.672756 0.033371 -0.499718 -0.140554 0.854057 0.214249 -0.618560 -0.114050 0.747311 0.182371 -0.745858 -0.297422 0.567430 0.182371 -0.745858 -0.297422 0.567430 0.182371 -0.745858 -0.297422 0.567430 -0.127535 -0.740549 -0.066507 0.656428 0.209605 -0.871511 0.017296 0.442985 -0.292000 -0.690938 0.267061 0.604995 -0.292000 -0.690938 0.267062 0.604995 -0.292000 -0.690938 0.267062 0.604995 0.275800 -0.683379 0.065781 0.672756 0.275800 -0.683379 0.065781 0.672756 0.275800 -0.683379 0.065781 0.672756 0.275800 -0.683379 0.065781 0.672756 0.281874 -0.295422 0.116345 0.905393 0.222349 -0.164402 0.264754 0.923817 0.222373 -0.164395 0.264758 0.923811 0.275800 -0.683379 0.065781 0.672756 0.275800 -0.683379 0.065781 0.672756 0.275800 -0.683379 0.065781 0.672756 0.275800 -0.683379 0.065781 0.672756 0.543692 -0.609568 -0.271025 0.509286 0.467515 -0.705925 -0.337836 0.411056 0.467525 -0.705934 -0.337818 0.411044
-0.003092 0.823593 -0.001295 0.278843 -0.686474 0.056859 0.669154 0.047199 -0.504707 -0.149091 0.849008 0.220600 -0.625273 -0.115066 0.739682 0.204861 -0.754616 -0.281900 0.555985 0.204861 -0.754616 -0.281900 0.555985 0.204861 -0.754616 -0.281900 0.555985 -0.131283 -0.738102 -0.064280 0.658664 0.208125 -0.871624 0.015472 0.443527 -0.286102 -0.695568 0.265425 0.603224 -0.286102 -0.695568 0.265425 0.603224 -0.286102 -0.695568 0.265425 0.603224 0.278842 -0.686475 0.056859 0.669154 0.278842 -0.686475 0.056859 0.669154 0.278842 -0.686475 0.056859 0.669154 0.278842 -0.686474 0.056859 0.669154 0.279575 -0.310584 0.119050 0.900668 0.218565 -0.170418 0.263294 0.924047 0.218589 -0.170411 0.263298 0.924042 0.278842 -0.686475 0.056859 0.669154 0.278842 -0.686475 0.056859 0.669154 0.278842 -0.686475 0.056859 0.669154 0.278842 -0.686474 0.056859 0.669154 0.540528 -0.617542 -0.271532 0.502734 0.464394 -0.711801 -0.335013 0.406748 0.464404 -0.711810 -0.334995 0.406736
-0.003126 0.827497 -0.001330 0.280417 -0.690372 0.049677 0.665045 0.056419 -0.505547 -0.149155 0.847934 0.229208 -0.613531 -0.120019 0.746082 0.219138 -0.746489 -0.259258 0.572291 0.219138 -0.746489 -0.259258 0.572291 0.219138 -0.746489 -0.259258 0.572291 -0.133992 -0.738646 -0.061746 0.657751 0.207705 -0.872793 0.013304 0.441491 -0.280070 -0.701836 0.261628 0.600448 -0.280070 -0.701836 0.261628 0.600448 -0.280070 -0.701836 0.261628 0.600448 0.280417 -0.690372 0.049677 0.665045 0.280417 -0.690372 0.049677 0.665045 0.280417 -0.690372 0.049677 0.665045 0.280417 -0.690372 0.049677 0.665045 0.277072 -0.322720 0.120642 0.896955 0.215333 -0.174664 0.260742 0.924737 0.215357 -0.174657 0.260747 0.924731 0.280417 -0.690372 0.049677 0.665045 0.280417 -0.690372 0.049677 0.665045 0.280417 -0.690372 0.049677 0.665045 0.280417 -0.690372 0.049677 0.665045 0.537493 -0.625518 -0.271187 0.496271 0.462966 -0.716496 -0.332024 0.402562 0.462976 -0.716505 -0.332005 0.402550
-0.003160 0.831411 -0.001358 0.280359 -0.701925 0.041112 0.653460 0.045818 -0.537052 -0.152724 0.828343 0.238459 -0.621648 -0.151151 0.730647 0.216178 -0.745222 -0.286207 0.562136 0.216178 -0.745222 -0.286207 0.562136 0.216178 -0.745222 -0.286207 0.562136 -0.141356 -0.744279 -0.060757 0.649905 0.207148 -0.879052 0.012349 0.429190 -0.278921 -0.715708 0.252839 0.588249 -0.278921 -0.715708 0.252839 0.588249 -0.278921 -0.715708 0.252839 0.588249 0.280359 -0.701925 0.041112 0.653460 0.280359 -0.701925 0.041112 0.653460 0.280359 -0.701925 0.041112 0.653460 0.280359 -0.701925 0.041112 0.653460 0.274898 -0.333233 0.120589 0.893781 0.212854 -0.182911 0.257944 0.924501 0.212878 -0.182905 0.257949 0.924495 0.280359 -0.701925 0.041112 0.653460 0.280359 -0.701925 0.041112 0.653460 0.280359 -0.701925 0.041112 0.653460 0.280359 -0.701925 0.041112 0.653460 0.536826 -0.634883 -0.268209 0.486627 0.466358 -0.720124 -0.325809 0.397215 0.466368 -0.720133 -0.325790 0.397203
-0.003186 0.834637 -0.001376 0.280155 -0.715238 0.033506 0.639395 0.062341 -0.560571 -0.186183 0.804494 0.242932 -0.663493 -0.162067 0.688836 0.236954 -0.785845 -0.269131 0.503853 0.236954 -0.785845 -0.269131 0.503853 0.236954 -0.785845 -0.269131 0.503853 -0.151313 -0.749950 -0.059122 0.641236 0.213180 -0.880782 0.013098 0.422618 -0.264176 -0.726126 0.252106 0.582576 -0.264176 -0.726126 0.252106 0.582576 -0.264176 -0.726126 0.252106 0.582576 0.280155 -0.715238 0.033506 0.639395 0.280155 -0.715238 0.033506 0.639395 0.280155 -0.715238 0.033506 0.639395 0.280155 -0.715238 0.033506 0.639395 0.272875 -0.343347 0.120956 0.890518 0.210989 -0.196734 0.255454 0.922780 0.211013 -0.196728 0.255459 0.922774 0.280155 -0.715238 0.033506 0.639395 0.280155 -0.715238 0.033506 0.639395 0.280155 -0.715238 0.033506 0.639395 0.280155 -0.715238 0.033506 0.639395 0.539348 -0.641618 -0.265504 0.476379 0.475435 -0.719834 -0.325374 0.387210 0.475445 -0.719843 -0.325355 0.387197
-0.003210 0.836993 -0.001386 0.279871 -0.731319 0.027309 0.621368 0.073156 -0.572477 -0.211943 0.788669 0.262377 -0.673238 -0.186182 0.665766 0.249978 -0.803157 -0.264029 0.471951 0.249978 -0.803157 -0.264029 0.471951 0.249978 -0.803157 -0.264029 0.471951 -0.160631 -0.759763 -0.058658 0.627309 0.216376 -0.887793 0.008933 0.406111 -0.254633 -0.745612 0.236914 0.568416 -0.254633 -0.745612 0.236914 0.568416 -0.254633 -0.745612 0.236914 0.568416 0.279871 -0.731320 0.027310 0.621368 0.279871 -0.731320 0.027310 0.621368 0.279871 -0.731320 0.027310 0.621368 0.279871 -0.731320 0.027310 0.621368 0.270479 -0.355784 0.122589 0.886132 0.208583 -0.213561 0.253572 0.920101 0.208607 -0.213555 0.253577 0.920096 0.279871 -0.731320 0.027310 0.621368 0.279871 -0.731320 0.027310 0.621368 0.279871 -0.731320 0.027310 0.621368 0.279871 -0.731320 0.027310 0.621368 0.547307 -0.645841 -0.264019 0.462210 0.487068 -0.719638 -0.331113 0.367763 0.487078 -0.719647 -0.331094 0.367751
-0.003228 0.837827 -0.001392 0.279200 -0.746647 0.023213 0.603346 0.083982 -0.582243 -0.241616 0.771726 0.277034 -0.686237 -0.227007 0.633087 0.262528 -0.818174 -0.288249 0.422591 0.262528 -0.818174 -0.288249 0.422591 0.262528 -0.818174 -0.288249 0.422591 -0.169236 -0.768515 -0.057851 0.614326 0.216023 -0.895964 0.002608 0.388040 -0.251817 -0.764025 0.218433 0.552396 -0.251817 -0.764025 0.218433 0.552396 -0.251817 -0.764025 0.218433 0.552396 0.279200 -0.746647 0.023213 0.603346 0.279200 -0.746647 0.023213 0.603346 0.279200 -0.746647 0.023213 0.603346 0.279200 -0.746647 0.023213 0.603346 0.269115 -0.366056 0.123799 0.882187 0.207544 -0.228634 0.251505 0.917277 0.207568 -0.228628 0.251511 0.917272 0.279200 -0.746647 0.023213 0.603346 0.279200 -0.746647 0.023213 0.603346 0.279200 -0.746647 0.023213 0.603346 0.279200 -0.746647 0.023213 0.603346 0.557192 -0.647318 -0.262149 0.449215 0.495819 -0.720916 -0.335648 0.348975 0.495829 -0.720925 -0.335629 0.348962
-0.003236 0.837115 -0.001390 0.279547 -0.760495 0.018155 0.585808 0.097354 -0.593445 -0.283461 0.746990 0.279533 -0.704277 -0.263901 0.596834 0.260762 -0.836630 -0.305003 0.372863 0.260762 -0.836630 -0.305003 0.372863 0.260762 -0.836630 -0.305003 0.372863 -0.172521 -0.773851 -0.058567 0.606598 0.220619 -0.898257 -0.012338 0.379881 -0.246264 -0.771762 0.200707 0.550868 -0.246264 -0.771762 0.200707 0.550868 -0.246264 -0.771762 0.200707 0.550868 0.279547 -0.760495 0.018155 0.585808 0.279547 -0.760495 0.018155 0.585808 0.279547 -0.760495 0.018155 0.585808 0.279547 -0.760495 0.018155 0.585808 0.266441 -0.373745 0.126911 0.879328 0.205047 -0.238190 0.251122 0.915510 0.205070 -0.238184 0.251128 0.915505 0.279547 -0.760495 0.018155 0.585808 0.279547 -0.760495 0.018155 0.585808 0.279547 -0.760495 0.018155 0.585808 0.279547 -0.760495 0.018155 0.585808 0.565863 -0.648050 -0.259039 0.439010 0.504056 -0.721154 -0.337984 0.334112 0.504064 -0.721163 -0.337965 0.334099
-0.003233 0.835382 -0.001379 0.280424 -0.771421 0.013647 0.571039 0.113165 -0.598149 -0.330730 0.721130 0.271340 -0.721000 -0.291312 0.567160 0.250940 -0.853363 -0.307764 0.337761 0.250940 -0.853363 -0.307764 0.337761 0.250940 -0.853363 -0.307764 0.337761 -0.174048 -0.784746 -0.056838 0.592158 0.223866 -0.905376 -0.021175 0.360180 -0.236357 -0.790406 0.188053 0.532945 -0.236357 -0.790406 0.188053 0.532945 -0.236357 -0.790406 0.188053 0.532945 0.280424 -0.771421 0.013648 0.571039 0.280424 -0.771421 0.013648 0.571039 0.280424 -0.771421 0.013648 0.571039 0.280424 -0.771421 0.013648 0.571039 0.267341 -0.377145 0.127753 0.877479 0.204627 -0.244146 0.253967 0.913247 0.204651 -0.244140 0.253974 0.913242 0.280424 -0.771421 0.013648 0.571039 0.280424 -0.771421 0.013648 0.571039 0.280424 -0.771421 0.013648 0.571039 0.280424 -0.771421 0.013648 0.571039 0.572544 -0.648180 -0.255183 0.432364 0.509238 -0.722133 -0.335808 0.326243 0.509246 -0.722142 -0.335789 0.326229
-0.003222 0.833567 -0.001363 0.280933 -0.780283 0.009757 0.558695 0.124190 -0.601194 -0.358712 0.703184 0.263079 -0.729177 -0.307865 0.551642 0.249386 -0.859532 -0.312426 0.318437 0.249386 -0.859532 -0.312426 0.318437 0.249386 -0.859532 -0.312426 0.318437 -0.172738 -0.796863 -0.056007 0.576224 0.222162 -0.911143 -0.031783 0.345619 -0.242451 -0.796415 0.173361 0.526200 -0.242451 -0.796415 0.173361 0.526200 -0.242451 -0.796415 0.173361 0.526200 0.280933 -0.780283 0.009757 0.558695 0.280933 -0.780283 0.009757 0.558695 0.280933 -0.780283 0.009757 0.558695 0.280933 -0.780283 0.009757 0.558695 0.271397 -0.378831 0.125734 0.875797 0.208542 -0.247502 0.253163 0.911680 0.208566 -0.247495 0.253170 0.911675 0.280933 -0.780283 0.009757 0.558695 0.280933 -0.780283 0.009757 0.558695 0.280933 -0.780283 0.009757 0.558695 0.280933 -0.780283 0.009757 0.558695 0.576101 -0.651068 -0.251113 0.425629 0.511995 -0.725123 -0.332217 0.318888 0.512003 -0.725132 -0.332198 0.318875
-0.003206 0.832061 -0.001341 0.281289 -0.787450 0.006280 0.548416 0.132483 -0.605678 -0.371393 0.691136 0.255503 -0.734158 -0.319998 0.541601 0.234911 -0.868823 -0.309230 0.307149 0.234911 -0.868823 -0.309230 0.307149 0.234911 -0.868823 -0.309230 0.307149 -0.173521 -0.798369 -0.056655 0.573836 0.224931 -0.910831 -0.039928 0.343801 -0.239782 -0.797593 0.164449 0.528495 -0.239782 -0.797593 0.164449 0.528495 -0.239782 -0.797593 0.164449 0.528495 0.281289 -0.787450 0.006281 0.548416 0.281289 -0.787450 0.006281 0.548416 0.281289 -0.787450 0.006281 0.548416 0.281289 -0.787450 0.006280 0.548416 0.276014 -0.376735 0.123543 0.875571 0.211648 -0.249741 0.256326 0.909468 0.211672 -0.249735 0.256332 0.909462 0.281289 -0.787450 0.006281 0.548416 0.281289 -0.787450 0.006281 0.548416 0.281289 -0.787450 0.006281 0.548416 0.281289 -0.787450 0.006281 0.548416 0.577436 -0.655276 -0.246991 0.419735 0.515306 -0.727099 -0.327896 0.313483 0.515314 -0.727107 -0.327877 0.313469
-0.003193 0.830955 -0.001321 0.281650 -0.795274 0.003509 0.536843 0.136852 -0.612606 -0.374290 0.682563 0.250444 -0.735937 -0.330044 0.535487 0.231580 -0.873093 -0.309756 0.296869 0.231580 -0.873093 -0.309756 0.296869 0.231580 -0.873093 -0.309756 0.296869 -0.169816 -0.795951 -0.052633 0.578666 0.226462 -0.905615 -0.040710 0.356257 -0.231284 -0.790286 0.173794 0.540140 -0.231284 -0.790286 0.173794 0.540140 -0.231284 -0.790286 0.173794 0.540140 0.281650 -0.795274 0.003509 0.536843 0.281650 -0.795274 0.003509 0.536843 0.281650 -0.795274 0.003509 0.536843 0.281650 -0.795274 0.003509 0.536843 0.280438 -0.377397 0.121926 0.874105 0.215287 -0.252453 0.257332 0.907579 0.215311 -0.252446 0.257338 0.907573 0.281650 -0.795274 0.003509 0.536843 0.281650 -0.795274 0.003509 0.536843 0.281650 -0.795274 0.003509 0.536843 0.281650 -0.795274 0.003509 0.536843 0.577701 -0.660723 -0.240167 0.414761 0.515596 -0.732371 -0.318206 0.310705 0.515604 -0.732379 -0.318187 0.310692
-0.003186 0.830203 -0.001304 0.281829 -0.801961 0.001095 0.526717 0.143030 -0.617525 -0.379638 0.673855 0.249232 -0.736430 -0.348426 0.523597 0.223528 -0.875847 -0.322251 0.281216 0.223528 -0.875847 -0.322251 0.281216 0.223528 -0.875847 -0.322251 0.281216 -0.169803 -0.813588 -0.053152 0.553549 0.219372 -0.913012 -0.044822 0.340992 -0.253239 -0.789207 0.171195 0.532649 -0.253239 -0.789207 0.171195 0.532649 -0.253239 -0.789207 0.171195 0.532649 0.281828 -0.801961 0.001095 0.526717 0.281828 -0.801961 0.001095 0.526717 0.281828 -0.801961 0.001095 0.526717 0.281828 -0.801961 0.001095 0.526717 0.283744 -0.379786 0.120664 0.872177 0.218118 -0.254316 0.257110 0.906445 0.218142 -0.254309 0.257117 0.906439 0.281828 -0.801961 0.001095 0.526717 0.281828 -0.801961 0.001095 0.526717 0.281828 -0.801961 0.001095 0.526717 0.281828 -0.801961 0.001095 0.526717 0.576437 -0.665553 -0.232490 0.413168 0.513655 -0.738124 -0.305998 0.312565 0.513663 -0.738132 -0.305979 0.312552
-0.003178 0.829355 -0.001285 0.281104 -0.811891 0.000135 0.511678 0.141608 -0.628169 -0.379695 0.664216 0.239256 -0.742829 -0.351931 0.516824 0.216532 -0.882108 -0.316462 0.273589 0.216532 -0.882108 -0.316462 0.273589 0.216532 -0.882108 -0.316462 0.273589 -0.164979 -0.825800 -0.046560 0.537278 0.223309 -0.911007 -0.038463 0.344559 -0.237634 -0.787582 0.182413 0.538488 -0.237634 -0.787582 0.182413 0.538488 -0.237634 -0.787582 0.182413 0.538488 0.281103 -0.811891 0.000135 0.511678 0.281103 -0.811891 0.000135 0.511678 0.281103 -0.811891 0.000135 0.511678 0.281103 -0.811891 0.000135 0.511678 0.288317 -0.383487 0.119316 0.869238 0.220856 -0.256656 0.259278 0.904503 0.220880 -0.256649 0.259285 0.904497 0.281103 -0.811891 0.000135 0.511678 0.281103 -0.811891 0.000135 0.511678 0.281103 -0.811891 0.000135 0.511678 0.281103 -0.811891 0.000135 0.511678 0.576893 -0.670563 -0.221315 0.410559 0.512902 -0.744811 -0.292068 0.311261 0.512911 -0.744819 -0.292049 0.311248
-0.003171 0.827840 -0.001265 0.280027 -0.821190 -0.000802 0.497223 0.138010 -0.637474 -0.377166 0.657515 0.229074 -0.749002 -0.353301 0.511566 0.201679 -0.889551 -0.309102 0.269222 0.201679 -0.889551 -0.309102 0.269222 0.201679 -0.889551 -0.309102 0.269222 -0.164404 -0.829787 -0.040118 0.531805 0.216523 -0.911848 -0.032741 0.347245 -0.240037 -0.784853 0.185343 0.540403 -0.240037 -0.784853 0.185343 0.540403 -0.240037 -0.784853 0.185343 0.540403 0.280027 -0.821190 -0.000802 0.497223 0.280027 -0.821190 -0.000802 0.497223 0.280027 -0.821190 -0.000802 0.497223 0.280027 -0.821190 -0.000802 0.497223 0.292514 -0.387552 0.117890 0.866222 0.223752 -0.259039 0.260143 0.902862 0.223776 -0.259032 0.260150 0.902856 0.280027 -0.821190 -0.000802 0.497223 0.280027 -0.821190 -0.000802 0.497223 0.280027 -0.821190 -0.000802 0.497223 0.280027 -0.821190 -0.000802 0.497223 0.577672 -0.674099 -0.210913 0.409147 0.512354 -0.750349 -0.280589 0.309418 0.512362 -0.750356 -0.280570 0.309404
-0.003157 0.825938 -0.001246 0.276966 -0.832732 -0.005066 0.479398 0.148346 -0.639240 -0.401621 0.638801 0.226741 -0.749732 -0.373501 0.496978 0.191897 -0.887988 -0.325981 0.261514 0.191897 -0.887988 -0.325981 0.261514 0.191897 -0.887988 -0.325981 0.261514 -0.163311 -0.835762 -0.036594 0.522965 0.212077 -0.912778 -0.025490 0.348153 -0.247350 -0.778621 0.195958 0.542372 -0.247350 -0.778621 0.195958 0.542372 -0.247350 -0.778621 0.195958 0.542372 0.276966 -0.832732 -0.005066 0.479398 0.276966 -0.832732 -0.005066 0.479398 0.276966 -0.832732 -0.005066 0.479398 0.276966 -0.832732 -0.005066 0.479398 0.292996 -0.395459 0.115869 0.862751 0.223599 -0.266996 0.258091 0.901169 0.223623 -0.266990 0.258098 0.901163 0.276966 -0.832732 -0.005066 0.479398 0.276966 -0.832732 -0.005066 0.479398 0.276966 -0.832732 -0.005066 0.479398 0.276966 -0.832732 -0.005066 0.479398 0.577082 -0.679590 -0.201435 0.405657 0.509258 -0.758232 -0.269957 0.304737 0.509265 -0.758239 -0.269938 0.304724
-0.003135 0.823768 -0.001222 0.273706 -0.842822 -0.009487 0.463299 0.160493 -0.639277 -0.431179 0.616159 0.223548 -0.753375 -0.390170 0.479813 0.188802 -0.889848 -0.333629 0.247420 0.188802 -0.889848 -0.333629 0.247420 0.188802 -0.889848 -0.333629 0.247420 -0.154743 -0.848539 -0.034018 0.504856 0.213343 -0.916846 -0.028126 0.336283 -0.253287 -0.781387 0.191311 0.537289 -0.253287 -0.781387 0.191311 0.537289 -0.253287 -0.781387 0.191311 0.537289 0.273706 -0.842822 -0.009487 0.463299 0.273706 -0.842822 -0.009487 0.463299 0.273706 -0.842822 -0.009487 0.463299 0.273706 -0.842822 -0.009487 0.463300 0.294278 -0.402970 0.112739 0.859247 0.224136 -0.275415 0.255764 0.899163 0.224160 -0.275408 0.255772 0.899157 0.273706 -0.842822 -0.009487 0.463299 0.273706 -0.842822 -0.009487 0.463299 0.273706 -0.842822 -0.009487 0.463299 0.273706 -0.842822 -0.009487 0.463299 0.576022 -0.684647 -0.193655 0.402437 0.506562 -0.764761 -0.261339 0.300396 0.506570 -0.764768 -0.261319 0.300383
-0.003112 0.818504 -0.001178 0.269093 -0.854716 -0.011087 0.443765 0.167064 -0.641729 -0.452772 0.596047 0.218595 -0.755954 -0.405991 0.464673 0.172100 -0.893972 -0.335541 0.242091 0.172100 -0.893972 -0.335541 0.242091 0.172100 -0.893972 -0.335541 0.242091 -0.152600 -0.874342 -0.022682 0.460136 0.219747 -0.921846 -0.024028 0.318329 -0.256547 -0.781911 0.206055 0.529472 -0.256547 -0.781911 0.206055 0.529472 -0.256547 -0.781911 0.206055 0.529472 0.269093 -0.854716 -0.011087 0.443765 0.269093 -0.854716 -0.011087 0.443765 0.269093 -0.854716 -0.011087 0.443765 0.269093 -0.854716 -0.011087 0.443765 0.297426 -0.409405 0.109613 0.855518 0.226009 -0.283590 0.254867 0.896404 0.226033 -0.283583 0.254875 0.896398 0.269093 -0.854716 -0.011087 0.443765 0.269093 -0.854716 -0.011087 0.443765 0.269093 -0.854716 -0.011087 0.443765 0.269093 -0.854716 -0.011087 0.443765 0.573630 -0.692821 -0.181695 0.397410 0.503202 -0.773876 -0.248749 0.293305 0.503210 -0.773882 -0.248729 0.293292
-0.003106 0.812113 -0.001119 0.265040 -0.864412 -0.011315 0.427103 0.171383 -0.642952 -0.464164 0.584630 0.216072 -0.755117 -0.417529 0.456926 0.167721 -0.895013 -0.334685 0.242503 0.167721 -0.895013 -0.334685 0.242503 0.167721 -0.895013 -0.334685 0.242503 -0.153189 -0.876405 -0.015557 0.456295 0.222516 -0.921283 -0.025824 0.317895 -0.254464 -0.783266 0.203939 0.529293 -0.254464 -0.783266 0.203939 0.529293 -0.254464 -0.783266 0.203939 0.529293 0.265040 -0.864413 -0.011315 0.427103 0.265040 -0.864413 -0.011315 0.427103 0.265040 -0.864413 -0.011315 0.427103 0.265040 -0.864413 -0.011315 0.427103 0.303073 -0.412908 0.106168 0.852281 0.232527 -0.290959 0.250712 0.893542 0.232550 -0.290952 0.250719 0.893536 0.265040 -0.864413 -0.011315 0.427103 0.265040 -0.864413 -0.011315 0.427103 0.265040 -0.864413 -0.011315 0.427103 0.265040 -0.864413 -0.011315 0.427103 0.571098 -0.699784 -0.170607 0.393754 0.499814 -0.781756 -0.236657 0.288161 0.499821 -0.781762 -0.236637 0.288148
-0.003113 0.805140 -0.001050 0.260493 -0.873391 -0.011024 0.411352 0.173101 -0.649271 -0.470382 0.572035 0.211461 -0.756933 -0.427994 0.446272 0.160008 -0.896144 -0.341770 0.233489 0.160008 -0.896144 -0.341770 0.233489 0.160008 -0.896144 -0.341770 0.233489 -0.152057 -0.881373 -0.014969 0.447030 0.228367 -0.921431 -0.029301 0.312977 -0.253510 -0.784867 0.196566 0.530168 -0.253510 -0.784867 0.196566 0.530168 -0.253510 -0.784867 0.196566 0.530168 0.260492 -0.873391 -0.011023 0.411352 0.260492 -0.873391 -0.011023 0.411352 0.260492 -0.873391 -0.011023 0.411352 0.260492 -0.873391 -0.011024 0.411352 0.309491 -0.413849 0.102516 0.849962 0.239594 -0.295299 0.247499 0.891144 0.239618 -0.295292 0.247507 0.891137 0.260492 -0.873391 -0.011023 0.411352 0.260492 -0.873391 -0.011023 0.411352 0.260492 -0.873391 -0.011023 0.411352 0.260492 -0.873391 -0.011023 0.411352 0.568266 -0.706393 -0.160108 0.390445 0.498141 -0.787591 -0.224984 0.284495 0.498148 -0.787597 -0.224964 0.284482
-0.003128 0.798044 -0.000978 0.256634 -0.880655 -0.010172 0.398098 0.174196 -0.656585 -0.472004 0.561929 0.207850 -0.758040 -0.438357 0.435910 0.153003 -0.896387 -0.351223 0.222987 0.153003 -0.896387 -0.351223 0.222987 0.153003 -0.896387 -0.351223 0.222987 -0.141755 -0.888028 -0.014932 0.437137 0.240583 -0.920902 -0.030226 0.305197 -0.242483 -0.791281 0.198859 0.524911 -0.242483 -0.791281 0.198859 0.524911 -0.242483 -0.791281 0.198859 0.524911 0.256633 -0.880656 -0.010172 0.398098 0.256633 -0.880656 -0.010172 0.398098 0.256633 -0.880656 -0.010172 0.398098 0.256633 -0.880656 -0.010172 0.398098 0.317189 -0.412828 0.098975 0.848037 0.248097 -0.299153 0.244607 0.888326 0.248120 -0.299147 0.244615 0.888319 0.256633 -0.880656 -0.010172 0.398098 0.256633 -0.880656 -0.010172 0.398098 0.256633 -0.880656 -0.010172 0.398098 0.256633 -0.880656 -0.010172 0.398098 0.565830 -0.712187 -0.151237 0.386980 0.498006 -0.791381 -0.214157 0.282567 0.498013 -0.791386 -0.214136 0.282554
-0.003130 0.790867 -0.000927 0.251917 -0.887900 -0.006775 0.384872 0.162157 -0.679099 -0.452446 0.554817 0.192559 -0.773140 -0.433217 0.421305 0.131151 -0.904088 -0.353141 0.201779 0.131151 -0.904088 -0.353141 0.201779 0.131151 -0.904088 -0.353141 0.201779 -0.149806 -0.895638 -0.017646 0.418425 0.234834 -0.924738 -0.038912 0.296982 -0.266485 -0.782365 0.194116 0.528402 -0.266485 -0.782365 0.194116 0.528402 -0.266485 -0.782365 0.194116 0.528402 0.251916 -0.887900 -0.006775 0.384872 0.251916 -0.887900 -0.006775 0.384872 0.251916 -0.887900 -0.006775 0.384872 0.251916 -0.887900 -0.006775 0.384872 0.327870 -0.412225 0.094418 0.844782 0.257960 -0.300526 0.244213 0.885156 0.257983 -0.300520 0.244221 0.885149 0.251916 -0.887900 -0.006775 0.384872 0.251916 -0.887900 -0.006775 0.384872 0.251916 -0.887900 -0.006775 0.384872 0.251916 -0.887900 -0.006775 0.384872 0.561386 -0.719540 -0.139846 0.384124 0.500716 -0.793040 -0.200561 0.283100 0.500724 -0.793045 -0.200541 0.283087
-0.003120 0.784785 -0.000902 0.247758 -0.893763 -0.002898 0.373893 0.150399 -0.698294 -0.422978 0.557544 0.185174 -0.781344 -0.418727 0.424122 0.126807 -0.909073 -0.340849 0.203295 0.126807 -0.909073 -0.340849 0.203295 0.126807 -0.909073 -0.340849 0.203295 -0.149206 -0.907542 -0.015967 0.392237 0.237812 -0.928171 -0.043179 0.282983 -0.278447 -0.778373 0.191455 0.529101 -0.278447 -0.778373 0.191455 0.529101 -0.278447 -0.778373 0.191455 0.529101 0.247757 -0.893763 -0.002898 0.373893 0.247757 -0.893763 -0.002898 0.373893 0.247757 -0.893763 -0.002898 0.373893 0.247757 -0.893763 -0.002898 0.373893 0.342253 -0.411399 0.088377 0.840121 0.270686 -0.302829 0.244723 0.880417 0.270709 -0.302822 0.244731 0.880410 0.247757 -0.893763 -0.002898 0.373893 0.247757 -0.893763 -0.002898 0.373893 0.247757 -0.893763 -0.002898 0.373893 0.247757 -0.893763 -0.002898 0.373893 0.555355 -0.728302 -0.129337 0.380038 0.506939 -0.791888 -0.189414 0.282928 0.506946 -0.791893 -0.189394 0.282915
-0.003103 0.780247 -0.000884 0.244589 -0.898150 -0.001071 0.365378 0.142031 -0.709878 -0.400911 0.561400 0.180714 -0.782466 -0.412388 0.430145 0.129826 -0.908171 -0.338589 0.209111 0.129826 -0.908171 -0.338589 0.209111 0.129826 -0.908171 -0.338589 0.209111 -0.147258 -0.911440 -0.014551 0.383902 0.241537 -0.927987 -0.042811 0.280478 -0.281376 -0.776296 0.194266 0.529578 -0.281376 -0.776296 0.194266 0.529578 -0.281376 -0.776296 0.194266 0.529578 0.244589 -0.898150 -0.001071 0.365378 0.244589 -0.898150 -0.001071 0.365378 0.244589 -0.898150 -0.001071 0.365378 0.244589 -0.898150 -0.001071 0.365378 0.352849 -0.413339 0.083431 0.835277 0.278252 -0.304566 0.247550 0.876661 0.278275 -0.304560 0.247558 0.876654 0.244589 -0.898150 -0.001071 0.365378 0.244589 -0.898150 -0.001071 0.365378 0.244589 -0.898150 -0.001071 0.365378 0.244589 -0.898150 -0.001071 0.365378 0.549962 -0.736254 -0.122549 0.374772 0.509894 -0.792862 -0.183097 0.279023 0.509902 -0.792866 -0.183077 0.279010
-0.003085 0.777116 -0.000866 0.242464 -0.901366 -0.000636 0.358817 0.138992 -0.716833 -0.386788 0.563229 0.178320 -0.780129 -0.412323 0.435419 0.127083 -0.904606 -0.342928 0.218950 0.127083 -0.904606 -0.342928 0.218950 0.127083 -0.904606 -0.342928 0.218950 -0.143970 -0.914995 -0.015748 0.376576 0.241236 -0.929980 -0.043316 0.273983 -0.291002 -0.774182 0.194024 0.527555 -0.291002 -0.774182 0.194024 0.527555 -0.291002 -0.774182 0.194024 0.527555 0.242464 -0.901366 -0.000636 0.358817 0.242464 -0.901366 -0.000636 0.358817 0.242464 -0.901366 -0.000636 0.358817 0.242464 -0.901366 -0.000636 0.358817 0.359189 -0.417323 0.080227 0.830896 0.283203 -0.306692 0.247617 0.874312 0.283225 -0.306685 0.247625 0.874305 0.242464 -0.901366 -0.000636 0.358817 0.242464 -0.901366 -0.000636 0.358817 0.242464 -0.901366 -0.000636 0.358817 0.242464 -0.901366 -0.000636 0.358817 0.545983 -0.742776 -0.118627 0.368937 0.511524 -0.794514 -0.180146 0.273201 0.511531 -0.794519 -0.180125 0.273187
-0.003069 0.775083 -0.000845 0.241217 -0.905235 -0.000623 0.349806 0.134430 -0.727062 -0.373903 0.559916 0.169309 -0.785569 -0.408603 0.432734 0.118964 -0.909206 -0.337196 0.213288 0.118964 -0.909206 -0.337196 0.213288 0.118964 -0.909206 -0.337196 0.213288 -0.140781 -0.919771 -0.017152 0.365935 0.241913 -0.931081 -0.041373 0.269917 -0.292357 -0.773360 0.197458 0.526738 -0.292357 -0.773360 0.197458 0.526738 -0.292357 -0.773360 0.197458 0.526738 0.241216 -0.905235 -0.000623 0.349806 0.241216 -0.905235 -0.000623 0.349806 0.241216 -0.905235 -0.000623 0.349806 0.241216 -0.905235 -0.000623 0.349806 0.362270 -0.423634 0.079922 0.826382 0.286834 -0.311523 0.245054 0.872140 0.286857 -0.311517 0.245062 0.872132 0.241216 -0.905235 -0.000623 0.349806 0.241216 -0.905235 -0.000623 0.349806 0.241216 -0.905235 -0.000623 0.349806 0.241216 -0.905235 -0.000623 0.349806 0.543577 -0.748603 -0.114084 0.362081 0.511939 -0.797635 -0.176133 0.265845 0.511946 -0.797640 -0.176112 0.265832
-0.003059 0.773812 -0.000820 0.240473 -0.908743 -0.000991 0.341114 0.124433 -0.737109 -0.367589 0.553232 0.161490 -0.786850 -0.416146 0.426157 0.102383 -0.906614 -0.352958 0.207339 0.102383 -0.906614 -0.352958 0.207339 0.102383 -0.906614 -0.352958 0.207339 -0.138498 -0.922423 -0.015557 0.360155 0.241313 -0.931579 -0.038523 0.269156 -0.295361 -0.771047 0.200265 0.527392 -0.295361 -0.771047 0.200265 0.527392 -0.295361 -0.771047 0.200265 0.527392 0.240472 -0.908743 -0.000991 0.341114 0.240472 -0.908743 -0.000991 0.341114 0.240472 -0.908743 -0.000991 0.341114 0.240472 -0.908743 -0.000991 0.341114 0.362958 -0.429493 0.081055 0.822938 0.286938 -0.315113 0.245486 0.870693 0.286961 -0.315107 0.245494 0.870686 0.240472 -0.908743 -0.000991 0.341114 0.240472 -0.908743 -0.000991 0.341114 0.240472 -0.908743 -0.000991 0.341114 0.240472 -0.908743 -0.000991 0.341114 0.542978 -0.752616 -0.110509 0.355714 0.513745 -0.799234 -0.172849 0.259641 0.513752 -0.799239 -0.172828 0.259628
-0.003039 0.772862 -0.000793 0.239885 -0.912197 -0.001065 0.332190 0.123021 -0.748238 -0.348769 0.550787 0.150434 -0.791669 -0.402730 0.434095 0.093499 -0.909356 -0.339230 0.221929 0.093499 -0.909356 -0.339230 0.221929 0.093499 -0.909356 -0.339230 0.221929 -0.134378 -0.930421 -0.016426 0.340573 0.242357 -0.933781 -0.036515 0.260736 -0.300379 -0.769064 0.205806 0.525317 -0.300379 -0.769064 0.205806 0.525317 -0.300379 -0.769064 0.205806 0.525317 0.239884 -0.912197 -0.001065 0.332190 0.239884 -0.912197 -0.001065 0.332190 0.239884 -0.912197 -0.001065 0.332190 0.239884 -0.912197 -0.001065 0.332190 0.360214 -0.440342 0.083463 0.818156 0.285362 -0.320736 0.242315 0.870046 0.285385 -0.320730 0.242324 0.870039 0.239884 -0.912197 -0.001065 0.332190 0.239884 -0.912197 -0.001065 0.332190 0.239884 -0.912197 -0.001065 0.332190 0.239884 -0.912197 -0.001065 0.332190 0.544538 -0.755910 -0.107923 0.347032 0.512062 -0.804295 -0.171070 0.248266 0.512069 -0.804300 -0.171049 0.248253
-0.003012 0.771801 -0.000767 0.239100 -0.914105 -0.000054 0.327481 0.113850 -0.754209 -0.334253 0.553609 0.149938 -0.800151 -0.383113 0.436465 0.087272 -0.908728 -0.339644 0.226360 0.087272 -0.908728 -0.339644 0.226360 0.087272 -0.908728 -0.339644 0.226360 -0.130707 -0.932870 -0.013520 0.335389 0.240704 -0.934765 -0.032880 0.259219 -0.305349 -0.767139 0.209723 0.523714 -0.305349 -0.767139 0.209723 0.523714 -0.305349 -0.767139 0.209723 0.523714 0.239100 -0.914105 -0.000054 0.327481 0.239100 -0.914105 -0.000054 0.327481 0.239100 -0.914105 -0.000054 0.327481 0.239100 -0.914105 -0.000054 0.327481 0.355108 -0.452044 0.085611 0.813772 0.283383 -0.325576 0.235543 0.870755 0.283405 -0.325570 0.235551 0.870748 0.239100 -0.914105 -0.000054 0.327481 0.239100 -0.914105 -0.000054 0.327481 0.239100 -0.914105 -0.000054 0.327481 0.239100 -0.914105 -0.000054 0.327481 0.545875 -0.757864 -0.106387 0.341093 0.508784 -0.809209 -0.169971 0.239646 0.508790 -0.809213 -0.169950 0.239633
-0.002967 0.770847 -0.000736 0.237875 -0.919457 0.001961 0.313066 0.109295 -0.763330 -0.319774 0.550570 0.134340 -0.806785 -0.369304 0.441208 0.074949 -0.908241 -0.341674 0.229650 0.074949 -0.908241 -0.341674 0.229650 0.074949 -0.908241 -0.341674 0.229650 -0.124715 -0.938199 -0.012971 0.322583 0.240892 -0.935961 -0.022089 0.255851 -0.306812 -0.764799 0.223144 0.520727 -0.306812 -0.764799 0.223144 0.520727 -0.306812 -0.764799 0.223144 0.520727 0.237875 -0.919457 0.001962 0.313066 0.237875 -0.919457 0.001962 0.313066 0.237875 -0.919457 0.001962 0.313066 0.237875 -0.919457 0.001961 0.313066 0.352371 -0.464769 0.089874 0.807309 0.286599 -0.332352 0.225829 0.869715 0.286622 -0.332346 0.225837 0.869708 0.237875 -0.919457 0.001962 0.313066 0.237875 -0.919457 0.001962 0.313066 0.237875 -0.919457 0.001962 0.313066 0.237875 -0.919457 0.001961 0.313066 0.550279 -0.760800 -0.100621 0.329016 0.506667 -0.815937 -0.164555 0.224628 0.506672 -0.815941 -0.164534 0.224615
-0.002921 0.770002 -0.000704 0.236805 -0.924431 0.003476 0.298897 0.102955 -0.776597 -0.309687 0.538880 0.130075 -0.815593 -0.363005 0.431411 0.072919 -0.912236 -0.337845 0.219931 0.072919 -0.912236 -0.337845 0.219931 0.072919 -0.912236 -0.337845 0.219931 -0.121886 -0.942227 -0.014091 0.311694 0.235396 -0.938233 -0.021268 0.252698 -0.314147 -0.759850 0.226423 0.522180 -0.314147 -0.759850 0.226423 0.522180 -0.314147 -0.759850 0.226423 0.522180 0.236804 -0.924431 0.003476 0.298897 0.236804 -0.924431 0.003476 0.298897 0.236804 -0.924431 0.003476 0.298897 0.236804 -0.924431 0.003476 0.298897 0.348859 -0.473737 0.094698 0.803058 0.289294 -0.338723 0.216961 0.868621 0.289317 -0.338718 0.216970 0.868614 0.236804 -0.924431 0.003476 0.298897 0.236804 -0.924431 0.003476 0.298897 0.236804 -0.924431 0.003476 0.298897 0.236804 -0.924431 0.003476 0.298897 0.555316 -0.762877 -0.095462 0.317064 0.504441 -0.821974 -0.158457 0.211635 0.504447 -0.821978 -0.158436 0.211622
-0.002890 0.769291 -0.000677 0.234865 -0.927208 0.004632 0.291723 0.081573 -0.788880 -0.292028 0.534541 0.117938 -0.825008 -0.339179 0.436360 0.065552 -0.914945 -0.321468 0.235026 0.065552 -0.914945 -0.321468 0.235026 0.065552 -0.914945 -0.321468 0.235026 -0.118546 -0.944024 -0.009572 0.307691 0.233786 -0.937370 -0.008307 0.258093 -0.315222 -0.753002 0.243694 0.523675 -0.315222 -0.753002 0.243694 0.523675 -0.315222 -0.753002 0.243694 0.523675 0.234865 -0.927208 0.004632 0.291723 0.234865 -0.927208 0.004632 0.291723 0.234865 -0.927208 0.004632 0.291723 0.234865 -0.927208 0.004632 0.291723 0.341702 -0.477778 0.098358 0.803301 0.291422 -0.336334 0.203049 0.872195 0.291445 -0.336328 0.203058 0.872187 0.234865 -0.927208 0.004632 0.291723 0.234865 -0.927208 0.004632 0.291723 0.234865 -0.927208 0.004632 0.291723 0.234865 -0.927208 0.004632 0.291723 0.557636 -0.764470 -0.093165 0.309754 0.502019 -0.825900 -0.154678 0.204795 0.502024 -0.825904 -0.154656 0.204782
-0.002872 0.768830 -0.000652 0.232828 -0.928116 0.005807 0.290444 0.071678 -0.794561 -0.264951 0.541605 0.116180 -0.831426 -0.306173 0.448878 0.066391 -0.916252 -0.302504 0.254096 0.066391 -0.916252 -0.302504 0.254096 0.066391 -0.916252 -0.302504 0.254096 -0.118402 -0.949833 -0.004655 0.289443 0.233257 -0.939931 0.005868 0.249174 -0.320445 -0.753588 0.256480 0.513457 -0.320445 -0.753588 0.256480 0.513457 -0.320445 -0.753588 0.256480 0.513457 0.232828 -0.928116 0.005807 0.290444 0.232828 -0.928116 0.005807 0.290444 0.232828 -0.928116 0.005807 0.290444 0.232828 -0.928116 0.005807 0.290444 0.329293 -0.479789 0.102343 0.806781 0.285833 -0.332975 0.192746 0.877654 0.285856 -0.332970 0.192755 0.877646 0.232828 -0.928116 0.005807 0.290444 0.232828 -0.928116 0.005807 0.290444 0.232828 -0.928116 0.005807 0.290444 0.232828 -0.928116 0.005807 0.290444 0.557759 -0.765678 -0.092831 0.306635 0.499777 -0.828197 -0.153523 0.201848 0.499783 -0.828201 -0.153502 0.201835
-0.002835 0.769521 -0.000618 0.230580 -0.921035 0.014177 0.313570 0.057256 -0.799517 -0.222115 0.555122 0.105149 -0.831555 -0.271438 0.473056 0.072574 -0.910487 -0.295120 0.280447 0.072574 -0.910487 -0.295120 0.280447 0.072574 -0.910487 -0.295120 0.280447 -0.114264 -0.944455 0.005106 0.308094 0.235664 -0.930051 0.020662 0.281142 -0.284997 -0.743069 0.283712 0.534913 -0.284997 -0.743069 0.283712 0.534913 -0.284997 -0.743069 0.283712 0.534913 0.230579 -0.921035 0.014177 0.313570 0.230579 -0.921035 0.014177 0.313570 0.230579 -0.921035 0.014177 0.313570 0.230579 -0.921035 0.014177 0.313570 0.305289 -0.450607 0.111164 0.831501 0.261026 -0.294920 0.199058 0.897365 0.261049 -0.294915 0.199066 0.897358 0.230579 -0.921035 0.014177 0.313570 0.230579 -0.921035 0.014177 0.313570 0.230579 -0.921035 0.014177 0.313570 0.230579 -0.921035 0.014177 0.313570 0.553363 -0.767119 -0.099234 0.308983 0.497339 -0.828754 -0.167094 0.194680 0.497344 -0.828758 -0.167073 0.194667
-0.002814 0.772244 -0.000626 0.228626 -0.872687 0.046096 0.428979 0.064054 -0.752570 -0.168223 0.633432 0.127431 -0.796326 -0.210746 0.552461 0.108990 -0.892788 -0.240049 0.365277 0.108990 -0.892788 -0.240049 0.365277 0.108990 -0.892788 -0.240049 0.365277 -0.123902 -0.918902 0.009930 0.374392 0.227192 -0.916968 0.027041 0.326836 -0.269767 -0.718810 0.314445 0.558267 -0.269767 -0.718810 0.314445 0.558267 -0.269767 -0.718810 0.314445 0.558267 0.228625 -0.872687 0.046096 0.428979 0.228625 -0.872687 0.046096 0.428979 0.228625 -0.872687 0.046096 0.428979 0.228625 -0.872687 0.046096 0.428979 0.126817 -0.358123 0.193550 0.904546 0.078355 -0.200248 0.245082 0.945355 0.078380 -0.200242 0.245087 0.945353 0.228625 -0.872687 0.046096 0.428979 0.228625 -0.872687 0.046096 0.428979 0.228625 -0.872687 0.046096 0.428979 0.228625 -0.872687 0.046096 0.428979 0.514191 -0.753860 -0.109708 0.394038 0.419202 -0.850680 -0.153632 0.277506 0.419210 -0.850684 -0.153609 0.277495
-0.002779 0.776739 -0.000615 0.228538 -0.871251 0.048673 0.431650 0.072991 -0.759429 -0.167048 0.624528 0.133992 -0.808908 -0.203842 0.534942 0.113459 -0.902799 -0.241459 0.337310 0.113459 -0.902799 -0.241459 0.337310 0.113459 -0.902799 -0.241459 0.337310 -0.123926 -0.920155 -0.007694 0.371347 0.228059 -0.919243 0.024804 0.319948 -0.251265 -0.723028 0.326083 0.554767 -0.251265 -0.723028 0.326083 0.554767 -0.251265 -0.723028 0.326083 0.554767 0.228538 -0.871252 0.048674 0.431650 0.228538 -0.871252 0.048674 0.431650 0.228538 -0.871252 0.048674 0.431650 0.228538 -0.871252 0.048674 0.431650 0.069345 -0.359006 0.222752 0.903708 0.033035 -0.232349 0.242819 0.941255 0.033059 -0.232342 0.242825 0.941255 0.228538 -0.871252 0.048674 0.431650 0.228538 -0.871252 0.048674 0.431650 0.228538 -0.871252 0.048674 0.431650 0.228538 -0.871252 0.048674 0.431650 0.505366 -0.763174 -0.105820 0.388552 0.403873 -0.859358 -0.138372 0.281501 0.403881 -0.859362 -0.138350 0.281491
-0.002738 0.781239 -0.000579 0.230714 -0.897248 0.034425 0.374876 0.074336 -0.791897 -0.190865 0.575278 0.130689 -0.838759 -0.239192 0.471372 0.097816 -0.920477 -0.273977 0.260942 0.097816 -0.920477 -0.273977 0.260942 0.097816 -0.920477 -0.273977 0.260942 -0.115647 -0.934979 -0.020753 0.334679 0.229346 -0.921992 0.017854 0.311467 -0.233673 -0.730349 0.324609 0.553729 -0.233673 -0.730349 0.324609 0.553729 -0.233673 -0.730349 0.324609 0.553729 0.230713 -0.897248 0.034425 0.374876 0.230713 -0.897248 0.034425 0.374876 0.230713 -0.897248 0.034425 0.374876 0.230713 -0.897248 0.034425 0.374876 0.067318 -0.355972 0.218519 0.906091 0.064674 -0.327188 0.210028 0.919050 0.064698 -0.327183 0.210037 0.919048 0.230713 -0.897248 0.034425 0.374876 0.230713 -0.897248 0.034425 0.374876 0.230713 -0.897248 0.034425 0.374876 0.230713 -0.897248 0.034425 0.374876 0.514691 -0.777939 -0.095854 0.347443 0.429003 -0.857824 -0.131497 0.250604 0.429010 -0.857828 -0.131475 0.250593
-0.002697 0.784890 -0.000524 0.233481 -0.917260 0.021110 0.321985 0.063888 -0.814786 -0.206605 0.537919 0.119153 -0.857119 -0.257117 0.430163 0.087979 -0.932909 -0.275134 0.215040 0.087979 -0.932909 -0.275134 0.215040 0.087979 -0.932909 -0.275134 0.215040 -0.107185 -0.945210 -0.029725 0.306928 0.225624 -0.928700 0.012316 0.294038 -0.233369 -0.734467 0.323267 0.549176 -0.233369 -0.734467 0.323267 0.549176 -0.233369 -0.734467 0.323267 0.549176 0.233481 -0.917261 0.021110 0.321985 0.233481 -0.917261 0.021110 0.321985 0.233481 -0.917261 0.021110 0.321985 0.233481 -0.917261 0.021110 0.321985 0.138323 -0.381889 0.187865 0.894279 0.111259 -0.299547 0.220606 0.921535 0.111283 -0.299541 0.220613 0.921532 0.233481 -0.917261 0.021110 0.321985 0.233481 -0.917261 0.021110 0.321985 0.233481 -0.917261 0.021110 0.321985 0.233481 -0.917261 0.021110 0.321985 0.526522 -0.786900 -0.087916 0.309570 0.456687 -0.852115 -0.126088 0.222350 0.456692 -0.852118 -0.126066 0.222338
-0.002664 0.787520 -0.000464 0.235868 -0.928178 0.012211 0.287580 0.051118 -0.829026 -0.217633 0.512580 0.106060 -0.870563 -0.266362 0.399903 0.073102 -0.939957 -0.280592 0.180014 0.073102 -0.939957 -0.280592 0.180014 0.073102 -0.939957 -0.280592 0.180014 -0.096952 -0.952670 -0.035721 0.285909 0.226962 -0.933327 0.005405 0.278134 -0.226138 -0.738536 0.324698 0.545891 -0.226138 -0.738536 0.324698 0.545891 -0.226138 -0.738536 0.324698 0.545891 0.235867 -0.928179 0.012211 0.287580 0.235867 -0.928179 0.012211 0.287580 0.235867 -0.928179 0.012211 0.287580 0.235867 -0.928179 0.012211 0.287580 0.135937 -0.353077 0.192608 0.905406 0.072016 -0.248666 0.303966 0.916833 0.072040 -0.248658 0.303973 0.916831 0.235867 -0.928179 0.012211 0.287580 0.235867 -0.928179 0.012211 0.287580 0.235867 -0.928179 0.012211 0.287580 0.235867 -0.928179 0.012211 0.287580 0.526840 -0.797909 -0.081227 0.281395 0.475756 -0.848954 -0.127959 0.191203 0.475761 -0.848958 -0.127937 0.191191
-0.002644 0.789316 -0.000390 0.237516 -0.935542 0.006928 0.261342 0.041863 -0.835708 -0.225567 0.498959 0.095836 -0.875269 -0.271535 0.388572 0.059530 -0.942122 -0.281256 0.172503 0.059530 -0.942122 -0.281256 0.172503 0.059530 -0.942122 -0.281256 0.172503 -0.090000 -0.958874 -0.044243 0.265524 0.226897 -0.935539 -0.002407 0.270699 -0.222043 -0.734460 0.328688 0.550663 -0.222043 -0.734460 0.328688 0.550663 -0.222043 -0.734460 0.328688 0.550663 0.237516 -0.935542 0.006928 0.261342 0.237516 -0.935542 0.006928 0.261342 0.237516 -0.935542 0.006928 0.261342 0.237516 -0.935542 0.006928 0.261342 0.169601 -0.367093 0.182850 0.896127 0.127093 -0.276789 0.251996 0.918549 0.127117 -0.276783 0.252003 0.918546 0.237516 -0.935542 0.006928 0.261342 0.237516 -0.935542 0.006928 0.261342 0.237516 -0.935542 0.006928 0.261342 0.237516 -0.935542 0.006928 0.261342 0.528314 -0.804209 -0.075191 0.261685 0.490446 -0.845550 -0.128956 0.166970 0.490450 -0.845553 -0.128934 0.166957
-0.002639 0.790511 -0.000314 0.238452 -0.940311 0.003791 0.242777 0.038817 -0.841679 -0.224845 0.489402 0.089009 -0.874179 -0.279427 0.387051 0.050813 -0.935191 -0.300018 0.181175 0.050813 -0.935191 -0.300018 0.181175 0.050813 -0.935191 -0.300018 0.181175 -0.081801 -0.963754 -0.054262 0.248078 0.231348 -0.938099 -0.010581 0.257559 -0.224171 -0.741739 0.317358 0.546677 -0.224171 -0.741739 0.317358 0.546677 -0.224171 -0.741739 0.317358 0.546677 0.238452 -0.940312 0.003791 0.242777 0.238452 -0.940312 0.003791 0.242777 0.238452 -0.940312 0.003791 0.242777 0.238452 -0.940312 0.003791 0.242777 0.178217 -0.419209 0.176924 0.872468 0.125828 -0.313182 0.255462 0.905993 0.125851 -0.313175 0.255470 0.905990 0.238452 -0.940312 0.003791 0.242777 0.238452 -0.940312 0.003791 0.242777 0.238452 -0.940312 0.003791 0.242777 0.238452 -0.940312 0.003791 0.242777 0.529014 -0.808467 -0.070402 0.248130 0.496725 -0.845410 -0.129528 0.147542 0.496729 -0.845413 -0.129506 0.147530
-0.002651 0.791296 -0.000240 0.239100 -0.943853 0.001801 0.227967 0.034918 -0.844324 -0.238728 0.478441 0.092712 -0.872522 -0.286918 0.384432 0.052844 -0.932669 -0.307833 0.180487 0.052844 -0.932669 -0.307833 0.180487 0.052844 -0.932669 -0.307833 0.180487 -0.077235 -0.966168 -0.059517 0.238770 0.225114 -0.939451 -0.018739 0.257690 -0.229272 -0.733051 0.315494 0.557256 -0.229272 -0.733051 0.315494 0.557256 -0.229272 -0.733051 0.315494 0.557256 0.239099 -0.943853 0.001802 0.227967 0.239099 -0.943853 0.001802 0.227967 0.239099 -0.943853 0.001802 0.227967 0.239099 -0.943853 0.001801 0.227967 0.181451 -0.451447 0.173922 0.856167 0.134129 -0.333493 0.236887 0.902594 0.134152 -0.333487 0.236896 0.902591 0.239099 -0.943853 0.001802 0.227967 0.239099 -0.943853 0.001802 0.227967 0.239099 -0.943853 0.001802 0.227967 0.239099 -0.943853 0.001801 0.227967 0.529649 -0.813072 -0.067608 0.231980 0.500791 -0.846325 -0.132344 0.124207 0.500794 -0.846329 -0.132322 0.124194
-0.002670 0.791775 -0.000176 0.239600 -0.946210 0.000810 0.217434 0.031606 -0.848406 -0.242128 0.469662 0.090650 -0.875679 -0.291483 0.374173 0.057839 -0.926188 -0.334404 0.164330 0.057839 -0.926188 -0.334404 0.164330 0.057839 -0.926188 -0.334404 0.164330 -0.073272 -0.968483 -0.061908 0.229869 0.223965 -0.940625 -0.023673 0.253976 -0.223505 -0.736095 0.312116 0.557489 -0.223505 -0.736095 0.312116 0.557489 -0.223505 -0.736095 0.312116 0.557489 0.239600 -0.946210 0.000811 0.217434 0.239600 -0.946210 0.000811 0.217434 0.239600 -0.946210 0.000811 0.217434 0.239600 -0.946210 0.000810 0.217434 0.173659 -0.468316 0.175328 0.848400 0.120003 -0.345305 0.244871 0.897999 0.120026 -0.345299 0.244880 0.897996 0.239600 -0.946210 0.000811 0.217434 0.239600 -0.946210 0.000811 0.217434 0.239600 -0.946210 0.000811 0.217434 0.239600 -0.946210 0.000811 0.217434 0.530977 -0.816530 -0.066463 0.216621 0.502882 -0.847442 -0.135282 0.103200 0.502884 -0.847446 -0.135260 0.103186
-0.002668 0.792011 -0.000112 0.239712 -0.948242 0.000663 0.208265 0.032449 -0.850228 -0.247911 0.463250 0.091505 -0.876693 -0.293706 0.369828 0.056250 -0.925141 -0.338330 0.162738 0.056250 -0.925141 -0.338330 0.162738 0.056250 -0.925141 -0.338330 0.162738 -0.069411 -0.969453 -0.064861 0.226135 0.223455 -0.942683 -0.027473 0.246297 -0.222803 -0.742624 0.304567 0.553270 -0.222803 -0.742624 0.304567 0.553270 -0.222803 -0.742624 0.304567 0.553270 0.239711 -0.948242 0.000663 0.208265 0.239711 -0.948242 0.000663 0.208265 0.239711 -0.948242 0.000663 0.208265 0.239711 -0.948242 0.000663 0.208265 0.171886 -0.504312 0.172058 0.828565 0.126176 -0.373774 0.223964 0.891186 0.126199 -0.373768 0.223974 0.891183 0.239711 -0.948242 0.000663 0.208265 0.239711 -0.948242 0.000663 0.208265 0.239711 -0.948242 0.000663 0.208265 0.239711 -0.948242 0.000663 0.208265 0.531299 -0.820695 -0.065638 0.199682 0.499621 -0.851477 -0.135926 0.083006 0.499623 -0.851481 -0.135904 0.082993
-0.002648 0.792031 -0.000050 0.239515 -0.949889 0.000761 0.200855 0.032163 -0.851150 -0.256635 0.456779 0.086785 -0.876355 -0.304962 0.362587 0.049830 -0.923292 -0.348293 0.154082 0.049830 -0.923292 -0.348293 0.154082 0.049830 -0.923292 -0.348293 0.154082 -0.068127 -0.968652 -0.067136 0.229271 0.220693 -0.943876 -0.027238 0.244234 -0.228388 -0.741564 0.302811 0.553378 -0.228388 -0.741564 0.302811 0.553378 -0.228388 -0.741564 0.302811 0.553378 0.239515 -0.949889 0.000761 0.200855 0.239515 -0.949889 0.000761 0.200855 0.239515 -0.949889 0.000761 0.200855 0.239515 -0.949889 0.000761 0.200855 0.187637 -0.515405 0.167309 0.819242 0.197689 -0.416985 0.140057 0.876029 0.197712 -0.416982 0.140068 0.876024 0.239515 -0.949889 0.000761 0.200855 0.239515 -0.949889 0.000761 0.200855 0.239515 -0.949889 0.000761 0.200855 0.239515 -0.949889 0.000761 0.200855 0.533657 -0.822225 -0.065063 0.186875 0.496032 -0.854899 -0.134706 0.070380 0.496034 -0.854903 -0.134684 0.070367
-0.002609 0.791462 0.000003 0.237682 -0.952235 0.001568 0.191712 0.030808 -0.853499 -0.261792 0.449505 0.078976 -0.876491 -0.314642 0.355706 0.047849 -0.923636 -0.351685 0.144655 0.047849 -0.923636 -0.351685 0.144655 0.047849 -0.923636 -0.351685 0.144655 -0.064093 -0.970569 -0.067413 0.222136 0.219388 -0.948538 -0.027853 0.226649 -0.236188 -0.754672 0.288361 0.539938 -0.236188 -0.754672 0.288361 0.539938 -0.236188 -0.754672 0.288361 0.539938 0.237682 -0.952235 0.001568 0.191712 0.237682 -0.952235 0.001568 0.191712 0.237682 -0.952235 0.001568 0.191712 0.237682 -0.952235 0.001568 0.191712 0.195640 -0.586698 0.153922 0.770596 0.185352 -0.436197 0.159744 0.865944 0.185375 -0.436193 0.159756 0.865939 0.237682 -0.952235 0.001568 0.191712 0.237682 -0.952235 0.001568 0.191712 0.237682 -0.952235 0.001568 0.191712 0.237682 -0.952235 0.001568 0.191712 0.532743 -0.825495 -0.062024 0.175772 0.482833 -0.864065 -0.129289 0.059566 0.482834 -0.864069 -0.129267 0.059554
-0.002556 0.790488 0.000049 0.235449 -0.954480 0.003124 0.183090 0.029047 -0.854910 -0.265661 0.444645 0.072061 -0.876119 -0.313505 0.359079 0.036962 -0.921963 -0.353508 0.153784 0.036962 -0.921963 -0.353508 0.153784 0.036962 -0.921963 -0.353508 0.153784 -0.061660 -0.974054 -0.065553 0.207651 0.220924 -0.951559 -0.024587 0.212423 -0.239479 -0.763825 0.284110 0.527733 -0.239478 -0.763825 0.284110 0.527733 -0.239478 -0.763825 0.284110 0.527733 0.235449 -0.954480 0.003124 0.183090 0.235449 -0.954480 0.003124 0.183090 0.235449 -0.954480 0.003124 0.183090 0.235449 -0.954480 0.003124 0.183090 0.200516 -0.655433 0.139951 0.714573 0.172423 -0.456483 0.171330 0.855885 0.172445 -0.456478 0.171342 0.855881 0.235449 -0.954480 0.003124 0.183090 0.235449 -0.954480 0.003124 0.183090 0.235449 -0.954480 0.003124 0.183090 0.235449 -0.954480 0.003124 0.183090 0.533310 -0.827306 -0.058522 0.166494 0.469217 -0.872883 -0.124457 0.049203 0.469219 -0.872886 -0.124435 0.049191
-0.002505 0.789528 0.000087 0.232828 -0.956175 0.004421 0.177486 0.025964 -0.856041 -0.270600 0.439654 0.063677 -0.878612 -0.310513 0.357166 0.028953 -0.923301 -0.351088 0.153013 0.028953 -0.923301 -0.351088 0.153013 0.028953 -0.923301 -0.351088 0.153013 -0.063420 -0.976096 -0.059831 0.199086 0.219168 -0.954300 -0.022682 0.201899 -0.245514 -0.770097 0.278150 0.518948 -0.245514 -0.770097 0.278150 0.518948 -0.245514 -0.770097 0.278150 0.518948 0.232828 -0.956175 0.004421 0.177486 0.232828 -0.956175 0.004421 0.177486 0.232828 -0.956175 0.004421 0.177486 0.232828 -0.956175 0.004421 0.177486 0.236319 -0.702000 0.120324 0.660963 0.195134 -0.462967 0.180295 0.845623 0.195156 -0.462963 0.180307 0.845618 0.232828 -0.956175 0.004421 0.177486 0.232828 -0.956175 0.004421 0.177486 0.232828 -0.956175 0.004421 0.177486 0.232828 -0.956175 0.004421 0.177486 0.530891 -0.829933 -0.055205 0.162229 0.454983 -0.881036 -0.124266 0.036384 0.454984 -0.881040 -0.124243 0.036372
-0.002462 0.788763 0.000116 0.230947 -0.957366 0.005225 0.173454 0.021351 -0.857422 -0.276457 0.433523 0.053856 -0.882955 -0.308773 0.349498 0.022158 -0.927070 -0.346833 0.140557 0.022158 -0.927070 -0.346833 0.140557 0.022158 -0.927070 -0.346833 0.140557 -0.067186 -0.977603 -0.050032 0.193069 0.219991 -0.956160 -0.017772 0.192472 -0.249072 -0.777477 0.275048 0.507780 -0.249072 -0.777477 0.275048 0.507780 -0.249072 -0.777477 0.275048 0.507780 0.230947 -0.957366 0.005225 0.173454 0.230947 -0.957366 0.005225 0.173454 0.230947 -0.957366 0.005225 0.173454 0.230947 -0.957366 0.005225 0.173454 0.238986 -0.739256 0.110265 0.619861 0.215467 -0.466078 0.161314 0.842807 0.215489 -0.466074 0.161326 0.842801 0.230947 -0.957366 0.005225 0.173454 0.230947 -0.957366 0.005225 0.173454 0.230947 -0.957366 0.005225 0.173454 0.230947 -0.957366 0.005225 0.173454 0.532449 -0.829458 -0.053303 0.160173 0.452191 -0.883057 -0.119399 0.038429 0.452192 -0.883060 -0.119376 0.038417
-0.002434 0.788221 0.000138 0.229258 -0.958202 0.005452 0.171053 0.018877 -0.858055 -0.282025 0.428773 0.044405 -0.885484 -0.308176 0.344925 0.012660 -0.931347 -0.338570 0.133426 0.012660 -0.931347 -0.338570 0.133426 0.012660 -0.931347 -0.338570 0.133426 -0.073601 -0.977830 -0.040322 0.191849 0.224772 -0.955884 -0.012172 0.188722 -0.245611 -0.783754 0.276815 0.498777 -0.245611 -0.783754 0.276815 0.498777 -0.245611 -0.783754 0.276815 0.498777 0.229258 -0.958203 0.005452 0.171053 0.229258 -0.958203 0.005452 0.171053 0.229258 -0.958203 0.005452 0.171053 0.229258 -0.958203 0.005452 0.171053 0.243108 -0.761861 0.102476 0.591578 0.227115 -0.466941 0.154661 0.840514 0.227137 -0.466937 0.154673 0.840509 0.229258 -0.958203 0.005452 0.171053 0.229258 -0.958203 0.005452 0.171053 0.229258 -0.958203 0.005452 0.171053 0.229258 -0.958203 0.005452 0.171053 0.526837 -0.833366 -0.051237 0.159114 0.430063 -0.894892 -0.112881 0.038359 0.430064 -0.894895 -0.112858 0.038348
-0.002419 0.788117 0.000152 0.228417 -0.958745 0.005047 0.169140 0.017288 -0.858473 -0.287736 0.424186 0.036357 -0.887358 -0.311102 0.338363 0.012283 -0.937686 -0.325189 0.121848 0.012283 -0.937686 -0.325189 0.121848 0.012283 -0.937686 -0.325189 0.121848 -0.080668 -0.977518 -0.032789 0.192032 0.230583 -0.956089 -0.009510 0.180652 -0.243976 -0.790398 0.275587 0.489693 -0.243976 -0.790398 0.275587 0.489693 -0.243976 -0.790398 0.275587 0.489693 0.228416 -0.958745 0.005047 0.169139 0.228416 -0.958745 0.005047 0.169139 0.228416 -0.958745 0.005047 0.169139 0.228416 -0.958745 0.005047 0.169140 0.235300 -0.779749 0.098803 0.571719 0.226107 -0.467158 0.147482 0.841955 0.226129 -0.467154 0.147494 0.841949 0.228416 -0.958745 0.005047 0.169139 0.228416 -0.958745 0.005047 0.169139 0.228416 -0.958745 0.005047 0.169139 0.228416 -0.958745 0.005047 0.169139 0.525600 -0.834531 -0.050878 0.157207 0.412756 -0.903470 -0.109621 0.036859 0.412757 -0.903473 -0.109597 0.036848
-0.002414 0.788221 0.000162 0.228260 -0.959271 0.003710 0.166383 0.014461 -0.858922 -0.294377 0.418792 0.030122 -0.889972 -0.312088 0.331124 0.008886 -0.939112 -0.325694 0.109147 0.008886 -0.939112 -0.325694 0.109147 0.008886 -0.939112 -0.325694 0.109147 -0.086955 -0.977522 -0.027264 0.190122 0.235987 -0.954116 -0.004666 0.184256 -0.239847 -0.790030 0.282423 0.488430 -0.239847 -0.790030 0.282423 0.488430 -0.239847 -0.790030 0.282423 0.488430 0.228260 -0.959271 0.003710 0.166383 0.228260 -0.959271 0.003710 0.166383 0.228260 -0.959271 0.003710 0.166383 0.228260 -0.959271 0.003710 0.166383 0.233386 -0.791659 0.095020 0.556577 0.228635 -0.462825 0.143718 0.844313 0.228657 -0.462821 0.143730 0.844307 0.228260 -0.959271 0.003710 0.166383 0.228260 -0.959271 0.003710 0.166383 0.228260 -0.959271 0.003710 0.166383 0.228260 -0.959271 0.003710 0.166383 0.523251 -0.835774 -0.049738 0.158797 0.406652 -0.906617 -0.103607 0.044102 0.406654 -0.906620 -0.103584 0.044092
-0.002412 0.788374 0.000171 0.228584 -0.959722 0.001871 0.163337 0.011132 -0.860049 -0.298283 0.413786 0.022486 -0.894205 -0.308972 0.323153 0.002440 -0.942185 -0.320774 0.096874 0.002440 -0.942185 -0.320774 0.096874 0.002440 -0.942185 -0.320774 0.096874 -0.092189 -0.978631 -0.024718 0.182131 0.240439 -0.953841 -0.006652 0.179809 -0.235826 -0.794436 0.279780 0.484749 -0.235826 -0.794436 0.279780 0.484749 -0.235826 -0.794436 0.279780 0.484749 0.228583 -0.959723 0.001871 0.163337 0.228583 -0.959723 0.001871 0.163337 0.228583 -0.959723 0.001871 0.163337 0.228583 -0.959723 0.001871 0.163337 0.235196 -0.800698 0.090960 0.543408 0.234198 -0.465851 0.141173 0.841549 0.234220 -0.465847 0.141185 0.841543 0.228583 -0.959723 0.001871 0.163337 0.228583 -0.959723 0.001871 0.163337 0.228583 -0.959723 0.001871 0.163337 0.228583 -0.959723 0.001871 0.163337 0.516870 -0.839468 -0.048051 0.160719 0.388801 -0.914947 -0.095456 0.050921 0.388803 -0.914950 -0.095432 0.050910
-0.002413 0.788509 0.000180 0.229242 -0.960198 -0.000723 0.159586 0.008797 -0.860559 -0.305589 0.407401 0.015392 -0.900665 -0.298908 0.314992 -0.005536 -0.947570 -0.307881 0.085382 -0.005536 -0.947570 -0.307881 0.085382 -0.005536 -0.947570 -0.307881 0.085382 -0.098811 -0.977891 -0.020820 0.183116 0.248259 -0.951539 -0.003818 0.181456 -0.219289 -0.799075 0.289148 0.479359 -0.219289 -0.799075 0.289148 0.479359 -0.219289 -0.799075 0.289148 0.479359 0.229241 -0.960198 -0.000723 0.159586 0.229241 -0.960198 -0.000723 0.159586 0.229241 -0.960198 -0.000723 0.159586 0.229241 -0.960198 -0.000723 0.159586 0.233928 -0.807339 0.088127 0.534523 0.235269 -0.466277 0.138925 0.841388 0.235291 -0.466274 0.138937 0.841382 0.229241 -0.960198 -0.000723 0.159586 0.229241 -0.960198 -0.000723 0.159586 0.229241 -0.960198 -0.000723 0.159586 0.229241 -0.960198 -0.000723 0.159586 0.511813 -0.842334 -0.046970 0.162216 0.378544 -0.919479 -0.090057 0.056145 0.378545 -0.919482 -0.090033 0.056135
-0.002415 0.788262 0.000188 0.229969 -0.960515 -0.003173 0.156574 0.006848 -0.860112 -0.312505 0.403114 0.013123 -0.902784 -0.296616 0.311172 -0.013072 -0.949568 -0.303143 0.079079 -0.013072 -0.949568 -0.303143 0.079079 -0.013072 -0.949568 -0.303143 0.079079 -0.104893 -0.977286 -0.016387 0.183415 0.251685 -0.950257 -0.001402 0.183479 -0.211095 -0.800303 0.293658 0.478246 -0.211095 -0.800303 0.293658 0.478246 -0.211095 -0.800303 0.293658 0.478246 0.229968 -0.960515 -0.003172 0.156574 0.229968 -0.960515 -0.003172 0.156574 0.229968 -0.960515 -0.003172 0.156574 0.229969 -0.960515 -0.003173 0.156574 0.214779 -0.816049 0.088987 0.529165 0.214554 -0.477197 0.134397 0.841538 0.214576 -0.477193 0.134410 0.841533 0.229968 -0.960515 -0.003172 0.156574 0.229968 -0.960515 -0.003172 0.156574 0.229968 -0.960515 -0.003172 0.156574 0.229969 -0.960515 -0.003172 0.156574 0.507006 -0.845194 -0.046517 0.162566 0.370387 -0.922948 -0.087035 0.058351 0.370389 -0.922950 -0.087011 0.058341
-0.002418 0.787372 0.000202 0.229872 -0.960984 -0.005122 0.153758 0.005668 -0.862299 -0.314919 0.396528 0.004926 -0.903852 -0.302621 0.302405 -0.013952 -0.953552 -0.293996 0.064108 -0.013952 -0.953552 -0.293996 0.064108 -0.013952 -0.953552 -0.293996 0.064108 -0.111730 -0.978202 -0.014363 0.174445 0.254983 -0.950936 -0.000054 0.175227 -0.205077 -0.806848 0.293961 0.469603 -0.205077 -0.806848 0.293961 0.469603 -0.205077 -0.806848 0.293961 0.469603 0.229872 -0.960985 -0.005122 0.153758 0.229872 -0.960985 -0.005122 0.153758 0.229872 -0.960985 -0.005122 0.153758 0.229872 -0.960985 -0.005122 0.153758 0.213436 -0.817673 0.087653 0.527421 0.220583 -0.471255 0.128604 0.844229 0.220605 -0.471251 0.128616 0.844224 0.229872 -0.960985 -0.005122 0.153758 0.229872 -0.960985 -0.005122 0.153758 0.229872 -0.960985 -0.005122 0.153758 0.229872 -0.960985 -0.005122 0.153758 0.502136 -0.848618 -0.046644 0.159784 0.357968 -0.928154 -0.088570 0.050441 0.357969 -0.928156 -0.088546 0.050432
-0.002422 0.785933 0.000221 0.229187 -0.961520 -0.006605 0.151358 0.003291 -0.862133 -0.316343 0.395783 0.007022 -0.902488 -0.308449 0.300541 -0.012232 -0.953864 -0.293394 0.062559 -0.012232 -0.953864 -0.293394 0.062559 -0.012232 -0.953864 -0.293394 0.062559 -0.113875 -0.977771 -0.012479 0.175613 0.254812 -0.951159 0.001733 0.174255 -0.205047 -0.805470 0.298102 0.469372 -0.205047 -0.805470 0.298102 0.469372 -0.205047 -0.805470 0.298102 0.469372 0.229186 -0.961520 -0.006605 0.151358 0.229186 -0.961520 -0.006605 0.151358 0.229186 -0.961520 -0.006605 0.151358 0.229186 -0.961520 -0.006605 0.151358 0.215933 -0.821705 0.084457 0.520615 0.237577 -0.470183 0.118970 0.841624 0.237599 -0.470180 0.118982 0.841618 0.229186 -0.961520 -0.006605 0.151358 0.229186 -0.961520 -0.006605 0.151358 0.229186 -0.961520 -0.006605 0.151358 0.229186 -0.961520 -0.006605 0.151358 0.498226 -0.851263 -0.046627 0.157951 0.345039 -0.933230 -0.092055 0.039440 0.345040 -0.933232 -0.092030 0.039431
-0.002425 0.784358 0.000251 0.228133 -0.962267 -0.007757 0.148110 0.002998 -0.862245 -0.318515 0.393793 0.006005 -0.901966 -0.310299 0.300227 -0.013389 -0.954008 -0.292660 0.063552 -0.013389 -0.954008 -0.292660 0.063552 -0.013389 -0.954008 -0.292660 0.063552 -0.114182 -0.978105 -0.011069 0.173641 0.254440 -0.951165 0.004817 0.174706 -0.208138 -0.803422 0.301535 0.469328 -0.208138 -0.803422 0.301535 0.469328 -0.208138 -0.803422 0.301535 0.469328 0.228132 -0.962268 -0.007757 0.148110 0.228132 -0.962268 -0.007757 0.148110 0.228132 -0.962268 -0.007757 0.148110 0.228132 -0.962268 -0.007757 0.148110 0.222510 -0.824601 0.080912 0.513786 0.249283 -0.472837 0.116937 0.837024 0.249304 -0.472834 0.116949 0.837017 0.228132 -0.962268 -0.007757 0.148110 0.228132 -0.962268 -0.007757 0.148110 0.228132 -0.962268 -0.007757 0.148110 0.228132 -0.962268 -0.007757 0.148110 0.494441 -0.855465 -0.048341 0.146189 0.325992 -0.940195 -0.096451 0.021431 0.325992 -0.940198 -0.096426 0.021422
-0.002427 0.783022 0.000283 0.227151 -0.962917 -0.008744 0.145316 0.003956 -0.862719 -0.319537 0.391913 0.004731 -0.901256 -0.312478 0.300121 -0.017256 -0.953427 -0.293781 0.066122 -0.017256 -0.953427 -0.293781 0.066122 -0.017256 -0.953427 -0.293781 0.066122 -0.113073 -0.978925 -0.009640 0.169783 0.252587 -0.952007 0.007277 0.172709 -0.212206 -0.803023 0.302236 0.467736 -0.212206 -0.803023 0.302236 0.467736 -0.212206 -0.803023 0.302236 0.467736 0.227150 -0.962917 -0.008744 0.145316 0.227150 -0.962917 -0.008744 0.145316 0.227150 -0.962917 -0.008744 0.145316 0.227150 -0.962917 -0.008744 0.145316 0.217596 -0.827502 0.080267 0.511321 0.239132 -0.471918 0.118953 0.840214 0.239154 -0.471915 0.118965 0.840207 0.227150 -0.962917 -0.008744 0.145316 0.227150 -0.962917 -0.008744 0.145316 0.227150 -0.962917 -0.008744 0.145316 0.227150 -0.962917 -0.008744 0.145316 0.491736 -0.858236 -0.049321 0.138541 0.313944 -0.944218 -0.098889 0.010561 0.313944 -0.944221 -0.098865 0.010553
-0.002425 0.782032 0.000327 0.226833 -0.963501 -0.009688 0.141839 0.005584 -0.863136 -0.321211 0.389599 0.004102 -0.901296 -0.313721 0.298708 -0.019023 -0.953928 -0.291936 0.066587 -0.019023 -0.953928 -0.291936 0.066587 -0.019023 -0.953928 -0.291936 0.066587 -0.111262 -0.978973 -0.011903 0.170559 0.249105 -0.952584 0.006494 0.174612 -0.217930 -0.798531 0.302466 0.472619 -0.217930 -0.798531 0.302466 0.472619 -0.217930 -0.798531 0.302466 0.472619 0.226832 -0.963501 -0.009688 0.141839 0.226832 -0.963501 -0.009688 0.141839 0.226832 -0.963501 -0.009688 0.141839 0.226832 -0.963501 -0.009688 0.141839 0.207971 -0.831953 0.080623 0.508038 0.223172 -0.472761 0.120491 0.843904 0.223194 -0.472758 0.120503 0.843898 0.226832 -0.963501 -0.009688 0.141839 0.226832 -0.963501 -0.009688 0.141839 0.226832 -0.963501 -0.009688 0.141839 0.226832 -0.963501 -0.009688 0.141839 0.488779 -0.860500 -0.048800 0.135103 0.293882 -0.949938 -0.105612 -0.009856 0.293882 -0.949941 -0.105587 -0.009864
-0.002420 0.781354 0.000378 0.226999 -0.964060 -0.010599 0.137649 0.007258 -0.864277 -0.322208 0.386207 0.002332 -0.901590 -0.315594 0.295856 -0.021181 -0.953517 -0.293782 0.063633 -0.021181 -0.953517 -0.293782 0.063633 -0.021181 -0.953517 -0.293782 0.063633 -0.105404 -0.980142 -0.015733 0.167224 0.245636 -0.953898 0.006201 0.172348 -0.224979 -0.795732 0.301767 0.474481 -0.224979 -0.795732 0.301767 0.474481 -0.224979 -0.795732 0.301767 0.474481 0.226999 -0.964060 -0.010599 0.137648 0.226999 -0.964060 -0.010599 0.137648 0.226999 -0.964060 -0.010599 0.137648 0.226999 -0.964060 -0.010599 0.137649 0.214884 -0.836022 0.077592 0.498871 0.227612 -0.469781 0.124657 0.843777 0.227634 -0.469777 0.124669 0.843771 0.226999 -0.964060 -0.010599 0.137648 0.226999 -0.964060 -0.010599 0.137648 0.226999 -0.964060 -0.010599 0.137648 0.226999 -0.964060 -0.010599 0.137648 0.486384 -0.864395 -0.051489 0.116624 0.280812 -0.952177 -0.114901 -0.036070 0.280811 -0.952180 -0.114876 -0.036077
-0.002410 0.781177 0.000435 0.227538 -0.964698 -0.011002 0.132145 0.008554 -0.865069 -0.324375 0.382574 0.000684 -0.901570 -0.317348 0.294044 -0.024054 -0.953719 -0.293004 0.063169 -0.024054 -0.953719 -0.293004 0.063169 -0.024054 -0.953719 -0.293004 0.063169 -0.099735 -0.982104 -0.021454 0.158315 0.242172 -0.955804 0.005106 0.166628 -0.229207 -0.794456 0.301947 0.474481 -0.229207 -0.794456 0.301947 0.474481 -0.229207 -0.794456 0.301947 0.474481 0.227538 -0.964699 -0.011002 0.132145 0.227538 -0.964699 -0.011002 0.132145 0.227538 -0.964699 -0.011002 0.132145 0.227538 -0.964699 -0.011002 0.132145 0.215322 -0.837369 0.078026 0.496348 0.240085 -0.478458 0.117361 0.836459 0.240106 -0.478455 0.117374 0.836453 0.227538 -0.964699 -0.011002 0.132145 0.227538 -0.964699 -0.011002 0.132145 0.227538 -0.964699 -0.011002 0.132145 0.227538 -0.964699 -0.011002 0.132145 0.484186 -0.867674 -0.052720 0.099630 0.269926 -0.953360 -0.121664 -0.058676 0.269925 -0.953363 -0.121639 -0.058683
-0.002395 0.781491 0.000492 0.228096 -0.965315 -0.011247 0.126538 0.011028 -0.865006 -0.327277 0.380175 -0.000597 -0.900260 -0.320040 0.295138 -0.026664 -0.952389 -0.296165 0.067304 -0.026664 -0.952389 -0.296165 0.067304 -0.026664 -0.952389 -0.296165 0.067304 -0.096089 -0.984433 -0.026373 0.144788 0.239816 -0.958761 0.005457 0.152434 -0.238474 -0.797859 0.297653 0.466855 -0.238474 -0.797859 0.297653 0.466855 -0.238474 -0.797859 0.297653 0.466855 0.228095 -0.965316 -0.011247 0.126538 0.228095 -0.965316 -0.011247 0.126538 0.228095 -0.965316 -0.011247 0.126538 0.228095 -0.965315 -0.011247 0.126538 0.215751 -0.838979 0.078519 0.493357 0.251398 -0.482502 0.111187 0.831642 0.251420 -0.482499 0.111200 0.831635 0.228095 -0.965316 -0.011247 0.126538 0.228095 -0.965316 -0.011247 0.126538 0.228095 -0.965316 -0.011247 0.126538 0.228095 -0.965315 -0.011247 0.126538 0.481732 -0.870607 -0.053333 0.084465 0.260939 -0.954102 -0.125806 -0.075980 0.260937 -0.954105 -0.125781 -0.075987
-0.002378 0.781950 0.000545 0.228270 -0.966018 -0.011365 0.120715 0.012993 -0.866166 -0.329751 0.375302 -0.001882 -0.900875 -0.321754 0.291366 -0.028480 -0.951697 -0.299203 0.062763 -0.028480 -0.951697 -0.299203 0.062763 -0.028480 -0.951697 -0.299203 0.062763 -0.089898 -0.984466 -0.030652 0.147666 0.235292 -0.959297 0.001962 0.156148 -0.240829 -0.791545 0.299416 0.475193 -0.240829 -0.791545 0.299416 0.475193 -0.240829 -0.791545 0.299416 0.475193 0.228270 -0.966019 -0.011365 0.120715 0.228270 -0.966019 -0.011365 0.120715 0.228270 -0.966019 -0.011365 0.120715 0.228270 -0.966018 -0.011365 0.120715 0.207888 -0.842743 0.079914 0.490083 0.253162 -0.487281 0.103557 0.829302 0.253183 -0.487278 0.103570 0.829296 0.228270 -0.966019 -0.011365 0.120715 0.228270 -0.966019 -0.011365 0.120715 0.228270 -0.966019 -0.011365 0.120715 0.228270 -0.966018 -0.011365 0.120715 0.478448 -0.873773 -0.053855 0.068607 0.251346 -0.954532 -0.129951 -0.093839 0.251344 -0.954536 -0.129927 -0.093845
-0.002361 0.782408 0.000592 0.228176 -0.966696 -0.011819 0.115302 0.017697 -0.865795 -0.335945 0.370441 0.003119 -0.901263 -0.325598 0.285834 -0.024376 -0.951833 -0.300405 0.056367 -0.024376 -0.951833 -0.300405 0.056367 -0.024376 -0.951833 -0.300405 0.056367 -0.084816 -0.986965 -0.034619 0.132318 0.232852 -0.962520 0.001079 0.139045 -0.239676 -0.794416 0.304042 0.467992 -0.239676 -0.794416 0.304042 0.467992 -0.239676 -0.794416 0.304042 0.467992 0.228176 -0.966696 -0.011819 0.115302 0.228176 -0.966696 -0.011819 0.115302 0.228176 -0.966696 -0.011819 0.115302 0.228176 -0.966696 -0.011819 0.115302 0.208108 -0.846320 0.079055 0.483925 0.256145 -0.488444 0.102718 0.827805 0.256166 -0.488441 0.102731 0.827798 0.228176 -0.966696 -0.011819 0.115302 0.228176 -0.966696 -0.011819 0.115302 0.228176 -0.966696 -0.011819 0.115302 0.228176 -0.966696 -0.011819 0.115302 0.475416 -0.876312 -0.054246 0.055808 0.242792 -0.954473 -0.134101 -0.109773 0.242790 -0.954476 -0.134076 -0.109780
-0.002347 0.782784 0.000626 0.227637 -0.967376 -0.013095 0.110429 0.015492 -0.866374 -0.338425 0.366913 -0.002092 -0.902401 -0.325890 0.281894 -0.028514 -0.953029 -0.297102 0.051513 -0.028514 -0.953029 -0.297102 0.051513 -0.028514 -0.953029 -0.297102 0.051513 -0.081307 -0.987768 -0.036344 0.127992 0.232021 -0.963052 -0.000583 0.136740 -0.242371 -0.794131 0.302019 0.468398 -0.242371 -0.794131 0.302019 0.468398 -0.242371 -0.794131 0.302019 0.468398 0.227636 -0.967376 -0.013095 0.110429 0.227636 -0.967376 -0.013095 0.110429 0.227636 -0.967376 -0.013095 0.110429 0.227636 -0.967376 -0.013095 0.110429 0.211298 -0.849236 0.076807 0.477757 0.263642 -0.486627 0.101381 0.826685 0.263663 -0.486625 0.101393 0.826679 0.227636 -0.967376 -0.013095 0.110429 0.227636 -0.967376 -0.013095 0.110429 0.227636 -0.967376 -0.013095 0.110429 0.227636 -0.967376 -0.013095 0.110429 0.472045 -0.878457 -0.053794 0.050922 0.233983 -0.956042 -0.134020 -0.115215 0.233980 -0.956045 -0.133995 -0.115222
-0.002337 0.783060 0.000647 0.226935 -0.967960 -0.014620 0.106492 0.016149 -0.867261 -0.340613 0.362739 -0.002570 -0.903704 -0.326002 0.277551 -0.028993 -0.954166 -0.294192 0.046668 -0.028993 -0.954166 -0.294192 0.046668 -0.028993 -0.954166 -0.294192 0.046668 -0.079244 -0.988524 -0.036306 0.123383 0.229580 -0.963984 -0.001406 0.134259 -0.242413 -0.793325 0.303396 0.468853 -0.242413 -0.793325 0.303396 0.468853 -0.242413 -0.793325 0.303396 0.468853 0.226934 -0.967960 -0.014620 0.106492 0.226934 -0.967960 -0.014620 0.106492 0.226934 -0.967960 -0.014620 0.106492 0.226934 -0.967960 -0.014620 0.106492 0.214899 -0.851963 0.074075 0.471689 0.267242 -0.489620 0.102366 0.823635 0.267263 -0.489618 0.102378 0.823628 0.226934 -0.967960 -0.014620 0.106492 0.226934 -0.967960 -0.014620 0.106492 0.226934 -0.967960 -0.014620 0.106492 0.226934 -0.967960 -0.014620 0.106492 0.469083 -0.880096 -0.052979 0.050848 0.226851 -0.958315 -0.131364 -0.113641 0.226848 -0.958318 -0.131339 -0.113647
-0.002328 0.783356 0.000660 0.226030 -0.968614 -0.016918 0.102040 0.018571 -0.868401 -0.343884 0.356762 -0.000314 -0.906060 -0.326592 0.269058 -0.025612 -0.954922 -0.293727 0.034542 -0.025612 -0.954922 -0.293727 0.034542 -0.025612 -0.954922 -0.293727 0.034542 -0.076498 -0.988714 -0.036449 0.123550 0.228102 -0.965558 -0.000719 0.125166 -0.241519 -0.794209 0.308073 0.464749 -0.241519 -0.794209 0.308073 0.464749 -0.241519 -0.794209 0.308073 0.464749 0.226029 -0.968614 -0.016918 0.102040 0.226029 -0.968614 -0.016918 0.102040 0.226029 -0.968614 -0.016918 0.102040 0.226029 -0.968614 -0.016918 0.102040 0.207041 -0.854399 0.073161 0.470940 0.255579 -0.486024 0.101756 0.829522 0.255600 -0.486021 0.101769 0.829515 0.226029 -0.968614 -0.016918 0.102040 0.226029 -0.968614 -0.016918 0.102040 0.226029 -0.968614 -0.016918 0.102040 0.226029 -0.968614 -0.016918 0.102040 0.465908 -0.881882 -0.053055 0.048985 0.217341 -0.959824 -0.132313 -0.118295 0.217338 -0.959828 -0.132288 -0.118301
-0.002320 0.783619 0.000670 0.225219 -0.969216 -0.019551 0.097545 0.017178 -0.869293 -0.347151 0.351457 -0.004582 -0.908162 -0.326510 0.261940 -0.027335 -0.957397 -0.286424 0.024601 -0.027335 -0.957397 -0.286424 0.024601 -0.027335 -0.957397 -0.286424 0.024601 -0.075721 -0.989071 -0.034531 0.121709 0.226196 -0.966008 -0.002162 0.125135 -0.239463 -0.794666 0.307744 0.465249 -0.239463 -0.794666 0.307744 0.465249 -0.239463 -0.794666 0.307744 0.465249 0.225218 -0.969216 -0.019551 0.097545 0.225218 -0.969216 -0.019551 0.097545 0.225218 -0.969216 -0.019551 0.097545 0.225218 -0.969216 -0.019551 0.097545 0.207298 -0.856596 0.070431 0.467237 0.256404 -0.484596 0.100899 0.830207 0.256426 -0.484593 0.100911 0.830200 0.225218 -0.969216 -0.019551 0.097545 0.225218 -0.969216 -0.019551 0.097545 0.225218 -0.969216 -0.019551 0.097545 0.225218 -0.969216 -0.019551 0.097545 0.464035 -0.882952 -0.053634 0.046815 0.208684 -0.960456 -0.135231 -0.125249 0.208681 -0.960460 -0.135206 -0.125254
-0.002313 0.784048 0.000679 0.224133 -0.969803 -0.022005 0.093609 0.019492 -0.870150 -0.350879 0.345461 -0.002911 -0.909169 -0.329508 0.254615 -0.026166 -0.957799 -0.285940 0.013192 -0.026166 -0.957799 -0.285940 0.013192 -0.026166 -0.957799 -0.285940 0.013192 -0.075566 -0.989510 -0.030545 0.119279 0.224877 -0.965388 0.002725 0.132094 -0.235475 -0.792902 0.313758 0.466276 -0.235475 -0.792902 0.313758 0.466276 -0.235475 -0.792902 0.313758 0.466276 0.224133 -0.969803 -0.022005 0.093609 0.224133 -0.969803 -0.022005 0.093609 0.224133 -0.969803 -0.022005 0.093609 0.224133 -0.969803 -0.022005 0.093609 0.207380 -0.859585 0.067287 0.462147 0.259365 -0.482532 0.098750 0.830747 0.259387 -0.482530 0.098762 0.830740 0.224133 -0.969803 -0.022005 0.093609 0.224133 -0.969803 -0.022005 0.093609 0.224133 -0.969803 -0.022005 0.093609 0.224133 -0.969803 -0.022005 0.093609 0.462755 -0.883637 -0.054074 0.046048 0.202567 -0.960994 -0.137011 -0.129173 0.202564 -0.960997 -0.136986 -0.129179
-0.002307 0.784486 0.000683 0.223176 -0.970285 -0.023641 0.090452 0.017818 -0.870208 -0.354059 0.342143 0.000021 -0.910586 -0.330546 0.248140 -0.022403 -0.957177 -0.288619 0.003187 -0.022403 -0.957177 -0.288619 0.003187 -0.022403 -0.957177 -0.288619 0.003187 -0.075405 -0.990173 -0.027919 0.114423 0.222344 -0.966116 0.006167 0.130936 -0.236120 -0.791906 0.318146 0.464667 -0.236120 -0.791906 0.318146 0.464667 -0.236120 -0.791906 0.318146 0.464667 0.223175 -0.970285 -0.023640 0.090452 0.223175 -0.970285 -0.023640 0.090452 0.223175 -0.970285 -0.023640 0.090452 0.223175 -0.970285 -0.023641 0.090452 0.207232 -0.861999 0.065029 0.458021 0.262136 -0.477129 0.097017 0.833199 0.262158 -0.477126 0.097029 0.833192 0.223175 -0.970285 -0.023640 0.090452 0.223175 -0.970285 -0.023640 0.090452 0.223175 -0.970285 -0.023640 0.090452 0.223175 -0.970285 -0.023640 0.090452 0.461572 -0.884217 -0.053719 0.047186 0.197818 -0.962011 -0.136567 -0.129432 0.197814 -0.962014 -0.136542 -0.129437
-0.002297 0.784845 0.000693 0.222037 -0.971264 -0.022303 0.082761 0.014919 -0.873066 -0.352093 0.336994 0.002569 -0.912595 -0.329094 0.242611 -0.018869 -0.955814 -0.293341 -0.003861 -0.018869 -0.955814 -0.293341 -0.003861 -0.018869 -0.955814 -0.293341 -0.003861 -0.075351 -0.990491 -0.025321 0.112285 0.219241 -0.966506 0.008351 0.133157 -0.240674 -0.787207 0.321632 0.467904 -0.240674 -0.787207 0.321632 0.467904 -0.240674 -0.787207 0.321632 0.467904 0.222036 -0.971264 -0.022303 0.082761 0.222036 -0.971264 -0.022303 0.082761 0.222036 -0.971264 -0.022303 0.082761 0.222036 -0.971264 -0.022303 0.082761 0.212641 -0.867524 0.063715 0.445113 0.276808 -0.473648 0.096331 0.830515 0.276829 -0.473646 0.096343 0.830508 0.222036 -0.971264 -0.022303 0.082761 0.222036 -0.971264 -0.022303 0.082761 0.222036 -0.971264 -0.022303 0.082761 0.222036 -0.971264 -0.022303 0.082761 0.458710 -0.886320 -0.050738 0.038059 0.190479 -0.961341 -0.137538 -0.143613 0.190475 -0.961344 -0.137513 -0.143618
-0.002281 0.784993 0.000711 0.220829 -0.972265 -0.020206 0.074345 0.012648 -0.874508 -0.351361 0.334098 0.005103 -0.914275 -0.326617 0.239577 -0.016891 -0.953412 -0.301142 -0.005827 -0.016891 -0.953412 -0.301142 -0.005827 -0.016891 -0.953412 -0.301142 -0.005827 -0.074697 -0.992136 -0.023225 0.097706 0.218821 -0.968379 0.009831 0.119426 -0.238766 -0.791077 0.325182 0.459831 -0.238766 -0.791077 0.325182 0.459831 -0.238766 -0.791077 0.325182 0.459831 0.220829 -0.972265 -0.020206 0.074345 0.220829 -0.972265 -0.020206 0.074345 0.220829 -0.972265 -0.020206 0.074345 0.220829 -0.972265 -0.020206 0.074345 0.217219 -0.869227 0.065113 0.439341 0.287143 -0.475865 0.096846 0.825665 0.287164 -0.475863 0.096858 0.825657 0.220829 -0.972265 -0.020206 0.074345 0.220829 -0.972265 -0.020206 0.074345 0.220829 -0.972265 -0.020206 0.074345 0.220829 -0.972265 -0.020206 0.074345 0.455259 -0.888756 -0.047928 0.023575 0.181794 -0.959607 -0.139976 -0.162823 0.181790 -0.959611 -0.139951 -0.162828
-0.002264 0.785025 0.000736 0.219682 -0.973105 -0.018034 0.066944 0.010656 -0.876664 -0.347887 0.332147 0.006384 -0.914099 -0.326893 0.239840 -0.016229 -0.953054 -0.302364 -0.000849 -0.016229 -0.953054 -0.302364 -0.000849 -0.016229 -0.953054 -0.302364 -0.000849 -0.075190 -0.992954 -0.019883 0.089406 0.214871 -0.970177 0.014110 0.111305 -0.249316 -0.790722 0.324687 0.455170 -0.249316 -0.790722 0.324687 0.455170 -0.249316 -0.790722 0.324687 0.455170 0.219682 -0.973105 -0.018034 0.066944 0.219682 -0.973105 -0.018034 0.066944 0.219682 -0.973105 -0.018034 0.066944 0.219682 -0.973105 -0.018034 0.066944 0.224101 -0.871614 0.065726 0.430985 0.300547 -0.481552 0.097873 0.817435 0.300568 -0.481549 0.097885 0.817427 0.219682 -0.973105 -0.018034 0.066944 0.219682 -0.973105 -0.018034 0.066944 0.219682 -0.973105 -0.018034 0.066944 0.219682 -0.973105 -0.018034 0.066944 0.449983 -0.891829 -0.045890 0.007062 0.171329 -0.957271 -0.143299 -0.183693 0.171324 -0.957275 -0.143274 -0.183698
-0.002249 0.784981 0.000761 0.218737 -0.973680 -0.016426 0.061908 0.014291 -0.877706 -0.349329 0.327714 0.001733 -0.913468 -0.328062 0.240727 -0.015743 -0.952612 -0.303756 -0.003816 -0.015743 -0.952612 -0.303756 -0.003816 -0.015743 -0.952612 -0.303756 -0.003816 -0.073677 -0.993495 -0.016063 0.085326 0.216859 -0.970406 0.016472 0.104945 -0.254021 -0.795426 0.319672 0.447862 -0.254021 -0.795426 0.319672 0.447863 -0.254021 -0.795426 0.319672 0.447863 0.218736 -0.973680 -0.016426 0.061908 0.218736 -0.973680 -0.016426 0.061908 0.218736 -0.973680 -0.016426 0.061908 0.218736 -0.973680 -0.016426 0.061908 0.234254 -0.872473 0.065595 0.423808 0.313017 -0.484412 0.101993 0.810533 0.313038 -0.484409 0.102006 0.810525 0.218736 -0.973680 -0.016426 0.061908 0.218736 -0.973680 -0.016426 0.061908 0.218736 -0.973680 -0.016426 0.061908 0.218736 -0.973680 -0.016426 0.061908 0.444605 -0.894614 -0.044394 -0.004600 0.162513 -0.955913 -0.144624 -0.197239 0.162508 -0.955917 -0.144599 -0.197243
-0.002237 0.784450 0.000787 0.217276 -0.974209 -0.014800 0.059074 0.011430 -0.879641 -0.349910 0.321970 -0.002917 -0.915406 -0.328794 0.232202 -0.019432 -0.952136 -0.304582 -0.017019 -0.019432 -0.952136 -0.304582 -0.017019 -0.019432 -0.952136 -0.304582 -0.017019 -0.072779 -0.994174 -0.003360 0.079441 0.220928 -0.968577 0.022521 0.111993 -0.262089 -0.785530 0.329467 0.453545 -0.262089 -0.785530 0.329468 0.453545 -0.262089 -0.785530 0.329468 0.453545 0.217275 -0.974209 -0.014800 0.059074 0.217275 -0.974209 -0.014800 0.059074 0.217275 -0.974209 -0.014800 0.059074 0.217275 -0.974209 -0.014800 0.059074 0.233508 -0.875251 0.065862 0.418415 0.315574 -0.487487 0.101329 0.807776 0.315595 -0.487484 0.101342 0.807768 0.217275 -0.974209 -0.014800 0.059074 0.217275 -0.974209 -0.014800 0.059074 0.217275 -0.974209 -0.014800 0.059074 0.217275 -0.974209 -0.014800 0.059074 0.437958 -0.897822 -0.043484 -0.014741 0.151700 -0.955190 -0.145446 -0.208434 0.151694 -0.955194 -0.145422 -0.208438
-0.002228 0.783605 0.000812 0.215840 -0.974672 -0.012869 0.057113 0.019098 -0.877252 -0.352088 0.325728 0.003553 -0.911055 -0.329612 0.247633 -0.010148 -0.951087 -0.308730 0.004014 -0.010148 -0.951087 -0.308730 0.004014 -0.010148 -0.951087 -0.308730 0.004014 -0.074102 -0.994994 -0.003198 0.066979 0.218647 -0.970703 0.024649 0.096552 -0.273754 -0.793422 0.317235 0.441477 -0.273754 -0.793422 0.317235 0.441477 -0.273754 -0.793422 0.317235 0.441477 0.215839 -0.974672 -0.012869 0.057113 0.215839 -0.974672 -0.012869 0.057113 0.215839 -0.974672 -0.012869 0.057113 0.215839 -0.974672 -0.012869 0.057113 0.246245 -0.873809 0.065741 0.414125 0.327224 -0.487199 0.107714 0.802471 0.327245 -0.487196 0.107727 0.802462 0.215839 -0.974672 -0.012869 0.057113 0.215839 -0.974672 -0.012869 0.057113 0.215839 -0.974672 -0.012869 0.057113 0.215839 -0.974672 -0.012869 0.057113 0.431708 -0.900700 -0.042456 -0.023784 0.142104 -0.954135 -0.146273 -0.219174 0.142098 -0.954139 -0.146248 -0.219178
-0.002221 0.782156 0.000834 0.213973 -0.975092 -0.010773 0.057401 0.021044 -0.876734 -0.353106 0.325900 0.007297 -0.909150 -0.332178 0.251099 -0.008956 -0.949400 -0.313760 0.010712 -0.008956 -0.949400 -0.313760 0.010712 -0.008956 -0.949400 -0.313760 0.010712 -0.072049 -0.995641 -0.000664 0.059218 0.218605 -0.971017 0.027229 0.092722 -0.281778 -0.793834 0.313920 0.438046 -0.281778 -0.793834 0.313920 0.438046 -0.281778 -0.793834 0.313920 0.438046 0.213973 -0.975092 -0.010773 0.057401 0.213973 -0.975092 -0.010773 0.057401 0.213973 -0.975092 -0.010773 0.057401 0.213973 -0.975092 -0.010773 0.057401 0.254796 -0.872659 0.065633 0.411385 0.335869 -0.487524 0.111386 0.798189 0.335889 -0.487522 0.111399 0.798180 0.213973 -0.975092 -0.010773 0.057401 0.213973 -0.975092 -0.010773 0.057401 0.213973 -0.975092 -0.010773 0.057401 0.213973 -0.975092 -0.010773 0.057401 0.424431 -0.904037 -0.041410 -0.029333 0.131741 -0.954022 -0.145713 -0.226392 0.131735 -0.954026 -0.145688 -0.226396
-0.002214 0.779842 0.000852 0.212137 -0.975425 -0.008610 0.058899 0.019457 -0.876117 -0.354415 0.326237 0.012833 -0.907345 -0.338383 0.249113 -0.006366 -0.943875 -0.330085 0.010205 -0.006366 -0.943875 -0.330085 0.010205 -0.006366 -0.943875 -0.330085 0.010205 -0.071366 -0.995609 0.002046 0.060546 0.221878 -0.970318 0.026902 0.092357 -0.280392 -0.794124 0.314729 0.437827 -0.280392 -0.794124 0.314729 0.437827 -0.280392 -0.794124 0.314729 0.437827 0.212137 -0.975425 -0.008610 0.058899 0.212137 -0.975425 -0.008610 0.058899 0.212137 -0.975425 -0.008610 0.058899 0.212137 -0.975425 -0.008610 0.058899 0.259460 -0.872040 0.065751 0.409761 0.341537 -0.488468 0.112881 0.794990 0.341558 -0.488465 0.112894 0.794981 0.212137 -0.975425 -0.008610 0.058899 0.212137 -0.975425 -0.008610 0.058899 0.212137 -0.975425 -0.008610 0.058899 0.212137 -0.975425 -0.008610 0.058899 0.417855 -0.906984 -0.040557 -0.033658 0.123686 -0.953808 -0.145037 -0.232200 0.123680 -0.953812 -0.145012 -0.232203
-0.002209 0.777220 0.000865 0.210508 -0.975695 -0.007129 0.060447 0.025345 -0.873210 -0.357712 0.330006 0.014857 -0.907170 -0.335149 0.253961 0.000125 -0.944314 -0.328584 0.017431 0.000125 -0.944314 -0.328584 0.017431 0.000125 -0.944314 -0.328584 0.017431 -0.070156 -0.995391 0.005772 0.065125 0.217726 -0.970464 0.026717 0.100403 -0.297422 -0.783322 0.310583 0.448871 -0.297422 -0.783322 0.310583 0.448871 -0.297422 -0.783322 0.310583 0.448871 0.210508 -0.975696 -0.007129 0.060447 0.210508 -0.975696 -0.007129 0.060447 0.210508 -0.975696 -0.007129 0.060447 0.210508 -0.975696 -0.007129 0.060447 0.263081 -0.871712 0.065403 0.408203 0.346380 -0.488834 0.113665 0.792554 0.346401 -0.488831 0.113678 0.792545 0.210508 -0.975696 -0.007129 0.060447 0.210508 -0.975696 -0.007129 0.060447 0.210508 -0.975696 -0.007129 0.060447 0.210508 -0.975696 -0.007129 0.060447 0.410340 -0.910279 -0.040149 -0.037432 0.112012 -0.953820 -0.144813 -0.238140 0.112006 -0.953823 -0.144788 -0.238143
-0.002205 0.774946 0.000875 0.209166 -0.975906 -0.006236 0.061786 0.026970 -0.872288 -0.356409 0.333705 0.021640 -0.903896 -0.338512 0.260604 0.015866 -0.941228 -0.336299 0.027230 0.015866 -0.941228 -0.336299 0.027230 0.015866 -0.941228 -0.336299 0.027230 -0.067957 -0.995077 0.004689 0.071983 0.217890 -0.970866 0.025258 0.096465 -0.307642 -0.781538 0.303413 0.449995 -0.307641 -0.781538 0.303413 0.449995 -0.307641 -0.781538 0.303413 0.449995 0.209166 -0.975906 -0.006236 0.061786 0.209166 -0.975906 -0.006236 0.061786 0.209166 -0.975906 -0.006236 0.061786 0.209166 -0.975906 -0.006236 0.061786 0.265694 -0.871956 0.064647 0.406105 0.350780 -0.489006 0.113756 0.790498 0.350800 -0.489003 0.113769 0.790489 0.209166 -0.975906 -0.006236 0.061786 0.209166 -0.975906 -0.006236 0.061786 0.209166 -0.975906 -0.006236 0.061786 0.209166 -0.975906 -0.006236 0.061786 0.403468 -0.913254 -0.039917 -0.039833 0.099550 -0.954142 -0.144509 -0.242529 0.099544 -0.954146 -0.144485 -0.242531
-0.002204 0.773251 0.000886 0.207714 -0.976235 -0.004229 0.061656 0.030487 -0.872598 -0.356281 0.332725 0.020441 -0.901420 -0.334086 0.274610 0.014857 -0.936053 -0.348734 0.044370 0.014857 -0.936053 -0.348734 0.044370 0.014857 -0.936053 -0.348734 0.044370 -0.065365 -0.995278 0.009413 0.071138 0.219712 -0.969159 0.033150 0.106575 -0.305822 -0.770485 0.322836 0.456730 -0.305822 -0.770485 0.322836 0.456730 -0.305822 -0.770485 0.322836 0.456730 0.207714 -0.976235 -0.004229 0.061656 0.207714 -0.976235 -0.004229 0.061656 0.207714 -0.976235 -0.004229 0.061656 0.207714 -0.976235 -0.004230 0.061656 0.267212 -0.873658 0.064746 0.401407 0.355644 -0.488882 0.113954 0.788369 0.355664 -0.488879 0.113967 0.788360 0.207714 -0.976235 -0.004229 0.061656 0.207714 -0.976235 -0.004229 0.061656 0.207714 -0.976235 -0.004229 0.061656 0.207714 -0.976235 -0.004229 0.061656 0.396041 -0.916329 -0.038519 -0.044819 0.084046 -0.953113 -0.144883 -0.252032 0.084040 -0.953117 -0.144859 -0.252034
-0.002207 0.772098 0.000895 0.206299 -0.976602 -0.002122 0.060704 0.033529 -0.874000 -0.354160 0.331015 0.027873 -0.903609 -0.326006 0.276466 0.025615 -0.937717 -0.342923 0.049350 0.025615 -0.937717 -0.342923 0.049350 0.025615 -0.937717 -0.342923 0.049350 -0.064095 -0.995402 0.011134 0.070303 0.216038 -0.970033 0.029319 0.107261 -0.308306 -0.768437 0.319638 0.460743 -0.308306 -0.768437 0.319638 0.460743 -0.308306 -0.768437 0.319638 0.460743 0.206298 -0.976602 -0.002122 0.060704 0.206298 -0.976602 -0.002122 0.060704 0.206298 -0.976602 -0.002122 0.060704 0.206298 -0.976602 -0.002122 0.060704 0.269067 -0.876190 0.064726 0.394594 0.362991 -0.488448 0.113768 0.785311 0.363012 -0.488445 0.113781 0.785301 0.206298 -0.976602 -0.002122 0.060704 0.206298 -0.976602 -0.002122 0.060704 0.206298 -0.976602 -0.002122 0.060704 0.206298 -0.976602 -0.002122 0.060704 0.389466 -0.919041 -0.036450 -0.048497 0.070726 -0.952182 -0.144180 -0.259922 0.070719 -0.952186 -0.144156 -0.259923
-0.002210 0.771377 0.000886 0.204928 -0.976986 -0.000656 0.059189 0.033334 -0.877884 -0.347795 0.327485 0.028408 -0.908410 -0.316837 0.271290 0.027266 -0.937326 -0.344826 0.042088 0.027266 -0.937326 -0.344826 0.042088 0.027266 -0.937326 -0.344826 0.042088 -0.062764 -0.995081 0.020874 0.073745 0.214864 -0.968905 0.038155 0.116625 -0.309026 -0.760369 0.333066 0.464122 -0.309026 -0.760369 0.333066 0.464122 -0.309026 -0.760369 0.333066 0.464122 0.204927 -0.976986 -0.000656 0.059189 0.204927 -0.976986 -0.000656 0.059189 0.204927 -0.976986 -0.000656 0.059189 0.204928 -0.976986 -0.000656 0.059189 0.269122 -0.882764 0.062798 0.379944 0.374713 -0.484275 0.111781 0.782670 0.374733 -0.484272 0.111793 0.782661 0.204927 -0.976986 -0.000656 0.059189 0.204927 -0.976986 -0.000656 0.059189 0.204927 -0.976986 -0.000656 0.059189 0.204928 -0.976986 -0.000656 0.059189 0.381907 -0.922271 -0.034041 -0.049032 0.054291 -0.953074 -0.140938 -0.262370 0.054284 -0.953078 -0.140913 -0.262372
-0.002213 0.771085 0.000862 0.203765 -0.977349 0.000078 0.057172 0.031454 -0.880327 -0.340309 0.328976 0.027917 -0.909888 -0.309245 0.275122 0.027283 -0.937380 -0.343366 0.051716 0.027283 -0.937380 -0.343366 0.051716 0.027283 -0.937380 -0.343366 0.051716 -0.063917 -0.994858 0.026949 0.073797 0.216380 -0.967533 0.043433 0.123182 -0.307502 -0.754689 0.343340 0.466909 -0.307502 -0.754689 0.343340 0.466909 -0.307502 -0.754689 0.343340 0.466909 0.203764 -0.977349 0.000079 0.057172 0.203764 -0.977349 0.000079 0.057172 0.203764 -0.977349 0.000079 0.057172 0.203764 -0.977349 0.000078 0.057172 0.270694 -0.891627 0.058902 0.358128 0.389325 -0.477361 0.111893 0.779765 0.389345 -0.477358 0.111906 0.779755 0.203764 -0.977349 0.000079 0.057172 0.203764 -0.977349 0.000079 0.057172 0.203764 -0.977349 0.000079 0.057172 0.203764 -0.977349 0.000078 0.057172 0.375447 -0.925096 -0.031733 -0.047218 0.038596 -0.955145 -0.136331 -0.260044 0.038589 -0.955148 -0.136307 -0.260045
-0.002215 0.771595 0.000831 0.202942 -0.977665 -0.000062 0.054641 0.033200 -0.883377 -0.333731 0.327363 0.021476 -0.912011 -0.301045 0.277754 0.021648 -0.939180 -0.338068 0.056414 0.021648 -0.939180 -0.338068 0.056414 0.021648 -0.939180 -0.338068 0.056414 -0.061367 -0.995295 0.030217 0.068619 0.217762 -0.967473 0.046605 0.120012 -0.298593 -0.756236 0.351160 0.464366 -0.298593 -0.756236 0.351160 0.464366 -0.298593 -0.756236 0.351160 0.464366 0.202942 -0.977665 -0.000062 0.054641 0.202942 -0.977665 -0.000062 0.054641 0.202942 -0.977665 -0.000062 0.054641 0.202942 -0.977665 -0.000062 0.054641 0.271525 -0.900876 0.054163 0.334310 0.404112 -0.472106 0.112126 0.775395 0.404132 -0.472103 0.112138 0.775385 0.202942 -0.977665 -0.000062 0.054641 0.202942 -0.977665 -0.000062 0.054641 0.202942 -0.977665 -0.000062 0.054641 0.202942 -0.977665 -0.000062 0.054641 0.367785 -0.928334 -0.029971 -0.045076 0.021562 -0.957796 -0.130901 -0.255002 0.021555 -0.957800 -0.130876 -0.255003
-0.002217 0.772678 0.000801 0.202390 -0.977907 -0.000537 0.052313 0.032691 -0.885881 -0.329607 0.324815 0.018182 -0.914160 -0.297690 0.274520 0.019578 -0.940302 -0.335730 0.052295 0.019578 -0.940302 -0.335730 0.052295 0.019578 -0.940302 -0.335730 0.052295 -0.061900 -0.995454 0.034833 0.063456 0.207211 -0.969429 0.047792 0.122420 -0.303976 -0.749627 0.353300 0.469933 -0.303976 -0.749627 0.353300 0.469933 -0.303976 -0.749627 0.353300 0.469933 0.202390 -0.977907 -0.000537 0.052313 0.202390 -0.977907 -0.000537 0.052313 0.202390 -0.977907 -0.000537 0.052313 0.202390 -0.977907 -0.000537 0.052313 0.271558 -0.908873 0.049677 0.312632 0.418110 -0.466547 0.112141 0.771325 0.418130 -0.466544 0.112153 0.771314 0.202390 -0.977907 -0.000537 0.052313 0.202390 -0.977907 -0.000537 0.052313 0.202390 -0.977907 -0.000537 0.052313 0.202390 -0.977907 -0.000537 0.052313 0.360900 -0.931170 -0.028717 -0.043000 0.006897 -0.959794 -0.126388 -0.250549 0.006891 -0.959797 -0.126363 -0.250549
-0.002218 0.774642 0.000769 0.201884 -0.978162 -0.000937 0.049400 0.032793 -0.887916 -0.325448 0.323441 0.016813 -0.914225 -0.296883 0.275265 0.018207 -0.939727 -0.337186 0.053735 0.018207 -0.939727 -0.337186 0.053735 0.018207 -0.939727 -0.337186 0.053735 -0.061387 -0.996040 0.040056 0.050306 0.207526 -0.969608 0.051833 0.118768 -0.310830 -0.743676 0.360014 0.469810 -0.310830 -0.743676 0.360014 0.469810 -0.310830 -0.743676 0.360014 0.469810 0.201884 -0.978162 -0.000937 0.049400 0.201884 -0.978162 -0.000937 0.049400 0.201884 -0.978162 -0.000937 0.049400 0.201884 -0.978162 -0.000937 0.049400 0.270426 -0.915873 0.045967 0.293144 0.428324 -0.464318 0.112672 0.766976 0.428344 -0.464315 0.112684 0.766965 0.201884 -0.978162 -0.000937 0.049400 0.201884 -0.978162 -0.000937 0.049400 0.201884 -0.978162 -0.000937 0.049400 0.201884 -0.978162 -0.000937 0.049400 0.353096 -0.934365 -0.026888 -0.039537 -0.008520 -0.962751 -0.119642 -0.242331 -0.008526 -0.962754 -0.119617 -0.242331
-0.002220 0.777539 0.000735 0.201586 -0.978391 -0.001494 0.045954 0.031466 -0.890100 -0.321254 0.321757 0.015932 -0.915620 -0.294569 0.273158 0.017436 -0.938887 -0.339792 0.052244 0.017436 -0.938887 -0.339792 0.052244 0.017436 -0.938887 -0.339792 0.052244 -0.058964 -0.996356 0.046239 0.040734 0.208897 -0.969532 0.054884 0.115577 -0.306791 -0.745725 0.364237 0.465945 -0.306791 -0.745725 0.364237 0.465945 -0.306791 -0.745725 0.364237 0.465945 0.201585 -0.978391 -0.001494 0.045954 0.201585 -0.978391 -0.001494 0.045954 0.201585 -0.978391 -0.001494 0.045954 0.201585 -0.978391 -0.001494 0.045954 0.268383 -0.921475 0.043157 0.277475 0.437464 -0.461395 0.112290 0.763630 0.437484 -0.461392 0.112302 0.763619 0.201585 -0.978391 -0.001494 0.045954 0.201585 -0.978391 -0.001494 0.045954 0.201585 -0.978391 -0.001494 0.045954 0.201585 -0.978391 -0.001494 0.045954 0.345769 -0.937297 -0.025072 -0.035918 -0.021587 -0.965523 -0.112829 -0.233599 -0.021593 -0.965526 -0.112804 -0.233598
-0.002222 0.780652 0.000699 0.201177 -0.978700 -0.001115 0.040902 0.029704 -0.893223 -0.314969 0.319476 0.013759 -0.917082 -0.291560 0.271595 0.016259 -0.938976 -0.339728 0.051434 0.016259 -0.938976 -0.339728 0.051434 0.016259 -0.938976 -0.339728 0.051434 -0.057731 -0.996002 0.053518 0.042231 0.209308 -0.968807 0.060006 0.118333 -0.298542 -0.746230 0.373149 0.463437 -0.298542 -0.746230 0.373149 0.463437 -0.298542 -0.746230 0.373149 0.463437 0.201176 -0.978700 -0.001115 0.040902 0.201176 -0.978700 -0.001115 0.040902 0.201176 -0.978700 -0.001115 0.040902 0.201176 -0.978700 -0.001115 0.040902 0.267358 -0.928002 0.040455 0.256311 0.452202 -0.456299 0.113355 0.757928 0.452222 -0.456296 0.113366 0.757916 0.201176 -0.978700 -0.001115 0.040902 0.201176 -0.978700 -0.001115 0.040902 0.201176 -0.978700 -0.001115 0.040902 0.201176 -0.978700 -0.001115 0.040902 0.338191 -0.940300 -0.021679 -0.031495 -0.033919 -0.967229 -0.105585 -0.228406 -0.033925 -0.967232 -0.105560 -0.228406
-0.002225 0.783298 0.000667 0.200784 -0.978985 0.000810 0.035696 0.027400 -0.896201 -0.309212 0.316955 0.013442 -0.918677 -0.288402 0.269586 0.016225 -0.939702 -0.337851 0.050540 0.016225 -0.939702 -0.337851 0.050540 0.016225 -0.939702 -0.337851 0.050540 -0.056013 -0.995994 0.058999 0.037107 0.209734 -0.969050 0.059268 0.115937 -0.297545 -0.748556 0.371521 0.461631 -0.297545 -0.748556 0.371521 0.461631 -0.297545 -0.748556 0.371521 0.461631 0.200784 -0.978985 0.000810 0.035696 0.200784 -0.978985 0.000810 0.035696 0.200784 -0.978985 0.000810 0.035696 0.200784 -0.978985 0.000810 0.035696 0.262074 -0.934378 0.040033 0.238016 0.464006 -0.453964 0.112268 0.752337 0.464026 -0.453961 0.112279 0.752325 0.200784 -0.978985 0.000810 0.035696 0.200784 -0.978985 0.000810 0.035696 0.200784 -0.978985 0.000810 0.035696 0.200784 -0.978985 0.000810 0.035696 0.332054 -0.942614 -0.017523 -0.030207 -0.043389 -0.966266 -0.101346 -0.232756 -0.043395 -0.966269 -0.101321 -0.232755
-0.002227 0.785379 0.000639 0.200154 -0.979248 0.002485 0.031710 0.025573 -0.898719 -0.305286 0.313768 0.011317 -0.919956 -0.286502 0.267338 0.015220 -0.938802 -0.340787 0.047788 0.015220 -0.938802 -0.340787 0.047788 0.015220 -0.938802 -0.340787 0.047788 -0.054291 -0.995401 0.068340 0.039484 0.204601 -0.970138 0.056875 0.117196 -0.311679 -0.735011 0.373672 0.472213 -0.311679 -0.735011 0.373672 0.472213 -0.311679 -0.735011 0.373672 0.472213 0.200153 -0.979248 0.002485 0.031710 0.200153 -0.979248 0.002485 0.031710 0.200153 -0.979248 0.002485 0.031710 0.200153 -0.979248 0.002485 0.031710 0.256079 -0.940877 0.038723 0.218344 0.478285 -0.451602 0.110377 0.745061 0.478305 -0.451600 0.110388 0.745048 0.200153 -0.979248 0.002485 0.031710 0.200153 -0.979248 0.002485 0.031710 0.200153 -0.979248 0.002485 0.031710 0.200153 -0.979248 0.002485 0.031710 0.326108 -0.944797 -0.013999 -0.028556 -0.055729 -0.964454 -0.098409 -0.238827 -0.055735 -0.964457 -0.098384 -0.238826
-0.002228 0.786882 0.000616 0.199492 -0.979460 0.003618 0.029123 0.025853 -0.899712 -0.303464 0.312666 0.018991 -0.920584 -0.286829 0.264374 0.022484 -0.937760 -0.343402 0.046643 0.022484 -0.937760 -0.343402 0.046643 0.022484 -0.937760 -0.343402 0.046643 -0.054055 -0.995550 0.069397 0.033783 0.206723 -0.970085 0.062765 0.110732 -0.306200 -0.741746 0.377390 0.462203 -0.306200 -0.741746 0.377390 0.462203 -0.306200 -0.741746 0.377390 0.462203 0.199491 -0.979460 0.003618 0.029123 0.199491 -0.979460 0.003618 0.029123 0.199491 -0.979460 0.003618 0.029123 0.199491 -0.979460 0.003618 0.029123 0.246941 -0.947363 0.036972 0.200390 0.489465 -0.449036 0.106840 0.739848 0.489484 -0.449034 0.106852 0.739836 0.199491 -0.979460 0.003618 0.029123 0.199491 -0.979460 0.003618 0.029123 0.199491 -0.979460 0.003618 0.029123 0.199491 -0.979460 0.003618 0.029123 0.322197 -0.946217 -0.011580 -0.026981 -0.066159 -0.962504 -0.096943 -0.244565 -0.066166 -0.962506 -0.096918 -0.244563
-0.002227 0.787902 0.000599 0.198788 -0.979655 0.004371 0.027199 0.027009 -0.900597 -0.302807 0.310650 0.019701 -0.920870 -0.287537 0.262552 0.022856 -0.937640 -0.343904 0.045152 0.022856 -0.937640 -0.343904 0.045152 0.022856 -0.937640 -0.343904 0.045152 -0.052160 -0.995262 0.076446 0.029815 0.207140 -0.970146 0.063617 0.108915 -0.307142 -0.739493 0.380454 0.462677 -0.307142 -0.739493 0.380454 0.462677 -0.307142 -0.739493 0.380454 0.462677 0.198788 -0.979655 0.004371 0.027199 0.198788 -0.979655 0.004371 0.027199 0.198788 -0.979655 0.004371 0.027199 0.198788 -0.979655 0.004371 0.027199 0.232609 -0.956285 0.033137 0.174106 0.504907 -0.441132 0.102114 0.734877 0.504926 -0.441130 0.102126 0.734864 0.198788 -0.979655 0.004371 0.027199 0.198788 -0.979655 0.004371 0.027199 0.198788 -0.979655 0.004371 0.027199 0.198788 -0.979655 0.004371 0.027199 0.313883 -0.949002 -0.010110 -0.027745 -0.081859 -0.958832 -0.096670 -0.254156 -0.081866 -0.958835 -0.096645 -0.254154
-0.002230 0.788366 0.000591 0.198194 -0.979853 0.005324 0.024044 0.029113 -0.901188 -0.302499 0.309041 0.023998 -0.920029 -0.290615 0.261751 0.024690 -0.937128 -0.344860 0.047479 0.024690 -0.937128 -0.344860 0.047479 0.024690 -0.937128 -0.344860 0.047479 -0.050966 -0.995180 0.077631 0.031507 0.206191 -0.969274 0.074317 0.111669 -0.298990 -0.738969 0.392593 0.458695 -0.298990 -0.738969 0.392593 0.458695 -0.298990 -0.738969 0.392593 0.458695 0.198194 -0.979853 0.005324 0.024044 0.198194 -0.979853 0.005324 0.024044 0.198194 -0.979853 0.005324 0.024044 0.198194 -0.979853 0.005324 0.024044 0.226104 -0.962363 0.029586 0.147849 0.525527 -0.441380 0.102026 0.720136 0.525546 -0.441377 0.102037 0.720122 0.198194 -0.979853 0.005324 0.024044 0.198194 -0.979853 0.005324 0.024044 0.198194 -0.979853 0.005324 0.024044 0.198194 -0.979853 0.005324 0.024044 0.304761 -0.951695 -0.009616 -0.036133 -0.094759 -0.952480 -0.100195 -0.271595 -0.094766 -0.952483 -0.100170 -0.271593
-0.002237 0.788518 0.000587 0.197335 -0.980081 0.006063 0.021522 0.028292 -0.902726 -0.303050 0.304050 0.023782 -0.921694 -0.291623 0.254699 0.026584 -0.941098 -0.334846 0.038816 0.026584 -0.941098 -0.334846 0.038816 0.026584 -0.941098 -0.334846 0.038816 -0.050775 -0.994791 0.081571 0.034046 0.200013 -0.969295 0.080470 0.118268 -0.312495 -0.727002 0.397866 0.464238 -0.312495 -0.727002 0.397866 0.464238 -0.312495 -0.727002 0.397866 0.464238 0.197335 -0.980081 0.006063 0.021522 0.197335 -0.980081 0.006063 0.021522 0.197335 -0.980081 0.006063 0.021522 0.197335 -0.980081 0.006063 0.021522 0.210612 -0.970206 0.024960 0.117128 0.560939 -0.438859 0.094564 0.695563 0.560957 -0.438857 0.094575 0.695548 0.197335 -0.980081 0.006063 0.021522 0.197335 -0.980081 0.006063 0.021522 0.197335 -0.980081 0.006063 0.021522 0.197335 -0.980081 0.006063 0.021522 0.294555 -0.954487 -0.009783 -0.045787 -0.109745 -0.944873 -0.104521 -0.290251 -0.109753 -0.944876 -0.104496 -0.290248
-0.002246 0.788304 0.000592 0.196554 -0.980271 0.006563 0.019800 0.027711 -0.903269 -0.303508 0.302028 0.025135 -0.921816 -0.292251 0.253403 0.028086 -0.942431 -0.330987 0.038500 0.028086 -0.942431 -0.330987 0.038500 0.028086 -0.942431 -0.330987 0.038500 -0.049981 -0.994458 0.085754 0.034655 0.197337 -0.970127 0.079624 0.116500 -0.309860 -0.728424 0.397667 0.463947 -0.309860 -0.728424 0.397667 0.463947 -0.309860 -0.728424 0.397667 0.463947 0.196553 -0.980271 0.006563 0.019800 0.196553 -0.980271 0.006563 0.019800 0.196553 -0.980271 0.006563 0.019800 0.196553 -0.980271 0.006563 0.019800 0.219105 -0.971310 0.020170 0.090234 0.577786 -0.419551 0.110966 0.691250 0.577804 -0.419548 0.110977 0.691235 0.196553 -0.980271 0.006563 0.019800 0.196553 -0.980271 0.006563 0.019800 0.196553 -0.980271 0.006563 0.019800 0.196553 -0.980271 0.006563 0.019800 0.284841 -0.956860 -0.010640 -0.056321 -0.123209 -0.935768 -0.110360 -0.311414 -0.123217 -0.935771 -0.110336 -0.311411
-0.002255 0.787915 0.000595 0.195635 -0.980524 0.002398 0.017112 0.030544 -0.903827 -0.305321 0.298233 0.021506 -0.923341 -0.290272 0.250443 0.025495 -0.944073 -0.327003 0.033845 0.025495 -0.944073 -0.327003 0.033845 0.025495 -0.944073 -0.327003 0.033845 -0.047761 -0.994661 0.084670 0.034640 0.196104 -0.970506 0.081769 0.113904 -0.302785 -0.731810 0.401641 0.459848 -0.302785 -0.731810 0.401641 0.459848 -0.302785 -0.731810 0.401641 0.459848 0.195635 -0.980525 0.002398 0.017112 0.195635 -0.980525 0.002398 0.017112 0.195635 -0.980525 0.002398 0.017112 0.195635 -0.980525 0.002398 0.017112 0.215097 -0.975550 0.007508 0.044484 0.619061 -0.415601 0.119513 0.655558 0.619078 -0.415598 0.119523 0.655542 0.195635 -0.980525 0.002398 0.017112 0.195635 -0.980525 0.002398 0.017112 0.195635 -0.980525 0.002398 0.017112 0.195635 -0.980525 0.002398 0.017112 0.277933 -0.958315 -0.015361 -0.064425 -0.138029 -0.926489 -0.119561 -0.329046 -0.138038 -0.926492 -0.119537 -0.329043
-0.002262 0.787532 0.000591 0.194680 -0.980726 -0.003372 0.016268 0.034194 -0.903364 -0.305609 0.298944 0.020632 -0.922404 -0.288823 0.255591 0.026757 -0.948012 -0.314381 0.041504 0.026757 -0.948012 -0.314381 0.041504 0.026757 -0.948012 -0.314381 0.041504 -0.043051 -0.995613 0.074627 0.036497 0.197546 -0.970831 0.077037 0.111926 -0.286896 -0.737897 0.403114 0.459018 -0.286896 -0.737897 0.403114 0.459018 -0.286896 -0.737897 0.403114 0.459018 0.194680 -0.980726 -0.003372 0.016268 0.194680 -0.980726 -0.003372 0.016268 0.194680 -0.980726 -0.003372 0.016268 0.194680 -0.980726 -0.003372 0.016268 0.214309 -0.976507 -0.002473 0.022361 0.663125 -0.386035 0.122006 0.629569 0.663141 -0.386032 0.122016 0.629552 0.194680 -0.980726 -0.003372 0.016268 0.194680 -0.980726 -0.003372 0.016268 0.194680 -0.980726 -0.003372 0.016268 0.194680 -0.980726 -0.003372 0.016268 0.273754 -0.959298 -0.020956 -0.066077 -0.154623 -0.919245 -0.127437 -0.338880 -0.154632 -0.919248 -0.127413 -0.338876
-0.002267 0.787279 0.000587 0.193882 -0.980833 -0.010510 0.016327 0.039546 -0.903434 -0.306145 0.297522 0.017873 -0.923639 -0.283420 0.257382 0.024623 -0.949951 -0.308581 0.042019 0.024623 -0.949951 -0.308581 0.042019 0.024623 -0.949951 -0.308581 0.042019 -0.037467 -0.996985 0.057391 0.036373 0.192357 -0.972770 0.059204 0.114941 -0.286030 -0.733828 0.393357 0.474293 -0.286030 -0.733828 0.393357 0.474293 -0.286030 -0.733828 0.393357 0.474293 0.193881 -0.980833 -0.010510 0.016327 0.193881 -0.980833 -0.010510 0.016327 0.193881 -0.980833 -0.010510 0.016327 0.193881 -0.980833 -0.010510 0.016327 0.180985 -0.983092 -0.017778 -0.021404 0.707538 -0.353771 0.119460 0.599972 0.707553 -0.353768 0.119470 0.599953 0.193881 -0.980833 -0.010510 0.016327 0.193881 -0.980833 -0.010510 0.016327 0.193881 -0.980833 -0.010510 0.016327 0.193881 -0.980833 -0.010510 0.016327 0.266802 -0.960867 -0.028357 -0.068899 -0.172273 -0.910199 -0.136668 -0.350971 -0.172282 -0.910203 -0.136644 -0.350967
-0.002269 0.787681 0.000584 0.192954 -0.980920 -0.015971 0.017607 0.042130 -0.903321 -0.307404 0.296207 0.017413 -0.924598 -0.279240 0.258535 0.026687 -0.953814 -0.296280 0.041779 0.026687 -0.953814 -0.296280 0.041779 0.026687 -0.953814 -0.296280 0.041779 -0.030012 -0.998078 0.037717 0.038955 0.194114 -0.973140 0.044025 0.115670 -0.284869 -0.732985 0.384087 0.483797 -0.284869 -0.732985 0.384087 0.483798 -0.284869 -0.732985 0.384087 0.483798 0.192954 -0.980920 -0.015971 0.017607 0.192954 -0.980920 -0.015971 0.017607 0.192954 -0.980920 -0.015971 0.017607 0.192954 -0.980920 -0.015971 0.017607 0.166768 -0.984239 -0.029079 -0.051142 0.774415 -0.359902 0.115569 0.507341 0.774428 -0.359899 0.115579 0.507321 0.192954 -0.980920 -0.015971 0.017607 0.192954 -0.980920 -0.015971 0.017607 0.192954 -0.980920 -0.015971 0.017607 0.192954 -0.980920 -0.015971 0.017607 0.258026 -0.962896 -0.034323 -0.071241 -0.188393 -0.900496 -0.143745 -0.364626 -0.188402 -0.900500 -0.143722 -0.364621
-0.002269 0.788606 0.000586 0.191483 -0.981108 -0.019994 0.019009 0.045407 -0.902427 -0.308164 0.297655 0.018006 -0.923115 -0.280270 0.262648 0.028172 -0.956809 -0.285221 0.048709 0.028172 -0.956809 -0.285221 0.048709 0.028172 -0.956809 -0.285221 0.048709 -0.024379 -0.998557 0.023000 0.041963 0.194997 -0.973236 0.034245 0.116685 -0.278235 -0.730334 0.383858 0.491783 -0.278235 -0.730334 0.383858 0.491783 -0.278235 -0.730334 0.383858 0.491783 0.191482 -0.981108 -0.019994 0.019009 0.191482 -0.981108 -0.019994 0.019009 0.191482 -0.981108 -0.019994 0.019009 0.191483 -0.981108 -0.019994 0.019009 0.167633 -0.982087 -0.038300 -0.077056 0.835061 -0.345840 0.122032 0.410094 0.835071 -0.345836 0.122041 0.410073 0.191482 -0.981108 -0.019994 0.019009 0.191482 -0.981108 -0.019994 0.019009 0.191482 -0.981108 -0.019994 0.019009 0.191483 -0.981108 -0.019994 0.019009 0.248335 -0.964901 -0.039277 -0.075844 -0.201363 -0.889805 -0.150107 -0.381008 -0.201373 -0.889809 -0.150084 -0.381003
-0.002271 0.789757 0.000591 0.189882 -0.981347 -0.022284 0.020146 0.049155 -0.901483 -0.309527 0.298505 0.018603 -0.922537 -0.282268 0.262495 0.025104 -0.956393 -0.286372 0.051694 0.025104 -0.956393 -0.286372 0.051694 0.025104 -0.956393 -0.286372 0.051694 -0.017895 -0.998762 0.012565 0.044682 0.195149 -0.973095 0.026687 0.119541 -0.272968 -0.728784 0.382097 0.498362 -0.272967 -0.728784 0.382097 0.498362 -0.272967 -0.728784 0.382097 0.498362 0.189881 -0.981347 -0.022284 0.020146 0.189881 -0.981347 -0.022284 0.020146 0.189881 -0.981347 -0.022284 0.020146 0.189881 -0.981347 -0.022284 0.020146 0.154554 -0.982592 -0.043563 -0.093431 0.860659 -0.347580 0.121733 0.351618 0.860668 -0.347577 0.121742 0.351596 0.189881 -0.981347 -0.022284 0.020146 0.189881 -0.981347 -0.022284 0.020146 0.189881 -0.981347 -0.022284 0.020146 0.189881 -0.981347 -0.022284 0.020146 0.238135 -0.966706 -0.042945 -0.083233 -0.208899 -0.877577 -0.156077 -0.402318 -0.208910 -0.877581 -0.156055 -0.402313
-0.002274 0.791119 0.000608 0.188045 -0.981657 -0.023520 0.020867 0.052004 -0.900934 -0.311806 0.297305 0.016300 -0.922080 -0.285163 0.261121 0.022419 -0.957352 -0.283402 0.051561 0.022419 -0.957352 -0.283402 0.051561 0.022419 -0.957352 -0.283402 0.051561 -0.012671 -0.998833 0.006428 0.046158 0.193879 -0.973162 0.023415 0.121728 -0.272958 -0.725729 0.381755 0.503065 -0.272958 -0.725729 0.381755 0.503065 -0.272958 -0.725729 0.381755 0.503065 0.188045 -0.981657 -0.023520 0.020867 0.188045 -0.981657 -0.023520 0.020867 0.188045 -0.981657 -0.023520 0.020867 0.188045 -0.981657 -0.023520 0.020867 0.148288 -0.982410 -0.046522 -0.103525 0.874201 -0.342222 0.124401 0.321217 0.874209 -0.342219 0.124410 0.321195 0.188045 -0.981657 -0.023520 0.020867 0.188045 -0.981657 -0.023520 0.020867 0.188045 -0.981657 -0.023520 0.020867 0.188045 -0.981657 -0.023520 0.020867 0.225024 -0.967605 -0.047886 -0.103983 -0.215011 -0.860017 -0.166112 -0.431912 -0.215022 -0.860022 -0.166089 -0.431906
-0.002278 0.792474 0.000634 0.186080 -0.982014 -0.024239 0.020874 0.054014 -0.900914 -0.312380 0.296404 0.016988 -0.920957 -0.287407 0.262577 0.023091 -0.956412 -0.286052 0.054008 0.023091 -0.956412 -0.286052 0.054008 0.023091 -0.956412 -0.286052 0.054008 -0.006907 -0.999347 0.004226 0.035208 0.202600 -0.971196 0.013043 0.124748 -0.246061 -0.725326 0.390374 0.510847 -0.246061 -0.725326 0.390374 0.510847 -0.246061 -0.725326 0.390374 0.510847 0.186080 -0.982014 -0.024239 0.020874 0.186080 -0.982014 -0.024239 0.020874 0.186080 -0.982014 -0.024239 0.020874 0.186080 -0.982014 -0.024240 0.020874 0.141993 -0.983128 -0.047219 -0.105200 0.877779 -0.342260 0.122550 0.311998 0.877787 -0.342257 0.122559 0.311976 0.186080 -0.982014 -0.024239 0.020874 0.186080 -0.982014 -0.024239 0.020874 0.186080 -0.982014 -0.024239 0.020874 0.186080 -0.982014 -0.024240 0.020874 0.211433 -0.968046 -0.051967 -0.124428 -0.217539 -0.846302 -0.172676 -0.454568 -0.217551 -0.846307 -0.172654 -0.454563
-0.002282 0.793585 0.000659 0.183854 -0.982445 -0.024430 0.020051 0.055107 -0.901804 -0.312019 0.293867 0.015581 -0.921022 -0.288188 0.261579 0.020052 -0.956542 -0.286102 0.052644 0.020052 -0.956542 -0.286102 0.052644 0.020052 -0.956542 -0.286102 0.052644 -0.005461 -0.999628 0.001825 0.026641 0.191236 -0.974482 0.017799 0.116176 -0.265705 -0.722964 0.385030 0.508405 -0.265705 -0.722964 0.385030 0.508405 -0.265705 -0.722964 0.385030 0.508405 0.183854 -0.982445 -0.024430 0.020051 0.183854 -0.982445 -0.024430 0.020051 0.183854 -0.982445 -0.024430 0.020051 0.183854 -0.982445 -0.024430 0.020051 0.137914 -0.983920 -0.046644 -0.103470 0.868205 -0.349076 0.121174 0.331185 0.868213 -0.349072 0.121183 0.331162 0.183854 -0.982445 -0.024430 0.020051 0.183854 -0.982445 -0.024430 0.020051 0.183854 -0.982445 -0.024430 0.020051 0.183854 -0.982445 -0.024430 0.020051 0.195245 -0.968301 -0.055318 -0.145644 -0.222232 -0.834137 -0.176447 -0.472964 -0.222244 -0.834141 -0.176425 -0.472959
-0.002287 0.794402 0.000681 0.181682 -0.982870 -0.024371 0.019090 0.055092 -0.901290 -0.314163 0.293161 0.016886 -0.921537 -0.287455 0.260490 0.023043 -0.956511 -0.285909 0.053031 0.023043 -0.956511 -0.285909 0.053031 0.023043 -0.956511 -0.285909 0.053031 -0.001599 -0.999681 0.002710 0.025056 0.194664 -0.973919 0.017684 0.115219 -0.269571 -0.721448 0.385596 0.508095 -0.269571 -0.721448 0.385596 0.508095 -0.269571 -0.721448 0.385596 0.508095 0.181682 -0.982870 -0.024371 0.019090 0.181682 -0.982870 -0.024371 0.019090 0.181682 -0.982870 -0.024371 0.019090 0.181682 -0.982870 -0.024371 0.019091 0.139508 -0.984124 -0.045561 -0.099805 0.853105 -0.354684 0.121531 0.362825 0.853114 -0.354681 0.121540 0.362803 0.181682 -0.982870 -0.024371 0.019090 0.181682 -0.982870 -0.024371 0.019090 0.181682 -0.982870 -0.024371 0.019090 0.181682 -0.982870 -0.024371 0.019090 0.187064 -0.966869 -0.057881 -0.163770 -0.225823 -0.826355 -0.181173 -0.483029 -0.225836 -0.826360 -0.181151 -0.483024
-0.002289 0.794856 0.000699 0.179724 -0.983251 -0.024267 0.018086 0.055694 -0.901502 -0.315887 0.290532 0.016323 -0.922299 -0.287607 0.257643 0.022724 -0.956916 -0.285172 0.049719 0.022724 -0.956916 -0.285172 0.049719 0.022724 -0.956916 -0.285172 0.049719 -0.000745 -0.999867 0.001548 0.016225 0.190130 -0.975729 0.018162 0.107111 -0.276461 -0.723930 0.380827 0.504445 -0.276461 -0.723930 0.380827 0.504445 -0.276461 -0.723930 0.380827 0.504445 0.179724 -0.983251 -0.024267 0.018086 0.179724 -0.983251 -0.024267 0.018086 0.179724 -0.983251 -0.024267 0.018086 0.179724 -0.983251 -0.024267 0.018086 0.130705 -0.988500 -0.038761 -0.065433 0.789602 -0.393475 0.097742 0.460599 0.789614 -0.393473 0.097752 0.460579 0.179724 -0.983251 -0.024267 0.018086 0.179724 -0.983251 -0.024267 0.018086 0.179724 -0.983251 -0.024267 0.018086 0.179724 -0.983251 -0.024267 0.018086 0.184271 -0.964498 -0.059988 -0.179414 -0.223044 -0.819734 -0.186735 -0.493373 -0.223056 -0.819739 -0.186714 -0.493367
-0.002291 0.795033 0.000713 0.178063 -0.983575 -0.024095 0.017110 0.056050 -0.902118 -0.317777 0.286460 0.014739 -0.923514 -0.288010 0.252894 0.021238 -0.957822 -0.283385 0.042644 0.021238 -0.957822 -0.283385 0.042644 0.021238 -0.957822 -0.283385 0.042644 0.002724 -0.999617 -0.005284 0.027018 0.189569 -0.976268 0.022225 0.102328 -0.294893 -0.724950 0.372833 0.498480 -0.294893 -0.724950 0.372833 0.498480 -0.294893 -0.724950 0.372833 0.498480 0.178062 -0.983575 -0.024095 0.017110 0.178062 -0.983575 -0.024095 0.017110 0.178062 -0.983575 -0.024095 0.017110 0.178062 -0.983575 -0.024095 0.017110 0.147731 -0.988237 -0.031181 -0.024315 0.723048 -0.440933 0.082412 0.525346 0.723061 -0.440930 0.082423 0.525328 0.178062 -0.983575 -0.024095 0.017110 0.178062 -0.983575 -0.024095 0.017110 0.178062 -0.983575 -0.024095 0.017110 0.178062 -0.983575 -0.024095 0.017110 0.181953 -0.962426 -0.061493 -0.191958 -0.227917 -0.809107 -0.192850 -0.506171 -0.227930 -0.809112 -0.192829 -0.506165
-0.002291 0.795077 0.000721 0.175965 -0.983969 -0.024304 0.015812 0.056946 -0.902907 -0.318635 0.282822 0.012841 -0.924535 -0.288834 0.248284 0.019188 -0.959617 -0.278195 0.037082 0.019188 -0.959617 -0.278195 0.037082 0.019188 -0.959617 -0.278195 0.037082 0.005807 -0.999454 0.008007 0.031512 0.191842 -0.975231 0.032154 0.105300 -0.269549 -0.729520 0.391880 0.491502 -0.269549 -0.729520 0.391880 0.491502 -0.269549 -0.729520 0.391880 0.491502 0.175965 -0.983969 -0.024304 0.015812 0.175965 -0.983969 -0.024304 0.015812 0.175965 -0.983969 -0.024304 0.015812 0.175965 -0.983969 -0.024304 0.015812 0.141024 -0.988912 -0.019106 0.042424 0.618040 -0.462448 0.054874 0.633369 0.618057 -0.462447 0.054886 0.633353 0.175965 -0.983969 -0.024304 0.015812 0.175965 -0.983969 -0.024304 0.015812 0.175965 -0.983969 -0.024304 0.015812 0.175965 -0.983969 -0.024304 0.015812 0.176672 -0.962225 -0.061955 -0.197668 -0.245258 -0.795050 -0.196805 -0.518663 -0.245272 -0.795055 -0.196784 -0.518657
-0.002290 0.795071 0.000723 0.173792 -0.984367 -0.024550 0.014689 0.058363 -0.903798 -0.318319 0.280028 0.012051 -0.925731 -0.285503 0.247721 0.018200 -0.962056 -0.269712 0.037052 0.018200 -0.962056 -0.269712 0.037052 0.018200 -0.962056 -0.269712 0.037052 0.007415 -0.999544 0.009830 0.027569 0.190458 -0.975677 0.037464 0.101864 -0.270993 -0.730456 0.394805 0.486955 -0.270993 -0.730456 0.394805 0.486955 -0.270993 -0.730456 0.394805 0.486955 0.173792 -0.984367 -0.024550 0.014689 0.173792 -0.984367 -0.024550 0.014689 0.173792 -0.984367 -0.024550 0.014689 0.173792 -0.984367 -0.024550 0.014689 0.149480 -0.985455 -0.012715 0.079822 0.555670 -0.472102 0.052403 0.682352 0.555688 -0.472101 0.052415 0.682337 0.173792 -0.984367 -0.024550 0.014689 0.173792 -0.984367 -0.024550 0.014689 0.173792 -0.984367 -0.024550 0.014689 0.173792 -0.984367 -0.024550 0.014689 0.167528 -0.963286 -0.061915 -0.200452 -0.258815 -0.783096 -0.196413 -0.530281 -0.258829 -0.783101 -0.196393 -0.530274
-0.002290 0.795090 0.000721 0.171546 -0.984775 -0.024618 0.013574 0.059347 -0.905827 -0.315582 0.276338 0.011696 -0.927363 -0.281989 0.245651 0.018620 -0.965115 -0.258855 0.034657 0.018620 -0.965115 -0.258855 0.034657 0.018620 -0.965115 -0.258855 0.034657 0.011202 -0.999575 0.011293 0.024411 0.187003 -0.976537 0.043882 0.097360 -0.273050 -0.733800 0.395293 0.480339 -0.273050 -0.733800 0.395293 0.480339 -0.273050 -0.733800 0.395293 0.480339 0.171545 -0.984775 -0.024618 0.013574 0.171545 -0.984775 -0.024618 0.013574 0.171545 -0.984775 -0.024618 0.013574 0.171546 -0.984775 -0.024618 0.013574 0.143096 -0.983985 -0.008110 0.105977 0.507169 -0.485701 0.044705 0.710546 0.507188 -0.485700 0.044718 0.710532 0.171545 -0.984775 -0.024618 0.013574 0.171545 -0.984775 -0.024618 0.013574 0.171545 -0.984775 -0.024618 0.013574 0.171546 -0.984775 -0.024618 0.013574 0.174167 -0.961433 -0.061913 -0.203666 -0.276209 -0.770095 -0.205400 -0.537097 -0.276223 -0.770100 -0.205380 -0.537090
-0.002287 0.795265 0.000715 0.169512 -0.985123 -0.025305 0.012592 0.061559 -0.906657 -0.313191 0.275853 0.012833 -0.928294 -0.277984 0.246637 0.017305 -0.967286 -0.250063 0.039080 0.017305 -0.967286 -0.250063 0.039080 0.017305 -0.967286 -0.250063 0.039080 0.016348 -0.999512 0.012720 0.023365 0.187644 -0.976545 0.045216 0.095421 -0.265822 -0.736670 0.398541 0.477306 -0.265822 -0.736670 0.398541 0.477306 -0.265822 -0.736670 0.398541 0.477306 0.169512 -0.985123 -0.025305 0.012592 0.169512 -0.985123 -0.025305 0.012592 0.169512 -0.985123 -0.025305 0.012592 0.169512 -0.985123 -0.025305 0.012592 0.141752 -0.982853 -0.006801 0.117727 0.485392 -0.489965 0.042721 0.722844 0.485411 -0.489964 0.042733 0.722832 0.169512 -0.985123 -0.025305 0.012592 0.169512 -0.985123 -0.025305 0.012592 0.169512 -0.985123 -0.025305 0.012592 0.169512 -0.985123 -0.025305 0.012592 0.164048 -0.963086 -0.061979 -0.204237 -0.293423 -0.761689 -0.203348 -0.540723 -0.293437 -0.761695 -0.203328 -0.540716
-0.002282 0.796015 0.000705 0.167730 -0.985389 -0.027096 0.011840 0.063999 -0.906756 -0.312592 0.275653 0.015257 -0.927850 -0.277400 0.248819 0.018546 -0.967291 -0.249160 0.043867 0.018546 -0.967291 -0.249160 0.043867 0.018546 -0.967291 -0.249160 0.043867 0.020710 -0.999499 0.007255 0.022802 0.184691 -0.977337 0.038407 0.096055 -0.259091 -0.738205 0.395230 0.481371 -0.259091 -0.738205 0.395230 0.481371 -0.259091 -0.738205 0.395230 0.481371 0.167729 -0.985390 -0.027096 0.011840 0.167729 -0.985390 -0.027096 0.011840 0.167729 -0.985390 -0.027096 0.011840 0.167729 -0.985390 -0.027096 0.011840 0.140007 -0.982215 -0.007434 0.124883 0.479558 -0.491356 0.038795 0.726009 0.479577 -0.491355 0.038808 0.725996 0.167729 -0.985390 -0.027096 0.011840 0.167729 -0.985390 -0.027096 0.011840 0.167729 -0.985390 -0.027096 0.011840 0.167729 -0.985390 -0.027096 0.011840 0.181225 -0.959144 -0.063897 -0.207650 -0.293008 -0.749463 -0.217719 -0.552313 -0.293023 -0.749469 -0.217700 -0.552305
-0.002275 0.796991 0.000694 0.166092 -0.985604 -0.029542 0.011198 0.066639 -0.907076 -0.311973 0.274672 0.016325 -0.928088 -0.276383 0.248997 0.018459 -0.968381 -0.244572 0.045638 0.018459 -0.968381 -0.244572 0.045638 0.018459 -0.968381 -0.244572 0.045638 0.024659 -0.999437 -0.002175 0.022669 0.184128 -0.978043 0.022498 0.094989 -0.248471 -0.742395 0.386037 0.487942 -0.248471 -0.742395 0.386037 0.487942 -0.248471 -0.742395 0.386037 0.487942 0.166092 -0.985604 -0.029542 0.011198 0.166092 -0.985604 -0.029542 0.011198 0.166092 -0.985604 -0.029542 0.011198 0.166092 -0.985604 -0.029542 0.011198 0.135490 -0.982182 -0.009086 0.129914 0.476552 -0.493465 0.032670 0.726858 0.476571 -0.493464 0.032683 0.726846 0.166092 -0.985604 -0.029542 0.011198 0.166092 -0.985604 -0.029542 0.011198 0.166092 -0.985604 -0.029542 0.011198 0.166092 -0.985604 -0.029542 0.011198 0.185376 -0.958084 -0.065916 -0.208246 -0.303574 -0.739332 -0.224707 -0.557439 -0.303588 -0.739337 -0.224688 -0.557432
-0.002263 0.798078 0.000686 0.164384 -0.985794 -0.032792 0.010594 0.069260 -0.906792 -0.312585 0.274265 0.019357 -0.927508 -0.276674 0.250611 0.020412 -0.968586 -0.242902 0.049224 0.020412 -0.968586 -0.242902 0.049224 0.020412 -0.968586 -0.242902 0.049224 0.027611 -0.999307 -0.013991 0.020683 0.177093 -0.979765 0.006738 0.093028 -0.245732 -0.744056 0.373717 0.496317 -0.245732 -0.744056 0.373717 0.496317 -0.245732 -0.744056 0.373717 0.496317 0.164384 -0.985794 -0.032792 0.010594 0.164384 -0.985794 -0.032792 0.010594 0.164384 -0.985794 -0.032792 0.010594 0.164384 -0.985794 -0.032792 0.010594 0.132738 -0.981863 -0.011597 0.134872 0.472201 -0.496764 0.027642 0.727659 0.472220 -0.496763 0.027655 0.727647 0.164384 -0.985794 -0.032792 0.010594 0.164384 -0.985794 -0.032792 0.010594 0.164384 -0.985794 -0.032792 0.010594 0.164384 -0.985794 -0.032792 0.010594 0.185911 -0.957143 -0.069033 -0.211066 -0.313019 -0.728672 -0.231056 -0.563621 -0.313034 -0.728678 -0.231037 -0.563613
-0.002245 0.799134 0.000683 0.162857 -0.985940 -0.035869 0.010655 0.070767 -0.907109 -0.312617 0.272793 0.020999 -0.928559 -0.275066 0.248347 0.022365 -0.969957 -0.237526 0.047584 0.022365 -0.969957 -0.237526 0.047584 0.022365 -0.969957 -0.237526 0.047584 0.032770 -0.998912 -0.023963 0.022971 0.180334 -0.978912 0.000087 0.095973 -0.241433 -0.742433 0.372751 0.501557 -0.241433 -0.742433 0.372751 0.501557 -0.241433 -0.742433 0.372751 0.501557 0.162857 -0.985940 -0.035869 0.010655 0.162857 -0.985940 -0.035869 0.010655 0.162857 -0.985940 -0.035869 0.010655 0.162857 -0.985940 -0.035869 0.010655 0.130284 -0.981704 -0.014308 0.138122 0.472664 -0.494483 0.023048 0.729071 0.472683 -0.494482 0.023060 0.729059 0.162857 -0.985940 -0.035869 0.010655 0.162857 -0.985940 -0.035869 0.010655 0.162857 -0.985940 -0.035869 0.010655 0.162857 -0.985940 -0.035869 0.010655 0.186152 -0.956064 -0.072247 -0.214640 -0.317889 -0.720278 -0.236651 -0.569335 -0.317904 -0.720284 -0.236632 -0.569327
-0.002221 0.800209 0.000683 0.161298 -0.986110 -0.038399 0.009779 0.071089 -0.908855 -0.307657 0.272535 0.023188 -0.930791 -0.267890 0.247639 0.025528 -0.972070 -0.228286 0.048093 0.025528 -0.972070 -0.228286 0.048093 0.025528 -0.972070 -0.228286 0.048093 0.035977 -0.998648 -0.030175 0.022285 0.183624 -0.978394 -0.005288 0.094869 -0.231491 -0.746672 0.371266 0.501054 -0.231491 -0.746672 0.371266 0.501054 -0.231491 -0.746672 0.371266 0.501054 0.161297 -0.986110 -0.038399 0.009779 0.161297 -0.986110 -0.038399 0.009779 0.161297 -0.986110 -0.038399 0.009779 0.161297 -0.986110 -0.038399 0.009779 0.123699 -0.983879 -0.018635 0.127799 0.480880 -0.493179 0.019307 0.724677 0.480899 -0.493179 0.019320 0.724664 0.161297 -0.986110 -0.038399 0.009779 0.161297 -0.986110 -0.038399 0.009779 0.161297 -0.986110 -0.038399 0.009779 0.161297 -0.986110 -0.038399 0.009779 0.185183 -0.954706 -0.075075 -0.220472 -0.321540 -0.711378 -0.241959 -0.576202 -0.321555 -0.711385 -0.241941 -0.576193
-0.002198 0.801374 0.000687 0.159928 -0.986272 -0.040219 0.008559 0.071480 -0.910434 -0.302571 0.272858 0.025578 -0.932484 -0.259960 0.249481 0.027841 -0.974408 -0.216943 0.051856 0.027841 -0.974408 -0.216943 0.051856 0.027841 -0.974408 -0.216943 0.051856 0.039009 -0.998587 -0.031479 0.017633 0.179930 -0.978916 -0.004464 0.096590 -0.238506 -0.738097 0.375604 0.507197 -0.238506 -0.738097 0.375604 0.507197 -0.238506 -0.738097 0.375604 0.507197 0.159928 -0.986272 -0.040219 0.008559 0.159928 -0.986272 -0.040219 0.008559 0.159928 -0.986272 -0.040219 0.008559 0.159928 -0.986272 -0.040219 0.008559 0.129557 -0.985593 -0.024124 0.106021 0.523592 -0.492236 0.022987 0.695001 0.523610 -0.492235 0.023000 0.694988 0.159928 -0.986272 -0.040219 0.008559 0.159928 -0.986272 -0.040219 0.008559 0.159928 -0.986272 -0.040219 0.008559 0.159928 -0.986272 -0.040219 0.008559 0.185467 -0.953142 -0.077157 -0.226206 -0.325532 -0.702450 -0.247474 -0.582537 -0.325547 -0.702456 -0.247456 -0.582529
-0.002176 0.802682 0.000694 0.158676 -0.986414 -0.041981 0.006848 0.071832 -0.911547 -0.298842 0.273157 0.028326 -0.933155 -0.254790 0.251994 0.031479 -0.975453 -0.210574 0.056210 0.031479 -0.975453 -0.210574 0.056210 0.031479 -0.975453 -0.210574 0.056210 0.039972 -0.998414 -0.036775 0.014806 0.176179 -0.979831 -0.006847 0.094050 -0.238303 -0.737622 0.374614 0.508714 -0.238303 -0.737622 0.374614 0.508714 -0.238303 -0.737622 0.374614 0.508714 0.158676 -0.986414 -0.041981 0.006848 0.158676 -0.986414 -0.041981 0.006848 0.158676 -0.986414 -0.041981 0.006848 0.158676 -0.986414 -0.041981 0.006848 0.119415 -0.988669 -0.029041 0.086196 0.542734 -0.489227 0.020735 0.682398 0.542752 -0.489227 0.020747 0.682384 0.158676 -0.986414 -0.041981 0.006848 0.158676 -0.986414 -0.041981 0.006848 0.158676 -0.986414 -0.041981 0.006848 0.158676 -0.986414 -0.041981 0.006848 0.182168 -0.951875 -0.079315 -0.233361 -0.332058 -0.695178 -0.251454 -0.585863 -0.332073 -0.695185 -0.251436 -0.585854
-0.002158 0.804024 0.000700 0.157586 -0.986535 -0.043448 0.005301 0.071922 -0.912390 -0.296539 0.272829 0.030154 -0.933568 -0.252306 0.252751 0.032799 -0.976036 -0.207034 0.058437 0.032799 -0.976036 -0.207034 0.058437 0.032799 -0.976036 -0.207034 0.058437 0.043051 -0.997923 -0.042756 0.021622 0.184293 -0.977490 -0.005932 0.102535 -0.221850 -0.732048 0.389809 0.512774 -0.221850 -0.732048 0.389809 0.512774 -0.221850 -0.732048 0.389809 0.512774 0.157585 -0.986535 -0.043448 0.005301 0.157585 -0.986535 -0.043448 0.005301 0.157585 -0.986535 -0.043448 0.005301 0.157585 -0.986535 -0.043448 0.005301 0.125465 -0.989564 -0.034356 0.061980 0.558970 -0.477439 0.034259 0.677075 0.558988 -0.477438 0.034271 0.677061 0.157585 -0.986535 -0.043448 0.005301 0.157585 -0.986535 -0.043448 0.005301 0.157585 -0.986535 -0.043448 0.005301 0.157585 -0.986535 -0.043448 0.005301 0.180308 -0.950507 -0.081116 -0.239679 -0.329074 -0.694254 -0.253705 -0.587670 -0.329089 -0.694260 -0.253687 -0.587661
-0.002143 0.805140 0.000706 0.156706 -0.986604 -0.045156 0.004211 0.071766 -0.913183 -0.293499 0.273505 0.031086 -0.934226 -0.247592 0.254861 0.034055 -0.976851 -0.201744 0.062465 0.034055 -0.976851 -0.201744 0.062465 0.034055 -0.976851 -0.201744 0.062465 0.043211 -0.998127 -0.042831 0.006379 0.179235 -0.979845 -0.009808 0.087646 -0.232266 -0.738894 0.378425 0.506835 -0.232266 -0.738894 0.378425 0.506835 -0.232266 -0.738894 0.378425 0.506835 0.156705 -0.986604 -0.045156 0.004211 0.156705 -0.986604 -0.045156 0.004211 0.156705 -0.986604 -0.045156 0.004211 0.156705 -0.986604 -0.045156 0.004211 0.112881 -0.992533 -0.043371 0.015985 0.642033 -0.455597 0.039735 0.615342 0.642049 -0.455596 0.039747 0.615326 0.156705 -0.986604 -0.045156 0.004211 0.156705 -0.986604 -0.045156 0.004211 0.156705 -0.986604 -0.045156 0.004211 0.156705 -0.986604 -0.045156 0.004211 0.176346 -0.949119 -0.083457 -0.247204 -0.334663 -0.686949 -0.257461 -0.591453 -0.334678 -0.686955 -0.257443 -0.591444
-0.002133 0.806086 0.000711 0.156173 -0.986623 -0.046578 0.003984 0.071764 -0.913898 -0.290728 0.274077 0.032190 -0.934216 -0.243983 0.258220 0.034291 -0.977641 -0.196207 0.067416 0.034291 -0.977641 -0.196207 0.067416 0.034291 -0.977641 -0.196207 0.067416 0.042133 -0.997993 -0.046999 0.005043 0.175321 -0.980521 -0.013999 0.087441 -0.227489 -0.741160 0.374349 0.508718 -0.227489 -0.741160 0.374349 0.508718 -0.227489 -0.741160 0.374349 0.508718 0.156172 -0.986623 -0.046578 0.003984 0.156172 -0.986623 -0.046578 0.003984 0.156172 -0.986623 -0.046578 0.003984 0.156172 -0.986623 -0.046578 0.003984 0.086845 -0.994208 -0.052813 -0.034912 0.722880 -0.447839 0.047372 0.524061 0.722894 -0.447838 0.047383 0.524042 0.156172 -0.986623 -0.046578 0.003984 0.156172 -0.986623 -0.046578 0.003984 0.156172 -0.986623 -0.046578 0.003984 0.156172 -0.986623 -0.046578 0.003984 0.170615 -0.950050 -0.084675 -0.247235 -0.336701 -0.682722 -0.255506 -0.596020 -0.336717 -0.682728 -0.255488 -0.596011
-0.002124 0.806676 0.000710 0.155447 -0.986697 -0.047431 0.003928 0.073268 -0.914280 -0.288063 0.275217 0.035544 -0.934756 -0.239857 0.259685 0.037287 -0.977308 -0.196233 0.070514 0.037287 -0.977308 -0.196233 0.070514 0.037287 -0.977308 -0.196233 0.070514 0.040501 -0.998268 -0.042651 0.001559 0.173866 -0.980981 -0.008415 0.085884 -0.235410 -0.738508 0.377062 0.506964 -0.235410 -0.738508 0.377062 0.506964 -0.235410 -0.738508 0.377062 0.506964 0.155446 -0.986697 -0.047431 0.003928 0.155446 -0.986697 -0.047431 0.003928 0.155446 -0.986697 -0.047431 0.003928 0.155446 -0.986697 -0.047431 0.003928 0.072248 -0.993561 -0.058283 -0.064961 0.775729 -0.432597 0.058481 0.455724 0.775741 -0.432596 0.058492 0.455703 0.155446 -0.986697 -0.047431 0.003928 0.155446 -0.986697 -0.047431 0.003928 0.155446 -0.986697 -0.047431 0.003928 0.155446 -0.986697 -0.047431 0.003928 0.172363 -0.950457 -0.084875 -0.244374 -0.351846 -0.670644 -0.259059 -0.599441 -0.351862 -0.670651 -0.259041 -0.599432
-0.002115 0.806988 0.000701 0.154455 -0.986832 -0.047863 0.003874 0.075275 -0.915146 -0.284230 0.275782 0.040218 -0.935432 -0.234976 0.261029 0.041445 -0.977594 -0.192891 0.073382 0.041445 -0.977594 -0.192891 0.073382 0.041445 -0.977594 -0.192891 0.073382 0.041473 -0.998213 -0.042961 0.002338 0.174416 -0.981159 -0.002972 0.083046 -0.246993 -0.737551 0.376571 0.503197 -0.246992 -0.737551 0.376571 0.503197 -0.246992 -0.737551 0.376571 0.503197 0.154455 -0.986832 -0.047863 0.003874 0.154455 -0.986832 -0.047863 0.003874 0.154455 -0.986832 -0.047863 0.003874 0.154455 -0.986832 -0.047863 0.003874 0.065111 -0.992396 -0.061592 -0.084358 0.808797 -0.424589 0.068713 0.401061 0.808808 -0.424588 0.068724 0.401040 0.154455 -0.986832 -0.047863 0.003874 0.154455 -0.986832 -0.047863 0.003874 0.154455 -0.986832 -0.047863 0.003874 0.154455 -0.986832 -0.047863 0.003874 0.178519 -0.950434 -0.084390 -0.240175 -0.368035 -0.660599 -0.264105 -0.598672 -0.368051 -0.660605 -0.264088 -0.598662
-0.002105 0.807049 0.000675 0.153327 -0.987038 -0.047396 -0.000381 0.076248 -0.916712 -0.281261 0.273347 0.043825 -0.936061 -0.233073 0.259895 0.044530 -0.977541 -0.192235 0.074009 0.044530 -0.977541 -0.192235 0.074009 0.044530 -0.977541 -0.192235 0.074009 0.042676 -0.998194 -0.042254 -0.001127 0.179811 -0.980182 -0.006466 0.082878 -0.239244 -0.739338 0.378310 0.503014 -0.239244 -0.739338 0.378310 0.503014 -0.239244 -0.739338 0.378310 0.503014 0.153326 -0.987038 -0.047396 -0.000381 0.153326 -0.987038 -0.047396 -0.000381 0.153326 -0.987038 -0.047396 -0.000381 0.153327 -0.987038 -0.047396 -0.000381 0.055760 -0.991815 -0.062568 -0.096329 0.797283 -0.437533 0.072850 0.409387 0.797294 -0.437531 0.072862 0.409366 0.153326 -0.987038 -0.047396 -0.000381 0.153326 -0.987038 -0.047396 -0.000381 0.153326 -0.987038 -0.047396 -0.000381 0.153327 -0.987038 -0.047396 -0.000381 0.189200 -0.949403 -0.082297 -0.236780 -0.383406 -0.648077 -0.271270 -0.599507 -0.383421 -0.648084 -0.271253 -0.599497
-0.002096 0.807001 0.000641 0.152352 -0.987213 -0.046549 -0.005675 0.075958 -0.918360 -0.278700 0.270502 0.044790 -0.936636 -0.232894 0.257812 0.044013 -0.977515 -0.192326 0.074419 0.044013 -0.977515 -0.192326 0.074419 0.044013 -0.977515 -0.192326 0.074419 0.041494 -0.998307 -0.040736 -0.001696 0.176046 -0.980759 -0.003929 0.084285 -0.248086 -0.734197 0.378881 0.505823 -0.248086 -0.734197 0.378881 0.505823 -0.248086 -0.734197 0.378881 0.505823 0.152352 -0.987213 -0.046549 -0.005675 0.152352 -0.987213 -0.046549 -0.005675 0.152352 -0.987213 -0.046549 -0.005675 0.152352 -0.987213 -0.046549 -0.005675 0.058974 -0.992890 -0.059525 -0.084547 0.758970 -0.455642 0.064671 0.460622 0.758982 -0.455640 0.064683 0.460602 0.152352 -0.987213 -0.046549 -0.005675 0.152352 -0.987213 -0.046549 -0.005675 0.152352 -0.987213 -0.046549 -0.005675 0.152352 -0.987213 -0.046549 -0.005675 0.206187 -0.946524 -0.079712 -0.235001 -0.386733 -0.633392 -0.281831 -0.608131 -0.386749 -0.633399 -0.281814 -0.608121
-0.002086 0.806876 0.000608 0.151582 -0.987296 -0.046314 -0.011147 0.076041 -0.920168 -0.275752 0.267338 0.045065 -0.937605 -0.230606 0.256293 0.042891 -0.977857 -0.190380 0.075578 0.042891 -0.977857 -0.190380 0.075578 0.042891 -0.977857 -0.190380 0.075578 0.042996 -0.998006 -0.046120 -0.002861 0.179984 -0.980025 -0.010746 0.083917 -0.240192 -0.736496 0.377356 0.507428 -0.240192 -0.736496 0.377356 0.507428 -0.240192 -0.736496 0.377356 0.507428 0.151581 -0.987296 -0.046314 -0.011147 0.151581 -0.987296 -0.046314 -0.011147 0.151581 -0.987296 -0.046314 -0.011147 0.151581 -0.987296 -0.046314 -0.011147 0.042444 -0.996455 -0.053762 -0.048836 0.693119 -0.481648 0.030789 0.535399 0.693133 -0.481648 0.030801 0.535381 0.151581 -0.987296 -0.046314 -0.011147 0.151581 -0.987296 -0.046314 -0.011147 0.151581 -0.987296 -0.046314 -0.011147 0.151581 -0.987296 -0.046314 -0.011147 0.216452 -0.945158 -0.077510 -0.231986 0.393790 0.615910 0.288746 0.618231 0.393806 0.615917 0.288730 0.618221
-0.002074 0.806737 0.000580 0.151039 -0.987324 -0.046292 -0.015339 0.076597 -0.921365 -0.273496 0.265366 0.044472 -0.938185 -0.226856 0.257620 0.041326 -0.977142 -0.192926 0.079157 0.041326 -0.977142 -0.192926 0.079157 0.041326 -0.977142 -0.192926 0.079157 0.044869 -0.997464 -0.054135 -0.011066 0.185426 -0.980323 -0.022446 0.063884 -0.232927 -0.758499 0.357561 0.492518 -0.232927 -0.758499 0.357561 0.492518 -0.232927 -0.758499 0.357561 0.492518 0.151039 -0.987324 -0.046292 -0.015339 0.151039 -0.987324 -0.046292 -0.015339 0.151039 -0.987324 -0.046292 -0.015339 0.151039 -0.987324 -0.046292 -0.015339 0.031615 -0.997683 -0.051153 -0.031813 0.638398 -0.497841 0.013429 0.586876 0.638413 -0.497840 0.013442 0.586859 0.151039 -0.987324 -0.046292 -0.015339 0.151039 -0.987324 -0.046292 -0.015339 0.151039 -0.987324 -0.046292 -0.015339 0.151039 -0.987324 -0.046292 -0.015339 0.223238 -0.944153 -0.076005 -0.230138 0.403826 0.597064 0.294820 0.627312 0.403843 0.597072 0.294805 0.627301
-0.002061 0.806615 0.000556 0.150790 -0.987308 -0.046338 -0.018407 0.076457 -0.923350 -0.267157 0.264965 0.043321 -0.940252 -0.216900 0.258850 0.040289 -0.978396 -0.184943 0.083152 0.040289 -0.978396 -0.184943 0.083152 0.040289 -0.978396 -0.184943 0.083152 0.042727 -0.997507 -0.056138 -0.001874 0.175947 -0.981211 -0.019905 0.076627 -0.241507 -0.744227 0.363128 0.505904 -0.241507 -0.744227 0.363128 0.505904 -0.241507 -0.744227 0.363128 0.505904 0.150790 -0.987308 -0.046338 -0.018407 0.150790 -0.987308 -0.046338 -0.018407 0.150790 -0.987308 -0.046338 -0.018407 0.150790 -0.987308 -0.046338 -0.018407 0.016904 -0.998600 -0.048488 -0.012671 0.607124 -0.503981 -0.006369 0.614299 0.607140 -0.503981 -0.006355 0.614283 0.150790 -0.987308 -0.046338 -0.018407 0.150790 -0.987308 -0.046338 -0.018407 0.150790 -0.987308 -0.046338 -0.018407 0.150790 -0.987308 -0.046338 -0.018407 0.214923 -0.946289 -0.075451 -0.229461 0.421535 0.574628 0.292817 0.637471 0.421552 0.574635 0.292802 0.637460
-0.002048 0.806502 0.000538 0.150639 -0.987288 -0.046384 -0.020477 0.076403 -0.925547 -0.261708 0.262745 0.041617 -0.942169 -0.208256 0.259259 0.038838 -0.979035 -0.181594 0.083701 0.038838 -0.979035 -0.181594 0.083701 0.038838 -0.979035 -0.181594 0.083701 0.043770 -0.997258 -0.059551 -0.003772 0.180142 -0.980476 -0.020748 0.076064 -0.230837 -0.746372 0.367984 0.504213 -0.230837 -0.746372 0.367984 0.504213 -0.230837 -0.746372 0.367984 0.504213 0.150639 -0.987288 -0.046384 -0.020477 0.150639 -0.987288 -0.046384 -0.020477 0.150639 -0.987288 -0.046384 -0.020477 0.150639 -0.987288 -0.046384 -0.020477 0.010481 -0.998457 -0.050009 -0.021741 0.612966 -0.497900 -0.005151 0.613467 0.612982 -0.497900 -0.005138 0.613451 0.150639 -0.987288 -0.046384 -0.020477 0.150639 -0.987288 -0.046384 -0.020477 0.150639 -0.987288 -0.046384 -0.020477 0.150639 -0.987288 -0.046384 -0.020477 0.196864 -0.950312 -0.075508 -0.229020 0.437502 0.560759 0.283266 0.643352 0.437519 0.560766 0.283252 0.643341
-0.002037 0.806323 0.000524 0.150572 -0.987267 -0.046479 -0.021727 0.077095 -0.927196 -0.256033 0.262318 0.041252 -0.944316 -0.200552 0.257575 0.038553 -0.979356 -0.180486 0.082467 0.038553 -0.979356 -0.180486 0.082467 0.038553 -0.979356 -0.180486 0.082467 0.042925 -0.997309 -0.059289 -0.004013 0.188329 -0.979819 -0.024868 0.062203 -0.201482 -0.767471 0.364733 0.487199 -0.201482 -0.767471 0.364733 0.487199 -0.201482 -0.767471 0.364733 0.487199 0.150571 -0.987267 -0.046479 -0.021727 0.150571 -0.987267 -0.046479 -0.021727 0.150571 -0.987267 -0.046479 -0.021727 0.150571 -0.987267 -0.046479 -0.021727 0.000132 -0.998232 -0.051513 -0.029641 0.631572 -0.496570 -0.006793 0.595390 0.631588 -0.496570 -0.006780 0.595373 0.150571 -0.987267 -0.046479 -0.021727 0.150571 -0.987267 -0.046479 -0.021727 0.150571 -0.987267 -0.046479 -0.021727 0.150571 -0.987267 -0.046479 -0.021727 0.172421 -0.955932 -0.075569 -0.225289 0.457589 0.544372 0.268101 0.649918 0.457606 0.544379 0.268087 0.649906
-0.002027 0.806016 0.000510 0.150584 -0.987240 -0.046773 -0.022202 0.076781 -0.929760 -0.250349 0.258798 0.040811 -0.945983 -0.192314 0.257810 0.040925 -0.980950 -0.172829 0.078692 0.040925 -0.980950 -0.172829 0.078692 0.040925 -0.980950 -0.172829 0.078692 0.038893 -0.997050 -0.065727 0.007702 0.172887 -0.981297 -0.023460 0.081336 -0.242774 -0.738587 0.363607 0.513167 -0.242774 -0.738587 0.363607 0.513167 -0.242774 -0.738587 0.363607 0.513167 0.150584 -0.987241 -0.046773 -0.022202 0.150584 -0.987241 -0.046773 -0.022202 0.150584 -0.987241 -0.046773 -0.022202 0.150584 -0.987241 -0.046773 -0.022202 -0.010548 -0.997404 -0.054488 -0.045872 0.659740 -0.495877 -0.002719 0.564660 0.659755 -0.495877 -0.002706 0.564643 0.150584 -0.987241 -0.046773 -0.022202 0.150584 -0.987241 -0.046773 -0.022202 0.150584 -0.987241 -0.046773 -0.022202 0.150584 -0.987241 -0.046773 -0.022202 0.148077 -0.960897 -0.075952 -0.221316 0.480175 0.531322 0.252842 0.650538 0.480192 0.531328 0.252828 0.650526
-0.002019 0.804930 0.000500 0.150840 -0.987161 -0.046700 -0.024091 0.075817 -0.933747 -0.242286 0.252320 0.040983 -0.948232 -0.181318 0.257489 0.044795 -0.982951 -0.162707 0.072990 0.044795 -0.982951 -0.162707 0.072990 0.044795 -0.982951 -0.162707 0.072990 0.039904 -0.997210 -0.062399 0.009311 0.175235 -0.980822 -0.025593 0.081400 -0.244809 -0.739019 0.361059 0.513377 -0.244809 -0.739019 0.361059 0.513377 -0.244809 -0.739019 0.361059 0.513377 0.150840 -0.987161 -0.046700 -0.024091 0.150840 -0.987161 -0.046700 -0.024091 0.150840 -0.987161 -0.046700 -0.024091 0.150840 -0.987161 -0.046700 -0.024091 -0.007093 -0.996901 -0.055745 -0.055044 0.677169 -0.497158 0.005730 0.542443 0.677183 -0.497157 0.005743 0.542425 0.150840 -0.987161 -0.046700 -0.024091 0.150840 -0.987161 -0.046700 -0.024091 0.150840 -0.987161 -0.046700 -0.024091 0.150840 -0.987161 -0.046700 -0.024091 0.124935 -0.964600 -0.076112 -0.219418 0.491344 0.527269 0.237714 0.651199 0.491361 0.527276 0.237700 0.651186
-0.002013 0.803408 0.000496 0.151307 -0.987045 -0.046539 -0.026126 0.075933 -0.936941 -0.230672 0.251327 0.041458 -0.950301 -0.172541 0.255811 0.046467 -0.982769 -0.163460 0.072708 0.046467 -0.982769 -0.163460 0.072708 0.046467 -0.982769 -0.163460 0.072708 0.039107 -0.997556 -0.057775 0.003844 0.173583 -0.981487 -0.023611 0.077427 -0.254781 -0.736486 0.360260 0.512726 -0.254781 -0.736486 0.360260 0.512726 -0.254781 -0.736486 0.360260 0.512726 0.151306 -0.987045 -0.046539 -0.026126 0.151306 -0.987045 -0.046539 -0.026126 0.151306 -0.987045 -0.046539 -0.026126 0.151306 -0.987045 -0.046539 -0.026126 -0.008477 -0.996268 -0.057044 -0.064226 0.685459 -0.505421 0.010792 0.524004 0.685472 -0.505420 0.010805 0.523986 0.151306 -0.987045 -0.046539 -0.026126 0.151306 -0.987045 -0.046539 -0.026126 0.151306 -0.987045 -0.046539 -0.026126 0.151306 -0.987045 -0.046539 -0.026126 0.110664 -0.965048 -0.077022 -0.224728 0.497967 0.524210 0.232398 0.650556 0.497984 0.524216 0.232385 0.650543
-0.002009 0.801996 0.000498 0.151618 -0.986938 -0.046154 -0.028886 0.076707 -0.939999 -0.220563 0.248737 0.043785 -0.952049 -0.162995 0.255184 0.049869 -0.983983 -0.155069 0.072411 0.049869 -0.983983 -0.155069 0.072411 0.049869 -0.983983 -0.155069 0.072411 0.039138 -0.997783 -0.053672 0.004110 0.179236 -0.980485 -0.024950 0.076823 -0.245511 -0.742653 0.359984 0.508529 -0.245511 -0.742653 0.359984 0.508529 -0.245511 -0.742653 0.359984 0.508529 0.151618 -0.986938 -0.046154 -0.028886 0.151618 -0.986938 -0.046154 -0.028886 0.151618 -0.986938 -0.046154 -0.028886 0.151618 -0.986938 -0.046154 -0.028886 -0.009923 -0.996744 -0.055726 -0.057432 0.660816 -0.519894 0.003620 0.541314 0.660830 -0.519894 0.003634 0.541296 0.151618 -0.986938 -0.046154 -0.028886 0.151618 -0.986938 -0.046154 -0.028886 0.151618 -0.986938 -0.046154 -0.028886 0.151618 -0.986938 -0.046154 -0.028886 0.091649 -0.964091 -0.078735 -0.236496 0.504727 0.514172 0.228058 0.654879 0.504744 0.514178 0.228044 0.654866
-0.002007 0.800905 0.000506 0.151798 -0.986836 -0.045718 -0.031959 0.078270 -0.942831 -0.215051 0.242274 0.046754 -0.954158 -0.160760 0.248097 0.054286 -0.984477 -0.155162 0.061511 0.054286 -0.984477 -0.155162 0.061511 0.054286 -0.984477 -0.155162 0.061511 0.038592 -0.998105 -0.047851 0.002619 0.178855 -0.980308 -0.022954 0.080496 -0.236637 -0.741821 0.366306 0.509436 -0.236637 -0.741821 0.366306 0.509436 -0.236637 -0.741821 0.366306 0.509436 0.151798 -0.986836 -0.045718 -0.031959 0.151798 -0.986836 -0.045718 -0.031959 0.151798 -0.986836 -0.045718 -0.031959 0.151798 -0.986836 -0.045718 -0.031959 -0.006800 -0.997507 -0.053444 -0.045580 0.626985 -0.533294 -0.003794 0.567868 0.626999 -0.533294 -0.003780 0.567852 0.151798 -0.986836 -0.045718 -0.031959 0.151798 -0.986836 -0.045718 -0.031959 0.151798 -0.986836 -0.045718 -0.031959 0.151798 -0.986836 -0.045718 -0.031959 0.092968 -0.959518 -0.080421 -0.253406 0.511401 0.484303 0.240368 0.667939 0.511419 0.484309 0.240355 0.667926
-0.002009 0.801328 0.000519 0.152131 -0.986755 -0.044467 -0.034562 0.080294 -0.944050 -0.211940 0.239593 0.049971 -0.954789 -0.159950 0.245553 0.057205 -0.984509 -0.154903 0.058952 0.057205 -0.984509 -0.154903 0.058952 0.057205 -0.984509 -0.154903 0.058952 0.035020 -0.998580 -0.040143 0.000335 0.174679 -0.981101 -0.016299 0.081629 -0.242230 -0.737218 0.371386 0.509811 -0.242230 -0.737218 0.371386 0.509811 -0.242230 -0.737218 0.371386 0.509811 0.152130 -0.986755 -0.044467 -0.034562 0.152130 -0.986755 -0.044467 -0.034562 0.152130 -0.986755 -0.044467 -0.034562 0.152130 -0.986755 -0.044467 -0.034562 -0.011292 -0.998092 -0.050553 -0.033599 0.601086 -0.542933 -0.013898 0.586281 0.601101 -0.542934 -0.013883 0.586266 0.152130 -0.986755 -0.044467 -0.034562 0.152130 -0.986755 -0.044467 -0.034562 0.152130 -0.986755 -0.044467 -0.034562 0.152130 -0.986755 -0.044467 -0.034562 0.080320 -0.951255 -0.084092 -0.285641 0.481875 0.503101 0.246072 0.673895 0.481893 0.503108 0.246059 0.673882
-0.002013 0.803452 0.000536 0.152407 -0.986671 -0.043276 -0.037134 0.082579 -0.944752 -0.210842 0.237003 0.054109 -0.955116 -0.161337 0.242478 0.060233 -0.984414 -0.155382 0.056194 0.060233 -0.984414 -0.155382 0.056194 0.060233 -0.984414 -0.155382 0.056194 0.036587 -0.998201 -0.046952 -0.007208 0.175523 -0.981095 -0.017292 0.079653 -0.227170 -0.739800 0.378262 0.507944 -0.227170 -0.739800 0.378262 0.507944 -0.227170 -0.739800 0.378262 0.507944 0.152406 -0.986671 -0.043276 -0.037134 0.152406 -0.986671 -0.043276 -0.037134 0.152406 -0.986671 -0.043276 -0.037134 0.152406 -0.986671 -0.043276 -0.037134 -0.018417 -0.997747 -0.050630 -0.039974 0.604831 -0.544271 -0.014114 0.581163 0.604846 -0.544271 -0.014100 0.581147 0.152406 -0.986671 -0.043276 -0.037134 0.152406 -0.986671 -0.043276 -0.037134 0.152406 -0.986671 -0.043276 -0.037134 0.152406 -0.986671 -0.043276 -0.037134 0.074826 -0.940598 -0.087765 -0.319334 0.461698 0.493190 0.257719 0.690782 0.461716 0.493196 0.257706 0.690770
-0.002019 0.805907 0.000557 0.152317 -0.986668 -0.041818 -0.039219 0.083947 -0.945167 -0.210957 0.234753 0.056557 -0.954964 -0.164021 0.240711 0.062026 -0.983833 -0.158913 0.054513 0.062026 -0.983833 -0.158913 0.054513 0.062026 -0.983833 -0.158913 0.054513 0.034211 -0.998666 -0.037167 -0.010698 0.171423 -0.981279 -0.011673 0.087002 -0.239961 -0.722955 0.389506 0.517726 -0.239961 -0.722955 0.389506 0.517726 -0.239961 -0.722955 0.389506 0.517726 0.152316 -0.986668 -0.041818 -0.039219 0.152316 -0.986668 -0.041818 -0.039219 0.152316 -0.986668 -0.041818 -0.039219 0.152316 -0.986668 -0.041818 -0.039219 -0.023347 -0.997144 -0.050997 -0.050573 0.626360 -0.544494 -0.009139 0.557778 0.626374 -0.544494 -0.009125 0.557762 0.152316 -0.986668 -0.041818 -0.039219 0.152316 -0.986668 -0.041818 -0.039219 0.152316 -0.986668 -0.041818 -0.039219 0.152316 -0.986668 -0.041818 -0.039219 0.055004 -0.918873 -0.095252 -0.378911 0.423800 0.485819 0.267977 0.715934 0.423818 0.485826 0.267965 0.715923
-0.002026 0.807980 0.000581 0.152047 -0.986773 -0.039859 -0.039655 0.085855 -0.944579 -0.210893 0.236481 0.061429 -0.953185 -0.165377 0.245590 0.064519 -0.982494 -0.163134 0.062683 0.064519 -0.982494 -0.163134 0.062683 0.064519 -0.982494 -0.163134 0.062683 0.034072 -0.998956 -0.026685 -0.014628 0.168308 -0.981812 -0.013225 0.086854 -0.252721 -0.717755 0.385618 0.521784 -0.252721 -0.717755 0.385618 0.521784 -0.252721 -0.717755 0.385618 0.521784 0.152046 -0.986773 -0.039859 -0.039655 0.152046 -0.986773 -0.039859 -0.039655 0.152046 -0.986773 -0.039859 -0.039655 0.152046 -0.986773 -0.039859 -0.039655 -0.023773 -0.995987 -0.051817 -0.068988 0.659199 -0.544646 0.004950 0.518452 0.659213 -0.544646 0.004964 0.518435 0.152046 -0.986773 -0.039859 -0.039655 0.152046 -0.986773 -0.039859 -0.039655 0.152046 -0.986773 -0.039859 -0.039655 0.152046 -0.986773 -0.039859 -0.039655 0.031333 -0.893572 -0.102024 -0.436049 0.406407 0.476988 0.278305 0.727916 0.406426 0.476995 0.278292 0.727905
-0.002034 0.809479 0.000607 0.151741 -0.986934 -0.037764 -0.038857 0.087061 -0.943942 -0.210890 0.238578 0.064048 -0.952545 -0.165457 0.247346 0.065996 -0.982292 -0.162275 0.066440 0.065996 -0.982292 -0.162275 0.066440 0.065996 -0.982292 -0.162275 0.066440 0.034683 -0.999041 -0.019728 -0.017999 0.165252 -0.982607 -0.005918 0.084503 -0.250362 -0.719224 0.390260 0.517429 -0.250362 -0.719224 0.390260 0.517429 -0.250362 -0.719224 0.390260 0.517429 0.151740 -0.986934 -0.037764 -0.038857 0.151740 -0.986934 -0.037764 -0.038857 0.151740 -0.986934 -0.037764 -0.038857 0.151740 -0.986934 -0.037764 -0.038857 -0.024674 -0.994855 -0.051870 -0.083455 0.689828 -0.543075 0.017687 0.478428 0.689840 -0.543075 0.017701 0.478411 0.151740 -0.986934 -0.037764 -0.038857 0.151740 -0.986934 -0.037764 -0.038857 0.151740 -0.986934 -0.037764 -0.038857 0.151740 -0.986934 -0.037764 -0.038857 -0.013369 -0.877235 -0.106049 -0.468010 0.406085 0.476242 0.263032 0.734236 0.406104 0.476249 0.263019 0.734225
-0.002042 0.810380 0.000634 0.151451 -0.987068 -0.036258 -0.038014 0.087991 -0.943401 -0.211055 0.240224 0.065556 -0.952247 -0.164414 0.248790 0.067701 -0.982724 -0.157664 0.069370 0.067701 -0.982724 -0.157664 0.069370 0.067701 -0.982724 -0.157664 0.069370 0.034445 -0.999070 -0.019493 -0.017128 0.164653 -0.982603 -0.002150 0.085883 -0.237601 -0.722772 0.395005 0.514895 -0.237601 -0.722772 0.395005 0.514895 -0.237601 -0.722772 0.395005 0.514895 0.151451 -0.987068 -0.036258 -0.038014 0.151451 -0.987068 -0.036258 -0.038014 0.151451 -0.987068 -0.036258 -0.038014 0.151451 -0.987068 -0.036258 -0.038014 -0.023261 -0.993662 -0.052244 -0.096773 0.712479 -0.543904 0.030437 0.442286 0.712490 -0.543903 0.030452 0.442267 0.151451 -0.987068 -0.036258 -0.038014 0.151451 -0.987068 -0.036258 -0.038014 0.151451 -0.987068 -0.036258 -0.038014 0.151451 -0.987068 -0.036258 -0.038014 -0.055922 -0.867737 -0.107972 -0.481920 0.415103 0.483292 0.243544 0.731303 0.415122 0.483299 0.243532 0.731293
-0.002048 0.810884 0.000658 0.151052 -0.987176 -0.035346 -0.037660 0.088589 -0.942926 -0.211126 0.241802 0.066507 -0.952232 -0.162991 0.249528 0.066617 -0.983392 -0.153034 0.071292 0.066617 -0.983392 -0.153034 0.071292 0.066617 -0.983392 -0.153034 0.071292 0.034177 -0.999051 -0.018018 -0.020133 0.168193 -0.982448 0.000582 0.080659 -0.227727 -0.730380 0.397436 0.506685 -0.227727 -0.730380 0.397436 0.506685 -0.227727 -0.730380 0.397436 0.506685 0.151052 -0.987176 -0.035346 -0.037660 0.151052 -0.987176 -0.035346 -0.037660 0.151052 -0.987176 -0.035346 -0.037660 0.151052 -0.987176 -0.035346 -0.037660 -0.025718 -0.992004 -0.053539 -0.111353 0.733067 -0.544703 0.042387 0.405111 0.733077 -0.544702 0.042401 0.405092 0.151052 -0.987176 -0.035346 -0.037660 0.151052 -0.987176 -0.035346 -0.037660 0.151052 -0.987176 -0.035346 -0.037660 0.151052 -0.987176 -0.035346 -0.037660 -0.092666 -0.863923 -0.108376 -0.483015 0.429585 0.485816 0.223058 0.727794 0.429604 0.485822 0.223046 0.727783
-0.002052 0.811161 0.000681 0.150475 -0.987209 -0.035558 -0.038872 0.088932 -0.942646 -0.211931 0.242065 0.067542 -0.952027 -0.161140 0.251232 0.062944 -0.983966 -0.148575 0.075984 0.062944 -0.983966 -0.148575 0.075984 0.062944 -0.983966 -0.148575 0.075984 0.033199 -0.999125 -0.017785 -0.018206 0.159449 -0.983469 -0.000720 0.085811 -0.229949 -0.724320 0.397038 0.514631 -0.229949 -0.724320 0.397038 0.514631 -0.229949 -0.724320 0.397038 0.514631 0.150475 -0.987209 -0.035558 -0.038872 0.150475 -0.987209 -0.035558 -0.038872 0.150475 -0.987209 -0.035558 -0.038872 0.150475 -0.987209 -0.035558 -0.038872 -0.026397 -0.990227 -0.055770 -0.125076 0.749951 -0.543571 0.054168 0.373054 0.749961 -0.543570 0.054182 0.373034 0.150475 -0.987209 -0.035558 -0.038872 0.150475 -0.987209 -0.035558 -0.038872 0.150475 -0.987209 -0.035558 -0.038872 0.150475 -0.987209 -0.035558 -0.038872 -0.110000 -0.863525 -0.108602 -0.480031 0.437251 0.487334 0.211934 0.725535 0.437270 0.487339 0.211922 0.725524
-0.002055 0.811651 0.000707 0.149594 -0.986960 -0.038300 -0.045435 0.089690 -0.943583 -0.214330 0.235945 0.067191 -0.953300 -0.160372 0.246951 0.065214 -0.987455 -0.126094 0.069138 0.065214 -0.987455 -0.126094 0.069138 0.065214 -0.987455 -0.126094 0.069138 0.033508 -0.999038 -0.020352 -0.019655 0.157716 -0.983434 -0.010274 0.088758 -0.225573 -0.722718 0.392652 0.522131 -0.225573 -0.722718 0.392652 0.522131 -0.225573 -0.722718 0.392652 0.522131 0.149593 -0.986960 -0.038300 -0.045435 0.149593 -0.986960 -0.038300 -0.045435 0.149593 -0.986960 -0.038300 -0.045435 0.149593 -0.986960 -0.038300 -0.045435 -0.031148 -0.988074 -0.060700 -0.138041 0.759880 -0.544797 0.061683 0.349248 0.759889 -0.544796 0.061697 0.349228 0.149593 -0.986960 -0.038300 -0.045435 0.149593 -0.986960 -0.038300 -0.045435 0.149593 -0.986960 -0.038300 -0.045435 0.149593 -0.986960 -0.038300 -0.045435 -0.111016 -0.863944 -0.111156 -0.478457 0.431469 0.489824 0.208380 0.728344 0.431488 0.489829 0.208367 0.728333
-0.002057 0.812342 0.000732 0.148383 -0.986731 -0.040498 -0.052000 0.090488 -0.944588 -0.216992 0.229084 0.071061 -0.951794 -0.163074 0.249890 0.069493 -0.987193 -0.125328 0.070093 0.069493 -0.987193 -0.125328 0.070093 0.069493 -0.987193 -0.125328 0.070093 0.033113 -0.998857 -0.023971 -0.024780 0.155712 -0.984142 -0.014330 0.083748 -0.215690 -0.728670 0.390621 0.519550 -0.215690 -0.728670 0.390621 0.519550 -0.215690 -0.728670 0.390621 0.519550 0.148383 -0.986731 -0.040498 -0.052000 0.148383 -0.986731 -0.040498 -0.052000 0.148383 -0.986731 -0.040498 -0.052000 0.148383 -0.986731 -0.040499 -0.052000 -0.037319 -0.986331 -0.064546 -0.146943 0.765609 -0.546947 0.065698 0.332228 0.765618 -0.546945 0.065712 0.332209 0.148383 -0.986731 -0.040498 -0.052000 0.148383 -0.986731 -0.040498 -0.052000 0.148383 -0.986731 -0.040498 -0.052000 0.148383 -0.986731 -0.040498 -0.052000 -0.109364 -0.859310 -0.114177 -0.486405 0.418353 0.490012 0.208260 0.735865 0.418372 0.490017 0.208248 0.735854
-0.002059 0.813193 0.000759 0.146439 -0.986548 -0.042519 -0.058906 0.090979 -0.945922 -0.218930 0.221412 0.071369 -0.951569 -0.164202 0.249921 0.072156 -0.987954 -0.119029 0.067616 0.072156 -0.987954 -0.119029 0.067616 0.072156 -0.987954 -0.119029 0.067616 0.032806 -0.998712 -0.031989 -0.021798 0.155439 -0.985500 -0.013540 0.066666 -0.221284 -0.737787 0.385776 0.507819 -0.221284 -0.737787 0.385776 0.507819 -0.221284 -0.737787 0.385776 0.507819 0.146439 -0.986548 -0.042519 -0.058906 0.146439 -0.986548 -0.042519 -0.058906 0.146439 -0.986548 -0.042519 -0.058906 0.146439 -0.986548 -0.042519 -0.058906 -0.043498 -0.984017 -0.068535 -0.158500 0.773544 -0.552262 0.072775 0.302226 0.773552 -0.552260 0.072789 0.302206 0.146439 -0.986548 -0.042519 -0.058906 0.146439 -0.986548 -0.042519 -0.058906 0.146439 -0.986548 -0.042519 -0.058906 0.146439 -0.986548 -0.042519 -0.058906 -0.101562 -0.835625 -0.120197 -0.526278 0.394759 0.487506 0.228246 0.744585 0.394778 0.487512 0.228233 0.744575
-0.002059 0.813961 0.000786 0.143920 -0.986158 -0.045741 -0.068470 0.092410 -0.946729 -0.222040 0.214156 0.069835 -0.954375 -0.165440 0.238579 0.070742 -0.989627 -0.111042 0.057472 0.070742 -0.989627 -0.111042 0.057472 0.070742 -0.989627 -0.111042 0.057472 0.031955 -0.998822 -0.030488 -0.020110 0.151513 -0.985027 -0.022315 0.079164 -0.198181 -0.731182 0.393606 0.520742 -0.198181 -0.731182 0.393606 0.520742 -0.198181 -0.731182 0.393606 0.520742 0.143920 -0.986158 -0.045741 -0.068470 0.143920 -0.986158 -0.045741 -0.068470 0.143920 -0.986158 -0.045741 -0.068470 0.143920 -0.986158 -0.045741 -0.068470 -0.051178 -0.981464 -0.073785 -0.169307 0.781985 -0.556260 0.079004 0.269876 0.781992 -0.556258 0.079019 0.269856 0.143920 -0.986158 -0.045741 -0.068470 0.143920 -0.986158 -0.045741 -0.068470 0.143920 -0.986158 -0.045741 -0.068470 0.143920 -0.986158 -0.045741 -0.068470 -0.091322 -0.796963 -0.128406 -0.583115 0.359502 0.482886 0.254100 0.756976 0.359522 0.482893 0.254087 0.756966
-0.002056 0.814548 0.000807 0.141197 -0.985881 -0.048231 -0.075997 0.092716 -0.947972 -0.223957 0.206387 0.068802 -0.955129 -0.169527 0.232928 0.069118 -0.990430 -0.107630 0.051833 0.069118 -0.990430 -0.107630 0.051833 0.069118 -0.990430 -0.107630 0.051833 0.030444 -0.998539 -0.034681 -0.028116 0.148608 -0.985950 -0.022929 0.072747 -0.191172 -0.734886 0.395121 0.516987 -0.191172 -0.734886 0.395121 0.516987 -0.191172 -0.734886 0.395121 0.516987 0.141197 -0.985881 -0.048231 -0.075997 0.141197 -0.985881 -0.048231 -0.075997 0.141197 -0.985881 -0.048231 -0.075997 0.141197 -0.985881 -0.048231 -0.075997 -0.056254 -0.978526 -0.078300 -0.182186 0.791554 -0.560114 0.089483 0.227392 0.791560 -0.560112 0.089498 0.227372 0.141197 -0.985881 -0.048231 -0.075997 0.141197 -0.985881 -0.048231 -0.075997 0.141197 -0.985881 -0.048231 -0.075997 0.141197 -0.985881 -0.048231 -0.075997 -0.084102 -0.737540 -0.136515 -0.655992 0.327559 0.451100 0.285964 0.779384 0.327579 0.451107 0.285953 0.779375
-0.002048 0.814776 0.000823 0.138804 -0.985757 -0.049715 -0.080898 0.093148 -0.949158 -0.225291 0.199166 0.067978 -0.957546 -0.172143 0.221024 0.070115 -0.991143 -0.106104 0.038237 0.070115 -0.991143 -0.106104 0.038237 0.070115 -0.991143 -0.106104 0.038237 0.031673 -0.998393 -0.036724 -0.029328 0.151919 -0.985129 -0.026414 0.075785 -0.167425 -0.739406 0.399523 0.515393 -0.167425 -0.739406 0.399523 0.515393 -0.167425 -0.739406 0.399523 0.515393 0.138804 -0.985757 -0.049715 -0.080898 0.138804 -0.985757 -0.049715 -0.080898 0.138804 -0.985757 -0.049715 -0.080898 0.138804 -0.985757 -0.049715 -0.080898 -0.058289 -0.976508 -0.080928 -0.191012 0.800697 -0.561369 0.099104 0.184194 0.800702 -0.561367 0.099119 0.184173 0.138804 -0.985757 -0.049715 -0.080898 0.138804 -0.985757 -0.049715 -0.080898 0.138804 -0.985757 -0.049715 -0.080898 0.138804 -0.985757 -0.049715 -0.080898 0.069138 0.675452 0.141185 0.720452 0.288188 0.433837 0.316936 0.792644 0.288208 0.433845 0.316925 0.792637
-0.002040 0.814463 0.000834 0.136571 -0.985711 -0.050419 -0.084737 0.093531 -0.949681 -0.225383 0.196369 0.070188 -0.957988 -0.171855 0.218631 0.072505 -0.991539 -0.100975 0.037388 0.072505 -0.991539 -0.100975 0.037388 0.072505 -0.991539 -0.100975 0.037388 0.029117 -0.998301 -0.039785 -0.031057 0.141712 -0.986731 -0.023714 0.075609 -0.177155 -0.734620 0.398831 0.519503 -0.177155 -0.734620 0.398831 0.519503 -0.177155 -0.734620 0.398831 0.519503 0.136570 -0.985711 -0.050419 -0.084737 0.136570 -0.985711 -0.050419 -0.084737 0.136570 -0.985711 -0.050419 -0.084737 0.136570 -0.985711 -0.050420 -0.084737 -0.061600 -0.974979 -0.082465 -0.197031 0.805402 -0.565021 0.105843 0.144485 0.805406 -0.565018 0.105857 0.144464 0.136570 -0.985711 -0.050419 -0.084737 0.136570 -0.985711 -0.050419 -0.084737 0.136570 -0.985711 -0.050419 -0.084737 0.136570 -0.985711 -0.050419 -0.084737 0.049619 0.617358 0.142807 0.772019 0.242104 0.411437 0.332559 0.813332 0.242125 0.411446 0.332548 0.813326
-0.002032 0.813744 0.000842 0.134644 -0.985728 -0.050551 -0.087503 0.094675 -0.950542 -0.225765 0.191145 0.071970 -0.959244 -0.173022 0.211504 0.075220 -0.991627 -0.101281 0.027555 0.075220 -0.991627 -0.101281 0.027555 0.075220 -0.991627 -0.101281 0.027555 0.026558 -0.998137 -0.043062 -0.034113 0.137384 -0.987304 -0.025810 0.075436 -0.185693 -0.730981 0.395915 0.523866 -0.185693 -0.730981 0.395915 0.523866 -0.185693 -0.730981 0.395915 0.523866 0.134643 -0.985728 -0.050551 -0.087503 0.134643 -0.985728 -0.050551 -0.087503 0.134643 -0.985728 -0.050551 -0.087503 0.134643 -0.985728 -0.050551 -0.087503 -0.067491 -0.973577 -0.083452 -0.201566 0.807353 -0.569959 0.111025 0.104889 0.807355 -0.569956 0.111040 0.104868 0.134643 -0.985728 -0.050551 -0.087503 0.134643 -0.985728 -0.050551 -0.087503 0.134643 -0.985728 -0.050551 -0.087503 0.134643 -0.985728 -0.050551 -0.087503 0.026408 0.573304 0.141911 0.806527 0.208681 0.399995 0.354866 0.818857 0.208703 0.400004 0.354855 0.818851
-0.002027 0.812494 0.000847 0.132812 -0.985630 -0.050356 -0.091427 0.095360 -0.951197 -0.225333 0.188033 0.073283 -0.959460 -0.172815 0.210240 0.075981 -0.991920 -0.098011 0.026736 0.075981 -0.991920 -0.098011 0.026736 0.075981 -0.991920 -0.098011 0.026736 0.029416 -0.997862 -0.050026 -0.030052 0.136390 -0.987144 -0.022238 0.080312 -0.196045 -0.721953 0.399848 0.529596 -0.196045 -0.721953 0.399848 0.529596 -0.196045 -0.721953 0.399848 0.529596 0.132811 -0.985630 -0.050356 -0.091427 0.132811 -0.985630 -0.050356 -0.091427 0.132811 -0.985630 -0.050356 -0.091427 0.132811 -0.985630 -0.050356 -0.091427 -0.073678 -0.971501 -0.084604 -0.208804 0.807313 -0.573807 0.118167 0.070906 0.807315 -0.573804 0.118182 0.070885 0.132811 -0.985630 -0.050356 -0.091427 0.132811 -0.985630 -0.050356 -0.091427 0.132811 -0.985630 -0.050356 -0.091427 0.132811 -0.985630 -0.050356 -0.091427 -0.039428 0.521508 0.136357 0.841357 0.130279 0.375023 0.371683 0.839188 0.130300 0.375033 0.371673 0.839185
-0.002025 0.810621 0.000851 0.131460 -0.985358 -0.049670 -0.096545 0.095670 -0.951989 -0.224835 0.184427 0.074074 -0.960323 -0.171096 0.207410 0.076102 -0.992211 -0.095184 0.025818 0.076102 -0.992211 -0.095184 0.025818 0.076102 -0.992211 -0.095184 0.025818 0.028226 -0.998010 -0.048924 -0.028041 0.136426 -0.986385 -0.022810 0.088953 -0.176577 -0.722818 0.402347 0.533360 -0.176577 -0.722818 0.402347 0.533360 -0.176577 -0.722818 0.402347 0.533360 0.131459 -0.985358 -0.049670 -0.096545 0.131459 -0.985358 -0.049670 -0.096545 0.131459 -0.985358 -0.049670 -0.096545 0.131459 -0.985358 -0.049670 -0.096545 -0.081068 -0.969732 -0.085365 -0.213920 0.805430 -0.574454 0.120193 0.082702 0.805432 -0.574451 0.120208 0.082681 0.131459 -0.985358 -0.049670 -0.096545 0.131459 -0.985358 -0.049670 -0.096545 0.131459 -0.985358 -0.049670 -0.096545 0.131459 -0.985358 -0.049670 -0.096545 -0.065436 0.481398 0.133105 0.863862 0.106014 0.341902 0.399494 0.843960 0.106036 0.341912 0.399485 0.843957
-0.002024 0.808769 0.000852 0.129868 -0.984764 -0.050028 -0.104269 0.095614 -0.952703 -0.226135 0.179103 0.072673 -0.961360 -0.171188 0.202980 0.071755 -0.992507 -0.095810 0.024505 0.071755 -0.992507 -0.095810 0.024505 0.071755 -0.992507 -0.095810 0.024505 0.022110 -0.997929 -0.045892 -0.039283 0.134242 -0.987245 -0.027456 0.081075 -0.183785 -0.723948 0.397951 0.532690 -0.183785 -0.723948 0.397951 0.532690 -0.183785 -0.723948 0.397951 0.532690 0.129867 -0.984764 -0.050028 -0.104269 0.129867 -0.984764 -0.050028 -0.104269 0.129867 -0.984764 -0.050028 -0.104269 0.129867 -0.984764 -0.050028 -0.104269 -0.087054 -0.968401 -0.087019 -0.216908 0.798939 -0.578675 0.116611 0.115036 0.798942 -0.578672 0.116626 0.115015 0.129867 -0.984764 -0.050028 -0.104269 0.129867 -0.984764 -0.050028 -0.104269 0.129867 -0.984764 -0.050028 -0.104269 0.129867 -0.984764 -0.050028 -0.104269 -0.090802 0.442828 0.129274 0.882579 0.069563 0.325006 0.407893 0.850385 0.069585 0.325017 0.407885 0.850383
-0.002025 0.806959 0.000852 0.128438 -0.984159 -0.050082 -0.111473 0.095886 -0.953048 -0.227717 0.175072 0.072154 -0.961380 -0.171666 0.202667 0.070111 -0.992351 -0.097749 0.027716 0.070111 -0.992351 -0.097749 0.027716 0.070111 -0.992351 -0.097749 0.027716 0.021162 -0.997204 -0.051670 -0.049669 0.142526 -0.986906 -0.018846 0.073131 -0.154367 -0.735746 0.410061 0.516429 -0.154367 -0.735746 0.410061 0.516429 -0.154367 -0.735746 0.410061 0.516429 0.128437 -0.984159 -0.050082 -0.111473 0.128437 -0.984159 -0.050082 -0.111473 0.128437 -0.984159 -0.050082 -0.111473 0.128437 -0.984159 -0.050082 -0.111473 -0.094561 -0.968770 -0.087651 -0.211802 0.788185 -0.585221 0.103782 0.159718 0.788189 -0.585218 0.103797 0.159697 0.128437 -0.984159 -0.050082 -0.111473 0.128437 -0.984159 -0.050082 -0.111473 0.128437 -0.984159 -0.050082 -0.111473 0.128437 -0.984159 -0.050082 -0.111473 -0.097325 0.409017 0.127034 0.898385 0.066264 0.284718 0.436448 0.850916 0.066286 0.284729 0.436440 0.850915
-0.002024 0.805113 0.000851 0.126473 -0.983716 -0.050243 -0.117405 0.096297 -0.952874 -0.230183 0.172552 0.072177 -0.960644 -0.172836 0.205136 0.067618 -0.992069 -0.100133 0.034644 0.067618 -0.992069 -0.100133 0.034644 0.067618 -0.992069 -0.100133 0.034644 0.019593 -0.996622 -0.055401 -0.057371 0.139805 -0.987524 -0.030732 0.065623 -0.145353 -0.742126 0.402080 0.516191 -0.145353 -0.742126 0.402080 0.516191 -0.145353 -0.742126 0.402080 0.516191 0.126472 -0.983716 -0.050243 -0.117405 0.126472 -0.983716 -0.050243 -0.117405 0.126472 -0.983716 -0.050243 -0.117405 0.126472 -0.983716 -0.050243 -0.117405 -0.101425 -0.969110 -0.088189 -0.206791 0.779543 -0.589892 0.092883 0.188978 0.779548 -0.589890 0.092898 0.188958 0.126472 -0.983716 -0.050243 -0.117405 0.126472 -0.983716 -0.050243 -0.117405 0.126472 -0.983716 -0.050243 -0.117405 0.126472 -0.983716 -0.050243 -0.117405 -0.125166 0.375675 0.121272 0.910217 0.043333 0.246774 0.467163 0.847929 0.043355 0.246786 0.467157 0.847928
-0.002020 0.802944 0.000849 0.124463 -0.983442 -0.050168 -0.121793 0.096462 -0.952703 -0.232402 0.170418 0.072068 -0.960457 -0.173956 0.205106 0.062850 -0.992152 -0.100948 0.038651 0.062850 -0.992152 -0.100948 0.038651 0.062850 -0.992152 -0.100948 0.038651 0.016091 -0.996221 -0.060852 -0.059846 0.138560 -0.987900 -0.020722 0.066523 -0.149105 -0.734093 0.415084 0.516313 -0.149105 -0.734093 0.415084 0.516313 -0.149105 -0.734093 0.415084 0.516313 0.124463 -0.983442 -0.050168 -0.121793 0.124463 -0.983442 -0.050168 -0.121793 0.124463 -0.983442 -0.050168 -0.121793 0.124463 -0.983442 -0.050168 -0.121793 -0.106185 -0.969648 -0.088159 -0.201833 0.773225 -0.593309 0.084296 0.207367 0.773231 -0.593307 0.084312 0.207347 0.124463 -0.983442 -0.050168 -0.121793 0.124463 -0.983442 -0.050168 -0.121793 0.124463 -0.983442 -0.050168 -0.121793 0.124463 -0.983442 -0.050168 -0.121793 -0.173681 0.345531 0.111966 0.915373 -0.018694 0.231722 0.457089 0.858502 -0.018671 0.231734 0.457083 0.858502
-0.002008 0.800064 0.000845 0.122704 -0.983310 -0.050031 -0.124665 0.096797 -0.952449 -0.233872 0.169631 0.071895 -0.960064 -0.174335 0.206679 0.061884 -0.992018 -0.100865 0.043564 0.061884 -0.992018 -0.100865 0.043564 0.061884 -0.992018 -0.100865 0.043564 0.012738 -0.995844 -0.061949 -0.065541 0.134388 -0.989144 -0.017267 0.056882 -0.172687 -0.727525 0.418467 0.515530 -0.172687 -0.727525 0.418467 0.515530 -0.172687 -0.727525 0.418467 0.515530 0.122703 -0.983311 -0.050031 -0.124665 0.122703 -0.983311 -0.050031 -0.124665 0.122703 -0.983311 -0.050031 -0.124665 0.122703 -0.983311 -0.050031 -0.124665 -0.108895 -0.970385 -0.087757 -0.196960 0.769797 -0.594854 0.077999 0.217893 0.769803 -0.594852 0.078015 0.217873 0.122703 -0.983311 -0.050031 -0.124665 0.122703 -0.983311 -0.050031 -0.124665 0.122703 -0.983311 -0.050031 -0.124665 0.122703 -0.983311 -0.050031 -0.124665 -0.192257 0.301049 0.106733 0.927909 -0.044288 0.169683 0.474528 0.862595 -0.044265 0.169695 0.474523 0.862596
-0.001986 0.796958 0.000837 0.121423 -0.983249 -0.049841 -0.126467 0.097400 -0.952110 -0.235409 0.169063 0.071361 -0.959176 -0.176497 0.209139 0.060503 -0.991052 -0.108427 0.048975 0.060503 -0.991052 -0.108427 0.048975 0.060503 -0.991052 -0.108427 0.048975 0.013012 -0.995027 -0.070062 -0.069594 0.139748 -0.988534 -0.025899 0.050996 -0.152936 -0.740796 0.411714 0.508256 -0.152936 -0.740796 0.411714 0.508256 -0.152936 -0.740796 0.411714 0.508256 0.121422 -0.983249 -0.049841 -0.126467 0.121422 -0.983249 -0.049841 -0.126467 0.121422 -0.983249 -0.049841 -0.126467 0.121422 -0.983249 -0.049841 -0.126467 -0.109529 -0.971346 -0.087052 -0.192128 0.765615 -0.594875 0.071723 0.234122 0.765621 -0.594873 0.071738 0.234102 0.121422 -0.983249 -0.049841 -0.126467 0.121422 -0.983249 -0.049841 -0.126467 0.121422 -0.983249 -0.049841 -0.126467 0.121422 -0.983249 -0.049841 -0.126467 -0.187849 0.268400 0.105392 0.938918 -0.025461 0.087909 0.533804 0.840641 -0.025439 0.087923 0.533802 0.840641
-0.001955 0.794228 0.000796 0.119533 -0.982281 -0.052139 -0.134599 0.096920 -0.953305 -0.236469 0.160930 0.067199 -0.960462 -0.178823 0.202532 0.055172 -0.991426 -0.110254 0.043305 0.055172 -0.991426 -0.110254 0.043305 0.055172 -0.991426 -0.110254 0.043305 0.012366 -0.994085 -0.080983 -0.071305 0.140028 -0.988258 -0.034972 0.050162 -0.137284 -0.749230 0.403395 0.507030 -0.137284 -0.749230 0.403395 0.507030 -0.137284 -0.749230 0.403395 0.507030 0.119532 -0.982281 -0.052139 -0.134599 0.119532 -0.982281 -0.052139 -0.134599 0.119532 -0.982281 -0.052139 -0.134599 0.119532 -0.982281 -0.052139 -0.134599 -0.111092 -0.972398 -0.089316 -0.184722 0.754845 -0.597317 0.058299 0.264619 0.754852 -0.597315 0.058314 0.264599 0.119532 -0.982281 -0.052139 -0.134599 0.119532 -0.982281 -0.052139 -0.134599 0.119532 -0.982281 -0.052139 -0.134599 0.119532 -0.982281 -0.052139 -0.134599 -0.202938 0.233875 0.099676 0.945613 -0.048423 -0.053483 0.519966 0.851135 -0.048401 -0.053469 0.519967 0.851136
-0.001921 0.791882 0.000732 0.117676 -0.981176 -0.054663 -0.143034 0.095537 -0.955179 -0.235964 0.151089 0.061025 -0.962269 -0.179417 0.195253 0.048757 -0.992449 -0.106958 0.035025 0.048757 -0.992449 -0.106958 0.035025 0.048757 -0.992449 -0.106958 0.035025 0.008099 -0.995170 -0.068635 -0.069721 0.128862 -0.990192 -0.026795 0.046863 -0.173504 -0.721246 0.424474 0.519155 -0.173504 -0.721246 0.424474 0.519155 -0.173504 -0.721246 0.424474 0.519155 0.117676 -0.981176 -0.054663 -0.143034 0.117676 -0.981176 -0.054663 -0.143034 0.117676 -0.981176 -0.054663 -0.143034 0.117676 -0.981176 -0.054663 -0.143034 -0.112953 -0.974062 -0.091529 -0.173398 0.738781 -0.600404 0.039900 0.303521 0.738789 -0.600403 0.039915 0.303502 0.117676 -0.981176 -0.054663 -0.143034 0.117676 -0.981176 -0.054663 -0.143034 0.117676 -0.981176 -0.054663 -0.143034 0.117676 -0.981176 -0.054663 -0.143034 -0.251424 0.196602 0.087477 0.943653 -0.124428 -0.115145 0.463669 0.869638 -0.124406 -0.115133 0.463672 0.869641
-0.001887 0.789058 0.000640 0.115923 -0.979796 -0.058338 -0.152177 0.093664 -0.957391 -0.233763 0.141369 0.053268 -0.963981 -0.182448 0.186052 0.041241 -0.993816 -0.100119 0.024617 0.041241 -0.993816 -0.100119 0.024617 0.041241 -0.993816 -0.100119 0.024617 0.010942 -0.993337 -0.096863 -0.061473 0.140619 -0.987213 -0.048462 0.057348 -0.118276 -0.734286 0.419100 0.520759 -0.118276 -0.734286 0.419100 0.520759 -0.118276 -0.734286 0.419100 0.520759 0.115922 -0.979796 -0.058338 -0.152177 0.115922 -0.979796 -0.058338 -0.152177 0.115922 -0.979796 -0.058338 -0.152177 0.115922 -0.979796 -0.058338 -0.152177 -0.114597 -0.974799 -0.095466 -0.165892 0.727245 -0.603799 0.026384 0.325340 0.727253 -0.603798 0.026400 0.325321 0.115922 -0.979796 -0.058338 -0.152177 0.115922 -0.979796 -0.058338 -0.152177 0.115922 -0.979796 -0.058338 -0.152177 0.115922 -0.979796 -0.058338 -0.152177 -0.256882 0.156278 0.081829 0.950207 -0.097031 -0.177319 0.595373 0.777608 -0.097011 -0.177303 0.595378 0.777610
-0.001856 0.786194 0.000539 0.114412 -0.978319 -0.062227 -0.161029 0.091351 -0.959147 -0.233134 0.131685 0.046139 -0.966507 -0.183597 0.173282 0.034368 -0.995020 -0.092636 0.013107 0.034368 -0.995020 -0.092636 0.013107 0.034368 -0.995020 -0.092636 0.013107 0.010394 -0.993041 -0.094761 -0.069150 0.141225 -0.986668 -0.053579 0.060587 -0.070673 -0.740044 0.426954 0.514830 -0.070673 -0.740044 0.426954 0.514830 -0.070673 -0.740044 0.426954 0.514830 0.114412 -0.978319 -0.062227 -0.161029 0.114412 -0.978319 -0.062227 -0.161029 0.114412 -0.978319 -0.062227 -0.161029 0.114412 -0.978319 -0.062227 -0.161029 -0.117330 -0.975461 -0.099759 -0.157348 0.719920 -0.605430 0.013423 0.339102 0.719929 -0.605429 0.013439 0.339084 0.114412 -0.978319 -0.062227 -0.161029 0.114412 -0.978319 -0.062227 -0.161029 0.114412 -0.978319 -0.062227 -0.161029 0.114412 -0.978319 -0.062227 -0.161029 -0.308841 0.131857 0.067426 0.939513 -0.112381 -0.296620 0.654679 0.686136 -0.112363 -0.296603 0.654686 0.686139
-0.001827 0.783823 0.000437 0.112756 -0.976855 -0.065594 -0.169524 0.089342 -0.961770 -0.229981 0.118847 0.039742 -0.967957 -0.187974 0.161694 0.026312 -0.995584 -0.090072 -0.002590 0.026312 -0.995584 -0.090072 -0.002590 0.026312 -0.995584 -0.090072 -0.002590 0.009967 -0.993164 -0.096275 -0.065240 0.136226 -0.986266 -0.053018 0.076887 -0.052594 -0.724498 0.440895 0.527207 -0.052594 -0.724498 0.440895 0.527207 -0.052594 -0.724498 0.440895 0.527207 0.112756 -0.976855 -0.065594 -0.169524 0.112756 -0.976855 -0.065594 -0.169524 0.112756 -0.976855 -0.065594 -0.169524 0.112756 -0.976855 -0.065594 -0.169524 -0.119064 -0.974946 -0.104178 -0.156365 0.716568 -0.609106 0.008345 0.339779 0.716577 -0.609106 0.008360 0.339760 0.112756 -0.976855 -0.065594 -0.169524 0.112756 -0.976855 -0.065594 -0.169524 0.112756 -0.976855 -0.065594 -0.169524 0.112756 -0.976855 -0.065594 -0.169524 -0.342398 0.151657 0.057586 0.925445 -0.120465 -0.480091 0.567719 0.657796 -0.120448 -0.480077 0.567731 0.657800
-0.001802 0.782081 0.000357 0.111399 -0.975690 -0.067669 -0.176185 0.088315 -0.963874 -0.226622 0.108579 0.033929 -0.969083 -0.192009 0.151193 0.021341 -0.995260 -0.093588 -0.015627 0.021341 -0.995260 -0.093588 -0.015627 0.021341 -0.995260 -0.093588 -0.015627 0.011169 -0.992885 -0.099580 -0.064339 0.140924 -0.984526 -0.056739 0.087348 0.004791 -0.730155 0.439042 0.523539 0.004791 -0.730155 0.439042 0.523539 0.004791 -0.730155 0.439042 0.523539 0.111399 -0.975690 -0.067669 -0.176185 0.111399 -0.975690 -0.067669 -0.176185 0.111399 -0.975690 -0.067669 -0.176185 0.111399 -0.975690 -0.067669 -0.176185 -0.124060 -0.973727 -0.107922 -0.157538 0.711190 -0.618467 0.003935 0.334203 0.711199 -0.618467 0.003951 0.334185 0.111399 -0.975690 -0.067669 -0.176185 0.111399 -0.975690 -0.067669 -0.176185 0.111399 -0.975690 -0.067669 -0.176185 0.111399 -0.975690 -0.067669 -0.176185 -0.462147 0.171727 0.027741 0.869575 -0.188862 -0.488740 0.597710 0.606801 -0.188847 -0.488724 0.597723 0.606806
-0.001781 0.780954 0.000301 0.110049 -0.974897 -0.068736 -0.180944 0.087780 -0.965232 -0.224512 0.101075 0.029794 -0.969906 -0.196197 0.141076 0.015569 -0.995029 -0.094637 -0.026793 0.015569 -0.995029 -0.094637 -0.026793 0.015569 -0.995029 -0.094637 -0.026793 0.008029 -0.993379 -0.099892 -0.056166 0.128836 -0.984628 -0.049122 0.107220 -0.010131 -0.695602 0.463395 0.548909 -0.010131 -0.695602 0.463395 0.548909 -0.010131 -0.695602 0.463395 0.548909 0.110049 -0.974897 -0.068736 -0.180944 0.110049 -0.974897 -0.068736 -0.180944 0.110049 -0.974897 -0.068736 -0.180944 0.110049 -0.974897 -0.068736 -0.180944 -0.125951 -0.971211 -0.110936 -0.169051 0.722989 -0.614752 0.014790 0.314879 0.722997 -0.614751 0.014806 0.314860 0.110049 -0.974897 -0.068736 -0.180944 0.110049 -0.974897 -0.068736 -0.180944 0.110049 -0.974897 -0.068736 -0.180944 0.110049 -0.974897 -0.068736 -0.180944 -0.533044 0.220522 0.008815 0.816797 0.144039 0.575430 -0.636146 -0.493408 0.144026 0.575413 -0.636161 -0.493411
-0.001763 0.780258 0.000264 0.108953 -0.974309 -0.069006 -0.184636 0.086832 -0.966481 -0.223231 0.092430 0.028071 -0.970292 -0.203335 0.128067 0.010340 -0.993273 -0.107069 -0.042875 0.010340 -0.993273 -0.107069 -0.042875 0.010340 -0.993273 -0.107069 -0.042875 0.002656 -0.995461 -0.079638 -0.052048 0.121440 -0.983177 -0.045988 0.128454 -0.003848 -0.670820 0.477644 0.567311 -0.003848 -0.670820 0.477644 0.567311 -0.003848 -0.670820 0.477644 0.567311 0.108952 -0.974309 -0.069006 -0.184636 0.108952 -0.974309 -0.069006 -0.184636 0.108952 -0.974309 -0.069006 -0.184636 0.108952 -0.974309 -0.069006 -0.184636 -0.129157 -0.970044 -0.112448 -0.172303 0.726916 -0.618047 0.017686 0.298829 0.726923 -0.618046 0.017702 0.298811 0.108952 -0.974309 -0.069006 -0.184636 0.108952 -0.974309 -0.069006 -0.184636 0.108952 -0.974309 -0.069006 -0.184636 0.108952 -0.974309 -0.069006 -0.184636 -0.591210 0.285074 -0.007484 0.754418 -0.140736 -0.671800 0.573256 0.447500 -0.140724 -0.671785 0.573274 0.447504
-0.001746 0.779885 0.000238 0.107551 -0.974053 -0.068667 -0.186918 0.085554 -0.967523 -0.220942 0.088111 0.028766 -0.969420 -0.208167 0.126742 0.008573 -0.991388 -0.122968 -0.044211 0.008573 -0.991388 -0.122968 -0.044211 0.008573 -0.991388 -0.122968 -0.044211 0.013774 -0.993949 -0.090077 -0.061327 0.120543 -0.983988 -0.056190 0.118661 0.006489 -0.682043 0.468954 0.561121 0.006489 -0.682043 0.468955 0.561121 0.006489 -0.682043 0.468955 0.561121 0.107550 -0.974053 -0.068667 -0.186918 0.107550 -0.974053 -0.068667 -0.186918 0.107550 -0.974053 -0.068667 -0.186918 0.107551 -0.974053 -0.068667 -0.186918 -0.132356 -0.971682 -0.111651 -0.160777 0.731404 -0.616626 0.010522 0.291050 0.731411 -0.616626 0.010538 0.291031 0.107550 -0.974053 -0.068667 -0.186918 0.107550 -0.974053 -0.068667 -0.186918 0.107550 -0.974053 -0.068667 -0.186918 0.107551 -0.974053 -0.068667 -0.186918 0.672558 -0.343341 0.032561 -0.654768 -0.178280 -0.662559 0.580844 0.438009 -0.178269 -0.662544 0.580862 0.438013
-0.001734 0.779689 0.000225 0.106430 -0.973701 -0.067989 -0.189624 0.085369 -0.967787 -0.219808 0.088231 0.029702 -0.969371 -0.206878 0.128989 0.008589 -0.989805 -0.136791 -0.038729 0.008589 -0.989805 -0.136791 -0.038729 0.008589 -0.989805 -0.136791 -0.038729 0.012303 -0.993444 -0.087918 -0.072031 0.110099 -0.986726 -0.059911 0.103249 -0.026170 -0.688945 0.459973 0.559549 -0.026170 -0.688945 0.459973 0.559549 -0.026170 -0.688945 0.459973 0.559549 0.106430 -0.973701 -0.067989 -0.189624 0.106430 -0.973701 -0.067989 -0.189624 0.106430 -0.973701 -0.067989 -0.189624 0.106430 -0.973701 -0.067989 -0.189624 -0.130945 -0.970763 -0.111582 -0.167400 0.730072 -0.618422 0.015646 0.290352 0.730080 -0.618422 0.015662 0.290333 0.106430 -0.973701 -0.067989 -0.189624 0.106430 -0.973701 -0.067989 -0.189624 0.106430 -0.973701 -0.067989 -0.189624 0.106430 -0.973701 -0.067989 -0.189624 0.708303 -0.370227 0.046590 -0.599223 -0.284912 -0.688278 0.490552 0.452170 -0.284900 -0.688265 0.490570 0.452178
-0.001726 0.779473 0.000222 0.105595 -0.973004 -0.066951 -0.193986 0.086057 -0.968107 -0.219001 0.086038 0.031976 -0.968776 -0.209790 0.128211 0.009600 -0.987964 -0.150028 -0.036429 0.009600 -0.987964 -0.150028 -0.036429 0.009600 -0.987964 -0.150028 -0.036429 0.006534 -0.992311 -0.074946 -0.098286 0.109238 -0.990315 -0.034630 0.078384 -0.068324 -0.655707 0.508687 0.553730 -0.068324 -0.655707 0.508687 0.553730 -0.068324 -0.655707 0.508687 0.553730 0.105595 -0.973004 -0.066951 -0.193986 0.105595 -0.973004 -0.066951 -0.193986 0.105595 -0.973004 -0.066951 -0.193986 0.105595 -0.973004 -0.066951 -0.193986 -0.136761 -0.970804 -0.111686 -0.162366 0.728917 -0.620911 0.009880 0.288187 0.728925 -0.620910 0.009897 0.288169 0.105595 -0.973004 -0.066951 -0.193986 0.105595 -0.973004 -0.066951 -0.193986 0.105595 -0.973004 -0.066951 -0.193986 0.105595 -0.973004 -0.066951 -0.193986 0.721521 -0.356947 0.055179 -0.590722 -0.341696 -0.578385 0.542810 0.504056 -0.341683 -0.578371 0.542825 0.504065
-0.001721 0.778953 0.000228 0.105052 -0.972071 -0.065757 -0.199293 0.084911 -0.968678 -0.218480 0.081977 0.031544 -0.969155 -0.209399 0.126077 0.006481 -0.987876 -0.150843 -0.036141 0.006481 -0.987876 -0.150843 -0.036141 0.006481 -0.987876 -0.150843 -0.036141 0.004034 -0.990812 -0.082523 -0.107073 0.111725 -0.989747 -0.059385 0.066267 -0.048318 -0.685436 0.480294 0.545125 -0.048318 -0.685436 0.480294 0.545125 -0.048318 -0.685436 0.480294 0.545125 0.105051 -0.972071 -0.065757 -0.199293 0.105051 -0.972071 -0.065757 -0.199293 0.105051 -0.972071 -0.065757 -0.199293 0.105051 -0.972071 -0.065757 -0.199293 -0.145046 -0.968205 -0.113526 -0.169268 0.731860 -0.626066 0.014282 0.268735 0.731867 -0.626066 0.014298 0.268716 0.105051 -0.972071 -0.065757 -0.199293 0.105051 -0.972071 -0.065757 -0.199293 0.105051 -0.972071 -0.065757 -0.199293 0.105051 -0.972071 -0.065757 -0.199293 0.689104 -0.301054 0.049882 -0.657278 -0.317496 -0.669122 0.484148 0.465910 -0.317484 -0.669109 0.484166 0.465919
-0.001718 0.778374 0.000239 0.104768 -0.971017 -0.065174 -0.204699 0.082681 -0.968726 -0.220421 0.078413 0.032146 -0.970032 -0.208849 0.119942 0.006728 -0.987049 -0.155293 -0.039661 0.006728 -0.987049 -0.155293 -0.039661 0.006728 -0.987049 -0.155293 -0.039661 0.004892 -0.989313 -0.085916 -0.117704 0.103452 -0.992086 -0.046302 0.054032 -0.101869 -0.659902 0.498875 0.552518 -0.101869 -0.659902 0.498875 0.552518 -0.101869 -0.659902 0.498875 0.552518 0.104767 -0.971017 -0.065174 -0.204699 0.104767 -0.971017 -0.065174 -0.204699 0.104767 -0.971017 -0.065174 -0.204699 0.104767 -0.971017 -0.065174 -0.204699 -0.140008 -0.969427 -0.112613 -0.167116 0.746079 -0.622856 0.022416 0.234338 0.746085 -0.622856 0.022432 0.234319 0.104767 -0.971017 -0.065174 -0.204699 0.104767 -0.971017 -0.065174 -0.204699 0.104767 -0.971017 -0.065174 -0.204699 0.104767 -0.971017 -0.065174 -0.204699 0.715659 -0.227361 0.064696 -0.657232 -0.421712 -0.617953 0.460514 0.477723 -0.421700 -0.617941 0.460530 0.477734
-0.001718 0.777881 0.000252 0.104691 -0.970164 -0.064886 -0.208833 0.080185 -0.969474 -0.219243 0.074991 0.034068 -0.970103 -0.210605 0.115695 0.005593 -0.986643 -0.157070 -0.042822 0.005593 -0.986643 -0.157070 -0.042822 0.005593 -0.986643 -0.157070 -0.042822 0.003794 -0.985548 -0.087249 -0.145147 0.107444 -0.992298 -0.060340 0.012635 -0.069697 -0.710470 0.468044 0.520874 -0.069697 -0.710470 0.468044 0.520874 -0.069697 -0.710470 0.468044 0.520874 0.104690 -0.970164 -0.064886 -0.208833 0.104690 -0.970164 -0.064886 -0.208833 0.104690 -0.970164 -0.064886 -0.208833 0.104690 -0.970164 -0.064886 -0.208833 -0.159112 -0.963550 -0.118090 -0.179750 0.742007 -0.647207 0.030688 0.172066 0.742012 -0.647206 0.030705 0.172047 0.104690 -0.970164 -0.064886 -0.208833 0.104690 -0.970164 -0.064886 -0.208833 0.104690 -0.970164 -0.064886 -0.208833 0.104690 -0.970164 -0.064886 -0.208833 -0.672142 0.200656 -0.054579 0.710622 -0.367488 -0.630176 0.485113 0.482178 -0.367476 -0.630164 0.485130 0.482187
-0.001715 0.777874 0.000264 0.104427 -0.969551 -0.064706 -0.211849 0.077215 -0.969823 -0.219577 0.072576 0.036089 -0.971058 -0.207580 0.112493 0.008874 -0.987864 -0.148389 -0.045021 0.008874 -0.987864 -0.148389 -0.045021 0.008874 -0.987864 -0.148389 -0.045021 0.002969 -0.986316 -0.087983 -0.139397 0.109564 -0.991652 -0.063069 0.025390 -0.040019 -0.708436 0.469894 0.525087 -0.040019 -0.708436 0.469894 0.525087 -0.040019 -0.708436 0.469894 0.525087 0.104427 -0.969551 -0.064706 -0.211849 0.104427 -0.969551 -0.064706 -0.211849 0.104427 -0.969551 -0.064706 -0.211849 0.104427 -0.969551 -0.064706 -0.211849 -0.172237 -0.959294 -0.121874 -0.187714 0.745300 -0.653587 0.040286 0.125418 0.745303 -0.653586 0.040303 0.125399 0.104427 -0.969551 -0.064706 -0.211849 0.104427 -0.969551 -0.064706 -0.211849 0.104427 -0.969551 -0.064706 -0.211849 0.104427 -0.969551 -0.064706 -0.211849 -0.660385 0.198678 -0.053250 0.722207 -0.389363 -0.597808 0.470601 0.519189 -0.389349 -0.597796 0.470616 0.519199
-0.001706 0.778452 0.000271 0.104094 -0.969490 -0.064644 -0.212306 0.076816 -0.970643 -0.216342 0.071751 0.036502 -0.971857 -0.204503 0.111087 0.011843 -0.990934 -0.124982 -0.047834 0.011843 -0.990934 -0.124982 -0.047834 0.011843 -0.990934 -0.124982 -0.047834 0.000794 -0.984802 -0.075680 -0.156324 0.103864 -0.992426 -0.065589 -0.001184 -0.077997 -0.717999 0.462660 0.514139 -0.077997 -0.717999 0.462661 0.514139 -0.077997 -0.717999 0.462661 0.514139 0.104093 -0.969490 -0.064644 -0.212306 0.104093 -0.969490 -0.064644 -0.212306 0.104093 -0.969490 -0.064644 -0.212306 0.104093 -0.969490 -0.064644 -0.212306 -0.170748 -0.956145 -0.123018 -0.203711 0.750620 -0.654391 0.064111 0.065052 0.750622 -0.654389 0.064128 0.065033 0.104093 -0.969490 -0.064644 -0.212306 0.104093 -0.969490 -0.064644 -0.212306 0.104093 -0.969490 -0.064644 -0.212306 0.104093 -0.969490 -0.064644 -0.212306 -0.643267 0.184983 -0.048935 0.741346 -0.359650 -0.594836 0.502797 0.513825 -0.359637 -0.594823 0.502813 0.513834
-0.001692 0.779221 0.000274 0.103794 -0.969797 -0.063901 -0.211275 0.074641 -0.971776 -0.212497 0.070185 0.039507 -0.973134 -0.201662 0.103835 0.017557 -0.992269 -0.108654 -0.057338 0.017557 -0.992269 -0.108654 -0.057338 0.017557 -0.992269 -0.108654 -0.057338 0.007005 -0.984283 -0.089742 -0.151934 0.107971 -0.991605 -0.071121 -0.001970 -0.075991 -0.720080 0.461200 0.512840 -0.075991 -0.720080 0.461200 0.512840 -0.075991 -0.720080 0.461200 0.512840 0.103794 -0.969797 -0.063901 -0.211275 0.103794 -0.969797 -0.063901 -0.211275 0.103794 -0.969797 -0.063901 -0.211275 0.103794 -0.969797 -0.063901 -0.211275 -0.174440 -0.955502 -0.122769 -0.203752 0.751214 -0.655679 0.071070 0.026698 0.751214 -0.655677 0.071087 0.026678 0.103794 -0.969797 -0.063901 -0.211275 0.103794 -0.969797 -0.063901 -0.211275 0.103794 -0.969797 -0.063901 -0.211275 0.103794 -0.969797 -0.063901 -0.211275 -0.635689 0.190191 -0.046036 0.746731 -0.329895 -0.596672 0.531000 0.503180 -0.329882 -0.596659 0.531016 0.503189
-0.001676 0.780388 0.000273 0.103523 -0.969847 -0.063264 -0.211370 0.073862 -0.972642 -0.209391 0.068315 0.040828 -0.974208 -0.197873 0.100489 0.018866 -0.992340 -0.105059 -0.062195 0.018866 -0.992340 -0.105059 -0.062195 0.018866 -0.992340 -0.105059 -0.062195 0.003546 -0.985936 -0.080648 -0.146335 0.097414 -0.993543 -0.056741 0.012778 -0.080663 -0.699406 0.476071 0.526954 -0.080663 -0.699406 0.476071 0.526955 -0.080663 -0.699406 0.476071 0.526955 0.103522 -0.969847 -0.063264 -0.211370 0.103522 -0.969847 -0.063264 -0.211370 0.103522 -0.969847 -0.063264 -0.211370 0.103523 -0.969847 -0.063264 -0.211370 -0.174358 -0.953377 -0.122971 -0.213425 0.745305 -0.661370 0.083581 -0.011161 0.745305 -0.661368 0.083598 -0.011180 0.103522 -0.969847 -0.063264 -0.211370 0.103522 -0.969847 -0.063264 -0.211370 0.103522 -0.969847 -0.063264 -0.211370 0.103523 -0.969847 -0.063264 -0.211370 -0.641650 0.195888 -0.048075 0.740001 -0.325100 -0.613743 0.526973 0.489825 -0.325087 -0.613729 0.526989 0.489834
-0.001664 0.781530 0.000272 0.102623 -0.968150 -0.062375 -0.219688 0.073154 -0.974034 -0.206120 0.058479 0.041467 -0.976699 -0.193755 0.082449 0.020520 -0.991879 -0.097109 -0.079534 0.020520 -0.991879 -0.097109 -0.079534 0.020520 -0.991879 -0.097109 -0.079534 -0.004270 -0.981865 -0.061383 -0.179320 0.092750 -0.993908 -0.055573 -0.021362 -0.120563 -0.690741 0.493699 0.514395 -0.120563 -0.690741 0.493699 0.514395 -0.120563 -0.690741 0.493699 0.514395 0.102623 -0.968150 -0.062375 -0.219688 0.102623 -0.968150 -0.062375 -0.219688 0.102623 -0.968150 -0.062375 -0.219688 0.102623 -0.968150 -0.062375 -0.219688 -0.176186 -0.950775 -0.124797 -0.222284 0.736833 -0.669106 0.090714 -0.033855 0.736832 -0.669103 0.090731 -0.033874 0.102623 -0.968150 -0.062375 -0.219688 0.102623 -0.968150 -0.062375 -0.219688 0.102623 -0.968150 -0.062375 -0.219688 0.102623 -0.968150 -0.062375 -0.219688 -0.662595 0.176571 -0.062105 0.725213 -0.385251 -0.639505 0.456994 0.483500 -0.385238 -0.639493 0.457010 0.483510
-0.001657 0.782693 0.000270 0.101533 -0.965563 -0.061770 -0.231437 0.073272 -0.977076 -0.195863 0.039892 0.034142 -0.980532 -0.184383 0.058269 0.012059 -0.991561 -0.064898 -0.111582 0.012059 -0.991561 -0.064898 -0.111582 0.012059 -0.991561 -0.064898 -0.111582 -0.002413 -0.980270 -0.076542 -0.182225 0.094324 -0.993854 -0.056172 -0.014208 -0.109877 -0.682149 0.503886 0.518362 -0.109877 -0.682149 0.503886 0.518362 -0.109877 -0.682149 0.503886 0.518362 0.101533 -0.965563 -0.061770 -0.231437 0.101533 -0.965563 -0.061770 -0.231437 0.101533 -0.965563 -0.061770 -0.231437 0.101533 -0.965563 -0.061770 -0.231437 -0.178059 -0.948974 -0.127262 -0.227041 0.729282 -0.676448 0.092266 -0.045308 0.729281 -0.676445 0.092284 -0.045327 0.101533 -0.965563 -0.061770 -0.231437 0.101533 -0.965563 -0.061770 -0.231437 0.101533 -0.965563 -0.061770 -0.231437 0.101533 -0.965563 -0.061770 -0.231437 -0.649345 0.168717 -0.067194 0.738492 -0.363392 -0.609379 0.512725 0.483443 -0.363380 -0.609365 0.512741 0.483452
-0.001646 0.784498 0.000256 0.100576 -0.962527 -0.061626 -0.244190 0.072051 -0.978525 -0.191256 0.026810 0.035729 -0.979648 -0.192263 0.045251 0.011641 -0.990371 -0.065502 -0.121404 0.011641 -0.990371 -0.065502 -0.121404 0.011641 -0.990371 -0.065502 -0.121404 -0.003714 -0.976041 -0.058692 -0.209486 0.092039 -0.993539 -0.050883 -0.042654 -0.147186 -0.651601 0.537816 0.514301 -0.147186 -0.651601 0.537816 0.514301 -0.147186 -0.651601 0.537816 0.514301 0.100576 -0.962527 -0.061626 -0.244190 0.100576 -0.962527 -0.061626 -0.244190 0.100576 -0.962527 -0.061626 -0.244190 0.100576 -0.962527 -0.061626 -0.244190 -0.182080 -0.944965 -0.131550 -0.237869 0.713759 -0.690009 0.097217 -0.070604 0.713757 -0.690006 0.097235 -0.070623 0.100576 -0.962527 -0.061626 -0.244190 0.100576 -0.962527 -0.061626 -0.244190 0.100576 -0.962527 -0.061626 -0.244190 0.100576 -0.962527 -0.061626 -0.244190 -0.635435 0.165074 -0.072183 0.750841 -0.344831 -0.627990 0.515533 0.470048 -0.344819 -0.627977 0.515550 0.470057
-0.001631 0.786437 0.000237 0.099974 -0.959616 -0.061771 -0.255592 0.071311 -0.981088 -0.179928 0.002487 0.034450 -0.981093 -0.188952 0.023825 0.006571 -0.987258 -0.044992 -0.152496 0.006571 -0.987258 -0.044992 -0.152496 0.006571 -0.987258 -0.044992 -0.152496 -0.015528 -0.974529 -0.066042 -0.213754 0.089589 -0.994117 -0.046723 -0.039024 -0.070296 -0.691393 0.516375 0.500392 -0.070296 -0.691393 0.516375 0.500392 -0.070296 -0.691393 0.516375 0.500392 0.099974 -0.959616 -0.061771 -0.255592 0.099974 -0.959616 -0.061771 -0.255592 0.099974 -0.959616 -0.061771 -0.255592 0.099974 -0.959616 -0.061771 -0.255592 -0.185581 -0.936879 -0.137107 -0.262717 0.687908 -0.707552 0.112388 -0.116278 0.687905 -0.707549 0.112406 -0.116296 0.099974 -0.959616 -0.061771 -0.255592 0.099974 -0.959616 -0.061771 -0.255592 0.099974 -0.959616 -0.061771 -0.255592 0.099974 -0.959616 -0.061771 -0.255592 -0.614344 0.167620 -0.072873 0.767577 -0.318950 -0.694810 0.467615 0.443673 -0.318939 -0.694798 0.467633 0.443681
-0.001616 0.788397 0.000220 0.099570 -0.955764 -0.061123 -0.269937 0.071133 -0.981135 -0.178867 -0.017909 0.030942 -0.981434 -0.189261 -0.003260 0.000165 -0.982366 -0.043992 -0.181718 0.000165 -0.982366 -0.043992 -0.181718 0.000165 -0.982366 -0.043992 -0.181718 -0.002966 -0.974346 -0.057926 -0.217451 0.086914 -0.993877 -0.061758 -0.029005 -0.065523 -0.659174 0.543931 0.515107 -0.065523 -0.659174 0.543931 0.515107 -0.065523 -0.659174 0.543931 0.515107 0.099570 -0.955764 -0.061123 -0.269937 0.099570 -0.955764 -0.061123 -0.269937 0.099570 -0.955764 -0.061123 -0.269937 0.099570 -0.955764 -0.061123 -0.269937 -0.184873 -0.937250 -0.139314 -0.260721 0.673987 -0.716348 0.109341 -0.143637 0.673983 -0.716345 0.109359 -0.143654 0.099570 -0.955764 -0.061123 -0.269937 0.099570 -0.955764 -0.061123 -0.269937 0.099570 -0.955764 -0.061123 -0.269937 0.099570 -0.955764 -0.061123 -0.269937 -0.636670 0.156811 -0.091712 0.749433 -0.416164 -0.628018 0.422880 0.503561 -0.416151 -0.628007 0.422896 0.503572
-0.001606 0.790363 0.000214 0.099394 -0.951626 -0.060608 -0.284350 0.071416 -0.982427 -0.169095 -0.033817 0.029312 -0.981651 -0.186871 -0.024124 -0.003944 -0.978888 -0.038468 -0.200704 -0.003944 -0.978888 -0.038468 -0.200704 -0.003944 -0.978888 -0.038468 -0.200704 -0.007623 -0.976334 -0.073056 -0.203414 0.076441 -0.996256 -0.040388 0.000513 -0.016445 -0.655443 0.537630 0.530168 -0.016445 -0.655443 0.537630 0.530168 -0.016445 -0.655443 0.537630 0.530168 0.099393 -0.951626 -0.060608 -0.284350 0.099393 -0.951626 -0.060608 -0.284350 0.099393 -0.951626 -0.060608 -0.284350 0.099393 -0.951626 -0.060608 -0.284350 -0.183872 -0.935582 -0.142286 -0.265768 0.663546 -0.723071 0.109524 -0.157732 0.663542 -0.723068 0.109543 -0.157749 0.099393 -0.951626 -0.060608 -0.284350 0.099393 -0.951626 -0.060608 -0.284350 0.099393 -0.951626 -0.060608 -0.284350 0.099393 -0.951626 -0.060608 -0.284350 -0.590240 0.142907 -0.084758 0.789944 -0.401825 -0.603325 0.413196 0.551185 -0.401811 -0.603314 0.413211 0.551195
-0.001602 0.791998 0.000223 0.098821 -0.947143 -0.060416 -0.299173 0.071548 -0.982588 -0.164980 -0.046720 0.028716 -0.980872 -0.189018 -0.036570 -0.011502 -0.977436 -0.039772 -0.207134 -0.011502 -0.977436 -0.039772 -0.207134 -0.011502 -0.977436 -0.039772 -0.207134 -0.004457 -0.974487 -0.060020 -0.216223 0.079299 -0.995394 -0.051699 -0.015142 -0.030007 -0.636810 0.565453 0.523293 -0.030007 -0.636810 0.565453 0.523293 -0.030007 -0.636810 0.565453 0.523293 0.098820 -0.947143 -0.060416 -0.299173 0.098820 -0.947143 -0.060416 -0.299173 0.098820 -0.947143 -0.060416 -0.299173 0.098820 -0.947143 -0.060416 -0.299173 -0.185627 -0.932420 -0.146615 -0.273202 0.672773 -0.722949 0.106478 -0.115686 0.672770 -0.722946 0.106497 -0.115703 0.098820 -0.947143 -0.060416 -0.299173 0.098820 -0.947143 -0.060416 -0.299173 0.098820 -0.947143 -0.060416 -0.299173 0.098820 -0.947143 -0.060416 -0.299173 -0.588550 0.131822 -0.094865 0.791980 -0.437595 -0.512560 0.428083 0.602111 -0.437579 -0.512549 0.428096 0.602123
-0.001611 0.793201 0.000242 0.097738 -0.941454 -0.060992 -0.316846 0.071727 -0.982576 -0.162018 -0.056119 0.026864 -0.979744 -0.193238 -0.045155 -0.013214 -0.978269 -0.038178 -0.203368 -0.013214 -0.978269 -0.038178 -0.203368 -0.013214 -0.978269 -0.038178 -0.203368 -0.009494 -0.972123 -0.066884 -0.224528 0.078614 -0.995053 -0.059725 -0.011026 -0.016692 -0.639036 0.562126 0.524755 -0.016692 -0.639036 0.562126 0.524755 -0.016692 -0.639036 0.562126 0.524755 0.097738 -0.941454 -0.060992 -0.316846 0.097738 -0.941454 -0.060992 -0.316846 0.097738 -0.941454 -0.060992 -0.316846 0.097738 -0.941454 -0.060992 -0.316846 -0.189472 -0.935035 -0.151204 -0.258742 0.683901 -0.725048 0.077120 -0.025259 0.683900 -0.725046 0.077139 -0.025276 0.097738 -0.941454 -0.060992 -0.316846 0.097738 -0.941454 -0.060992 -0.316846 0.097738 -0.941454 -0.060992 -0.316846 0.097738 -0.941454 -0.060992 -0.316846 -0.554660 0.133617 -0.093305 0.815961 -0.430565 -0.497280 0.390800 0.643896 -0.430548 -0.497270 0.390813 0.643907
-0.001626 0.790795 0.000266 0.096569 -0.936822 -0.061699 -0.330504 0.072713 -0.982920 -0.156524 -0.063882 0.029627 -0.978132 -0.199076 -0.052436 -0.010547 -0.978142 -0.048637 -0.201897 -0.010547 -0.978142 -0.048637 -0.201897 -0.010547 -0.978142 -0.048637 -0.201897 -0.011179 -0.970384 -0.065228 -0.232326 0.073739 -0.995951 -0.050049 -0.011780 0.052756 0.597324 -0.602705 -0.526467 0.052756 0.597324 -0.602705 -0.526467 0.052756 0.597324 -0.602705 -0.526467 0.096569 -0.936822 -0.061699 -0.330504 0.096569 -0.936822 -0.061699 -0.330504 0.096569 -0.936822 -0.061699 -0.330504 0.096569 -0.936822 -0.061699 -0.330504 -0.196956 -0.930794 -0.158032 -0.264306 0.680130 -0.729624 0.061740 0.035494 0.680131 -0.729623 0.061759 0.035476 0.096569 -0.936822 -0.061699 -0.330504 0.096569 -0.936822 -0.061699 -0.330504 0.096569 -0.936822 -0.061699 -0.330504 0.096569 -0.936822 -0.061699 -0.330504 -0.548426 0.139478 -0.099933 0.818406 -0.439398 -0.425596 0.403094 0.680671 -0.439380 -0.425586 0.403105 0.680682
-0.001645 0.787008 0.000294 0.095072 -0.932141 -0.062616 -0.343735 0.072541 -0.983037 -0.153030 -0.070406 0.031957 -0.977050 -0.202195 -0.058906 -0.007223 -0.978397 -0.058088 -0.198275 -0.007223 -0.978397 -0.058088 -0.198275 -0.007223 -0.978397 -0.058088 -0.198275 -0.024098 -0.970318 -0.054683 -0.234333 0.069602 -0.995885 -0.054650 0.019547 0.025250 0.551083 -0.634251 -0.541660 0.025250 0.551083 -0.634251 -0.541660 0.025250 0.551083 -0.634251 -0.541660 0.095071 -0.932141 -0.062616 -0.343735 0.095071 -0.932141 -0.062616 -0.343735 0.095071 -0.932141 -0.062616 -0.343735 0.095071 -0.932141 -0.062616 -0.343735 -0.203418 -0.930625 -0.163682 -0.256449 0.672857 -0.732642 0.035552 0.096093 0.672860 -0.732642 0.035571 0.096076 0.095071 -0.932141 -0.062616 -0.343735 0.095071 -0.932141 -0.062616 -0.343735 0.095071 -0.932141 -0.062616 -0.343735 0.095071 -0.932141 -0.062616 -0.343735 -0.525115 0.149787 -0.098731 0.831908 -0.422976 -0.389723 0.403143 0.711816 -0.422958 -0.389713 0.403153 0.711827
-0.001663 0.783471 0.000317 0.093715 -0.928829 -0.063340 -0.352821 0.073051 -0.983355 -0.148247 -0.075492 0.033979 -0.977034 -0.200344 -0.064122 -0.004422 -0.978453 -0.058477 -0.197964 -0.004422 -0.978453 -0.058477 -0.197964 -0.004422 -0.978453 -0.058477 -0.197964 -0.019264 -0.967752 -0.066206 -0.242283 0.070407 -0.993254 -0.090923 0.014903 0.003239 0.593836 -0.595994 -0.540499 0.003239 0.593836 -0.595994 -0.540499 0.003239 0.593836 -0.595994 -0.540499 0.093714 -0.928829 -0.063340 -0.352821 0.093714 -0.928829 -0.063340 -0.352821 0.093714 -0.928829 -0.063340 -0.352821 0.093714 -0.928829 -0.063340 -0.352821 -0.211220 -0.930096 -0.168748 -0.248660 0.661805 -0.737735 0.012964 0.132636 0.661809 -0.737735 0.012983 0.132619 0.093714 -0.928829 -0.063340 -0.352821 0.093714 -0.928829 -0.063340 -0.352821 0.093714 -0.928829 -0.063340 -0.352821 0.093714 -0.928829 -0.063340 -0.352821 -0.518640 0.157903 -0.102088 0.834061 -0.427749 -0.342795 0.390870 0.739421 -0.427730 -0.342785 0.390879 0.739432
-0.001677 0.780824 0.000334 0.092495 -0.926679 -0.063866 -0.358653 0.073569 -0.983424 -0.145358 -0.079604 0.034986 -0.977204 -0.197937 -0.068339 -0.003223 -0.978431 -0.054384 -0.199263 -0.003223 -0.978431 -0.054384 -0.199263 -0.003223 -0.978431 -0.054384 -0.199263 -0.020897 -0.968873 -0.081090 -0.232966 0.061767 -0.994865 -0.072156 0.034955 0.008127 -0.596756 0.581385 0.552998 0.008127 -0.596756 0.581385 0.552998 0.008127 -0.596756 0.581385 0.552998 0.092495 -0.926679 -0.063866 -0.358653 0.092495 -0.926679 -0.063866 -0.358653 0.092495 -0.926679 -0.063866 -0.358653 0.092495 -0.926679 -0.063866 -0.358653 -0.219944 -0.927846 -0.173638 -0.246122 0.650898 -0.744840 -0.001524 0.146775 0.650902 -0.744840 -0.001505 0.146759 0.092495 -0.926679 -0.063866 -0.358653 0.092495 -0.926679 -0.063866 -0.358653 0.092495 -0.926679 -0.063866 -0.358653 0.092495 -0.926679 -0.063866 -0.358653 -0.502083 0.155945 -0.099248 0.844833 -0.419881 -0.342576 0.371119 0.754064 -0.419861 -0.342567 0.371128 0.754075
-0.001688 0.779025 0.000343 0.091449 -0.925500 -0.064021 -0.361924 0.074907 -0.983461 -0.143796 -0.080720 0.034557 -0.977348 -0.196560 -0.070434 -0.003571 -0.978805 -0.048737 -0.198877 -0.003571 -0.978805 -0.048737 -0.198877 -0.003571 -0.978805 -0.048737 -0.198877 -0.016591 -0.966016 -0.074927 -0.246827 0.056393 -0.995552 -0.074706 0.010693 -0.020863 -0.625350 0.558552 0.544539 -0.020863 -0.625350 0.558552 0.544539 -0.020863 -0.625350 0.558552 0.544539 0.091448 -0.925500 -0.064021 -0.361924 0.091448 -0.925500 -0.064021 -0.361924 0.091448 -0.925500 -0.064021 -0.361924 0.091448 -0.925500 -0.064021 -0.361924 -0.226001 -0.927889 -0.176140 -0.238579 0.644652 -0.747892 -0.014627 0.157695 0.644656 -0.747893 -0.014608 0.157678 0.091448 -0.925500 -0.064021 -0.361924 0.091448 -0.925500 -0.064021 -0.361924 0.091448 -0.925500 -0.064021 -0.361924 0.091448 -0.925500 -0.064021 -0.361924 -0.496385 0.156576 -0.099489 0.848049 -0.410163 -0.303715 0.394283 0.764241 -0.410143 -0.303705 0.394291 0.764251
-0.001695 0.777864 0.000347 0.090569 -0.924889 -0.063995 -0.363706 0.075737 -0.983362 -0.143903 -0.080963 0.034996 -0.977292 -0.196437 -0.071334 -0.002893 -0.979021 -0.048314 -0.197928 -0.002893 -0.979021 -0.048314 -0.197928 -0.002893 -0.979021 -0.048314 -0.197928 -0.009676 -0.967299 -0.059048 -0.246481 0.063069 -0.993560 -0.092713 0.016277 -0.000876 -0.633892 0.548517 0.545261 -0.000876 -0.633892 0.548517 0.545261 -0.000876 -0.633892 0.548517 0.545261 0.090568 -0.924889 -0.063995 -0.363706 0.090568 -0.924889 -0.063995 -0.363706 0.090568 -0.924889 -0.063995 -0.363706 0.090568 -0.924889 -0.063995 -0.363706 -0.230724 -0.927799 -0.177758 -0.233147 0.637834 -0.752086 -0.024619 0.164098 0.637839 -0.752087 -0.024599 0.164081 0.090568 -0.924889 -0.063995 -0.363706 0.090568 -0.924889 -0.063995 -0.363706 0.090568 -0.924889 -0.063995 -0.363706 0.090568 -0.924889 -0.063995 -0.363706 -0.491070 0.152810 -0.099119 0.851865 -0.413615 -0.301050 0.374571 0.773297 -0.413595 -0.301040 0.374579 0.773308
-0.001701 0.777508 0.000349 0.089700 -0.924198 -0.063798 -0.365708 0.076165 -0.983190 -0.144169 -0.082171 0.034262 -0.977356 -0.195853 -0.072414 -0.003878 -0.979149 -0.043707 -0.198348 -0.003878 -0.979149 -0.043707 -0.198348 -0.003878 -0.979149 -0.043707 -0.198348 -0.010785 -0.971017 -0.062189 -0.230525 0.052032 -0.993231 -0.090230 0.051410 0.031595 -0.598260 0.562962 0.569351 0.031595 -0.598260 0.562962 0.569351 0.031595 -0.598260 0.562962 0.569351 0.089700 -0.924198 -0.063798 -0.365708 0.089700 -0.924198 -0.063798 -0.365708 0.089700 -0.924198 -0.063798 -0.365708 0.089700 -0.924198 -0.063798 -0.365708 -0.231401 -0.929656 -0.177586 -0.225069 0.630757 -0.749334 -0.039637 0.197672 0.630762 -0.749335 -0.039618 0.197656 0.089700 -0.924198 -0.063798 -0.365708 0.089700 -0.924198 -0.063798 -0.365708 0.089700 -0.924198 -0.063798 -0.365708 0.089700 -0.924198 -0.063798 -0.365708 -0.481711 0.149112 -0.097039 0.858081 -0.401356 -0.311846 0.383828 0.770936 -0.401336 -0.311836 0.383836 0.770946
-0.001709 0.777729 0.000349 0.088590 -0.922661 -0.063921 -0.369815 0.076099 -0.982701 -0.144818 -0.086804 0.033283 -0.976753 -0.197361 -0.076779 -0.005346 -0.978198 -0.045150 -0.202639 -0.005346 -0.978198 -0.045150 -0.202639 -0.005346 -0.978198 -0.045150 -0.202639 -0.021674 -0.964346 -0.060981 -0.256608 0.043238 -0.994290 -0.097376 0.006001 0.042625 -0.698691 0.469372 0.538242 0.042625 -0.698691 0.469372 0.538242 0.042625 -0.698691 0.469372 0.538242 0.088590 -0.922661 -0.063921 -0.369815 0.088590 -0.922661 -0.063921 -0.369815 0.088590 -0.922661 -0.063921 -0.369815 0.088590 -0.922661 -0.063921 -0.369815 -0.235906 -0.930834 -0.179557 -0.213670 0.615728 -0.749587 -0.062726 0.234655 0.615735 -0.749589 -0.062707 0.234639 0.088590 -0.922661 -0.063921 -0.369815 0.088590 -0.922661 -0.063921 -0.369815 0.088590 -0.922661 -0.063921 -0.369815 0.088590 -0.922661 -0.063921 -0.369815 -0.478832 0.147458 -0.099159 0.859735 -0.399459 -0.299749 0.387983 0.774630 -0.399439 -0.299739 0.387991 0.774640
-0.001716 0.778540 0.000348 0.087480 -0.920834 -0.063544 -0.374666 0.075807 -0.982316 -0.145094 -0.090860 0.031582 -0.976244 -0.198668 -0.080512 -0.007185 -0.977693 -0.046816 -0.204627 -0.007185 -0.977693 -0.046816 -0.204627 -0.007185 -0.977693 -0.046816 -0.204627 -0.019336 -0.961901 -0.063752 -0.265155 0.041453 -0.995520 -0.084575 -0.008264 0.043296 -0.715941 0.457938 0.525211 0.043296 -0.715941 0.457938 0.525211 0.043296 -0.715941 0.457938 0.525211 0.087480 -0.920834 -0.063544 -0.374666 0.087480 -0.920834 -0.063544 -0.374666 0.087480 -0.920834 -0.063544 -0.374666 0.087480 -0.920834 -0.063544 -0.374666 -0.240177 -0.930461 -0.181750 -0.208623 0.599675 -0.749962 -0.081003 0.267180 0.599682 -0.749964 -0.080983 0.267164 0.087480 -0.920834 -0.063544 -0.374666 0.087480 -0.920834 -0.063544 -0.374666 0.087480 -0.920834 -0.063544 -0.374666 0.087480 -0.920834 -0.063544 -0.374666 -0.467195 0.146761 -0.097655 0.866403 -0.390244 -0.301979 0.383033 0.780900 -0.390223 -0.301969 0.383041 0.780910
-0.001720 0.779468 0.000341 0.086410 -0.918982 -0.063133 -0.379500 0.074804 -0.981956 -0.144487 -0.096384 0.029316 -0.975793 -0.198036 -0.088032 -0.011145 -0.976575 -0.038350 -0.211440 -0.011145 -0.976575 -0.038350 -0.211440 -0.011145 -0.976575 -0.038350 -0.211440 -0.013141 -0.962626 -0.054494 -0.264971 0.040188 -0.995103 -0.088384 -0.018500 0.013465 -0.692414 0.493303 0.526340 0.013465 -0.692414 0.493303 0.526340 0.013465 -0.692414 0.493303 0.526340 0.086410 -0.918982 -0.063133 -0.379500 0.086410 -0.918982 -0.063133 -0.379500 0.086410 -0.918982 -0.063133 -0.379500 0.086410 -0.918982 -0.063133 -0.379500 -0.246142 -0.928748 -0.184872 -0.206551 0.582956 -0.751343 -0.097679 0.293437 0.582963 -0.751345 -0.097659 0.293422 0.086410 -0.918982 -0.063133 -0.379500 0.086410 -0.918982 -0.063133 -0.379500 0.086410 -0.918982 -0.063133 -0.379500 0.086410 -0.918982 -0.063133 -0.379500 -0.479010 0.151237 -0.106738 0.858070 -0.416625 -0.239652 0.350833 0.803683 -0.416604 -0.239643 0.350840 0.803694
-0.001718 0.780696 0.000333 0.085507 -0.917620 -0.062615 -0.383068 0.074326 -0.981491 -0.144173 -0.101813 0.030218 -0.975016 -0.199001 -0.093959 -0.011211 -0.974964 -0.036403 -0.219078 -0.011211 -0.974964 -0.036403 -0.219078 -0.011211 -0.974964 -0.036403 -0.219078 -0.019991 -0.961334 -0.062798 -0.267384 0.033922 -0.997301 -0.062595 -0.017929 0.003907 -0.694221 0.492086 0.525255 0.003907 -0.694221 0.492086 0.525255 0.003907 -0.694221 0.492086 0.525255 0.085506 -0.917620 -0.062615 -0.383068 0.085506 -0.917620 -0.062615 -0.383068 0.085506 -0.917620 -0.062615 -0.383068 0.085506 -0.917620 -0.062615 -0.383068 -0.256251 -0.924899 -0.189413 -0.207412 0.579101 -0.756422 -0.104194 0.285679 0.579108 -0.756424 -0.104174 0.285664 0.085506 -0.917620 -0.062615 -0.383068 0.085506 -0.917620 -0.062615 -0.383068 0.085506 -0.917620 -0.062615 -0.383068 0.085506 -0.917620 -0.062615 -0.383068 -0.450051 0.139460 -0.096665 0.876733 -0.378148 -0.290388 0.380758 0.792276 -0.378128 -0.290378 0.380766 0.792286
-0.001711 0.781873 0.000319 0.084833 -0.916478 -0.062321 -0.385989 0.073622 -0.981330 -0.142893 -0.105604 0.028990 -0.975441 -0.195718 -0.096790 -0.012054 -0.974335 -0.027764 -0.223059 -0.012054 -0.974335 -0.027764 -0.223059 -0.012054 -0.974335 -0.027764 -0.223059 -0.021633 -0.955751 -0.052195 -0.288701 0.040290 -0.997005 -0.050184 -0.042898 -0.026430 -0.660478 0.552953 0.507260 -0.026430 -0.660478 0.552953 0.507260 -0.026430 -0.660478 0.552953 0.507260 0.084833 -0.916478 -0.062321 -0.385989 0.084833 -0.916478 -0.062321 -0.385989 0.084833 -0.916478 -0.062321 -0.385989 0.084833 -0.916478 -0.062321 -0.385989 -0.265737 -0.919328 -0.194381 -0.215490 0.578943 -0.769510 -0.099433 0.250586 0.578950 -0.769512 -0.099413 0.250571 0.084833 -0.916478 -0.062321 -0.385989 0.084833 -0.916478 -0.062321 -0.385989 0.084833 -0.916478 -0.062321 -0.385989 0.084833 -0.916478 -0.062321 -0.385989 -0.453514 0.133851 -0.100876 0.875347 -0.391885 -0.300145 0.354345 0.794216 -0.391864 -0.300136 0.354353 0.794226
-0.001709 0.783781 0.000312 0.083810 -0.913677 -0.062697 -0.392734 0.073727 -0.980557 -0.141891 -0.113755 0.026307 -0.975425 -0.191028 -0.106595 -0.016685 -0.971884 -0.018059 -0.234171 -0.016685 -0.971884 -0.018059 -0.234171 -0.016685 -0.971884 -0.018059 -0.234171 -0.033311 -0.958030 -0.056183 -0.279128 0.029143 -0.997099 -0.065581 -0.025361 0.032096 -0.700879 0.490101 0.517242 0.032096 -0.700878 0.490102 0.517242 0.032096 -0.700878 0.490102 0.517242 0.083809 -0.913677 -0.062698 -0.392734 0.083809 -0.913677 -0.062698 -0.392734 0.083809 -0.913677 -0.062698 -0.392734 0.083809 -0.913677 -0.062698 -0.392734 -0.265706 -0.915969 -0.197834 -0.226414 0.587957 -0.776448 -0.083529 0.210850 0.587963 -0.776450 -0.083509 0.210835 0.083809 -0.913677 -0.062698 -0.392734 0.083809 -0.913677 -0.062698 -0.392734 0.083809 -0.913677 -0.062698 -0.392734 0.083809 -0.913677 -0.062698 -0.392734 -0.458705 0.131517 -0.108147 0.872122 -0.400541 -0.284657 0.353768 0.795855 -0.400520 -0.284648 0.353775 0.795866
-0.001711 0.785716 0.000309 0.082722 -0.909875 -0.063395 -0.401580 0.073743 -0.979328 -0.142764 -0.122867 0.025853 -0.974601 -0.191230 -0.113646 -0.020004 -0.970217 -0.015269 -0.240928 -0.020004 -0.970217 -0.015269 -0.240928 -0.020004 -0.970217 -0.015269 -0.240928 -0.025504 -0.957367 -0.052825 -0.282856 0.028774 -0.997662 -0.055402 -0.027818 0.009436 -0.676134 0.521332 0.520545 0.009436 -0.676134 0.521332 0.520545 0.009436 -0.676134 0.521332 0.520545 0.082722 -0.909875 -0.063396 -0.401580 0.082722 -0.909875 -0.063396 -0.401580 0.082722 -0.909875 -0.063396 -0.401580 0.082722 -0.909875 -0.063396 -0.401580 -0.261137 -0.913899 -0.200520 -0.237461 0.591229 -0.782205 -0.070416 0.183427 0.591234 -0.782207 -0.070396 0.183411 0.082722 -0.909875 -0.063396 -0.401580 0.082722 -0.909875 -0.063396 -0.401580 0.082722 -0.909875 -0.063396 -0.401580 0.082722 -0.909875 -0.063396 -0.401580 -0.440272 0.128355 -0.105150 0.882400 -0.373997 -0.297645 0.383423 0.790266 -0.373976 -0.297635 0.383431 0.790276
-0.001707 0.788677 0.000027 0.101801 -0.934706 -0.059408 -0.335310 0.092756 -0.983503 -0.148414 -0.045727 0.076987 -0.973369 -0.212410 -0.038835 0.044555 -0.984612 -0.010630 -0.168647 0.044555 -0.984612 -0.010630 -0.168647 0.044555 -0.984612 -0.010630 -0.168647 -0.041625 -0.967206 -0.032817 -0.248400 0.039954 -0.996192 -0.071245 -0.030490 -0.020909 -0.678278 0.523490 0.515229 -0.020909 -0.678278 0.523490 0.515229 -0.020909 -0.678278 0.523490 0.515229 0.101801 -0.934706 -0.059408 -0.335310 0.101801 -0.934706 -0.059408 -0.335310 0.101801 -0.934706 -0.059408 -0.335310 0.101801 -0.934706 -0.059408 -0.335310 -0.318524 -0.898270 -0.196445 -0.230353 0.770421 -0.603215 -0.007478 0.206223 0.770426 -0.603215 -0.007462 0.206203 0.101801 -0.934706 -0.059408 -0.335310 0.101801 -0.934706 -0.059408 -0.335310 0.101801 -0.934706 -0.059408 -0.335310 0.101801 -0.934706 -0.059408 -0.335310 -0.534314 0.235493 -0.088822 0.806946 0.151104 0.347355 -0.771850 -0.510647 0.151091 0.347335 -0.771859 -0.510651
-0.001746 0.791668 -0.000415 0.127597 -0.940284 0.017503 0.315084 0.154231 -0.831713 -0.101246 0.523656 0.237225 -0.829842 -0.169493 0.475772 0.366453 -0.895311 -0.032185 0.251188 0.366453 -0.895311 -0.032185 0.251188 0.366453 -0.895311 -0.032185 0.251188 -0.082211 -0.921050 -0.035076 0.379048 0.037654 -0.895167 -0.084365 0.436052 0.137234 -0.546056 0.322463 0.760926 0.137234 -0.546056 0.322463 0.760926 0.137234 -0.546056 0.322463 0.760926 0.127597 -0.940284 0.017503 0.315084 0.127597 -0.940284 0.017503 0.315084 0.127597 -0.940284 0.017503 0.315084 0.127597 -0.940284 0.017503 0.315084 -0.417760 -0.552243 0.242476 0.679492 -0.044409 -0.186792 -0.501497 0.843586 -0.044387 -0.186805 -0.501492 0.843587 0.127597 -0.940284 0.017503 0.315084 0.127597 -0.940284 0.017503 0.315084 0.127597 -0.940284 0.017503 0.315084 0.127597 -0.940284 0.017503 0.315084 0.588739 -0.644140 -0.121095 0.473082 -0.171598 -0.950031 0.145318 0.216513 -0.171592 -0.950027 0.145343 0.216518
-0.001819 0.794116 -0.000825 0.111891 -0.683851 0.080909 0.716437 0.173645 -0.549215 -0.052404 0.815760 0.331208 -0.588065 -0.065949 0.734937 0.564395 -0.685326 -0.035468 0.458834 0.564395 -0.685326 -0.035468 0.458834 0.564395 -0.685326 -0.035468 0.458834 -0.089266 -0.772969 -0.052479 0.625936 0.033004 -0.767969 -0.052854 0.637449 0.031641 -0.450688 0.118930 0.884158 0.031641 -0.450688 0.118930 0.884158 0.031641 -0.450688 0.118930 0.884158 0.111891 -0.683851 0.080909 0.716437 0.111891 -0.683851 0.080909 0.716437 0.111891 -0.683851 0.080909 0.716437 0.111891 -0.683851 0.080909 0.716437 -0.090425 -0.269411 0.276802 0.917944 -0.038504 -0.037114 -0.161426 0.985435 -0.038479 -0.037119 -0.161425 0.985436 0.111891 -0.683851 0.080909 0.716437 0.111891 -0.683851 0.080909 0.716437 0.111891 -0.683851 0.080909 0.716437 0.111891 -0.683851 0.080909 0.716437 0.398170 -0.530902 -0.238308 0.709093 -0.175021 -0.865015 0.173319 0.437124 -0.175009 -0.865011 0.173341 0.437128
-0.001912 0.792706 -0.001127 0.108854 -0.637221 0.095168 0.756996 0.183682 -0.520529 -0.071438 0.830787 0.356431 -0.584765 -0.046708 0.727204 0.587467 -0.672135 -0.085273 0.442545 0.587467 -0.672135 -0.085273 0.442545 0.587467 -0.672135 -0.085273 0.442545 -0.106726 -0.780994 -0.088533 0.608949 0.075286 -0.793957 -0.030502 0.602522 -0.046351 -0.522613 0.102086 0.845166 -0.046351 -0.522613 0.102086 0.845166 -0.046351 -0.522613 0.102086 0.845166 0.108854 -0.637221 0.095169 0.756996 0.108854 -0.637221 0.095169 0.756996 0.108854 -0.637221 0.095169 0.756996 0.108854 -0.637221 0.095169 0.756996 0.064188 -0.237996 0.123496 0.961242 0.101039 -0.123686 -0.078511 0.984037 0.101065 -0.123688 -0.078508 0.984034 0.108854 -0.637221 0.095169 0.756996 0.108854 -0.637221 0.095169 0.756996 0.108854 -0.637221 0.095169 0.756996 0.108854 -0.637221 0.095169 0.756996 0.369469 -0.604113 -0.234950 0.665837 -0.149640 -0.923036 0.022274 0.353717 -0.149631 -0.923036 0.022298 0.353721
-0.001996 0.789589 -0.001330 0.106603 -0.611839 0.110346 0.775959 0.179548 -0.507874 -0.088313 0.837871 0.387548 -0.587540 -0.012020 0.710253 0.621486 -0.656301 -0.078308 0.420584 0.621486 -0.656301 -0.078308 0.420584 0.621486 -0.656301 -0.078308 0.420584 -0.110601 -0.778902 -0.118087 0.605917 0.103074 -0.801500 -0.023706 0.588567 -0.106616 -0.556508 0.060350 0.821760 -0.106616 -0.556508 0.060350 0.821760 -0.106616 -0.556508 0.060350 0.821760 0.106603 -0.611839 0.110346 0.775959 0.106603 -0.611839 0.110346 0.775959 0.106603 -0.611839 0.110346 0.775959 0.106603 -0.611839 0.110346 0.775959 0.121409 -0.213464 0.053167 0.967919 0.137635 -0.133371 -0.032968 0.980909 0.137661 -0.133372 -0.032965 0.980905 0.106603 -0.611839 0.110346 0.775959 0.106603 -0.611839 0.110346 0.775959 0.106603 -0.611839 0.110346 0.775959 0.106603 -0.611839 0.110346 0.775959 0.354982 -0.644598 -0.222526 0.639503 -0.105336 -0.944372 -0.052377 0.307121 -0.105328 -0.944373 -0.052352 0.307124
-0.002071 0.784434 -0.001449 0.105122 -0.600276 0.121421 0.783502 0.171746 -0.485867 -0.104152 0.850640 0.398996 -0.581002 0.018618 0.709149 0.642302 -0.637474 -0.079449 0.418046 0.642302 -0.637474 -0.079449 0.418046 0.642302 -0.637474 -0.079449 0.418046 -0.137356 -0.777556 -0.113650 0.603013 0.113810 -0.808553 -0.004953 0.577291 -0.162574 -0.565779 0.044393 0.807151 -0.162574 -0.565779 0.044393 0.807151 -0.162574 -0.565779 0.044393 0.807151 0.105121 -0.600276 0.121421 0.783502 0.105121 -0.600276 0.121421 0.783502 0.105121 -0.600276 0.121421 0.783502 0.105121 -0.600276 0.121421 0.783502 0.142583 -0.201992 0.024385 0.968646 0.149952 -0.147164 -0.011242 0.977615 0.149978 -0.147164 -0.011239 0.977611 0.105121 -0.600276 0.121421 0.783502 0.105121 -0.600276 0.121421 0.783502 0.105121 -0.600276 0.121421 0.783502 0.105121 -0.600276 0.121421 0.783502 0.350845 -0.665989 -0.214213 0.622477 -0.079842 -0.952416 -0.083059 0.282187 -0.079835 -0.952419 -0.083034 0.282189
-0.002137 0.777276 -0.001515 0.106077 -0.593625 0.127770 0.787421 0.152091 -0.487202 -0.111750 0.852651 0.399297 -0.589417 0.026185 0.701758 0.646729 -0.641303 -0.069184 0.407044 0.646729 -0.641303 -0.069184 0.407044 0.646729 -0.641303 -0.069184 0.407044 -0.152923 -0.781460 -0.116820 0.593539 0.127331 -0.818205 0.006008 0.560616 -0.160648 -0.587916 0.045676 0.791493 -0.160648 -0.587916 0.045676 0.791493 -0.160648 -0.587916 0.045676 0.791493 0.106077 -0.593625 0.127771 0.787421 0.106077 -0.593625 0.127771 0.787421 0.106077 -0.593625 0.127771 0.787421 0.106077 -0.593625 0.127771 0.787421 0.160001 -0.197967 0.003181 0.967057 0.162218 -0.139183 -0.000646 0.976889 0.162243 -0.139183 -0.000643 0.976885 0.106077 -0.593625 0.127771 0.787421 0.106077 -0.593625 0.127771 0.787421 0.106077 -0.593625 0.127771 0.787421 0.106077 -0.593625 0.127771 0.787421 0.349354 -0.674244 -0.208123 0.616467 -0.065988 -0.954732 -0.091806 0.275145 -0.065981 -0.954734 -0.091781 0.275147
-0.002203 0.770228 -0.001547 0.108886 -0.587517 0.131490 0.790998 0.155699 -0.476408 -0.121684 0.856730 0.407116 -0.583604 0.033801 0.701798 0.654458 -0.632464 -0.068439 0.408644 0.654458 -0.632464 -0.068439 0.408644 0.654458 -0.632464 -0.068439 0.408644 -0.154414 -0.768537 -0.129909 0.607150 0.136247 -0.809998 0.003936 0.570372 -0.186949 -0.571260 0.032195 0.798546 -0.186949 -0.571260 0.032195 0.798546 -0.186949 -0.571260 0.032195 0.798546 0.108886 -0.587517 0.131490 0.790998 0.108886 -0.587517 0.131490 0.790998 0.108886 -0.587517 0.131490 0.790998 0.108886 -0.587517 0.131490 0.790998 0.174095 -0.193917 -0.012077 0.965371 0.172018 -0.133200 0.011568 0.975978 0.172043 -0.133199 0.011571 0.975974 0.108886 -0.587517 0.131490 0.790998 0.108886 -0.587517 0.131490 0.790998 0.108886 -0.587517 0.131490 0.790998 0.108886 -0.587517 0.131490 0.790998 0.348359 -0.676009 -0.203426 0.616664 -0.057693 -0.955633 -0.094235 0.273051 -0.057685 -0.955635 -0.094211 0.273053
-0.002266 0.764559 -0.001554 0.112005 -0.579228 0.133842 0.796264 0.162085 -0.474746 -0.128351 0.855494 0.413762 -0.587326 0.022047 0.695243 0.652252 -0.636789 -0.069910 0.405192 0.652252 -0.636789 -0.069910 0.405192 0.652252 -0.636789 -0.069910 0.405192 -0.168426 -0.761820 -0.124381 0.613020 0.137939 -0.811634 0.019845 0.567300 -0.203887 -0.579446 0.034896 0.788324 -0.203887 -0.579446 0.034896 0.788324 -0.203887 -0.579446 0.034896 0.788324 0.112005 -0.579228 0.133842 0.796264 0.112005 -0.579228 0.133842 0.796264 0.112005 -0.579228 0.133842 0.796264 0.112005 -0.579228 0.133842 0.796264 0.187203 -0.192817 -0.026610 0.962844 0.183298 -0.127222 0.013451 0.974698 0.183323 -0.127222 0.013454 0.974693 0.112005 -0.579228 0.133842 0.796264 0.112005 -0.579228 0.133842 0.796264 0.112005 -0.579228 0.133842 0.796264 0.112005 -0.579228 0.133842 0.796264 0.346016 -0.674923 -0.199754 0.620364 -0.056299 -0.956494 -0.092440 0.270934 -0.056292 -0.956496 -0.092416 0.270935
-0.002319 0.760479 -0.001549 0.114930 -0.569417 0.134100 0.802853 0.170995 -0.470118 -0.137050 0.854966 0.408582 -0.591342 0.016946 0.695046 0.644818 -0.642632 -0.070661 0.407726 0.644818 -0.642632 -0.070661 0.407726 0.644818 -0.642632 -0.070661 0.407726 -0.175713 -0.751534 -0.113366 0.625675 0.142735 -0.801375 0.030419 0.580086 -0.208073 -0.570249 0.047569 0.793259 -0.208073 -0.570249 0.047569 0.793259 -0.208073 -0.570249 0.047569 0.793259 0.114930 -0.569417 0.134100 0.802853 0.114930 -0.569417 0.134100 0.802853 0.114930 -0.569417 0.134100 0.802853 0.114930 -0.569417 0.134100 0.802853 0.199073 -0.192324 -0.041622 0.960025 0.193763 -0.124594 0.012992 0.973018 0.193788 -0.124593 0.012995 0.973013 0.114930 -0.569417 0.134100 0.802853 0.114930 -0.569417 0.134100 0.802853 0.114930 -0.569417 0.134100 0.802853 0.114930 -0.569417 0.134100 0.802853 0.343473 -0.672974 -0.199877 0.623844 -0.056930 -0.956228 -0.092562 0.271699 -0.056923 -0.956230 -0.092537 0.271700
-0.002353 0.757812 -0.001532 0.115843 -0.558431 0.134497 0.810337 0.180932 -0.456449 -0.140045 0.859829 0.409777 -0.576851 0.018971 0.706376 0.635679 -0.629924 -0.079219 0.439126 0.635679 -0.629924 -0.079219 0.439126 0.635679 -0.629924 -0.079219 0.439126 -0.184938 -0.742821 -0.102542 0.635217 0.145716 -0.792647 0.040324 0.590637 -0.206177 -0.564265 0.061342 0.797078 -0.206177 -0.564265 0.061342 0.797078 -0.206177 -0.564265 0.061342 0.797078 0.115843 -0.558431 0.134497 0.810337 0.115843 -0.558431 0.134497 0.810337 0.115843 -0.558431 0.134497 0.810337 0.115843 -0.558431 0.134497 0.810337 0.204128 -0.192642 -0.050988 0.958447 0.199243 -0.123097 0.006264 0.972168 0.199268 -0.123096 0.006267 0.972163 0.115843 -0.558431 0.134497 0.810337 0.115843 -0.558431 0.134497 0.810337 0.115843 -0.558431 0.134497 0.810337 0.115843 -0.558431 0.134497 0.810337 0.341294 -0.671381 -0.203798 0.625485 -0.062896 -0.956209 -0.094528 0.269763 -0.062889 -0.956212 -0.094503 0.269765
-0.002363 0.756237 -0.001515 0.115159 -0.550087 0.134373 0.816141 0.185658 -0.447941 -0.141761 0.863009 0.401066 -0.568963 0.024228 0.717524 0.618841 -0.622737 -0.091517 0.469956 0.618841 -0.622737 -0.091517 0.469956 0.618841 -0.622737 -0.091517 0.469956 -0.186317 -0.736573 -0.098933 0.642619 0.144345 -0.787464 0.044954 0.597532 -0.211960 -0.557409 0.066851 0.799937 -0.211960 -0.557409 0.066851 0.799937 -0.211960 -0.557409 0.066851 0.799937 0.115159 -0.550087 0.134373 0.816141 0.115159 -0.550087 0.134373 0.816141 0.115159 -0.550087 0.134373 0.816141 0.115159 -0.550087 0.134373 0.816141 0.205138 -0.195471 -0.056185 0.957368 0.200865 -0.125286 -0.000172 0.971574 0.200890 -0.125286 -0.000169 0.971569 0.115159 -0.550087 0.134373 0.816141 0.115159 -0.550087 0.134373 0.816141 0.115159 -0.550087 0.134373 0.816141 0.115159 -0.550087 0.134373 0.816141 0.338404 -0.670061 -0.207053 0.627399 -0.067506 -0.956046 -0.096621 0.268485 -0.067499 -0.956048 -0.096596 0.268487
-0.002366 0.756240 -0.001497 0.114162 -0.542474 0.134784 0.821293 0.187255 -0.442869 -0.140343 0.865510 0.382797 -0.562069 0.042006 0.731970 0.589596 -0.613608 -0.091219 0.517243 0.589596 -0.613608 -0.091219 0.517243 0.589596 -0.613608 -0.091219 0.517243 -0.187273 -0.734110 -0.093708 0.645933 0.142856 -0.784170 0.049612 0.601837 -0.210832 -0.554558 0.073948 0.801590 -0.210832 -0.554558 0.073948 0.801590 -0.210832 -0.554558 0.073948 0.801590 0.114162 -0.542474 0.134784 0.821293 0.114162 -0.542474 0.134784 0.821293 0.114162 -0.542474 0.134784 0.821293 0.114162 -0.542474 0.134784 0.821293 0.204306 -0.195927 -0.059180 0.957272 0.201014 -0.125170 -0.006848 0.971534 0.201039 -0.125170 -0.006844 0.971529 0.114162 -0.542474 0.134784 0.821293 0.114162 -0.542474 0.134784 0.821293 0.114162 -0.542474 0.134784 0.821293 0.114162 -0.542474 0.134784 0.821293 0.335969 -0.666965 -0.210148 0.630968 -0.071888 -0.955821 -0.098408 0.267496 -0.071881 -0.955823 -0.098383 0.267498
-0.002372 0.756900 -0.001477 0.112735 -0.534098 0.136365 0.826701 0.183644 -0.440854 -0.143183 0.866846 0.361761 -0.560066 0.057482 0.743069 0.550859 -0.613511 -0.109294 0.555169 0.550859 -0.613511 -0.109294 0.555169 0.550859 -0.613511 -0.109294 0.555169 -0.188708 -0.729203 -0.091333 0.651391 0.142207 -0.779423 0.057218 0.607457 -0.206619 -0.549965 0.086461 0.804594 -0.206619 -0.549965 0.086461 0.804594 -0.206619 -0.549965 0.086461 0.804594 0.112735 -0.534099 0.136365 0.826701 0.112735 -0.534099 0.136365 0.826701 0.112735 -0.534099 0.136365 0.826701 0.112735 -0.534099 0.136365 0.826701 0.201630 -0.192638 -0.060610 0.958417 0.199668 -0.121278 -0.013935 0.972230 0.199693 -0.121278 -0.013931 0.972224 0.112735 -0.534099 0.136365 0.826701 0.112735 -0.534099 0.136365 0.826701 0.112735 -0.534099 0.136365 0.826701 0.112735 -0.534099 0.136365 0.826701 0.334381 -0.662742 -0.214361 0.634832 -0.077111 -0.955945 -0.102018 0.264227 -0.077105 -0.955947 -0.101994 0.264229
-0.002385 0.757639 -0.001455 0.111102 -0.526012 0.137861 0.831843 0.178591 -0.428882 -0.141163 0.874207 0.348647 -0.547794 0.069810 0.757294 0.521237 -0.602267 -0.133939 0.589616 0.521237 -0.602267 -0.133939 0.589616 0.521237 -0.602267 -0.133939 0.589616 -0.191942 -0.724491 -0.089083 0.656000 0.139093 -0.777399 0.063469 0.610143 -0.218789 -0.545518 0.089304 0.804093 -0.218789 -0.545518 0.089304 0.804093 -0.218789 -0.545518 0.089304 0.804093 0.111102 -0.526012 0.137861 0.831843 0.111102 -0.526012 0.137861 0.831843 0.111102 -0.526012 0.137861 0.831843 0.111102 -0.526012 0.137861 0.831843 0.198089 -0.188651 -0.061069 0.959918 0.197474 -0.116159 -0.020543 0.973185 0.197500 -0.116160 -0.020540 0.973180 0.111102 -0.526012 0.137861 0.831843 0.111102 -0.526012 0.137861 0.831843 0.111102 -0.526012 0.137861 0.831843 0.111102 -0.526012 0.137861 0.831843 0.333560 -0.656224 -0.220338 0.639968 -0.079018 -0.955526 -0.110783 0.261635 -0.079011 -0.955529 -0.110758 0.261637
-0.002402 0.756849 -0.001432 0.109767 -0.518788 0.139393 0.836289 0.178922 -0.425153 -0.139853 0.876169 0.336767 -0.540201 0.079667 0.767088 0.497623 -0.595179 -0.157490 0.611008 0.497623 -0.595179 -0.157490 0.611008 0.497623 -0.595179 -0.157490 0.611008 -0.194832 -0.721686 -0.084181 0.658881 0.138177 -0.775597 0.072271 0.611665 -0.225999 -0.546316 0.094007 0.801015 -0.225999 -0.546316 0.094007 0.801015 -0.225999 -0.546316 0.094007 0.801015 0.109766 -0.518788 0.139394 0.836289 0.109766 -0.518788 0.139394 0.836289 0.109766 -0.518788 0.139394 0.836289 0.109766 -0.518788 0.139394 0.836289 0.195405 -0.184577 -0.062027 0.961198 0.196298 -0.103764 -0.025212 0.974713 0.196323 -0.103764 -0.025210 0.974707 0.109766 -0.518788 0.139394 0.836289 0.109766 -0.518788 0.139394 0.836289 0.109766 -0.518788 0.139394 0.836289 0.109766 -0.518788 0.139394 0.836289 0.333527 -0.649153 -0.226771 0.644930 -0.082256 -0.955554 -0.120450 0.256207 -0.082249 -0.955557 -0.120425 0.256209
-0.002425 0.755196 -0.001409 0.108984 -0.511543 0.141661 0.840463 0.176919 -0.433019 -0.140709 0.872579 0.332362 -0.554132 0.079427 0.759055 0.501253 -0.609785 -0.166506 0.590918 0.501253 -0.609785 -0.166506 0.590918 0.501253 -0.609785 -0.166506 0.590918 -0.202962 -0.717850 -0.081937 0.660896 0.139336 -0.771389 0.080952 0.615622 -0.235640 -0.541776 0.100836 0.800491 -0.235640 -0.541776 0.100836 0.800491 -0.235640 -0.541776 0.100836 0.800491 0.108984 -0.511543 0.141662 0.840463 0.108984 -0.511543 0.141662 0.840463 0.108984 -0.511543 0.141662 0.840463 0.108984 -0.511543 0.141662 0.840463 0.194020 -0.178011 -0.064406 0.962559 0.195828 -0.085055 -0.025227 0.976617 0.195854 -0.085055 -0.025225 0.976612 0.108984 -0.511543 0.141662 0.840463 0.108984 -0.511543 0.141662 0.840463 0.108984 -0.511543 0.141662 0.840463 0.108984 -0.511543 0.141662 0.840463 0.335222 -0.641261 -0.234911 0.649021 -0.084493 -0.954704 -0.131992 0.252940 -0.084486 -0.954708 -0.131968 0.252942
-0.002452 0.752591 -0.001388 0.108574 -0.502566 0.145053 0.845339 0.171532 -0.425189 -0.140492 0.877527 0.329603 -0.549647 0.082924 0.763134 0.472014 -0.610076 -0.199868 0.604204 0.472014 -0.610076 -0.199868 0.604204 0.472014 -0.610076 -0.199868 0.604204 -0.211526 -0.710508 -0.083160 0.665973 0.144758 -0.764075 0.091566 0.621973 -0.226679 -0.539040 0.117706 0.802619 -0.226679 -0.539040 0.117706 0.802619 -0.226679 -0.539040 0.117706 0.802619 0.108574 -0.502567 0.145054 0.845339 0.108574 -0.502567 0.145054 0.845339 0.108574 -0.502567 0.145054 0.845339 0.108574 -0.502567 0.145053 0.845339 0.192690 -0.164838 -0.068076 0.964917 0.197434 -0.059405 -0.037239 0.977806 0.197459 -0.059406 -0.037238 0.977801 0.108574 -0.502567 0.145054 0.845339 0.108574 -0.502567 0.145054 0.845339 0.108574 -0.502567 0.145054 0.845339 0.108574 -0.502567 0.145053 0.845339 0.337859 -0.632337 -0.244764 0.652758 -0.085799 -0.952528 -0.144488 0.253872 -0.085793 -0.952532 -0.144463 0.253875
-0.002483 0.749197 -0.001371 0.109369 -0.494793 0.147972 0.849307 0.163151 -0.427390 -0.141052 0.877966 0.321691 -0.543905 0.090787 0.769701 0.471648 -0.592429 -0.199622 0.621874 0.471648 -0.592429 -0.199622 0.621874 0.471648 -0.592429 -0.199622 0.621874 -0.205943 -0.701360 -0.087152 0.676821 0.149694 -0.756559 0.102909 0.628188 -0.269145 -0.525923 0.112925 0.798883 -0.269145 -0.525923 0.112925 0.798883 -0.269145 -0.525923 0.112925 0.798883 0.109369 -0.494793 0.147972 0.849307 0.109369 -0.494793 0.147972 0.849307 0.109369 -0.494793 0.147972 0.849307 0.109369 -0.494793 0.147972 0.849307 0.191531 -0.154608 -0.068827 0.966786 0.197759 -0.046422 -0.045606 0.978088 0.197784 -0.046423 -0.045605 0.978083 0.109369 -0.494793 0.147972 0.849307 0.109369 -0.494793 0.147972 0.849307 0.109369 -0.494793 0.147972 0.849307 0.109369 -0.494793 0.147972 0.849307 0.340342 -0.624931 -0.252366 0.655699 -0.090289 -0.951281 -0.151782 0.252733 -0.090283 -0.951285 -0.151758 0.252735
-0.002513 0.746068 -0.001359 0.110175 -0.487657 0.150802 0.852825 0.149548 -0.422595 -0.146939 0.881736 0.317700 -0.544878 0.100692 0.769439 0.463054 -0.595726 -0.213690 0.620506 0.463054 -0.595726 -0.213690 0.620506 0.463054 -0.595726 -0.213690 0.620506 -0.209913 -0.699152 -0.089208 0.677617 0.147555 -0.757860 0.102201 0.627241 -0.267313 -0.530190 0.110666 0.796991 -0.267313 -0.530190 0.110666 0.796991 -0.267313 -0.530190 0.110666 0.796991 0.110175 -0.487657 0.150802 0.852825 0.110175 -0.487657 0.150802 0.852825 0.110175 -0.487657 0.150802 0.852825 0.110175 -0.487657 0.150802 0.852825 0.190463 -0.143773 -0.069793 0.968598 0.196743 -0.037039 -0.047002 0.978627 0.196768 -0.037040 -0.047001 0.978622 0.110175 -0.487657 0.150802 0.852825 0.110175 -0.487657 0.150802 0.852825 0.110175 -0.487657 0.150802 0.852825 0.110175 -0.487657 0.150802 0.852825 0.342018 -0.616444 -0.258265 0.660545 -0.090265 -0.948649 -0.156734 0.259523 -0.090258 -0.948653 -0.156709 0.259525
-0.002554 0.743645 -0.001340 0.111088 -0.478414 0.154623 0.857246 0.143820 -0.408480 -0.149843 0.888824 0.324486 -0.533083 0.102997 0.774547 0.463002 -0.583837 -0.224858 0.627855 0.463002 -0.583837 -0.224858 0.627855 0.463002 -0.583837 -0.224858 0.627855 -0.212649 -0.693431 -0.087849 0.682801 0.130216 -0.742802 0.114856 0.646605 -0.324346 -0.509783 0.104805 0.789896 -0.324346 -0.509783 0.104805 0.789896 -0.324346 -0.509783 0.104805 0.789896 0.111088 -0.478414 0.154623 0.857246 0.111088 -0.478414 0.154623 0.857246 0.111088 -0.478414 0.154623 0.857246 0.111088 -0.478414 0.154623 0.857246 0.187084 -0.130329 -0.067566 0.971313 0.192948 -0.027803 -0.046028 0.979734 0.192974 -0.027804 -0.046027 0.979729 0.111088 -0.478414 0.154623 0.857246 0.111088 -0.478414 0.154623 0.857246 0.111088 -0.478414 0.154623 0.857246 0.111088 -0.478414 0.154623 0.857246 0.342929 -0.608379 -0.263312 0.665539 -0.091297 -0.946359 -0.160126 0.265386 -0.091290 -0.946363 -0.160102 0.265388
-0.002610 0.741973 -0.001316 0.111790 -0.467840 0.158659 0.862239 0.146156 -0.393951 -0.152008 0.894614 0.337411 -0.525277 0.098842 0.774899 0.477737 -0.576569 -0.226574 0.622897 0.477737 -0.576569 -0.226574 0.622897 0.477737 -0.576569 -0.226574 0.622897 -0.212287 -0.683950 -0.094663 0.691509 0.144790 -0.741808 0.112548 0.645051 -0.286352 -0.528190 0.111986 0.791503 -0.286352 -0.528190 0.111987 0.791503 -0.286352 -0.528190 0.111987 0.791503 0.111790 -0.467840 0.158659 0.862239 0.111790 -0.467840 0.158659 0.862239 0.111790 -0.467840 0.158659 0.862239 0.111790 -0.467840 0.158659 0.862239 0.182014 -0.116701 -0.063069 0.974307 0.187226 -0.019020 -0.043058 0.981188 0.187252 -0.019022 -0.043057 0.981184 0.111790 -0.467840 0.158659 0.862239 0.111790 -0.467840 0.158659 0.862239 0.111790 -0.467840 0.158659 0.862239 0.111790 -0.467840 0.158659 0.862239 0.343305 -0.599974 -0.268989 0.670685 -0.089537 -0.942983 -0.165631 0.274468 -0.089530 -0.942987 -0.165607 0.274470
-0.002673 0.740963 -0.001292 0.112253 -0.456157 0.162651 0.867678 0.151345 -0.389464 -0.155828 0.895059 0.353462 -0.531913 0.084731 0.764823 0.491867 -0.583135 -0.240488 0.600154 0.491867 -0.583135 -0.240488 0.600154 0.491867 -0.583135 -0.240488 0.600154 -0.222888 -0.677783 -0.085191 0.695466 0.142871 -0.734183 0.121585 0.652518 -0.267449 -0.524369 0.133563 0.797289 -0.267449 -0.524369 0.133563 0.797289 -0.267449 -0.524369 0.133563 0.797289 0.112253 -0.456157 0.162651 0.867678 0.112253 -0.456157 0.162651 0.867678 0.112253 -0.456157 0.162651 0.867678 0.112253 -0.456157 0.162651 0.867678 0.179428 -0.103135 -0.064287 0.976236 0.184164 -0.011515 -0.042106 0.981926 0.184189 -0.011516 -0.042106 0.981921 0.112253 -0.456157 0.162651 0.867678 0.112253 -0.456157 0.162651 0.867678 0.112253 -0.456157 0.162651 0.867678 0.112253 -0.456157 0.162651 0.867678 0.342586 -0.591453 -0.274292 0.676448 -0.087687 -0.939308 -0.170554 0.284468 -0.087680 -0.939313 -0.170529 0.284470
-0.002735 0.740369 -0.001270 0.112798 -0.445222 0.167015 0.872445 0.155283 -0.379991 -0.153748 0.898808 0.359786 -0.520531 0.076596 0.770542 0.492725 -0.571312 -0.251850 0.606132 0.492725 -0.571312 -0.251850 0.606132 0.492725 -0.571312 -0.251850 0.606132 -0.227824 -0.670100 -0.088511 0.700877 0.143365 -0.731312 0.122389 0.655477 -0.249675 -0.525154 0.142784 0.800930 -0.249675 -0.525154 0.142784 0.800930 -0.249675 -0.525154 0.142784 0.800930 0.112798 -0.445222 0.167015 0.872445 0.112798 -0.445222 0.167015 0.872445 0.112798 -0.445222 0.167015 0.872445 0.112798 -0.445222 0.167015 0.872445 0.175156 -0.092082 -0.060824 0.978336 0.179462 -0.000707 -0.037235 0.983060 0.179488 -0.000708 -0.037235 0.983055 0.112798 -0.445222 0.167015 0.872445 0.112798 -0.445222 0.167015 0.872445 0.112798 -0.445222 0.167015 0.872445 0.112798 -0.445222 0.167015 0.872445 0.341959 -0.582434 -0.278618 0.682794 -0.085591 -0.934811 -0.171209 0.299149 -0.085583 -0.934815 -0.171185 0.299152
-0.002783 0.740006 -0.001255 0.110224 -0.432489 0.173474 0.877901 0.170152 -0.364894 -0.154192 0.902289 0.387489 -0.528913 0.051085 0.753321 0.529581 -0.580432 -0.261084 0.560783 0.529581 -0.580432 -0.261084 0.560783 0.529581 -0.580432 -0.261084 0.560783 -0.241559 -0.666004 -0.081613 0.701019 0.135594 -0.727744 0.130552 0.659515 -0.250901 -0.525255 0.149811 0.799195 -0.250901 -0.525255 0.149811 0.799195 -0.250901 -0.525255 0.149811 0.799195 0.110224 -0.432489 0.173474 0.877901 0.110224 -0.432489 0.173474 0.877901 0.110224 -0.432489 0.173474 0.877901 0.110223 -0.432489 0.173474 0.877901 0.169229 -0.085364 -0.059495 0.980069 0.173291 0.001480 -0.037509 0.984155 0.173317 0.001479 -0.037509 0.984151 0.110224 -0.432489 0.173474 0.877901 0.110224 -0.432489 0.173474 0.877901 0.110224 -0.432489 0.173474 0.877901 0.110224 -0.432489 0.173474 0.877901 0.339174 -0.572773 -0.282728 0.690621 -0.078185 -0.928880 -0.177331 0.315631 -0.078177 -0.928885 -0.177307 0.315633
-0.002817 0.739741 -0.001252 0.106586 -0.417141 0.181287 0.884176 0.180303 -0.338725 -0.152775 0.910723 0.405753 -0.511553 0.030684 0.756793 0.559438 -0.570855 -0.262340 0.540677 0.559438 -0.570855 -0.262340 0.540677 0.559438 -0.570855 -0.262340 0.540677 -0.250746 -0.658704 -0.079876 0.704880 0.134372 -0.724154 0.134749 0.662863 -0.231500 -0.529497 0.160010 0.800273 -0.231500 -0.529497 0.160010 0.800273 -0.231500 -0.529497 0.160010 0.800273 0.106586 -0.417141 0.181287 0.884176 0.106586 -0.417141 0.181287 0.884176 0.106586 -0.417141 0.181287 0.884176 0.106586 -0.417141 0.181287 0.884176 0.162413 -0.080302 -0.058512 0.981708 0.166090 0.002058 -0.035881 0.985455 0.166116 0.002057 -0.035881 0.985451 0.106586 -0.417141 0.181287 0.884176 0.106586 -0.417141 0.181287 0.884176 0.106586 -0.417141 0.181287 0.884176 0.106586 -0.417141 0.181287 0.884176 0.335359 -0.562160 -0.287909 0.699013 -0.069397 -0.921484 -0.186730 0.333441 -0.069388 -0.921489 -0.186706 0.333443
-0.002839 0.736070 -0.001256 0.103111 -0.406874 0.188108 0.887940 0.188449 -0.335018 -0.152257 0.910531 0.409716 -0.502261 0.009728 0.761428 0.561900 -0.568592 -0.254014 0.544471 0.561900 -0.568592 -0.254014 0.544471 0.561900 -0.568592 -0.254014 0.544471 -0.263160 -0.655989 -0.077155 0.703187 0.125707 -0.724054 0.137452 0.664117 -0.231855 -0.531228 0.162680 0.798483 -0.231855 -0.531228 0.162680 0.798483 -0.231855 -0.531228 0.162680 0.798483 0.103111 -0.406874 0.188109 0.887940 0.103111 -0.406874 0.188109 0.887940 0.103111 -0.406874 0.188109 0.887940 0.103111 -0.406874 0.188109 0.887940 0.155783 -0.084624 -0.051786 0.982796 0.158690 -0.006816 -0.030496 0.986834 0.158715 -0.006817 -0.030495 0.986830 0.103111 -0.406874 0.188109 0.887940 0.103111 -0.406874 0.188109 0.887940 0.103111 -0.406874 0.188109 0.887940 0.103111 -0.406874 0.188109 0.887940 0.333381 -0.552187 -0.293455 0.705571 -0.061746 -0.914127 -0.195855 0.349572 -0.061737 -0.914132 -0.195831 0.349574
-0.002851 0.731407 -0.001263 0.099270 -0.398720 0.194418 0.890713 0.189903 -0.325944 -0.155100 0.913040 0.407334 -0.494511 -0.013280 0.767699 0.558796 -0.567912 -0.276290 0.537482 0.558796 -0.567912 -0.276290 0.537482 0.558796 -0.567912 -0.276290 0.537482 -0.273947 -0.653657 -0.076474 0.701312 0.118198 -0.723483 0.137515 0.666102 -0.229742 -0.530949 0.163718 0.799067 -0.229742 -0.530949 0.163718 0.799067 -0.229742 -0.530949 0.163718 0.799067 0.099269 -0.398720 0.194419 0.890713 0.099269 -0.398720 0.194419 0.890713 0.099269 -0.398720 0.194419 0.890713 0.099269 -0.398720 0.194418 0.890713 0.149908 -0.093218 -0.044622 0.983284 0.151062 -0.022270 -0.014988 0.988160 0.151087 -0.022270 -0.014987 0.988156 0.099269 -0.398720 0.194419 0.890713 0.099269 -0.398720 0.194419 0.890713 0.099269 -0.398720 0.194419 0.890713 0.099269 -0.398720 0.194418 0.890713 0.331683 -0.542437 -0.299332 0.711441 -0.054510 -0.906818 -0.206808 0.363235 -0.054500 -0.906824 -0.206784 0.363237
-0.002857 0.725639 -0.001276 0.096921 -0.394277 0.199319 0.891865 0.188099 -0.306475 -0.152813 0.920511 0.401210 -0.474168 -0.021859 0.783401 0.551546 -0.557021 -0.279919 0.554230 0.551546 -0.557021 -0.279919 0.554230 0.551546 -0.557021 -0.279919 0.554230 -0.281422 -0.652305 -0.078230 0.699414 0.113242 -0.724497 0.134610 0.666454 -0.226641 -0.532822 0.160941 0.799270 -0.226641 -0.532822 0.160942 0.799270 -0.226641 -0.532822 0.160942 0.799270 0.096920 -0.394277 0.199319 0.891865 0.096920 -0.394277 0.199319 0.891865 0.096920 -0.394277 0.199319 0.891865 0.096920 -0.394277 0.199319 0.891865 0.147698 -0.101438 -0.041189 0.982954 0.147169 -0.035383 -0.001192 0.988478 0.147194 -0.035383 -0.001191 0.988474 0.096920 -0.394277 0.199319 0.891865 0.096920 -0.394277 0.199319 0.891865 0.096920 -0.394277 0.199319 0.891865 0.096920 -0.394277 0.199319 0.891865 0.330809 -0.535169 -0.301663 0.716351 -0.043949 -0.900733 -0.218393 0.372898 -0.043939 -0.900739 -0.218370 0.372899
-0.002863 0.719745 -0.001290 0.098528 -0.392783 0.201842 0.891781 0.181282 -0.314634 -0.154929 0.918770 0.384227 -0.480482 -0.038526 0.787415 0.543735 -0.573859 -0.276419 0.546471 0.543735 -0.573859 -0.276419 0.546471 0.543735 -0.573859 -0.276419 0.546471 -0.285427 -0.651714 -0.080442 0.698089 0.111836 -0.727291 0.131359 0.664293 -0.223061 -0.538190 0.156712 0.797519 -0.223061 -0.538190 0.156712 0.797519 -0.223061 -0.538190 0.156712 0.797519 0.098528 -0.392783 0.201842 0.891781 0.098528 -0.392783 0.201842 0.891781 0.098528 -0.392783 0.201842 0.891781 0.098528 -0.392783 0.201842 0.891781 0.149579 -0.109036 -0.037242 0.982013 0.148028 -0.044398 0.006966 0.987962 0.148053 -0.044398 0.006967 0.987958 0.098528 -0.392783 0.201842 0.891781 0.098528 -0.392783 0.201842 0.891781 0.098528 -0.392783 0.201842 0.891781 0.098528 -0.392783 0.201842 0.891781 0.331359 -0.529144 -0.299424 0.721493 -0.033290 -0.895968 -0.221427 0.383540 -0.033280 -0.895974 -0.221403 0.383541
-0.002872 0.714855 -0.001306 0.101944 -0.386473 0.203293 0.893822 0.174535 -0.333495 -0.163864 0.911848 0.365335 -0.495180 -0.062140 0.785790 0.526011 -0.596468 -0.288589 0.533156 0.526011 -0.596468 -0.288589 0.533156 0.526011 -0.596468 -0.288589 0.533156 -0.287667 -0.649004 -0.083116 0.699380 0.114161 -0.730928 0.126399 0.660859 -0.213800 -0.548410 0.149462 0.794479 -0.213800 -0.548410 0.149462 0.794479 -0.213800 -0.548410 0.149462 0.794479 0.101944 -0.386473 0.203293 0.893822 0.101944 -0.386473 0.203293 0.893822 0.101944 -0.386473 0.203293 0.893822 0.101944 -0.386473 0.203293 0.893822 0.152233 -0.113355 -0.033618 0.981247 0.149311 -0.049062 0.018990 0.987390 0.149337 -0.049062 0.018991 0.987386 0.101944 -0.386473 0.203293 0.893822 0.101944 -0.386473 0.203293 0.893822 0.101944 -0.386473 0.203293 0.893822 0.101944 -0.386473 0.203293 0.893822 0.329480 -0.522056 -0.295027 0.729287 -0.025306 -0.892748 -0.222368 0.391042 -0.025296 -0.892753 -0.222345 0.391042
-0.002890 0.711259 -0.001325 0.108967 -0.375812 0.202790 0.897646 0.173206 -0.321781 -0.166121 0.915893 0.358267 -0.486271 -0.063784 0.794428 0.524975 -0.602188 -0.274873 0.534991 0.524975 -0.602188 -0.274873 0.534991 0.524975 -0.602188 -0.274873 0.534991 -0.290733 -0.642435 -0.084519 0.703994 0.114796 -0.730189 0.122712 0.662259 -0.213400 -0.550887 0.143137 0.794037 -0.213400 -0.550887 0.143137 0.794037 -0.213400 -0.550887 0.143137 0.794037 0.108967 -0.375812 0.202790 0.897646 0.108967 -0.375812 0.202790 0.897646 0.108967 -0.375812 0.202790 0.897646 0.108967 -0.375812 0.202790 0.897646 0.157156 -0.111988 -0.030584 0.980727 0.153638 -0.044608 0.027081 0.986748 0.153663 -0.044608 0.027082 0.986744 0.108967 -0.375812 0.202790 0.897646 0.108967 -0.375812 0.202790 0.897646 0.108967 -0.375812 0.202790 0.897646 0.108967 -0.375812 0.202790 0.897646 0.326800 -0.513731 -0.289184 0.738684 -0.016369 -0.889214 -0.223176 0.399028 -0.016359 -0.889220 -0.223153 0.399028
-0.002911 0.708851 -0.001342 0.117850 -0.366734 0.201279 0.900613 0.175205 -0.315399 -0.167115 0.917551 0.360010 -0.474612 -0.076073 0.799593 0.521819 -0.593452 -0.285042 0.542467 0.521819 -0.593452 -0.285042 0.542467 0.521819 -0.593452 -0.285042 0.542467 -0.293196 -0.636143 -0.083945 0.708739 0.118917 -0.725693 0.121633 0.666659 -0.204817 -0.549579 0.144870 0.796885 -0.204817 -0.549579 0.144870 0.796885 -0.204817 -0.549579 0.144870 0.796885 0.117850 -0.366734 0.201279 0.900613 0.117850 -0.366734 0.201279 0.900613 0.117850 -0.366734 0.201279 0.900613 0.117850 -0.366734 0.201279 0.900613 0.164924 -0.114964 -0.027250 0.979204 0.160750 -0.041881 0.034652 0.985497 0.160776 -0.041880 0.034653 0.985493 0.117850 -0.366734 0.201279 0.900613 0.117850 -0.366734 0.201279 0.900613 0.117850 -0.366734 0.201279 0.900613 0.117850 -0.366734 0.201279 0.900613 0.325186 -0.507382 -0.279967 0.747286 -0.009422 -0.889003 -0.219005 0.402021 -0.009412 -0.889009 -0.218982 0.402021
-0.002930 0.707955 -0.001357 0.126836 -0.363861 0.199359 0.900985 0.175770 -0.326416 -0.178841 0.911358 0.350623 -0.495805 -0.092877 0.789060 0.517162 -0.617205 -0.301307 0.510700 0.517162 -0.617205 -0.301307 0.510700 0.517162 -0.617205 -0.301307 0.510700 -0.295930 -0.632421 -0.084409 0.710876 0.122985 -0.724370 0.122801 0.667145 -0.187748 -0.554033 0.150888 0.796889 -0.187748 -0.554033 0.150888 0.796889 -0.187748 -0.554033 0.150888 0.796889 0.126836 -0.363861 0.199360 0.900985 0.126836 -0.363861 0.199360 0.900985 0.126836 -0.363861 0.199360 0.900985 0.126836 -0.363861 0.199360 0.900985 0.173367 -0.120020 -0.022876 0.977249 0.168166 -0.040494 0.044285 0.983931 0.168192 -0.040493 0.044286 0.983926 0.126836 -0.363861 0.199360 0.900985 0.126836 -0.363861 0.199360 0.900985 0.126836 -0.363861 0.199360 0.900985 0.126836 -0.363861 0.199360 0.900985 0.326793 -0.503093 -0.271171 0.752709 -0.001102 -0.888888 -0.214530 0.404789 -0.001092 -0.888893 -0.214507 0.404789
-0.002929 0.708386 -0.001377 0.129959 -0.362245 0.200754 0.900881 0.162315 -0.310292 -0.170856 0.920967 0.359659 -0.472036 -0.096276 0.799099 0.493510 -0.590021 -0.346498 0.536901 0.493510 -0.590021 -0.346498 0.536901 0.493510 -0.590021 -0.346498 0.536901 -0.297755 -0.630726 -0.089451 0.711003 0.130231 -0.728775 0.116633 0.662060 -0.173054 -0.565450 0.143000 0.793643 -0.173054 -0.565450 0.143000 0.793643 -0.173054 -0.565450 0.143000 0.793643 0.129959 -0.362246 0.200754 0.900881 0.129959 -0.362246 0.200754 0.900881 0.129959 -0.362246 0.200754 0.900881 0.129959 -0.362246 0.200754 0.900881 0.176814 -0.135667 -0.014842 0.974736 0.169461 -0.054085 0.056904 0.982405 0.169487 -0.054084 0.056906 0.982401 0.129959 -0.362246 0.200754 0.900881 0.129959 -0.362246 0.200754 0.900881 0.129959 -0.362246 0.200754 0.900881 0.129959 -0.362246 0.200754 0.900881 0.327708 -0.499546 -0.266846 0.756211 0.006839 -0.888640 -0.221733 0.401381 0.006850 -0.888646 -0.221710 0.401381
-0.002915 0.710229 -0.001405 0.130836 -0.358287 0.204210 0.901560 0.145189 -0.308131 -0.165650 0.925492 0.368263 -0.469249 -0.082509 0.798361 0.519194 -0.593831 -0.339440 0.512428 0.519194 -0.593831 -0.339440 0.512428 0.519194 -0.593831 -0.339440 0.512428 -0.295017 -0.631697 -0.098347 0.710107 0.145454 -0.733029 0.105080 0.656102 -0.157497 -0.575125 0.130227 0.792128 -0.157497 -0.575125 0.130227 0.792128 -0.157497 -0.575125 0.130227 0.792128 0.130836 -0.358287 0.204211 0.901560 0.130836 -0.358287 0.204211 0.901560 0.130836 -0.358287 0.204211 0.901560 0.130836 -0.358287 0.204211 0.901560 0.175876 -0.147833 -0.002898 0.973244 0.166797 -0.065197 0.068266 0.981462 0.166823 -0.065195 0.068268 0.981458 0.130836 -0.358287 0.204211 0.901560 0.130836 -0.358287 0.204211 0.901560 0.130836 -0.358287 0.204211 0.901560 0.130836 -0.358287 0.204211 0.901560 0.328663 -0.492829 -0.268771 0.759515 0.016644 -0.884111 -0.241105 0.399925 0.016654 -0.884117 -0.241082 0.399924
-0.002893 0.712513 -0.001435 0.131209 -0.355742 0.207574 0.901746 0.119953 -0.315856 -0.149432 0.929256 0.356147 -0.474143 -0.099004 0.799091 0.500261 -0.605054 -0.367479 0.498606 0.500261 -0.605054 -0.367479 0.498606 0.500261 -0.605054 -0.367479 0.498606 -0.293756 -0.632005 -0.110286 0.708600 0.159155 -0.736527 0.096780 0.650255 -0.152545 -0.580850 0.118509 0.790758 -0.152545 -0.580850 0.118509 0.790758 -0.152545 -0.580850 0.118509 0.790758 0.131208 -0.355742 0.207574 0.901746 0.131208 -0.355742 0.207574 0.901746 0.131208 -0.355742 0.207574 0.901746 0.131208 -0.355742 0.207574 0.901746 0.174079 -0.158227 0.009526 0.971890 0.163685 -0.074403 0.077920 0.980612 0.163710 -0.074401 0.077922 0.980608 0.131208 -0.355742 0.207574 0.901746 0.131208 -0.355742 0.207574 0.901746 0.131208 -0.355742 0.207574 0.901746 0.131208 -0.355742 0.207574 0.901746 0.330203 -0.483263 -0.273500 0.763296 0.026976 -0.875514 -0.260760 0.405896 0.026986 -0.875521 -0.260737 0.405895
-0.002869 0.714503 -0.001459 0.135753 -0.354539 0.208493 0.901334 0.106358 -0.316836 -0.140883 0.931909 0.347838 -0.453411 -0.093207 0.815316 0.487457 -0.590927 -0.347185 0.540975 0.487457 -0.590927 -0.347185 0.540975 0.487457 -0.590927 -0.347185 0.540975 -0.287054 -0.633257 -0.122533 0.708217 0.176581 -0.741255 0.088094 0.641561 -0.136076 -0.590618 0.109162 0.787869 -0.136076 -0.590618 0.109162 0.787869 -0.136076 -0.590618 0.109162 0.787869 0.135753 -0.354539 0.208493 0.901334 0.135753 -0.354539 0.208493 0.901334 0.135753 -0.354539 0.208493 0.901334 0.135753 -0.354539 0.208493 0.901334 0.176570 -0.168874 0.021624 0.969452 0.164559 -0.081862 0.089310 0.978899 0.164585 -0.081860 0.089312 0.978894 0.135753 -0.354539 0.208493 0.901334 0.135753 -0.354539 0.208493 0.901334 0.135753 -0.354539 0.208493 0.901334 0.135753 -0.354539 0.208493 0.901334 0.334756 -0.472437 -0.280019 0.765723 0.039175 -0.864483 -0.282679 0.413796 0.039186 -0.864490 -0.282657 0.413795
-0.002852 0.715982 -0.001477 0.146762 -0.352896 0.207175 0.900557 0.106087 -0.288892 -0.137534 0.941473 0.358031 -0.429203 -0.073257 0.825973 0.521255 -0.581907 -0.300275 0.547278 0.521255 -0.581907 -0.300275 0.547278 0.521255 -0.581907 -0.300275 0.547278 -0.280297 -0.632681 -0.132065 0.709723 0.188062 -0.743899 0.083284 0.635854 -0.122869 -0.597268 0.104683 0.785631 -0.122869 -0.597268 0.104683 0.785631 -0.122869 -0.597268 0.104683 0.785631 0.146762 -0.352896 0.207176 0.900557 0.146762 -0.352896 0.207176 0.900557 0.146762 -0.352896 0.207176 0.900557 0.146762 -0.352896 0.207176 0.900557 0.185140 -0.174337 0.031878 0.966599 0.171127 -0.082303 0.103122 0.976375 0.171153 -0.082300 0.103124 0.976370 0.146762 -0.352896 0.207176 0.900557 0.146762 -0.352896 0.207176 0.900557 0.146762 -0.352896 0.207176 0.900557 0.146762 -0.352896 0.207176 0.900557 0.342249 -0.463729 -0.282191 0.766935 0.053123 -0.855566 -0.299121 0.419179 0.053133 -0.855574 -0.299099 0.419178
-0.002844 0.720720 -0.001490 0.166328 -0.353296 0.202174 0.898133 0.103971 -0.261540 -0.136400 0.949833 0.347295 -0.395910 -0.074218 0.846837 0.496549 -0.555825 -0.332472 0.577893 0.496549 -0.555825 -0.332472 0.577893 0.496549 -0.555825 -0.332472 0.577893 -0.271754 -0.626899 -0.137515 0.717104 0.189432 -0.741310 0.078244 0.639103 -0.106130 -0.593619 0.110963 0.789962 -0.106130 -0.593619 0.110963 0.789962 -0.106130 -0.593619 0.110963 0.789962 0.166328 -0.353296 0.202174 0.898133 0.166328 -0.353296 0.202174 0.898133 0.166328 -0.353296 0.202174 0.898133 0.166328 -0.353296 0.202174 0.898133 0.201889 -0.172514 0.039004 0.963306 0.186196 -0.072118 0.115336 0.973051 0.186221 -0.072115 0.115337 0.973046 0.166328 -0.353296 0.202174 0.898133 0.166328 -0.353296 0.202174 0.898133 0.166328 -0.353296 0.202174 0.898133 0.166328 -0.353296 0.202174 0.898133 0.353693 -0.461143 -0.274599 0.766057 0.068699 -0.852742 -0.296117 0.424765 0.068710 -0.852750 -0.296095 0.424763
-0.002844 0.727744 -0.001498 0.185744 -0.356892 0.196065 0.894251 0.101850 -0.260431 -0.132474 0.950922 0.333124 -0.389683 -0.075860 0.855231 0.480380 -0.554848 -0.333175 0.591923 0.480380 -0.554848 -0.333175 0.591923 0.480380 -0.554848 -0.333175 0.591923 -0.262615 -0.624091 -0.136930 0.723044 0.184647 -0.740310 0.073618 0.642204 -0.097344 -0.592077 0.112395 0.792046 -0.097344 -0.592077 0.112395 0.792046 -0.097344 -0.592077 0.112395 0.792046 0.185744 -0.356892 0.196066 0.894251 0.185744 -0.356892 0.196066 0.894251 0.185744 -0.356892 0.196066 0.894251 0.185744 -0.356892 0.196066 0.894251 0.218727 -0.169521 0.044656 0.959910 0.201624 -0.060939 0.125281 0.969505 0.201649 -0.060935 0.125282 0.969499 0.185744 -0.356892 0.196066 0.894251 0.185744 -0.356892 0.196066 0.894251 0.185744 -0.356892 0.196066 0.894251 0.185744 -0.356892 0.196066 0.894251 0.365084 -0.462407 -0.263137 0.763971 0.087249 -0.850033 -0.284970 0.434309 0.087260 -0.850040 -0.284948 0.434307
-0.002849 0.737785 -0.001506 0.206274 -0.360530 0.188199 0.889972 0.105273 -0.261567 -0.144350 0.948506 0.323303 -0.400722 -0.087252 0.852810 0.476844 -0.573694 -0.349935 0.566605 0.476844 -0.573694 -0.349935 0.566605 0.476844 -0.573694 -0.349935 0.566605 -0.252161 -0.618349 -0.136006 0.731821 0.182627 -0.736367 0.066779 0.648037 -0.083955 -0.585914 0.114863 0.797786 -0.083955 -0.585914 0.114863 0.797786 -0.083955 -0.585914 0.114863 0.797786 0.206273 -0.360530 0.188200 0.889972 0.206273 -0.360530 0.188200 0.889972 0.206273 -0.360530 0.188200 0.889972 0.206273 -0.360530 0.188200 0.889972 0.236536 -0.167704 0.050450 0.955710 0.217239 -0.049814 0.138082 0.965018 0.217264 -0.049810 0.138084 0.965012 0.206273 -0.360530 0.188200 0.889972 0.206273 -0.360530 0.188200 0.889972 0.206273 -0.360530 0.188200 0.889972 0.206273 -0.360530 0.188200 0.889972 0.376544 -0.465104 -0.251498 0.760685 0.106257 -0.846743 -0.271266 0.445142 0.106269 -0.846750 -0.271244 0.445139
-0.002855 0.749464 -0.001510 0.218368 -0.362531 0.183207 0.887312 0.110664 -0.259197 -0.150257 0.947625 0.314378 -0.397532 -0.092560 0.857069 0.467084 -0.574816 -0.341501 0.578615 0.467084 -0.574816 -0.341501 0.578615 0.467084 -0.574816 -0.341501 0.578615 -0.244070 -0.614004 -0.133109 0.738723 0.180664 -0.735835 0.062727 0.649595 -0.074048 -0.585378 0.116073 0.798985 -0.074048 -0.585378 0.116073 0.798985 -0.074048 -0.585378 0.116073 0.798985 0.218368 -0.362531 0.183207 0.887312 0.218368 -0.362531 0.183207 0.887312 0.218368 -0.362531 0.183207 0.887312 0.218368 -0.362531 0.183207 0.887312 0.245964 -0.164980 0.055705 0.953510 0.224957 -0.039117 0.147737 0.962309 0.224982 -0.039113 0.147738 0.962303 0.218368 -0.362531 0.183207 0.887312 0.218368 -0.362531 0.183207 0.887312 0.218368 -0.362531 0.183207 0.887312 0.218368 -0.362531 0.183207 0.887312 0.382956 -0.467787 -0.244200 0.758213 0.124176 -0.840008 -0.266441 0.456043 0.124188 -0.840015 -0.266419 0.456040
-0.002859 0.761569 -0.001512 0.225662 -0.362331 0.180873 0.886047 0.113727 -0.255527 -0.154736 0.947538 0.308882 -0.394008 -0.089050 0.861057 0.458957 -0.571485 -0.342898 0.587524 0.458957 -0.571485 -0.342898 0.587524 0.458957 -0.571485 -0.342898 0.587524 -0.239085 -0.611721 -0.128005 0.743136 0.175960 -0.731755 0.062831 0.655458 -0.074556 -0.578678 0.119387 0.803318 -0.074556 -0.578678 0.119387 0.803318 -0.074556 -0.578678 0.119387 0.803318 0.225662 -0.362331 0.180873 0.886046 0.225662 -0.362331 0.180873 0.886046 0.225662 -0.362331 0.180873 0.886046 0.225662 -0.362331 0.180873 0.886046 0.250365 -0.160669 0.061342 0.952754 0.227927 -0.030972 0.156881 0.960457 0.227952 -0.030968 0.156882 0.960451 0.225662 -0.362331 0.180873 0.886046 0.225662 -0.362331 0.180873 0.886046 0.225662 -0.362331 0.180873 0.886046 0.225662 -0.362331 0.180873 0.886046 0.387303 -0.467989 -0.242365 0.756467 0.138027 -0.832301 -0.270232 0.463895 0.138039 -0.832308 -0.270210 0.463892
-0.002855 0.771735 -0.001511 0.232227 -0.358231 0.179563 0.886283 0.112529 -0.248295 -0.160029 0.948724 0.301707 -0.396269 -0.083375 0.863129 0.458341 -0.579726 -0.341546 0.580679 0.458341 -0.579726 -0.341546 0.580679 0.458341 -0.579726 -0.341546 0.580679 -0.234250 -0.607344 -0.126959 0.748426 0.174340 -0.731019 0.059995 0.656976 -0.066563 -0.579313 0.119651 0.803523 -0.066563 -0.579313 0.119651 0.803523 -0.066563 -0.579313 0.119651 0.803523 0.232227 -0.358231 0.179564 0.886283 0.232227 -0.358231 0.179564 0.886283 0.232227 -0.358231 0.179564 0.886283 0.232227 -0.358231 0.179564 0.886283 0.253433 -0.154621 0.067962 0.952494 0.230157 -0.022928 0.164045 0.958953 0.230182 -0.022924 0.164045 0.958947 0.232227 -0.358231 0.179564 0.886283 0.232227 -0.358231 0.179564 0.886283 0.232227 -0.358231 0.179564 0.886283 0.232227 -0.358231 0.179564 0.886283 0.390971 -0.464353 -0.244315 0.756193 0.152207 -0.820860 -0.281418 0.473103 0.152220 -0.820867 -0.281397 0.473099
-0.002849 0.779255 -0.001513 0.235912 -0.354786 0.179329 0.886743 0.114504 -0.238718 -0.160608 0.950846 0.305241 -0.380873 -0.083085 0.868827 0.455695 -0.564208 -0.346665 0.594841 0.455695 -0.564208 -0.346665 0.594841 0.455695 -0.564208 -0.346665 0.594841 -0.230875 -0.603026 -0.126711 0.752995 0.169446 -0.727391 0.058963 0.662355 -0.080413 -0.571949 0.114259 0.808302 -0.080413 -0.571949 0.114259 0.808302 -0.080413 -0.571949 0.114259 0.808302 0.235912 -0.354786 0.179330 0.886743 0.235912 -0.354786 0.179330 0.886743 0.235912 -0.354786 0.179330 0.886743 0.235912 -0.354786 0.179330 0.886743 0.253488 -0.150941 0.076061 0.952458 0.229496 -0.018498 0.170240 0.958127 0.229520 -0.018494 0.170240 0.958121 0.235912 -0.354786 0.179330 0.886743 0.235912 -0.354786 0.179330 0.886743 0.235912 -0.354786 0.179330 0.886743 0.235912 -0.354786 0.179330 0.886743 0.392282 -0.462232 -0.243384 0.757113 0.164176 -0.810411 -0.283351 0.485791 0.164188 -0.810418 -0.283330 0.485787
-0.002839 0.784396 -0.001515 0.240686 -0.351382 0.179127 0.886857 0.114465 -0.234041 -0.160890 0.951965 0.306319 -0.375674 -0.078565 0.871129 0.456772 -0.558898 -0.340633 0.602464 0.456772 -0.558898 -0.340633 0.602464 0.456772 -0.558898 -0.340633 0.602464 -0.228380 -0.599011 -0.126131 0.757046 0.172797 -0.723940 0.061096 0.665071 -0.070084 -0.569085 0.121546 0.810220 -0.070084 -0.569085 0.121546 0.810220 -0.070084 -0.569085 0.121546 0.810220 0.240686 -0.351382 0.179127 0.886857 0.240686 -0.351382 0.179127 0.886857 0.240686 -0.351382 0.179127 0.886857 0.240686 -0.351382 0.179127 0.886857 0.254916 -0.148103 0.084099 0.951846 0.230525 -0.015951 0.174850 0.957095 0.230550 -0.015947 0.174850 0.957089 0.240686 -0.351382 0.179127 0.886857 0.240686 -0.351382 0.179127 0.886857 0.240686 -0.351382 0.179127 0.886857 0.240686 -0.351382 0.179127 0.886857 0.394960 -0.461147 -0.243741 0.756267 0.176726 -0.799732 -0.287034 0.496797 0.176739 -0.799740 -0.287013 0.496792
-0.002828 0.787700 -0.001517 0.244531 -0.349692 0.179495 0.886398 0.111714 -0.230257 -0.162228 0.952987 0.306539 -0.370803 -0.075565 0.873401 0.454573 -0.553242 -0.340942 0.609135 0.454573 -0.553242 -0.340942 0.609135 0.454573 -0.553242 -0.340942 0.609135 -0.229034 -0.598437 -0.127007 0.757157 0.170686 -0.724409 0.062807 0.664946 -0.076338 -0.569171 0.120549 0.809743 -0.076338 -0.569171 0.120549 0.809743 -0.076338 -0.569171 0.120549 0.809743 0.244531 -0.349692 0.179496 0.886398 0.244531 -0.349692 0.179496 0.886398 0.244531 -0.349692 0.179496 0.886398 0.244531 -0.349692 0.179495 0.886398 0.255614 -0.145265 0.091908 0.951374 0.231037 -0.014636 0.178818 0.956259 0.231061 -0.014631 0.178819 0.956253 0.244531 -0.349692 0.179496 0.886398 0.244531 -0.349692 0.179496 0.886398 0.244531 -0.349692 0.179496 0.886398 0.244531 -0.349692 0.179495 0.886398 0.397979 -0.460807 -0.244579 0.754619 0.187560 -0.790218 -0.288719 0.506970 0.187573 -0.790226 -0.288698 0.506965
-0.002817 0.789760 -0.001519 0.246369 -0.349687 0.180212 0.885745 0.106516 -0.228245 -0.161955 0.954112 0.304887 -0.367379 -0.072047 0.875720 0.451077 -0.549127 -0.339372 0.616292 0.451077 -0.549127 -0.339372 0.616292 0.451077 -0.549127 -0.339372 0.616292 -0.227845 -0.597659 -0.127200 0.758097 0.168992 -0.722273 0.065292 0.667459 -0.088047 -0.562954 0.121688 0.812726 -0.088047 -0.562954 0.121688 0.812726 -0.088047 -0.562954 0.121688 0.812726 0.246369 -0.349688 0.180213 0.885745 0.246369 -0.349688 0.180213 0.885745 0.246369 -0.349688 0.180213 0.885745 0.246369 -0.349688 0.180213 0.885745 0.254374 -0.142934 0.099563 0.951289 0.229796 -0.014445 0.181961 0.955968 0.229821 -0.014440 0.181961 0.955962 0.246369 -0.349688 0.180213 0.885745 0.246369 -0.349688 0.180213 0.885745 0.246369 -0.349688 0.180213 0.885745 0.246369 -0.349688 0.180213 0.885745 0.400265 -0.461974 -0.245741 0.752316 0.198808 -0.781966 -0.297496 0.510392 0.198821 -0.781974 -0.297476 0.510387
-0.002807 0.790900 -0.001520 0.246967 -0.350590 0.181139 0.885033 0.101498 -0.222395 -0.160602 0.956267 0.301893 -0.355036 -0.066911 0.882232 0.426757 -0.534256 -0.348878 0.640885 0.426757 -0.534256 -0.348878 0.640885 0.426757 -0.534256 -0.348878 0.640885 -0.225544 -0.597223 -0.126487 0.759247 0.172789 -0.720367 0.065351 0.668540 -0.081837 -0.560979 0.124975 0.814240 -0.081837 -0.560979 0.124975 0.814240 -0.081837 -0.560979 0.124975 0.814240 0.246967 -0.350590 0.181140 0.885033 0.246967 -0.350590 0.181140 0.885033 0.246967 -0.350590 0.181140 0.885033 0.246967 -0.350590 0.181140 0.885033 0.252244 -0.141158 0.106352 0.951387 0.227523 -0.014740 0.185617 0.955804 0.227548 -0.014736 0.185618 0.955799 0.246967 -0.350590 0.181140 0.885033 0.246967 -0.350590 0.181140 0.885033 0.246967 -0.350590 0.181140 0.885033 0.246967 -0.350590 0.181140 0.885033 0.402166 -0.462083 -0.247761 0.750570 0.211338 -0.771481 -0.309379 0.514236 0.211351 -0.771489 -0.309359 0.514230
-0.002812 0.791505 -0.001515 0.237931 -0.365275 0.186085 0.880531 0.098443 -0.242300 -0.162737 0.951376 0.300201 -0.378045 -0.066438 0.873240 0.438064 -0.554833 -0.334160 0.623377 0.438064 -0.554833 -0.334160 0.623377 0.438064 -0.554833 -0.334160 0.623377 -0.225616 -0.605951 -0.123981 0.752694 0.177166 -0.722691 0.069837 0.664419 -0.089048 -0.563835 0.125672 0.811398 -0.089048 -0.563835 0.125672 0.811398 -0.089048 -0.563835 0.125672 0.811398 0.237931 -0.365275 0.186085 0.880531 0.237931 -0.365275 0.186085 0.880531 0.237931 -0.365275 0.186085 0.880531 0.237931 -0.365275 0.186085 0.880531 0.241246 -0.142686 0.112127 0.953346 0.216413 -0.022394 0.190247 0.957324 0.216438 -0.022389 0.190248 0.957319 0.237931 -0.365275 0.186085 0.880531 0.237931 -0.365275 0.186085 0.880531 0.237931 -0.365275 0.186085 0.880531 0.237931 -0.365275 0.186085 0.880531 0.404124 -0.461598 -0.251403 0.748604 0.226070 -0.757217 -0.323273 0.520586 0.226083 -0.757225 -0.323253 0.520580
-0.002823 0.791823 -0.001503 0.230078 -0.376231 0.190574 0.877038 0.097552 -0.244223 -0.161093 0.951256 0.298811 -0.371599 -0.071749 0.876058 0.421147 -0.545834 -0.349902 0.634246 0.421147 -0.545834 -0.349902 0.634246 0.421147 -0.545834 -0.349902 0.634246 -0.228406 -0.615138 -0.121669 0.744736 0.174896 -0.726942 0.074515 0.659859 -0.098704 -0.567108 0.126449 0.807872 -0.098704 -0.567108 0.126449 0.807872 -0.098704 -0.567108 0.126449 0.807872 0.230078 -0.376231 0.190575 0.877038 0.230078 -0.376231 0.190575 0.877038 0.230078 -0.376231 0.190575 0.877038 0.230078 -0.376231 0.190575 0.877038 0.231450 -0.140730 0.116119 0.955585 0.206607 -0.028794 0.196510 0.958054 0.206632 -0.028789 0.196511 0.958049 0.230078 -0.376231 0.190575 0.877038 0.230078 -0.376231 0.190575 0.877038 0.230078 -0.376231 0.190575 0.877038 0.230078 -0.376231 0.190575 0.877038 0.406107 -0.458723 -0.257335 0.747281 0.238003 -0.743182 -0.340020 0.524806 0.238017 -0.743191 -0.340001 0.524799
-0.002838 0.790604 -0.001481 0.226780 -0.388473 0.191070 0.872440 0.105087 -0.254932 -0.157281 0.948277 0.297139 -0.381656 -0.069874 0.872448 0.431995 -0.560601 -0.335982 0.621468 0.431995 -0.560601 -0.335982 0.621468 0.431995 -0.560601 -0.335982 0.621468 -0.224394 -0.619761 -0.119560 0.742462 0.181393 -0.724313 0.074206 0.661030 -0.100200 -0.561587 0.128510 0.811212 -0.100200 -0.561587 0.128510 0.811212 -0.100200 -0.561587 0.128510 0.811212 0.226780 -0.388473 0.191071 0.872440 0.226780 -0.388473 0.191071 0.872440 0.226780 -0.388473 0.191071 0.872440 0.226780 -0.388473 0.191071 0.872440 0.226191 -0.141185 0.119738 0.956330 0.200940 -0.035997 0.203522 0.957552 0.200965 -0.035991 0.203523 0.957547 0.226780 -0.388473 0.191071 0.872440 0.226780 -0.388473 0.191071 0.872440 0.226780 -0.388473 0.191071 0.872440 0.226780 -0.388473 0.191071 0.872440 0.410597 -0.455709 -0.263320 0.744582 0.249992 -0.730242 -0.355404 0.527199 0.250006 -0.730251 -0.355385 0.527192
-0.002866 0.788767 -0.001429 0.221470 -0.420127 0.189911 0.859289 0.111299 -0.277299 -0.156233 0.941440 0.292459 -0.391806 -0.081435 0.868519 0.423668 -0.567973 -0.334920 0.621081 0.423668 -0.567973 -0.334920 0.621081 0.423668 -0.567973 -0.334920 0.621081 -0.216489 -0.634752 -0.119336 0.732107 0.201553 -0.729036 0.088162 0.648159 -0.093363 -0.573642 0.138040 0.801975 -0.093363 -0.573642 0.138040 0.801975 -0.093363 -0.573642 0.138040 0.801975 0.221470 -0.420127 0.189912 0.859289 0.221470 -0.420127 0.189912 0.859289 0.221470 -0.420127 0.189912 0.859289 0.221470 -0.420127 0.189912 0.859289 0.219084 -0.147427 0.122845 0.956649 0.193319 -0.050731 0.210045 0.957045 0.193344 -0.050725 0.210047 0.957040 0.221470 -0.420127 0.189912 0.859289 0.221470 -0.420127 0.189912 0.859289 0.221470 -0.420127 0.189912 0.859289 0.221470 -0.420127 0.189912 0.859289 0.421833 -0.452425 -0.269123 0.738201 0.272823 -0.711106 -0.376259 0.527565 0.272837 -0.711116 -0.376240 0.527558
-0.002893 0.787052 -0.001360 0.219055 -0.447945 0.188057 0.846164 0.117115 -0.298088 -0.158864 0.933911 0.288312 -0.402813 -0.087055 0.864315 0.414792 -0.574570 -0.339502 0.618511 0.414792 -0.574570 -0.339502 0.618511 0.414792 -0.574570 -0.339502 0.618511 -0.218409 -0.645329 -0.120050 0.722106 0.195752 -0.740220 0.080380 0.638196 -0.103726 -0.585152 0.120108 0.795243 -0.103726 -0.585152 0.120108 0.795243 -0.103726 -0.585152 0.120108 0.795243 0.219055 -0.447945 0.188058 0.846164 0.219055 -0.447945 0.188058 0.846164 0.219055 -0.447945 0.188058 0.846164 0.219055 -0.447946 0.188058 0.846164 0.215122 -0.151530 0.125061 0.956620 0.188934 -0.062103 0.215689 0.955994 0.188959 -0.062098 0.215691 0.955989 0.219055 -0.447945 0.188058 0.846164 0.219055 -0.447945 0.188058 0.846164 0.219055 -0.447945 0.188058 0.846164 0.219055 -0.447945 0.188058 0.846164 0.434614 -0.447289 -0.275455 0.731552 0.295710 -0.690584 -0.395413 0.528487 0.295724 -0.690594 -0.395395 0.528479
-0.002912 0.785851 -0.001298 0.219042 -0.466564 0.185583 0.836599 0.117784 -0.320682 -0.159475 0.926206 0.285388 -0.426619 -0.102141 0.852125 0.409319 -0.593563 -0.349911 0.598083 0.409319 -0.593563 -0.349911 0.598083 0.409319 -0.593563 -0.349911 0.598083 -0.219354 -0.649013 -0.115352 0.719277 0.187304 -0.740033 0.083530 0.640540 -0.122695 -0.580876 0.116433 0.796224 -0.122695 -0.580876 0.116433 0.796224 -0.122695 -0.580876 0.116433 0.796224 0.219042 -0.466564 0.185583 0.836599 0.219042 -0.466564 0.185583 0.836599 0.219042 -0.466564 0.185583 0.836599 0.219042 -0.466564 0.185583 0.836599 0.212552 -0.152906 0.128742 0.956487 0.186512 -0.069375 0.219410 0.955123 0.186536 -0.069369 0.219412 0.955118 0.219042 -0.466564 0.185583 0.836599 0.219042 -0.466564 0.185583 0.836599 0.219042 -0.466564 0.185583 0.836599 0.219042 -0.466564 0.185583 0.836599 0.444113 -0.443087 -0.278714 0.727156 0.311611 -0.675981 -0.402513 0.532852 0.311625 -0.675991 -0.402495 0.532844
-0.002932 0.785335 -0.001246 0.220561 -0.485366 0.182984 0.826008 0.122337 -0.329246 -0.159668 0.922571 0.289967 -0.423213 -0.101688 0.852332 0.401566 -0.577467 -0.339424 0.624555 0.401566 -0.577467 -0.339424 0.624555 0.401566 -0.577467 -0.339424 0.624555 -0.217824 -0.656781 -0.106384 0.714054 0.188731 -0.742461 0.094011 0.635841 -0.120529 -0.587012 0.126148 0.790555 -0.120529 -0.587012 0.126148 0.790555 -0.120529 -0.587012 0.126148 0.790555 0.220561 -0.485367 0.182984 0.826008 0.220561 -0.485367 0.182984 0.826008 0.220561 -0.485367 0.182984 0.826008 0.220561 -0.485367 0.182984 0.826008 0.211332 -0.157887 0.133952 0.955232 0.185065 -0.077800 0.223131 0.953892 0.185090 -0.077795 0.223133 0.953888 0.220561 -0.485367 0.182984 0.826008 0.220561 -0.485367 0.182984 0.826008 0.220561 -0.485367 0.182984 0.826008 0.220561 -0.485367 0.182984 0.826008 0.455531 -0.441640 -0.281637 0.719810 0.327798 -0.664540 -0.407585 0.533675 0.327812 -0.664551 -0.407568 0.533666
-0.002945 0.785339 -0.001206 0.219254 -0.502362 0.183274 0.816070 0.123330 -0.346988 -0.177920 0.912542 0.283193 -0.448315 -0.100432 0.841860 0.409776 -0.606225 -0.332469 0.595012 0.409776 -0.606225 -0.332469 0.595012 0.409776 -0.606225 -0.332469 0.595012 -0.216578 -0.662700 -0.102039 0.709585 0.186521 -0.745063 0.107436 0.631308 -0.111644 -0.589722 0.147559 0.786123 -0.111644 -0.589722 0.147559 0.786123 -0.111644 -0.589722 0.147559 0.786123 0.219254 -0.502362 0.183274 0.816070 0.219254 -0.502362 0.183274 0.816070 0.219254 -0.502362 0.183274 0.816070 0.219254 -0.502362 0.183274 0.816070 0.208569 -0.166620 0.138232 0.953744 0.181776 -0.089257 0.226224 0.952792 0.181801 -0.089251 0.226226 0.952788 0.219254 -0.502362 0.183274 0.816070 0.219254 -0.502362 0.183274 0.816070 0.219254 -0.502362 0.183274 0.816070 0.219254 -0.502362 0.183274 0.816070 0.465637 -0.442879 -0.284316 0.711480 0.340087 -0.659104 -0.417531 0.524967 0.340101 -0.659115 -0.417513 0.524958
-0.002942 0.785754 -0.001172 0.214025 -0.516315 0.187131 0.807833 0.113118 -0.398746 -0.187252 0.890586 0.279931 -0.527613 -0.115981 0.793607 0.366150 -0.680596 -0.355587 0.525625 0.366150 -0.680596 -0.355587 0.525625 0.366150 -0.680596 -0.355587 0.525625 -0.221968 -0.670736 -0.098695 0.700787 0.182138 -0.753824 0.105758 0.622407 -0.116719 -0.602939 0.136263 0.777351 -0.116719 -0.602939 0.136263 0.777351 -0.116719 -0.602939 0.136263 0.777351 0.214025 -0.516315 0.187131 0.807833 0.214025 -0.516315 0.187131 0.807833 0.214025 -0.516315 0.187131 0.807833 0.214025 -0.516315 0.187131 0.807833 0.204579 -0.183399 0.140666 0.951171 0.176441 -0.108473 0.229074 0.951119 0.176466 -0.108467 0.229077 0.951114 0.214025 -0.516315 0.187131 0.807833 0.214025 -0.516315 0.187131 0.807833 0.214025 -0.516315 0.187131 0.807833 0.214025 -0.516315 0.187131 0.807833 0.473766 -0.446316 -0.288392 0.702266 0.349295 -0.656363 -0.430850 0.511419 0.349308 -0.656374 -0.430833 0.511409
-0.002933 0.786268 -0.001150 0.212045 -0.530743 0.189367 0.798429 0.102956 -0.389319 -0.190371 0.895315 0.267395 -0.507214 -0.097960 0.813411 0.368503 -0.669769 -0.297856 0.571749 0.368503 -0.669769 -0.297856 0.571749 0.368503 -0.669769 -0.297856 0.571749 -0.221413 -0.679174 -0.098864 0.692766 0.189990 -0.763227 0.100594 0.609318 -0.109900 -0.621007 0.121900 0.766428 -0.109900 -0.621007 0.121900 0.766428 -0.109900 -0.621007 0.121900 0.766428 0.212045 -0.530743 0.189368 0.798429 0.212045 -0.530743 0.189368 0.798429 0.212045 -0.530743 0.189368 0.798429 0.212045 -0.530743 0.189368 0.798429 0.205413 -0.204015 0.141962 0.946589 0.174598 -0.128183 0.233514 0.947922 0.174623 -0.128177 0.233517 0.947917 0.212045 -0.530743 0.189368 0.798429 0.212045 -0.530743 0.189368 0.798429 0.212045 -0.530743 0.189368 0.798429 0.212045 -0.530743 0.189368 0.798429 0.483948 -0.455238 -0.290493 0.688597 0.358595 -0.659701 -0.435964 0.496125 0.358608 -0.659712 -0.435947 0.496116
-0.002917 0.786713 -0.001137 0.214811 -0.546083 0.186840 0.787871 0.096385 -0.404670 -0.193345 0.888577 0.278792 -0.518955 -0.107452 0.800884 0.376905 -0.674862 -0.291678 0.563407 0.376905 -0.674862 -0.291678 0.563407 0.376905 -0.674862 -0.291678 0.563407 -0.216812 -0.685090 -0.101680 0.687972 0.204228 -0.769054 0.092206 0.598620 -0.086350 -0.635532 0.112884 0.758881 -0.086350 -0.635532 0.112884 0.758881 -0.086350 -0.635532 0.112884 0.758881 0.214811 -0.546083 0.186841 0.787871 0.214811 -0.546083 0.186841 0.787871 0.214811 -0.546083 0.186841 0.787871 0.214811 -0.546083 0.186840 0.787871 0.209241 -0.216765 0.143120 0.942734 0.175656 -0.138738 0.239583 0.944720 0.175680 -0.138732 0.239587 0.944716 0.214811 -0.546083 0.186841 0.787871 0.214811 -0.546083 0.186841 0.787871 0.214811 -0.546083 0.186841 0.787871 0.214811 -0.546083 0.186840 0.787871 0.498082 -0.468089 -0.295996 0.667229 0.378206 -0.655854 -0.439003 0.483831 0.378218 -0.655866 -0.438986 0.483821
-0.002904 0.787049 -0.001134 0.219767 -0.557681 0.181679 0.779543 0.086637 -0.413561 -0.198655 0.884306 0.268096 -0.528697 -0.103736 0.798651 0.374146 -0.686159 -0.272402 0.561247 0.374146 -0.686159 -0.272402 0.561247 0.374146 -0.686159 -0.272402 0.561247 -0.210692 -0.687118 -0.102309 0.687757 0.214786 -0.770390 0.084993 0.594258 -0.068827 -0.641151 0.107694 0.756697 -0.068827 -0.641151 0.107694 0.756697 -0.068827 -0.641151 0.107694 0.756697 0.219766 -0.557681 0.181680 0.779543 0.219766 -0.557681 0.181680 0.779543 0.219766 -0.557681 0.181680 0.779543 0.219766 -0.557681 0.181679 0.779543 0.214724 -0.225756 0.143558 0.939318 0.178467 -0.148431 0.246725 0.940874 0.178491 -0.148425 0.246728 0.940870 0.219766 -0.557681 0.181680 0.779543 0.219766 -0.557681 0.181680 0.779543 0.219766 -0.557681 0.181680 0.779543 0.219766 -0.557681 0.181679 0.779543 0.509638 -0.482273 -0.300725 0.645946 0.393365 -0.656567 -0.437376 0.472107 0.393377 -0.656579 -0.437359 0.472097
-0.002891 0.790213 -0.001146 0.229728 -0.578481 0.167893 0.764458 0.079918 -0.424998 -0.199260 0.879366 0.262588 -0.533349 -0.102957 0.797487 0.359214 -0.685139 -0.266251 0.575031 0.359214 -0.685139 -0.266251 0.575031 0.359214 -0.685139 -0.266251 0.575031 -0.200077 -0.690127 -0.100982 0.688111 0.218869 -0.770276 0.078457 0.593815 -0.061836 -0.639587 0.104779 0.759030 -0.061836 -0.639587 0.104779 0.759030 -0.061836 -0.639587 0.104779 0.759030 0.229728 -0.578481 0.167894 0.764458 0.229728 -0.578481 0.167894 0.764458 0.229728 -0.578481 0.167894 0.764458 0.229728 -0.578481 0.167894 0.764458 0.225107 -0.235216 0.142017 0.934790 0.184180 -0.149478 0.255312 0.937310 0.184204 -0.149471 0.255316 0.937305 0.229728 -0.578481 0.167894 0.764458 0.229728 -0.578481 0.167894 0.764458 0.229728 -0.578481 0.167894 0.764458 0.229728 -0.578481 0.167894 0.764458 0.522477 -0.502419 -0.297963 0.621137 0.416945 -0.657464 -0.428658 0.458421 0.416957 -0.657475 -0.428641 0.458410
-0.002885 0.795097 -0.001162 0.237951 -0.597982 0.153520 0.749819 0.059495 -0.436055 -0.187231 0.878215 0.241650 -0.541136 -0.086640 0.800794 0.339381 -0.694008 -0.253269 0.582261 0.339381 -0.694008 -0.253269 0.582261 0.339381 -0.694008 -0.253269 0.582261 -0.186556 -0.691751 -0.097296 0.690805 0.221572 -0.766787 0.067666 0.598636 -0.067099 -0.629990 0.095091 0.767833 -0.067099 -0.629990 0.095091 0.767833 -0.067099 -0.629990 0.095091 0.767833 0.237951 -0.597982 0.153521 0.749819 0.237951 -0.597982 0.153521 0.749819 0.237951 -0.597982 0.153521 0.749819 0.237951 -0.597982 0.153521 0.749819 0.234238 -0.244647 0.139368 0.930514 0.190138 -0.153125 0.258838 0.934560 0.190162 -0.153118 0.258842 0.934555 0.237951 -0.597982 0.153521 0.749819 0.237951 -0.597982 0.153521 0.749819 0.237951 -0.597982 0.153521 0.749819 0.237951 -0.597982 0.153521 0.749819 0.532547 -0.520937 -0.296171 0.597746 0.435487 -0.660193 -0.421271 0.443877 0.435499 -0.660204 -0.421253 0.443866
-0.002884 0.799984 -0.001181 0.243605 -0.619115 0.139663 0.733381 0.041853 -0.445056 -0.170970 0.878033 0.227378 -0.540861 -0.074675 0.806345 0.322727 -0.693927 -0.243356 0.595895 0.322727 -0.693927 -0.243355 0.595895 0.322727 -0.693927 -0.243355 0.595895 -0.172700 -0.696002 -0.092579 0.690786 0.221648 -0.765593 0.060754 0.600873 -0.078939 -0.622336 0.085360 0.774067 -0.078939 -0.622336 0.085360 0.774067 -0.078939 -0.622336 0.085360 0.774067 0.243605 -0.619115 0.139663 0.733381 0.243605 -0.619115 0.139663 0.733381 0.243605 -0.619115 0.139663 0.733381 0.243605 -0.619115 0.139663 0.733381 0.241318 -0.257579 0.136461 0.925633 0.194903 -0.162074 0.258719 0.932099 0.194927 -0.162068 0.258723 0.932094 0.243605 -0.619115 0.139663 0.733381 0.243605 -0.619115 0.139663 0.733381 0.243605 -0.619115 0.139663 0.733381 0.243605 -0.619115 0.139663 0.733381 0.540219 -0.540143 -0.291564 0.575673 0.451247 -0.665746 -0.411091 0.429141 0.451258 -0.665757 -0.411073 0.429130
-0.002879 0.803947 -0.001197 0.248638 -0.647862 0.123684 0.709335 0.030419 -0.463943 -0.167283 0.869395 0.229275 -0.553982 -0.073136 0.796987 0.329421 -0.703211 -0.231703 0.585909 0.329421 -0.703211 -0.231703 0.585909 0.329421 -0.703211 -0.231703 0.585909 -0.162937 -0.704920 -0.090536 0.684356 0.221380 -0.770855 0.056353 0.594641 -0.091314 -0.625382 0.073608 0.771454 -0.091314 -0.625382 0.073608 0.771454 -0.091314 -0.625382 0.073608 0.771454 0.248638 -0.647862 0.123684 0.709335 0.248638 -0.647862 0.123684 0.709335 0.248638 -0.647862 0.123684 0.709335 0.248638 -0.647862 0.123684 0.709335 0.248233 -0.273216 0.133358 0.919755 0.200197 -0.172761 0.255335 0.929989 0.200221 -0.172754 0.255339 0.929984 0.248638 -0.647862 0.123684 0.709335 0.248638 -0.647862 0.123684 0.709335 0.248638 -0.647862 0.123684 0.709335 0.248638 -0.647862 0.123684 0.709335 0.549423 -0.562913 -0.283589 0.548490 0.471844 -0.671635 -0.403740 0.404059 0.471855 -0.671646 -0.403722 0.404047
-0.002876 0.806818 -0.001212 0.256321 -0.675337 0.102329 0.683922 0.042316 -0.484099 -0.178975 0.855468 0.251226 -0.577022 -0.091868 0.771681 0.357338 -0.723938 -0.231591 0.542760 0.357338 -0.723938 -0.231591 0.542760 0.357338 -0.723938 -0.231591 0.542760 -0.158407 -0.712707 -0.088578 0.677577 0.220686 -0.774646 0.053733 0.590199 -0.097816 -0.628170 0.066375 0.769044 -0.097816 -0.628170 0.066375 0.769044 -0.097816 -0.628170 0.066375 0.769044 0.256320 -0.675337 0.102330 0.683922 0.256320 -0.675337 0.102330 0.683922 0.256320 -0.675337 0.102330 0.683922 0.256320 -0.675337 0.102330 0.683922 0.254821 -0.296223 0.132554 0.910905 0.204204 -0.181504 0.251908 0.928386 0.204228 -0.181497 0.251912 0.928380 0.256320 -0.675337 0.102330 0.683922 0.256320 -0.675337 0.102330 0.683922 0.256320 -0.675337 0.102330 0.683922 0.256321 -0.675337 0.102330 0.683922 0.557249 -0.585376 -0.278742 0.518760 0.478411 -0.688827 -0.394379 0.375640 0.478420 -0.688838 -0.394361 0.375628
-0.002888 0.808663 -0.001227 0.267020 -0.708697 0.074064 0.648817 0.084658 -0.512407 -0.222308 0.825137 0.292239 -0.611275 -0.153849 0.719215 0.390561 -0.749847 -0.271471 0.459886 0.390561 -0.749847 -0.271471 0.459886 0.390561 -0.749847 -0.271471 0.459886 -0.155089 -0.727545 -0.089961 0.662218 0.221711 -0.790111 0.042909 0.569849 -0.091287 -0.650128 0.044340 0.753016 -0.091287 -0.650128 0.044340 0.753016 -0.091287 -0.650128 0.044340 0.753016 0.267019 -0.708697 0.074064 0.648817 0.267019 -0.708697 0.074064 0.648817 0.267019 -0.708697 0.074064 0.648817 0.267019 -0.708697 0.074064 0.648817 0.264581 -0.321992 0.130380 0.899622 0.208085 -0.194138 0.256286 0.923758 0.208109 -0.194131 0.256291 0.923752 0.267019 -0.708697 0.074064 0.648817 0.267019 -0.708697 0.074064 0.648817 0.267019 -0.708697 0.074064 0.648817 0.267019 -0.708697 0.074064 0.648817 0.565915 -0.608152 -0.271420 0.486027 0.489041 -0.703320 -0.380371 0.348566 0.489050 -0.703330 -0.380353 0.348553
-0.002904 0.809809 -0.001234 0.273961 -0.747695 0.046669 0.603092 0.118750 -0.538421 -0.260905 0.792421 0.301806 -0.635705 -0.206166 0.679918 0.390589 -0.771609 -0.292038 0.408379 0.390589 -0.771609 -0.292038 0.408379 0.390589 -0.771609 -0.292038 0.408379 -0.154311 -0.738516 -0.088104 0.650400 0.217057 -0.803225 0.032014 0.553796 -0.085869 -0.670516 0.023427 0.736536 -0.085869 -0.670516 0.023427 0.736536 -0.085869 -0.670516 0.023427 0.736536 0.273960 -0.747695 0.046669 0.603092 0.273960 -0.747695 0.046669 0.603092 0.273960 -0.747695 0.046669 0.603092 0.273960 -0.747695 0.046669 0.603092 0.271434 -0.349360 0.128096 0.887616 0.211204 -0.216851 0.256154 0.918016 0.211228 -0.216844 0.256159 0.918011 0.273960 -0.747695 0.046669 0.603092 0.273960 -0.747695 0.046669 0.603092 0.273960 -0.747695 0.046669 0.603092 0.273960 -0.747695 0.046669 0.603092 0.574167 -0.631851 -0.257970 0.452270 0.500664 -0.718763 -0.358334 0.322974 0.500673 -0.718772 -0.358316 0.322961
-0.002901 0.810472 -0.001210 0.277444 -0.785922 0.021776 0.552157 0.164019 -0.565739 -0.332053 0.736734 0.296650 -0.670630 -0.265868 0.625755 0.374232 -0.807052 -0.304684 0.340273 0.374232 -0.807052 -0.304684 0.340273 0.374232 -0.807052 -0.304684 0.340273 -0.154069 -0.755393 -0.078755 0.632014 0.212153 -0.813814 0.024082 0.540480 -0.083885 -0.683813 0.009849 0.724752 -0.083885 -0.683813 0.009849 0.724752 -0.083885 -0.683813 0.009849 0.724752 0.277443 -0.785922 0.021777 0.552157 0.277443 -0.785922 0.021777 0.552157 0.277443 -0.785922 0.021777 0.552157 0.277443 -0.785922 0.021777 0.552157 0.277299 -0.374131 0.124825 0.876099 0.213230 -0.248551 0.257425 0.909114 0.213254 -0.248544 0.257432 0.909108 0.277443 -0.785922 0.021777 0.552157 0.277443 -0.785922 0.021777 0.552157 0.277443 -0.785922 0.021777 0.552157 0.277443 -0.785922 0.021777 0.552157 0.580614 -0.652780 -0.240505 0.422993 0.507678 -0.735691 -0.332345 0.300945 0.507686 -0.735700 -0.332326 0.300932
-0.002939 0.810895 -0.001156 0.276654 -0.821158 0.002288 0.499156 0.205696 -0.580941 -0.399263 0.678812 0.299851 -0.688356 -0.325538 0.574700 0.359588 -0.824934 -0.336249 0.277699 0.359588 -0.824934 -0.336249 0.277699 0.359588 -0.824934 -0.336249 0.277699 -0.153597 -0.771587 -0.071454 0.613153 0.215484 -0.823974 0.010047 0.523958 -0.081267 -0.697033 -0.017476 0.712204 -0.081267 -0.697033 -0.017476 0.712204 -0.081267 -0.697033 -0.017476 0.712204 0.276653 -0.821159 0.002288 0.499156 0.276653 -0.821159 0.002288 0.499156 0.276653 -0.821159 0.002288 0.499156 0.276653 -0.821159 0.002288 0.499156 0.284631 -0.399722 0.118904 0.863174 0.214997 -0.271811 0.258635 0.901667 0.215020 -0.271804 0.258642 0.901661 0.276653 -0.821159 0.002288 0.499156 0.276653 -0.821159 0.002288 0.499156 0.276653 -0.821159 0.002288 0.499156 0.276653 -0.821159 0.002288 0.499156 0.580565 -0.674779 -0.215830 0.401291 0.508804 -0.755463 -0.303482 0.279807 0.508811 -0.755471 -0.303463 0.279794
-0.002980 0.809836 -0.001086 0.269146 -0.855607 -0.008958 0.442059 0.223716 -0.594984 -0.414658 0.651156 0.317627 -0.668859 -0.353992 0.571341 0.371289 -0.834638 -0.283539 0.291771 0.371289 -0.834638 -0.283539 0.291771 0.371289 -0.834638 -0.283539 0.291771 -0.154006 -0.789287 -0.064460 0.590892 0.220050 -0.831893 0.003529 0.509431 -0.083430 -0.704118 -0.030632 0.704499 -0.083430 -0.704118 -0.030632 0.704499 -0.083430 -0.704118 -0.030632 0.704499 0.269146 -0.855607 -0.008958 0.442059 0.269146 -0.855607 -0.008958 0.442059 0.269146 -0.855607 -0.008958 0.442059 0.269146 -0.855607 -0.008958 0.442059 0.294247 -0.424136 0.110688 0.849279 0.221330 -0.290356 0.253960 0.895662 0.221354 -0.290349 0.253968 0.895656 0.269146 -0.855607 -0.008958 0.442059 0.269146 -0.855607 -0.008958 0.442059 0.269146 -0.855607 -0.008958 0.442059 0.269146 -0.855607 -0.008958 0.442059 0.578090 -0.697076 -0.186079 0.381146 0.510655 -0.773777 -0.271110 0.258842 0.510662 -0.773784 -0.271090 0.258828
-0.003067 0.803549 -0.001015 0.260965 -0.880258 -0.011882 0.396109 0.226329 -0.607653 -0.415592 0.637821 0.316228 -0.660807 -0.396297 0.553427 0.358786 -0.843173 -0.280227 0.286017 0.358786 -0.843173 -0.280227 0.286017 0.358786 -0.843173 -0.280227 0.286017 -0.151763 -0.805670 -0.059496 0.569495 0.226525 -0.838491 -0.000277 0.495599 -0.091861 -0.710428 -0.047186 0.696151 -0.091861 -0.710428 -0.047186 0.696151 -0.091861 -0.710428 -0.047186 0.696151 0.260965 -0.880258 -0.011882 0.396109 0.260965 -0.880258 -0.011882 0.396109 0.260965 -0.880258 -0.011882 0.396109 0.260965 -0.880258 -0.011882 0.396109 0.301928 -0.441397 0.106681 0.838229 0.229049 -0.308170 0.247913 0.889442 0.229072 -0.308163 0.247921 0.889436 0.260965 -0.880258 -0.011882 0.396109 0.260965 -0.880258 -0.011882 0.396109 0.260965 -0.880258 -0.011882 0.396109 0.260965 -0.880258 -0.011882 0.396109 0.573036 -0.714670 -0.158244 0.368558 0.516271 -0.783640 -0.242157 0.246441 0.516277 -0.783646 -0.242137 0.246428
-0.003076 0.795254 -0.000939 0.251861 -0.900271 -0.010877 0.354908 0.204453 -0.644777 -0.398732 0.619252 0.291884 -0.679577 -0.411373 0.532683 0.335428 -0.854574 -0.308497 0.249040 0.335428 -0.854574 -0.308497 0.249040 0.335428 -0.854574 -0.308497 0.249040 -0.146099 -0.822236 -0.054353 0.547384 0.231975 -0.850114 0.002219 0.472746 -0.098403 -0.722469 -0.059395 0.681783 -0.098403 -0.722469 -0.059395 0.681783 -0.098403 -0.722469 -0.059395 0.681783 0.251860 -0.900271 -0.010876 0.354908 0.251860 -0.900271 -0.010876 0.354908 0.251860 -0.900271 -0.010876 0.354908 0.251860 -0.900271 -0.010876 0.354908 0.303555 -0.455974 0.106957 0.829760 0.235137 -0.326652 0.237323 0.884131 0.235159 -0.326646 0.237331 0.884124 0.251860 -0.900271 -0.010876 0.354908 0.251860 -0.900271 -0.010876 0.354908 0.251860 -0.900271 -0.010876 0.354908 0.251860 -0.900271 -0.010876 0.354908 0.568996 -0.733319 -0.136296 0.346279 0.514254 -0.798808 -0.217728 0.223702 0.514260 -0.798814 -0.217707 0.223688
-0.002987 0.786092 -0.000826 0.244308 -0.918049 -0.006810 0.312174 0.083206 -0.751697 -0.365200 0.542824 0.199262 -0.756470 -0.414852 0.464699 0.226523 -0.899351 -0.313169 0.204402 0.226523 -0.899351 -0.313169 0.204402 0.226523 -0.899351 -0.313169 0.204402 -0.129970 -0.838795 -0.059993 0.525292 0.236954 -0.854258 0.005899 0.462667 -0.104975 -0.717950 -0.053092 0.686083 -0.104975 -0.717950 -0.053092 0.686083 -0.104975 -0.717950 -0.053092 0.686083 0.244307 -0.918050 -0.006809 0.312174 0.244307 -0.918050 -0.006809 0.312174 0.244307 -0.918050 -0.006809 0.312174 0.244308 -0.918050 -0.006810 0.312174 0.297588 -0.472783 0.113928 0.821546 0.238580 -0.347777 0.222500 0.878991 0.238603 -0.347771 0.222509 0.878985 0.244307 -0.918050 -0.006809 0.312174 0.244307 -0.918050 -0.006809 0.312174 0.244307 -0.918050 -0.006809 0.312174 0.244308 -0.918050 -0.006809 0.312174 0.569316 -0.751465 -0.115972 0.312618 0.513961 -0.813491 -0.197399 0.187377 0.513966 -0.813496 -0.197378 0.187363
-0.002873 0.778272 -0.000690 0.240574 -0.929725 -0.003672 0.278786 0.099124 -0.779571 -0.337109 0.518461 0.191439 -0.765918 -0.386533 0.476773 0.229225 -0.897987 -0.305232 0.218881 0.229225 -0.897987 -0.305232 0.218881 0.229225 -0.897987 -0.305232 0.218881 -0.109818 -0.849643 -0.071062 0.510878 0.239938 -0.852083 0.009520 0.465074 -0.106605 -0.702310 -0.031020 0.703159 -0.106605 -0.702310 -0.031020 0.703159 -0.106605 -0.702310 -0.031020 0.703159 0.240573 -0.929725 -0.003672 0.278786 0.240573 -0.929725 -0.003672 0.278786 0.240573 -0.929725 -0.003672 0.278786 0.240573 -0.929725 -0.003672 0.278786 0.283713 -0.493314 0.123342 0.812979 0.246732 -0.365130 0.189328 0.877472 0.246755 -0.365125 0.189338 0.877466 0.240573 -0.929725 -0.003672 0.278786 0.240573 -0.929725 -0.003672 0.278786 0.240573 -0.929725 -0.003672 0.278786 0.240573 -0.929725 -0.003672 0.278786 0.566129 -0.767981 -0.099714 0.282417 0.508755 -0.827364 -0.178400 0.157515 0.508759 -0.827369 -0.178378 0.157501
-0.002798 0.772468 -0.000550 0.240596 -0.936376 -0.001308 0.255563 0.084788 -0.797113 -0.321078 0.504312 0.178181 -0.774866 -0.368763 0.481506 0.225612 -0.899856 -0.306864 0.212586 0.225612 -0.899856 -0.306864 0.212586 0.225612 -0.899856 -0.306864 0.212586 -0.091709 -0.856586 -0.083874 0.500815 0.239378 -0.852597 0.012411 0.464352 -0.103876 -0.690201 -0.008873 0.716068 -0.103876 -0.690201 -0.008873 0.716068 -0.103876 -0.690201 -0.008873 0.716068 0.240596 -0.936376 -0.001308 0.255563 0.240596 -0.936376 -0.001308 0.255563 0.240596 -0.936376 -0.001308 0.255563 0.240596 -0.936376 -0.001308 0.255563 0.242436 -0.497368 0.143946 0.820445 0.196043 -0.351629 0.212394 0.890401 0.196066 -0.351623 0.212403 0.890395 0.240596 -0.936376 -0.001308 0.255563 0.240596 -0.936376 -0.001308 0.255563 0.240596 -0.936376 -0.001308 0.255563 0.240596 -0.936376 -0.001308 0.255563 0.559743 -0.784033 -0.088816 0.253165 0.504192 -0.837705 -0.166506 0.127735 0.504195 -0.837710 -0.166484 0.127722
-0.002720 0.770744 -0.000405 0.240115 -0.942441 -0.000235 0.232699 0.073468 -0.806182 -0.311702 0.497509 0.155515 -0.782541 -0.343425 0.495483 0.208371 -0.900630 -0.305407 0.228418 0.208371 -0.900630 -0.305407 0.228418 0.208371 -0.900630 -0.305407 0.228418 -0.080004 -0.864844 -0.091115 0.487178 0.235239 -0.853798 0.015457 0.464168 -0.101051 -0.683733 0.005492 0.722681 -0.101051 -0.683733 0.005492 0.722681 -0.101051 -0.683733 0.005492 0.722681 0.240114 -0.942442 -0.000235 0.232699 0.240114 -0.942442 -0.000235 0.232699 0.240114 -0.942442 -0.000235 0.232699 0.240114 -0.942442 -0.000235 0.232699 0.222368 -0.545146 0.147445 0.794751 0.177634 -0.386594 0.205134 0.881426 0.177657 -0.386588 0.205144 0.881421 0.240114 -0.942442 -0.000235 0.232699 0.240114 -0.942442 -0.000235 0.232699 0.240114 -0.942442 -0.000235 0.232699 0.240114 -0.942442 -0.000235 0.232699 0.549847 -0.800190 -0.078294 0.226349 0.489837 -0.852398 -0.152756 0.100714 0.489840 -0.852402 -0.152734 0.100702
-0.002661 0.771213 -0.000253 0.238686 -0.947560 -0.000232 0.212507 0.069541 -0.813678 -0.303866 0.490670 0.137191 -0.794398 -0.328894 0.491873 0.193930 -0.903223 -0.312275 0.221503 0.193930 -0.903223 -0.312275 0.221503 0.193930 -0.903223 -0.312275 0.221503 -0.074614 -0.873007 -0.091578 0.473186 0.232724 -0.853969 0.021189 0.464896 -0.096204 -0.682198 0.021764 0.724484 -0.096204 -0.682198 0.021764 0.724484 -0.096204 -0.682198 0.021764 0.724484 0.238686 -0.947560 -0.000232 0.212507 0.238686 -0.947560 -0.000232 0.212507 0.238686 -0.947560 -0.000232 0.212507 0.238686 -0.947560 -0.000232 0.212507 0.210432 -0.620900 0.139587 0.742103 0.172879 -0.428209 0.183736 0.867751 0.172901 -0.428204 0.183747 0.867746 0.238686 -0.947560 -0.000232 0.212507 0.238686 -0.947560 -0.000232 0.212507 0.238686 -0.947560 -0.000232 0.212507 0.238686 -0.947560 -0.000232 0.212507 0.538289 -0.814126 -0.068868 0.206642 0.465140 -0.870583 -0.140326 0.077709 0.465142 -0.870587 -0.140303 0.077697
-0.002627 0.772355 -0.000124 0.235836 -0.951433 -0.001300 0.197876 0.063499 -0.821773 -0.297588 0.481766 0.122965 -0.802214 -0.318437 0.489826 0.181595 -0.908808 -0.302088 0.223235 0.181595 -0.908808 -0.302088 0.223235 0.181595 -0.908808 -0.302088 0.223235 -0.073889 -0.872885 -0.089294 0.473961 0.231280 -0.853280 0.026989 0.466577 -0.095636 -0.673441 0.041734 0.731840 -0.095636 -0.673441 0.041734 0.731840 -0.095636 -0.673441 0.041734 0.731840 0.235835 -0.951433 -0.001300 0.197876 0.235835 -0.951433 -0.001300 0.197876 0.235835 -0.951433 -0.001300 0.197876 0.235835 -0.951433 -0.001300 0.197876 0.199668 -0.694373 0.126024 0.679777 0.178782 -0.453998 0.154413 0.859115 0.178805 -0.453994 0.154425 0.859111 0.235835 -0.951433 -0.001300 0.197876 0.235835 -0.951433 -0.001300 0.197876 0.235835 -0.951433 -0.001300 0.197876 0.235835 -0.951433 -0.001300 0.197876 0.525041 -0.826473 -0.062402 0.193340 0.430190 -0.891392 -0.128334 0.062342 0.430191 -0.891396 -0.128311 0.062331
-0.002594 0.773514 -0.000014 0.233595 -0.955068 -0.002112 0.182414 0.052846 -0.831513 -0.295995 0.467098 0.108810 -0.816569 -0.307230 0.476429 0.171350 -0.917425 -0.295702 0.203789 0.171350 -0.917425 -0.295702 0.203789 0.171350 -0.917425 -0.295702 0.203789 -0.074690 -0.880496 -0.085923 0.460179 0.229084 -0.861136 0.036849 0.452336 -0.090220 -0.688593 0.050649 0.717729 -0.090220 -0.688593 0.050649 0.717729 -0.090220 -0.688593 0.050649 0.717729 0.233594 -0.955068 -0.002112 0.182414 0.233594 -0.955068 -0.002112 0.182414 0.233594 -0.955068 -0.002112 0.182414 0.233594 -0.955068 -0.002112 0.182414 0.201323 -0.746697 0.112494 0.623905 0.178154 -0.466755 0.151425 0.852919 0.178176 -0.466751 0.151437 0.852915 0.233594 -0.955068 -0.002112 0.182414 0.233594 -0.955068 -0.002112 0.182414 0.233594 -0.955068 -0.002112 0.182414 0.233594 -0.955068 -0.002112 0.182414 0.510518 -0.839664 -0.056175 0.176579 0.393160 -0.911010 -0.115568 0.046153 0.393161 -0.911013 -0.115544 0.046143
-0.002552 0.773746 0.000098 0.232171 -0.958194 -0.002107 0.167201 0.048191 -0.833421 -0.299490 0.461945 0.096405 -0.823537 -0.293668 0.475659 0.158074 -0.922547 -0.278812 0.214904 0.158074 -0.922547 -0.278812 0.214904 0.158074 -0.922547 -0.278812 0.214904 -0.075353 -0.885430 -0.082158 0.451205 0.229181 -0.863855 0.043047 0.446518 -0.082129 -0.693108 0.063380 0.713330 -0.082129 -0.693108 0.063380 0.713330 -0.082129 -0.693108 0.063380 0.713330 0.232171 -0.958194 -0.002107 0.167201 0.232171 -0.958194 -0.002107 0.167201 0.232171 -0.958194 -0.002107 0.167201 0.232171 -0.958194 -0.002107 0.167201 0.225430 -0.782604 0.097541 0.572012 0.223862 -0.472604 0.137587 0.841190 0.223884 -0.472601 0.137599 0.841184 0.232171 -0.958194 -0.002107 0.167201 0.232171 -0.958194 -0.002107 0.167201 0.232171 -0.958194 -0.002107 0.167201 0.232171 -0.958194 -0.002107 0.167201 0.493336 -0.853793 -0.049492 0.158770 0.351456 -0.930230 -0.100437 0.032609 0.351457 -0.930233 -0.100413 0.032600
-0.002503 0.773399 0.000199 0.230994 -0.960766 -0.002260 0.153509 0.043570 -0.839524 -0.304300 0.447999 0.078325 -0.840735 -0.292847 0.448632 0.142506 -0.933718 -0.274262 0.180674 0.142506 -0.933718 -0.274262 0.180674 0.142506 -0.933718 -0.274262 0.180674 -0.076796 -0.888815 -0.079060 0.444815 0.226744 -0.867398 0.046505 0.440506 -0.085481 -0.696095 0.066677 0.709718 -0.085481 -0.696095 0.066677 0.709718 -0.085481 -0.696095 0.066677 0.709718 0.230994 -0.960766 -0.002260 0.153509 0.230994 -0.960766 -0.002260 0.153509 0.230994 -0.960766 -0.002260 0.153509 0.230994 -0.960766 -0.002260 0.153509 0.235777 -0.803922 0.089918 0.538547 0.242572 -0.470064 0.135765 0.837715 0.242594 -0.470060 0.135777 0.837709 0.230994 -0.960766 -0.002260 0.153509 0.230994 -0.960766 -0.002260 0.153509 0.230994 -0.960766 -0.002260 0.153509 0.230994 -0.960766 -0.002260 0.153509 0.477829 -0.864740 -0.042652 0.148609 0.319976 -0.942550 -0.095356 0.011079 0.319976 -0.942552 -0.095332 0.011071
-0.002455 0.772883 0.000289 0.229270 -0.963217 -0.004676 0.140092 0.040323 -0.846878 -0.310414 0.429901 0.064632 -0.847611 -0.288900 0.440358 0.135299 -0.938765 -0.274609 0.158130 0.135299 -0.938765 -0.274609 0.158130 0.135299 -0.938765 -0.274609 0.158130 -0.076931 -0.889980 -0.077553 0.442722 0.227997 -0.867676 0.046670 0.439293 -0.070893 -0.694046 0.079663 0.711989 -0.070893 -0.694046 0.079663 0.711989 -0.070893 -0.694046 0.079663 0.711989 0.229270 -0.963217 -0.004676 0.140092 0.229270 -0.963217 -0.004676 0.140092 0.229270 -0.963217 -0.004676 0.140092 0.229270 -0.963217 -0.004676 0.140092 0.237021 -0.821558 0.083354 0.511776 0.251195 -0.468249 0.132427 0.836724 0.251217 -0.468245 0.132439 0.836718 0.229270 -0.963217 -0.004676 0.140092 0.229270 -0.963217 -0.004676 0.140092 0.229270 -0.963217 -0.004676 0.140092 0.229270 -0.963217 -0.004676 0.140092 0.474984 -0.867811 -0.039883 0.140372 0.314512 -0.944065 -0.098774 -0.008244 0.314511 -0.944067 -0.098749 -0.008253
-0.002408 0.772384 0.000382 0.227191 -0.966456 -0.005613 0.119648 0.033242 -0.853899 -0.308289 0.417981 0.057729 -0.855406 -0.293753 0.422678 0.127819 -0.938800 -0.288736 0.137657 0.127819 -0.938800 -0.288736 0.137657 0.127819 -0.938800 -0.288736 0.137657 -0.077370 -0.897074 -0.074715 0.428590 0.226188 -0.869360 0.056350 0.435748 -0.071468 -0.695909 0.092379 0.708568 -0.071468 -0.695909 0.092379 0.708568 -0.071468 -0.695909 0.092379 0.708568 0.227190 -0.966456 -0.005613 0.119648 0.227190 -0.966456 -0.005613 0.119648 0.227190 -0.966456 -0.005613 0.119648 0.227190 -0.966456 -0.005613 0.119648 0.213979 -0.846519 0.081568 0.480589 0.243980 -0.479745 0.118633 0.834413 0.244002 -0.479742 0.118645 0.834406 0.227190 -0.966456 -0.005613 0.119648 0.227190 -0.966456 -0.005613 0.119648 0.227190 -0.966456 -0.005613 0.119648 0.227190 -0.966456 -0.005613 0.119648 0.459863 -0.881581 -0.038732 0.099199 0.259151 -0.959090 -0.099901 -0.054833 0.259149 -0.959093 -0.099876 -0.054840
-0.002373 0.772020 0.000480 0.224115 -0.969393 -0.006007 0.100068 0.025384 -0.862373 -0.302583 0.405106 0.046918 -0.863084 -0.290116 0.410752 0.118134 -0.941430 -0.290538 0.123864 0.118134 -0.941430 -0.290538 0.123864 0.118134 -0.941430 -0.290538 0.123864 -0.079376 -0.903391 -0.069669 0.415608 0.221127 -0.869833 0.069674 0.435476 -0.079846 -0.693548 0.108474 0.707707 -0.079846 -0.693548 0.108474 0.707707 -0.079846 -0.693548 0.108474 0.707707 0.224114 -0.969393 -0.006007 0.100068 0.224114 -0.969393 -0.006007 0.100068 0.224114 -0.969393 -0.006007 0.100068 0.224114 -0.969393 -0.006007 0.100068 0.211846 -0.859915 0.078618 0.457697 0.257718 -0.483392 0.111294 0.829173 0.257739 -0.483389 0.111307 0.829166 0.224114 -0.969393 -0.006007 0.100068 0.224114 -0.969393 -0.006007 0.100068 0.224114 -0.969393 -0.006007 0.100068 0.224114 -0.969393 -0.006007 0.100068 0.448874 -0.889795 -0.034578 0.074710 0.219429 -0.964264 -0.107542 -0.102376 0.219426 -0.964267 -0.107516 -0.102382
-0.002353 0.771809 0.000584 0.220339 -0.971947 -0.005347 0.082107 0.025128 -0.868998 -0.302995 0.390391 0.034987 -0.870436 -0.289164 0.396864 0.108878 -0.945285 -0.288242 0.107231 0.108878 -0.945285 -0.288242 0.107231 0.108878 -0.945285 -0.288242 0.107231 -0.080822 -0.908817 -0.064045 0.404249 0.216872 -0.874452 0.080451 0.426412 -0.082925 -0.698810 0.120548 0.700183 -0.082925 -0.698810 0.120548 0.700183 -0.082925 -0.698810 0.120548 0.700183 0.220339 -0.971947 -0.005347 0.082107 0.220339 -0.971947 -0.005347 0.082107 0.220339 -0.971947 -0.005347 0.082107 0.220339 -0.971947 -0.005347 0.082107 0.214262 -0.871718 0.075528 0.434161 0.282292 -0.482443 0.103423 0.822717 0.282313 -0.482440 0.103435 0.822710 0.220339 -0.971947 -0.005347 0.082107 0.220339 -0.971947 -0.005347 0.082107 0.220339 -0.971947 -0.005347 0.082107 0.220339 -0.971947 -0.005347 0.082107 0.432466 -0.900042 -0.031604 0.043582 0.175173 -0.964102 -0.119225 -0.160020 0.175169 -0.964105 -0.119200 -0.160025
-0.002343 0.772039 0.000668 0.216540 -0.973991 -0.004950 0.066542 0.027663 -0.873584 -0.301678 0.380889 0.036065 -0.873556 -0.292913 0.387042 0.109618 -0.942037 -0.300878 0.100115 0.109618 -0.942037 -0.300878 0.100115 0.109618 -0.942037 -0.300878 0.100115 -0.085109 -0.915713 -0.053093 0.389110 0.204202 -0.877567 0.100605 0.421967 -0.110804 -0.700222 0.133820 0.692462 -0.110804 -0.700222 0.133820 0.692462 -0.110804 -0.700222 0.133820 0.692462 0.216540 -0.973991 -0.004950 0.066542 0.216540 -0.973991 -0.004950 0.066542 0.216540 -0.973991 -0.004950 0.066542 0.216540 -0.973991 -0.004950 0.066542 0.224881 -0.885244 0.069334 0.401204 0.308589 -0.477647 0.104811 0.815868 0.308610 -0.477644 0.104823 0.815860 0.216540 -0.973991 -0.004950 0.066542 0.216540 -0.973991 -0.004950 0.066542 0.216540 -0.973991 -0.004950 0.066542 0.216540 -0.973991 -0.004950 0.066542 0.413219 -0.910008 -0.029062 0.017064 0.122440 -0.963870 -0.124436 -0.201192 0.122435 -0.963874 -0.124411 -0.201195
-0.002331 0.772438 0.000704 0.212375 -0.975636 -0.004524 0.054876 0.029375 -0.877627 -0.301737 0.371299 0.033946 -0.877587 -0.292036 0.378688 0.108278 -0.940199 -0.309247 0.093102 0.108278 -0.940199 -0.309247 0.093102 0.108278 -0.940199 -0.309247 0.093102 -0.085016 -0.918985 -0.039427 0.382994 0.195689 -0.877252 0.116594 0.422540 -0.120274 -0.696267 0.151244 0.691282 -0.120274 -0.696267 0.151244 0.691282 -0.120274 -0.696267 0.151244 0.691282 0.212374 -0.975636 -0.004524 0.054876 0.212374 -0.975636 -0.004524 0.054876 0.212374 -0.975636 -0.004524 0.054876 0.212374 -0.975636 -0.004524 0.054876 0.216097 -0.911748 0.058578 0.344363 0.341971 -0.464225 0.093053 0.811721 0.341993 -0.464223 0.093066 0.811712 0.212374 -0.975636 -0.004524 0.054876 0.212374 -0.975636 -0.004524 0.054876 0.212374 -0.975636 -0.004524 0.054876 0.212374 -0.975636 -0.004524 0.054876 0.391201 -0.919947 -0.024981 0.005918 0.073549 -0.966454 -0.118444 -0.215705 0.073544 -0.966457 -0.118419 -0.215707
-0.002319 0.772914 0.000708 0.208398 -0.977017 -0.004117 0.044611 0.034295 -0.883935 -0.293653 0.362285 0.036739 -0.883966 -0.283062 0.370310 0.113247 -0.942666 -0.301986 0.085792 0.113247 -0.942666 -0.301986 0.085792 0.113247 -0.942666 -0.301986 0.085792 -0.081973 -0.921153 -0.025174 0.379636 0.183657 -0.875962 0.125071 0.428156 -0.130000 -0.688141 0.165505 0.694385 -0.130000 -0.688141 0.165505 0.694385 -0.130000 -0.688141 0.165505 0.694385 0.208398 -0.977017 -0.004117 0.044611 0.208398 -0.977017 -0.004117 0.044611 0.208398 -0.977017 -0.004117 0.044611 0.208398 -0.977017 -0.004117 0.044611 0.202706 -0.939296 0.045046 0.273136 0.388377 -0.453893 0.081016 0.797860 0.388397 -0.453891 0.081027 0.797850 0.208398 -0.977017 -0.004117 0.044611 0.208398 -0.977017 -0.004117 0.044611 0.208398 -0.977017 -0.004117 0.044611 0.208398 -0.977017 -0.004117 0.044611 0.367668 -0.929695 -0.021631 -0.004342 0.025097 -0.966182 -0.113408 -0.230218 0.025091 -0.966185 -0.113383 -0.230219
-0.002309 0.774376 0.000710 0.204832 -0.978185 -0.002303 0.034534 0.037146 -0.887005 -0.294331 0.353853 0.038822 -0.885478 -0.289159 0.361674 0.111867 -0.939713 -0.313509 0.078338 0.111867 -0.939713 -0.313509 0.078338 0.111867 -0.939713 -0.313509 0.078338 -0.076843 -0.922982 -0.013696 0.376845 0.174204 -0.875757 0.125902 0.432263 -0.141430 -0.682370 0.164332 0.698115 -0.141430 -0.682370 0.164332 0.698115 -0.141430 -0.682370 0.164332 0.698115 0.204831 -0.978185 -0.002303 0.034534 0.204831 -0.978185 -0.002303 0.034534 0.204831 -0.978185 -0.002303 0.034534 0.204831 -0.978185 -0.002303 0.034534 0.200743 -0.955428 0.035382 0.213558 0.430074 -0.445028 0.084431 0.780934 0.430095 -0.445026 0.084442 0.780923 0.204831 -0.978185 -0.002303 0.034534 0.204831 -0.978185 -0.002303 0.034534 0.204831 -0.978185 -0.002303 0.034534 0.204831 -0.978185 -0.002303 0.034534 0.345375 -0.937850 -0.020132 -0.027367 -0.019278 -0.956225 -0.119245 -0.266539 -0.019285 -0.956228 -0.119221 -0.266538
-0.002287 0.776046 0.000679 0.201494 -0.979228 -0.005445 0.021987 0.041784 -0.892581 -0.294923 0.338488 0.033060 -0.889699 -0.290481 0.350662 0.104292 -0.942354 -0.311136 0.065470 0.104292 -0.942354 -0.311136 0.065470 0.104292 -0.942354 -0.311136 0.065470 -0.071153 -0.924696 -0.002295 0.373991 0.168086 -0.873600 0.131802 0.437262 -0.149160 -0.673476 0.173550 0.702895 -0.149160 -0.673476 0.173550 0.702895 -0.149160 -0.673476 0.173550 0.702895 0.201494 -0.979228 -0.005445 0.021987 0.201494 -0.979228 -0.005445 0.021987 0.201494 -0.979228 -0.005445 0.021987 0.201494 -0.979228 -0.005445 0.021987 0.193268 -0.968691 0.022019 0.154274 0.486408 -0.430608 0.083095 0.755698 0.486427 -0.430606 0.083106 0.755685 0.201494 -0.979228 -0.005445 0.021987 0.201494 -0.979228 -0.005445 0.021987 0.201494 -0.979228 -0.005445 0.021987 0.201494 -0.979228 -0.005445 0.021987 0.320611 -0.946950 -0.015704 -0.015745 -0.070185 -0.960051 -0.102045 -0.250926 -0.070191 -0.960053 -0.102020 -0.250924
-0.002266 0.777464 0.000664 0.197730 -0.980120 -0.008325 0.014104 0.048633 -0.889805 -0.301824 0.338798 0.040441 -0.888135 -0.293755 0.351126 0.107659 -0.937722 -0.321133 0.077198 0.107659 -0.937722 -0.321133 0.077198 0.107659 -0.937722 -0.321133 0.077198 -0.068625 -0.924823 0.025826 0.373265 0.137637 -0.871937 0.133951 0.450376 -0.231308 -0.639447 0.167555 0.713814 -0.231308 -0.639447 0.167555 0.713814 -0.231308 -0.639447 0.167555 0.713814 0.197730 -0.980120 -0.008325 0.014104 0.197730 -0.980120 -0.008325 0.014104 0.197730 -0.980120 -0.008325 0.014104 0.197730 -0.980120 -0.008325 0.014104 0.190555 -0.976373 0.009435 0.101467 0.543336 -0.415323 0.088878 0.724150 0.543355 -0.415320 0.088889 0.724136 0.197730 -0.980120 -0.008325 0.014104 0.197730 -0.980120 -0.008325 0.014104 0.197730 -0.980120 -0.008325 0.014104 0.197730 -0.980120 -0.008325 0.014104 0.286639 -0.957025 -0.020157 -0.039176 -0.126395 -0.938279 -0.115004 -0.300717 -0.126403 -0.938282 -0.114979 -0.300713
-0.002250 0.778005 0.000662 0.192879 -0.981125 -0.011720 0.007363 0.054832 -0.889660 -0.305329 0.335071 0.041143 -0.888959 -0.293997 0.348747 0.105152 -0.937253 -0.321861 0.083095 0.105152 -0.937253 -0.321861 0.083095 0.105152 -0.937253 -0.321861 0.083095 -0.047320 -0.929516 0.021068 0.365127 0.163075 -0.881607 0.127094 0.424290 -0.178025 -0.670002 0.173812 0.699424 -0.178025 -0.670002 0.173812 0.699424 -0.178025 -0.670002 0.173812 0.699424 0.192878 -0.981125 -0.011720 0.007363 0.192878 -0.981125 -0.011720 0.007363 0.192878 -0.981125 -0.011720 0.007363 0.192878 -0.981125 -0.011720 0.007363 0.171776 -0.982765 0.000399 0.068304 0.564355 -0.413332 0.084963 0.709536 0.564374 -0.413330 0.084973 0.709521 0.192878 -0.981125 -0.011720 0.007363 0.192878 -0.981125 -0.011720 0.007363 0.192878 -0.981125 -0.011720 0.007363 0.192878 -0.981125 -0.011720 0.007363 0.250802 -0.964888 -0.027747 -0.072940 -0.185785 -0.898691 -0.136836 -0.372980 -0.185795 -0.898695 -0.136813 -0.372975
-0.002241 0.778058 0.000650 0.186661 -0.982302 -0.015448 0.001533 0.057201 -0.894780 -0.305193 0.320865 0.033825 -0.895288 -0.282249 0.343003 0.100345 -0.949320 -0.287957 0.076184 0.100345 -0.949320 -0.287957 0.076184 0.100345 -0.949320 -0.287957 0.076184 -0.036367 -0.932324 0.026921 0.358783 0.163780 -0.885210 0.126027 0.416770 -0.177839 -0.676815 0.169944 0.693840 -0.177839 -0.676815 0.169944 0.693840 -0.177839 -0.676815 0.169944 0.693840 0.186661 -0.982302 -0.015448 0.001533 0.186661 -0.982302 -0.015448 0.001533 0.186661 -0.982302 -0.015448 0.001533 0.186661 -0.982302 -0.015448 0.001533 0.153700 -0.986765 -0.006002 0.051340 0.570307 -0.430704 0.076012 0.695317 0.570325 -0.430702 0.076023 0.695302 0.186661 -0.982302 -0.015448 0.001533 0.186661 -0.982302 -0.015448 0.001533 0.186661 -0.982302 -0.015448 0.001533 0.186661 -0.982302 -0.015448 0.001533 0.224958 -0.968121 -0.035399 -0.104320 -0.237715 -0.852041 -0.158677 -0.438564 -0.237727 -0.852045 -0.158655 -0.438558
-0.002233 0.777933 0.000632 0.180347 -0.983402 -0.019451 -0.004266 0.058675 -0.898564 -0.306863 0.308181 0.030384 -0.898977 -0.279078 0.336202 0.096638 -0.956610 -0.265137 0.072528 0.096638 -0.956610 -0.265137 0.072528 0.096638 -0.956610 -0.265137 0.072528 -0.026534 -0.929838 0.025711 0.366110 0.153118 -0.880468 0.120874 0.432111 -0.181680 -0.655769 0.175559 0.711434 -0.181680 -0.655769 0.175560 0.711434 -0.181680 -0.655769 0.175560 0.711434 0.180346 -0.983402 -0.019451 -0.004266 0.180346 -0.983402 -0.019451 -0.004266 0.180346 -0.983402 -0.019451 -0.004266 0.180346 -0.983402 -0.019451 -0.004266 0.146982 -0.988656 -0.013852 0.027623 0.550471 -0.452778 0.081841 0.696617 0.550489 -0.452776 0.081852 0.696603 0.180346 -0.983402 -0.019451 -0.004266 0.180346 -0.983402 -0.019451 -0.004266 0.180346 -0.983402 -0.019451 -0.004266 0.180346 -0.983402 -0.019451 -0.004266 0.205317 -0.970028 -0.040918 -0.123350 -0.278958 -0.808568 -0.172945 -0.488354 -0.278971 -0.808573 -0.172924 -0.488347
-0.002229 0.779266 0.000615 0.174295 -0.984337 -0.024199 -0.010836 0.062430 -0.899884 -0.305400 0.305028 0.030536 -0.901382 -0.271728 0.335771 0.096823 -0.960774 -0.247039 0.080688 0.096823 -0.960774 -0.247039 0.080688 0.096823 -0.960774 -0.247039 0.080688 -0.013997 -0.929654 0.036066 0.366396 0.146599 -0.876391 0.118759 0.443108 -0.163428 -0.641644 0.193767 0.723905 -0.163428 -0.641644 0.193767 0.723905 -0.163428 -0.641644 0.193767 0.723905 0.174294 -0.984337 -0.024199 -0.010836 0.174294 -0.984337 -0.024199 -0.010836 0.174294 -0.984337 -0.024199 -0.010836 0.174294 -0.984337 -0.024199 -0.010836 0.131153 -0.990965 -0.019317 0.020341 0.587450 -0.446594 0.068099 0.671430 0.587468 -0.446593 0.068111 0.671415 0.174294 -0.984337 -0.024199 -0.010836 0.174294 -0.984337 -0.024199 -0.010836 0.174294 -0.984337 -0.024199 -0.010836 0.174294 -0.984337 -0.024199 -0.010836 0.201669 -0.968151 -0.046527 -0.140884 -0.304994 -0.770571 -0.190991 -0.526042 -0.305008 -0.770576 -0.190971 -0.526035
-0.002224 0.782470 0.000606 0.168696 -0.985081 -0.029747 -0.016525 0.065674 -0.902301 -0.302365 0.300193 0.035840 -0.905293 -0.257410 0.336007 0.097855 -0.965389 -0.225583 0.086958 0.097855 -0.965389 -0.225583 0.086958 0.097855 -0.965389 -0.225583 0.086958 -0.002375 -0.930487 0.028920 0.365174 0.134738 -0.877674 0.115991 0.445063 -0.178943 -0.631584 0.194335 0.728914 -0.178943 -0.631584 0.194335 0.728914 -0.178943 -0.631584 0.194335 0.728914 0.168695 -0.985081 -0.029747 -0.016525 0.168695 -0.985081 -0.029747 -0.016525 0.168695 -0.985081 -0.029747 -0.016525 0.168695 -0.985081 -0.029747 -0.016525 0.113649 -0.992875 -0.031114 -0.017736 0.655946 -0.444729 0.067166 0.606168 0.655962 -0.444727 0.067177 0.606151 0.168695 -0.985081 -0.029747 -0.016525 0.168695 -0.985081 -0.029747 -0.016525 0.168695 -0.985081 -0.029747 -0.016525 0.168695 -0.985081 -0.029747 -0.016525 0.201729 -0.964559 -0.053399 -0.161493 -0.327872 -0.738625 -0.210812 -0.549993 -0.327886 -0.738630 -0.210793 -0.549984
-0.002211 0.785987 0.000601 0.163830 -0.985680 -0.033949 -0.021041 0.069317 -0.904920 -0.295815 0.298006 0.042928 -0.908892 -0.241689 0.337133 0.106515 -0.967830 -0.207992 0.093272 0.106515 -0.967830 -0.207992 0.093272 0.106515 -0.967830 -0.207992 0.093272 0.014180 -0.935318 0.036220 0.351665 0.141524 -0.882172 0.120145 0.432792 -0.161414 -0.642735 0.208728 0.719214 -0.161414 -0.642735 0.208728 0.719214 -0.161414 -0.642735 0.208728 0.719214 0.163829 -0.985680 -0.033949 -0.021041 0.163829 -0.985680 -0.033949 -0.021041 0.163829 -0.985680 -0.033949 -0.021041 0.163829 -0.985680 -0.033949 -0.021041 0.083998 -0.994761 -0.039577 -0.042765 0.690527 -0.444307 0.059937 0.567602 0.690541 -0.444306 0.059949 0.567584 0.163829 -0.985680 -0.033949 -0.021041 0.163829 -0.985680 -0.033949 -0.021041 0.163829 -0.985680 -0.033949 -0.021041 0.163829 -0.985680 -0.033949 -0.021041 0.200096 -0.960440 -0.059448 -0.184342 -0.351196 -0.701797 -0.230693 -0.575259 -0.351211 -0.701803 -0.230675 -0.575250
-0.002187 0.788962 0.000596 0.160102 -0.986048 -0.037426 -0.026006 0.071800 -0.911044 -0.278081 0.295830 0.046781 -0.915869 -0.212437 0.337441 0.114916 -0.972266 -0.177844 0.099325 0.114916 -0.972266 -0.177844 0.099325 0.114916 -0.972266 -0.177844 0.099325 0.021383 -0.939241 0.022673 0.341841 0.139454 -0.890581 0.094558 0.422466 -0.154781 -0.647487 0.208477 0.716478 -0.154781 -0.647487 0.208477 0.716478 -0.154781 -0.647487 0.208477 0.716478 0.160101 -0.986048 -0.037426 -0.026006 0.160101 -0.986048 -0.037426 -0.026006 0.160101 -0.986048 -0.037426 -0.026006 0.160101 -0.986048 -0.037426 -0.026006 0.062484 -0.995420 -0.045296 -0.056426 0.695541 -0.466181 0.052375 0.544201 0.695555 -0.466180 0.052387 0.544183 0.160101 -0.986048 -0.037426 -0.026006 0.160101 -0.986048 -0.037426 -0.026006 0.160101 -0.986048 -0.037426 -0.026006 0.160101 -0.986048 -0.037426 -0.026006 0.187535 -0.957220 -0.065546 -0.210389 -0.375260 -0.656301 -0.246239 -0.606478 -0.375275 -0.656308 -0.246221 -0.606468
-0.002155 0.791730 0.000594 0.157217 -0.986217 -0.040652 -0.031706 0.074598 -0.916323 -0.262256 0.293273 0.049629 -0.920797 -0.190506 0.336715 0.119187 -0.975909 -0.149807 0.104660 0.119187 -0.975909 -0.149807 0.104660 0.119187 -0.975909 -0.149807 0.104660 0.031792 -0.939939 -0.000930 0.339859 0.148851 -0.893209 0.075690 0.417483 -0.107515 -0.654062 0.221154 0.715356 -0.107515 -0.654062 0.221154 0.715356 -0.107515 -0.654062 0.221154 0.715356 0.157217 -0.986218 -0.040652 -0.031706 0.157217 -0.986218 -0.040652 -0.031706 0.157217 -0.986218 -0.040652 -0.031706 0.157217 -0.986218 -0.040652 -0.031706 0.043298 -0.996338 -0.048525 -0.055504 0.683511 -0.481666 0.038394 0.547116 0.683525 -0.481665 0.038407 0.547098 0.157217 -0.986218 -0.040652 -0.031706 0.157217 -0.986218 -0.040652 -0.031706 0.157217 -0.986218 -0.040652 -0.031706 0.157217 -0.986218 -0.040652 -0.031706 0.175319 -0.953465 -0.071091 -0.234765 0.386926 0.616748 0.258031 0.635083 0.386942 0.616755 0.258015 0.635073
-0.002121 0.794738 0.000594 0.154595 -0.986323 -0.042399 -0.038343 0.078849 -0.922292 -0.246503 0.287049 0.053620 -0.925738 -0.175215 0.330807 0.124910 -0.977746 -0.134450 0.101657 0.124910 -0.977746 -0.134450 0.101657 0.124910 -0.977746 -0.134450 0.101657 0.035368 -0.941453 -0.000446 0.335283 0.149849 -0.892472 0.072826 0.419209 -0.123239 -0.644996 0.222717 0.720547 -0.123239 -0.644996 0.222717 0.720547 -0.123239 -0.644996 0.222717 0.720547 0.154594 -0.986323 -0.042399 -0.038343 0.154594 -0.986323 -0.042399 -0.038343 0.154594 -0.986323 -0.042399 -0.038343 0.154594 -0.986323 -0.042399 -0.038343 0.018434 -0.997487 -0.049554 -0.047157 0.660018 -0.502432 0.016560 0.558269 0.660033 -0.502431 0.016573 0.558251 0.154594 -0.986323 -0.042399 -0.038343 0.154594 -0.986323 -0.042399 -0.038343 0.154594 -0.986323 -0.042399 -0.038343 0.154594 -0.986323 -0.042399 -0.038343 0.168538 -0.946401 -0.075658 -0.264944 0.386513 0.580653 0.272632 0.662663 0.386530 0.580660 0.272617 0.662652
-0.002089 0.797438 0.000594 0.152602 -0.986434 -0.042546 -0.043013 0.082786 -0.928151 -0.230722 0.280089 0.057367 -0.931042 -0.162515 0.321651 0.131777 -0.979274 -0.123551 0.091612 0.131777 -0.979274 -0.123551 0.091612 0.131777 -0.979274 -0.123551 0.091612 0.038371 -0.944970 -0.009689 0.324756 0.160182 -0.900665 0.064732 0.398691 -0.090390 -0.669247 0.223969 0.702692 -0.090390 -0.669247 0.223969 0.702692 -0.090390 -0.669247 0.223969 0.702692 0.152602 -0.986434 -0.042546 -0.043013 0.152602 -0.986434 -0.042546 -0.043013 0.152602 -0.986434 -0.042546 -0.043013 0.152602 -0.986434 -0.042546 -0.043013 -0.005648 -0.997524 -0.050752 -0.048362 0.655187 -0.515349 0.002417 0.552394 0.655202 -0.515349 0.002431 0.552377 0.152602 -0.986434 -0.042546 -0.043013 0.152602 -0.986434 -0.042546 -0.043013 0.152602 -0.986434 -0.042546 -0.043013 0.152602 -0.986434 -0.042546 -0.043013 0.142754 -0.941794 -0.079835 -0.293722 0.395258 0.542991 0.273661 0.688507 0.395276 0.542998 0.273647 0.688497
-0.002065 0.799548 0.000596 0.150789 -0.986486 -0.043036 -0.047488 0.085822 -0.931167 -0.221889 0.276274 0.061236 -0.932871 -0.158618 0.317556 0.135126 -0.979114 -0.122716 0.089545 0.135126 -0.979114 -0.122716 0.089545 0.135126 -0.979114 -0.122716 0.089545 0.043181 -0.945797 -0.007079 0.321798 0.167005 -0.899687 0.072106 0.396829 -0.049188 -0.669261 0.252166 0.697196 -0.049188 -0.669261 0.252166 0.697196 -0.049188 -0.669261 0.252166 0.697196 0.150788 -0.986487 -0.043036 -0.047488 0.150788 -0.986487 -0.043036 -0.047488 0.150788 -0.986487 -0.043036 -0.047488 0.150788 -0.986486 -0.043036 -0.047488 -0.020210 -0.995464 -0.055771 -0.074383 0.682877 -0.520625 0.011456 0.512345 0.682890 -0.520625 0.011470 0.512327 0.150788 -0.986487 -0.043036 -0.047488 0.150788 -0.986487 -0.043036 -0.047488 0.150788 -0.986487 -0.043036 -0.047488 0.150788 -0.986486 -0.043036 -0.047488 0.079958 -0.938070 -0.086861 -0.325709 0.399913 0.504653 0.247298 0.724043 0.399932 0.504659 0.247285 0.724033
-0.002049 0.801049 0.000616 0.148343 -0.986226 -0.045001 -0.057692 0.089764 -0.933768 -0.218459 0.268878 0.064762 -0.934109 -0.159511 0.312733 0.135244 -0.979378 -0.121130 0.088634 0.135244 -0.979378 -0.121130 0.088634 0.135244 -0.979378 -0.121130 0.088634 0.033532 -0.948339 0.006577 0.315412 0.141719 -0.901024 0.068096 0.404271 -0.099454 -0.644553 0.246638 0.716820 -0.099454 -0.644553 0.246638 0.716820 -0.099454 -0.644553 0.246638 0.716820 0.148343 -0.986226 -0.045001 -0.057692 0.148343 -0.986226 -0.045001 -0.057692 0.148343 -0.986226 -0.045001 -0.057692 0.148343 -0.986226 -0.045001 -0.057692 -0.039514 -0.990708 -0.064517 -0.113024 0.714577 -0.538180 0.028685 0.446003 0.714589 -0.538180 0.028699 0.445984 0.148343 -0.986226 -0.045001 -0.057692 0.148343 -0.986226 -0.045001 -0.057692 0.148343 -0.986226 -0.045001 -0.057692 0.148343 -0.986226 -0.045001 -0.057692 0.080664 -0.902093 -0.098465 -0.412342 0.356020 0.488128 0.282636 0.745049 0.356039 0.488135 0.282624 0.745040
-0.002038 0.802901 0.000642 0.143740 -0.986026 -0.047717 -0.069393 0.091468 -0.935868 -0.219223 0.260241 0.066878 -0.934677 -0.163345 0.308584 0.132725 -0.979860 -0.119730 0.089014 0.132725 -0.979860 -0.119730 0.089014 0.132725 -0.979860 -0.119730 0.089014 0.037945 -0.949175 -0.008788 0.312331 0.136126 -0.901147 0.056224 0.407729 -0.113275 -0.629025 0.245750 0.728769 -0.113275 -0.629025 0.245750 0.728769 -0.113275 -0.629025 0.245750 0.728769 0.143740 -0.986026 -0.047717 -0.069393 0.143740 -0.986026 -0.047717 -0.069393 0.143740 -0.986026 -0.047717 -0.069393 0.143740 -0.986026 -0.047717 -0.069393 -0.059974 -0.986169 -0.071882 -0.136771 0.725101 -0.559254 0.035458 0.400257 0.725112 -0.559253 0.035472 0.400238 0.143740 -0.986026 -0.047717 -0.069393 0.143740 -0.986026 -0.047717 -0.069393 0.143740 -0.986026 -0.047717 -0.069393 0.143740 -0.986026 -0.047717 -0.069393 0.156568 -0.805484 -0.109732 -0.560929 0.229025 0.404856 0.370884 0.803794 0.229046 0.404866 0.370873 0.803788
-0.002021 0.804793 0.000652 0.138186 -0.985847 -0.049848 -0.080778 0.091831 -0.937724 -0.219469 0.253128 0.066313 -0.935954 -0.163870 0.304532 0.128141 -0.981116 -0.112933 0.090764 0.128141 -0.981116 -0.112933 0.090764 0.128141 -0.981116 -0.112933 0.090764 0.040818 -0.955435 0.003100 0.292351 0.155613 -0.907490 0.053719 0.386472 -0.076710 -0.651761 0.253450 0.710694 -0.076710 -0.651761 0.253450 0.710694 -0.076710 -0.651761 0.253450 0.710694 0.138185 -0.985847 -0.049848 -0.080778 0.138185 -0.985847 -0.049848 -0.080778 0.138185 -0.985847 -0.049848 -0.080778 0.138185 -0.985847 -0.049848 -0.080778 -0.073742 -0.982647 -0.077004 -0.151780 0.727955 -0.577836 0.039625 0.366902 0.727964 -0.577835 0.039640 0.366883 0.138185 -0.985847 -0.049848 -0.080778 0.138185 -0.985847 -0.049848 -0.080778 0.138185 -0.985847 -0.049848 -0.080778 0.138185 -0.985847 -0.049848 -0.080778 -0.141197 0.650822 0.124438 0.735534 0.148421 0.302247 0.409484 0.847904 0.148443 0.302257 0.409476 0.847900
-0.001996 0.806912 0.000627 0.132486 -0.985647 -0.051745 -0.090938 0.094082 -0.939043 -0.222304 0.244800 0.061650 -0.938567 -0.161357 0.298757 0.117465 -0.984442 -0.093115 0.091677 0.117465 -0.984442 -0.093115 0.091677 0.117465 -0.984442 -0.093115 0.091677 0.035556 -0.954782 -0.015863 0.294747 0.130237 -0.905960 0.045224 0.400287 -0.066216 -0.626711 0.264536 0.729979 -0.066216 -0.626711 0.264536 0.729979 -0.066216 -0.626711 0.264536 0.729979 0.132486 -0.985647 -0.051745 -0.090938 0.132486 -0.985647 -0.051745 -0.090938 0.132486 -0.985647 -0.051745 -0.090938 0.132486 -0.985647 -0.051745 -0.090938 -0.084625 -0.980634 -0.080426 -0.157247 0.730092 -0.590081 0.039129 0.342402 0.730100 -0.590080 0.039144 0.342383 0.132486 -0.985647 -0.051745 -0.090938 0.132486 -0.985647 -0.051745 -0.090938 0.132486 -0.985647 -0.051745 -0.090938 0.132486 -0.985647 -0.051745 -0.090938 -0.171417 0.451826 0.124389 0.866601 0.097548 0.106016 0.532679 0.833965 0.097570 0.106029 0.532676 0.833963
-0.001957 0.808778 0.000555 0.127295 -0.985526 -0.052784 -0.098731 0.097464 -0.940258 -0.225433 0.235786 0.055989 -0.943863 -0.161954 0.282416 0.108887 -0.988208 -0.072397 0.079669 0.108887 -0.988208 -0.072397 0.079669 0.108887 -0.988208 -0.072397 0.079669 0.039606 -0.955004 -0.023053 0.293032 0.125019 -0.905430 0.043328 0.403349 -0.012926 -0.622241 0.283819 0.729449 -0.012926 -0.622241 0.283819 0.729449 -0.012926 -0.622241 0.283819 0.729449 0.127294 -0.985526 -0.052784 -0.098731 0.127294 -0.985526 -0.052784 -0.098731 0.127294 -0.985526 -0.052784 -0.098731 0.127294 -0.985526 -0.052784 -0.098731 -0.091799 -0.980033 -0.081865 -0.156227 0.732844 -0.596910 0.036566 0.324502 0.732853 -0.596909 0.036581 0.324483 0.127294 -0.985526 -0.052784 -0.098731 0.127294 -0.985526 -0.052784 -0.098731 0.127294 -0.985526 -0.052784 -0.098731 0.127294 -0.985526 -0.052784 -0.098731 -0.263899 0.309097 0.107315 0.907358 -0.078802 0.159647 -0.734746 -0.654562 -0.078819 0.159628 -0.734750 -0.654560
-0.001912 0.810190 0.000463 0.122376 -0.985527 -0.053207 -0.104548 0.104072 -0.942213 -0.223141 0.227181 0.049993 -0.945671 -0.164965 0.275669 0.103918 -0.990580 -0.052412 0.072141 0.103918 -0.990580 -0.052412 0.072141 0.103918 -0.990580 -0.052412 0.072141 0.029344 -0.958303 -0.018229 0.283660 0.123401 -0.907779 0.036834 0.399190 0.038097 -0.624248 0.277821 0.729163 0.038097 -0.624248 0.277821 0.729163 0.038097 -0.624248 0.277821 0.729163 0.122376 -0.985527 -0.053207 -0.104548 0.122376 -0.985527 -0.053207 -0.104548 0.122376 -0.985527 -0.053207 -0.104548 0.122376 -0.985527 -0.053207 -0.104548 -0.101868 -0.978977 -0.083030 -0.155992 0.746190 -0.603442 0.038741 0.278492 0.746197 -0.603441 0.038757 0.278472 0.122376 -0.985527 -0.053207 -0.104548 0.122376 -0.985527 -0.053207 -0.104548 0.122376 -0.985527 -0.053207 -0.104548 0.122376 -0.985527 -0.053207 -0.104548 0.586526 -0.588396 -0.038492 -0.555244 -0.372545 -0.038342 -0.807803 -0.455186 -0.372557 -0.038363 -0.807802 -0.455176
-0.001867 0.810868 0.000376 0.117856 -0.985448 -0.053722 -0.110073 0.107508 -0.943716 -0.223324 0.219017 0.048712 -0.947787 -0.167171 0.267173 0.101570 -0.991829 -0.042120 0.064692 0.101570 -0.991829 -0.042120 0.064692 0.101570 -0.991829 -0.042120 0.064692 0.035539 -0.957382 -0.037331 0.284189 0.118564 -0.907069 0.023764 0.403242 0.046834 -0.617218 0.275040 0.735664 0.046834 -0.617218 0.275040 0.735664 0.046834 -0.617218 0.275040 0.735664 0.117856 -0.985448 -0.053722 -0.110073 0.117856 -0.985448 -0.053722 -0.110073 0.117856 -0.985448 -0.053722 -0.110073 0.117856 -0.985448 -0.053723 -0.110073 -0.111461 -0.976669 -0.085143 -0.162621 0.757789 -0.614432 0.048159 0.214268 0.757794 -0.614431 0.048175 0.214248 0.117856 -0.985448 -0.053722 -0.110073 0.117856 -0.985448 -0.053722 -0.110073 0.117856 -0.985448 -0.053722 -0.110073 0.117856 -0.985448 -0.053722 -0.110073 0.816402 -0.571681 0.065808 0.048356 0.648132 0.349617 0.521089 0.431461 0.648143 0.349630 0.521080 0.431444
-0.001827 0.810198 0.000315 0.113925 -0.984831 -0.053038 -0.119652 0.108917 -0.946564 -0.221201 0.207903 0.047315 -0.949507 -0.173455 0.257122 0.095138 -0.992847 -0.044475 0.056795 0.095138 -0.992847 -0.044475 0.056795 0.095138 -0.992847 -0.044475 0.056795 0.032040 -0.956032 -0.041383 0.288556 0.091589 -0.899579 0.021342 0.426513 -0.004073 -0.571109 0.288194 0.768610 -0.004073 -0.571109 0.288194 0.768610 -0.004073 -0.571109 0.288194 0.768610 0.113924 -0.984831 -0.053038 -0.119652 0.113924 -0.984831 -0.053038 -0.119652 0.113924 -0.984831 -0.053038 -0.119652 0.113924 -0.984831 -0.053038 -0.119652 -0.126186 -0.971714 -0.088369 -0.178999 0.755221 -0.635772 0.062232 0.146841 0.755225 -0.635771 0.062249 0.146822 0.113924 -0.984831 -0.053038 -0.119652 0.113924 -0.984831 -0.053038 -0.119652 0.113924 -0.984831 -0.053038 -0.119652 0.113924 -0.984831 -0.053038 -0.119652 0.869940 -0.358707 0.122854 0.315342 0.730263 0.383087 0.333983 0.456524 0.730275 0.383096 0.333973 0.456505
-0.001791 0.807863 0.000270 0.110561 -0.983713 -0.051768 -0.131931 0.107497 -0.951490 -0.213590 0.193626 0.046752 -0.952616 -0.177833 0.242307 0.090613 -0.993744 -0.048880 0.043273 0.090613 -0.993744 -0.048880 0.043273 0.090613 -0.993744 -0.048880 0.043273 0.029825 -0.958916 -0.039065 0.279402 0.087811 -0.900280 0.020210 0.425884 -0.033940 -0.558594 0.297201 0.773622 -0.033940 -0.558594 0.297201 0.773622 -0.033940 -0.558594 0.297201 0.773622 0.110560 -0.983713 -0.051769 -0.131931 0.110560 -0.983713 -0.051769 -0.131931 0.110560 -0.983713 -0.051769 -0.131931 0.110560 -0.983713 -0.051769 -0.131931 -0.138552 -0.966140 -0.091616 -0.197442 0.748786 -0.652872 0.079295 0.082405 0.748788 -0.652870 0.079312 0.082386 0.110560 -0.983713 -0.051769 -0.131931 0.110560 -0.983713 -0.051769 -0.131931 0.110560 -0.983713 -0.051769 -0.131931 0.110560 -0.983713 -0.051769 -0.131931 0.879365 -0.233907 0.149122 0.386997 0.760353 0.351628 0.280140 0.468766 0.760366 0.351636 0.280131 0.468746
-0.001748 0.804599 0.000226 0.107794 -0.981985 -0.050651 -0.146700 0.104742 -0.959231 -0.198271 0.172029 0.045235 -0.960284 -0.174456 0.213008 0.088932 -0.995155 -0.040803 0.009668 0.088932 -0.995155 -0.040803 0.009668 0.088932 -0.995155 -0.040803 0.009668 0.027520 -0.962057 -0.042659 0.268084 0.094149 -0.903561 -0.001452 0.417986 0.020990 -0.572981 0.272433 0.772679 0.020990 -0.572981 0.272433 0.772679 0.020990 -0.572981 0.272433 0.772679 0.107793 -0.981985 -0.050651 -0.146700 0.107793 -0.981985 -0.050651 -0.146700 0.107793 -0.981985 -0.050651 -0.146700 0.107793 -0.981985 -0.050651 -0.146700 -0.152400 -0.959019 -0.096232 -0.218622 0.732730 -0.673389 0.096702 0.017388 0.732731 -0.673387 0.096720 0.017369 0.107793 -0.981985 -0.050651 -0.146700 0.107793 -0.981985 -0.050651 -0.146700 0.107793 -0.981985 -0.050651 -0.146700 0.107793 -0.981985 -0.050651 -0.146700 0.887158 -0.181716 0.166009 0.390347 0.783814 0.316149 0.272454 0.459842 0.783826 0.316157 0.272445 0.459822
-0.001698 0.800853 0.000179 0.105314 -0.977864 -0.048168 -0.174273 0.099632 -0.969542 -0.177823 0.135793 0.042349 -0.969837 -0.163746 0.175526 0.086829 -0.995589 -0.017043 -0.031176 0.086829 -0.995589 -0.017043 -0.031176 0.086829 -0.995589 -0.017043 -0.031176 0.035352 -0.959229 -0.037650 0.277871 0.049181 -0.884546 0.040314 0.462097 -0.034479 -0.455723 0.361450 0.812700 -0.034479 -0.455723 0.361450 0.812700 -0.034479 -0.455723 0.361450 0.812700 0.105314 -0.977864 -0.048168 -0.174273 0.105314 -0.977864 -0.048168 -0.174273 0.105314 -0.977864 -0.048168 -0.174273 0.105314 -0.977864 -0.048168 -0.174273 -0.170359 -0.951789 -0.102407 -0.233640 0.710176 -0.696001 0.103515 -0.022743 0.710175 -0.695999 0.103533 -0.022761 0.105314 -0.977864 -0.048168 -0.174273 0.105314 -0.977864 -0.048168 -0.174273 0.105314 -0.977864 -0.048168 -0.174273 0.105314 -0.977864 -0.048168 -0.174273 0.893793 -0.156025 0.191897 0.374119 0.792910 0.299204 0.287383 0.446298 0.792922 0.299211 0.287375 0.446277
-0.001649 0.797583 0.000140 0.102642 -0.973955 -0.047114 -0.196614 0.096749 -0.976797 -0.161141 0.102666 0.039027 -0.976986 -0.163401 0.131436 0.087222 -0.992414 -0.009174 -0.086155 0.087222 -0.992414 -0.009174 -0.086155 0.087222 -0.992414 -0.009174 -0.086155 0.028161 -0.961048 -0.051830 0.270015 0.067181 -0.884859 -0.011537 0.460844 0.027196 -0.493566 0.302829 0.814830 0.027196 -0.493566 0.302829 0.814830 0.027196 -0.493566 0.302829 0.814830 0.102641 -0.973955 -0.047114 -0.196614 0.102641 -0.973955 -0.047114 -0.196614 0.102641 -0.973955 -0.047114 -0.196614 0.102641 -0.973955 -0.047114 -0.196614 -0.187087 -0.945605 -0.109093 -0.242752 0.684831 -0.719537 0.103005 -0.051600 0.684830 -0.719534 0.103024 -0.051618 0.102641 -0.973955 -0.047114 -0.196614 0.102641 -0.973955 -0.047114 -0.196614 0.102641 -0.973955 -0.047114 -0.196614 0.102641 -0.973955 -0.047114 -0.196614 0.899441 -0.160620 0.210448 0.347734 0.799797 0.287945 0.303142 0.430718 0.799808 0.287952 0.303134 0.430697
-0.001604 0.795121 0.000115 0.100204 -0.970860 -0.046318 -0.212708 0.094675 -0.979398 -0.158118 0.082553 0.036400 -0.981995 -0.154139 0.102964 0.080393 -0.990640 0.020436 -0.108409 0.080393 -0.990640 0.020436 -0.108409 0.080393 -0.990640 0.020436 -0.108409 0.020646 -0.970204 -0.024984 0.240113 0.053572 -0.901930 -0.012730 0.428358 0.121689 -0.537493 0.218141 0.805424 0.121689 -0.537493 0.218141 0.805424 0.121689 -0.537493 0.218141 0.805424 0.100203 -0.970860 -0.046318 -0.212708 0.100203 -0.970860 -0.046318 -0.212708 0.100203 -0.970860 -0.046318 -0.212708 0.100203 -0.970860 -0.046318 -0.212707 -0.199541 -0.940945 -0.114256 -0.248497 0.660014 -0.742528 0.096932 -0.060309 0.660013 -0.742526 0.096951 -0.060326 0.100203 -0.970860 -0.046318 -0.212708 0.100203 -0.970860 -0.046318 -0.212708 0.100203 -0.970860 -0.046318 -0.212708 0.100203 -0.970860 -0.046318 -0.212708 0.906599 -0.185837 0.221488 0.307386 0.819496 0.254304 0.316090 0.404774 0.819507 0.254312 0.316083 0.404753
-0.001566 0.793468 0.000102 0.097458 -0.966929 -0.045542 -0.231250 0.090902 -0.983216 -0.146949 0.058558 0.035219 -0.983247 -0.159502 0.080897 0.070064 -0.988943 0.035713 -0.125729 0.070064 -0.988943 0.035713 -0.125729 0.070064 -0.988943 0.035713 -0.125729 0.014013 -0.982641 -0.027559 0.182920 0.051693 -0.935554 -0.002743 0.349369 0.061122 -0.529960 0.311362 0.786423 0.061122 -0.529960 0.311362 0.786423 0.061122 -0.529960 0.311362 0.786423 0.097457 -0.966929 -0.045543 -0.231250 0.097457 -0.966929 -0.045543 -0.231250 0.097457 -0.966929 -0.045543 -0.231250 0.097457 -0.966929 -0.045543 -0.231250 -0.208386 -0.937038 -0.119520 -0.253476 0.637965 -0.762041 0.089831 -0.065001 0.637963 -0.762038 0.089850 -0.065018 0.097457 -0.966929 -0.045543 -0.231250 0.097457 -0.966929 -0.045543 -0.231250 0.097457 -0.966929 -0.045543 -0.231250 0.097457 -0.966929 -0.045543 -0.231250 0.913279 -0.191930 0.236629 0.270352 0.835012 0.229940 0.329417 0.375989 0.835021 0.229949 0.329411 0.375967
-0.001533 0.792417 0.000095 0.093017 -0.959490 -0.046778 -0.261800 0.090139 -0.985463 -0.141945 0.024293 0.036855 -0.984466 -0.162972 0.053936 0.056546 -0.985839 0.044771 -0.151389 0.056546 -0.985839 0.044771 -0.151389 0.056546 -0.985839 0.044771 -0.151389 0.003328 -0.989663 -0.030849 0.140014 0.052796 -0.956651 -0.012194 0.286152 0.017107 -0.558549 0.345086 0.754086 0.017107 -0.558548 0.345086 0.754086 0.017107 -0.558548 0.345086 0.754086 0.093016 -0.959490 -0.046778 -0.261800 0.093016 -0.959490 -0.046778 -0.261800 0.093016 -0.959490 -0.046778 -0.261800 0.093016 -0.959490 -0.046778 -0.261800 -0.214241 -0.933595 -0.128858 -0.256702 0.618932 -0.778815 0.077774 -0.065740 0.618930 -0.778813 0.077794 -0.065756 0.093016 -0.959490 -0.046778 -0.261800 0.093016 -0.959490 -0.046778 -0.261800 0.093016 -0.959490 -0.046778 -0.261800 0.093016 -0.959490 -0.046778 -0.261800 0.918949 -0.237728 0.256781 0.181885 0.856065 0.176339 0.370321 0.314514 0.856073 0.176349 0.370317 0.314492
-0.001501 0.793253 0.000085 0.089681 -0.951734 -0.047428 -0.289673 0.088777 -0.986878 -0.134805 -0.004302 0.033355 -0.987110 -0.154606 0.024477 0.045100 -0.981263 0.062668 -0.176528 0.045100 -0.981263 0.062668 -0.176528 0.045100 -0.981263 0.062668 -0.176528 -0.000772 -0.992438 -0.042969 0.114976 0.044234 -0.963175 -0.036290 0.262717 0.067953 -0.596620 0.294813 0.743312 0.067953 -0.596620 0.294813 0.743312 0.067953 -0.596620 0.294813 0.743312 0.089680 -0.951734 -0.047428 -0.289673 0.089680 -0.951734 -0.047428 -0.289673 0.089680 -0.951734 -0.047428 -0.289673 0.089680 -0.951734 -0.047428 -0.289673 -0.218634 -0.927764 -0.138128 -0.269024 0.598299 -0.792222 0.077217 -0.091980 0.598297 -0.792220 0.077238 -0.091996 0.089680 -0.951734 -0.047428 -0.289673 0.089680 -0.951734 -0.047428 -0.289673 0.089680 -0.951734 -0.047428 -0.289673 0.089680 -0.951734 -0.047428 -0.289673 0.918366 -0.276765 0.272775 0.074826 0.879137 0.089566 0.411888 0.222362 0.879143 0.089576 0.411885 0.222339
-0.001475 0.794931 0.000081 0.087244 -0.944935 -0.047775 -0.311776 0.090083 -0.986813 -0.132919 -0.020462 0.033024 -0.987767 -0.151922 0.012085 0.037195 -0.981499 0.059668 -0.178088 0.037195 -0.981499 0.059668 -0.178088 0.037195 -0.981499 0.059668 -0.178088 -0.000910 -0.994786 -0.039269 0.094119 0.033610 -0.967857 -0.013223 0.248896 0.023034 -0.563726 0.363650 0.741243 0.023034 -0.563726 0.363650 0.741243 0.023034 -0.563726 0.363650 0.741243 0.087244 -0.944935 -0.047776 -0.311776 0.087244 -0.944935 -0.047776 -0.311776 0.087244 -0.944935 -0.047776 -0.311776 0.087244 -0.944935 -0.047776 -0.311776 -0.222904 -0.923773 -0.145661 -0.275207 0.565405 -0.814709 0.066561 -0.110160 0.565403 -0.814708 0.066582 -0.110174 0.087244 -0.944935 -0.047776 -0.311776 0.087244 -0.944935 -0.047776 -0.311776 0.087244 -0.944935 -0.047776 -0.311776 0.087244 -0.944935 -0.047776 -0.311776 0.916736 -0.240449 0.300267 0.107787 0.854148 0.175383 0.411176 0.265720 0.854155 0.175394 0.411171 0.265698
-0.001453 0.796583 0.000088 0.086247 -0.939998 -0.047315 -0.326690 0.090696 -0.986438 -0.132569 -0.033749 0.035029 -0.988630 -0.146185 0.003695 0.030442 -0.980341 0.071771 -0.181258 0.030442 -0.980341 0.071771 -0.181258 0.030442 -0.980341 0.071771 -0.181258 -0.005641 -0.996590 -0.045698 0.068467 0.021013 -0.976213 -0.020847 0.214783 -0.008702 -0.557214 0.395974 0.729823 -0.008702 -0.557214 0.395974 0.729823 -0.008702 -0.557214 0.395974 0.729823 0.086246 -0.939998 -0.047315 -0.326690 0.086246 -0.939998 -0.047315 -0.326690 0.086246 -0.939998 -0.047315 -0.326690 0.086246 -0.939998 -0.047315 -0.326690 -0.223416 -0.918565 -0.150427 -0.289300 0.526086 -0.837343 0.061476 -0.135319 0.526082 -0.837341 0.061498 -0.135333 0.086246 -0.939998 -0.047315 -0.326690 0.086246 -0.939998 -0.047315 -0.326690 0.086246 -0.939998 -0.047315 -0.326690 0.086246 -0.939998 -0.047315 -0.326690 0.900685 -0.264624 0.312942 0.144246 0.840438 0.205559 0.386396 0.319543 0.840446 0.205569 0.386390 0.319521
-0.001428 0.797890 0.000116 0.086620 -0.944592 -0.041055 -0.313938 0.090541 -0.987083 -0.130578 -0.020452 0.039213 -0.988199 -0.147815 0.008689 0.032859 -0.981038 0.076381 -0.175075 0.032859 -0.981038 0.076381 -0.175075 0.032859 -0.981038 0.076381 -0.175075 -0.021233 -0.996834 -0.064239 0.041774 0.010345 -0.988981 -0.041511 0.141729 -0.049101 -0.641040 0.324051 0.694008 -0.049101 -0.641040 0.324051 0.694008 -0.049101 -0.641040 0.324051 0.694008 0.086619 -0.944592 -0.041055 -0.313938 0.086619 -0.944592 -0.041055 -0.313938 0.086619 -0.944592 -0.041055 -0.313938 0.086620 -0.944592 -0.041055 -0.313938 -0.226313 -0.919302 -0.141685 -0.289123 0.482587 -0.865438 0.049240 -0.125308 0.482584 -0.865437 0.049263 -0.125321 0.086619 -0.944592 -0.041055 -0.313938 0.086619 -0.944592 -0.041055 -0.313938 0.086619 -0.944592 -0.041055 -0.313938 0.086620 -0.944592 -0.041055 -0.313938 0.898128 -0.283708 0.300029 0.151188 0.850394 0.225151 0.344951 0.327332 0.850402 0.225160 0.344945 0.327310
-0.001398 0.797624 0.000159 0.086346 -0.952308 -0.033246 -0.290771 0.093021 -0.986082 -0.137787 0.002159 0.046829 -0.988548 -0.140783 0.027567 0.047854 -0.982789 0.080458 -0.159257 0.047854 -0.982789 0.080458 -0.159257 0.047854 -0.982789 0.080458 -0.159257 -0.033659 -0.997153 -0.054073 0.040359 0.024700 -0.990023 -0.023454 0.136724 -0.063432 -0.627406 0.347428 0.693997 -0.063432 -0.627406 0.347428 0.693997 -0.063432 -0.627406 0.347428 0.693997 0.086345 -0.952308 -0.033246 -0.290771 0.086345 -0.952308 -0.033246 -0.290771 0.086345 -0.952308 -0.033246 -0.290771 0.086345 -0.952308 -0.033246 -0.290771 -0.225347 -0.914768 -0.128809 -0.309560 0.432983 -0.891951 0.050487 -0.119998 0.432980 -0.891950 0.050510 -0.120009 0.086345 -0.952308 -0.033246 -0.290771 0.086345 -0.952308 -0.033246 -0.290771 0.086345 -0.952308 -0.033246 -0.290771 0.086345 -0.952308 -0.033246 -0.290771 0.920145 -0.277786 0.274142 0.031864 0.890142 0.180897 0.369351 0.196225 0.890147 0.180906 0.369346 0.196201
-0.001371 0.795374 0.000187 0.084525 -0.961640 -0.026842 -0.259584 0.095712 -0.984817 -0.142310 0.026897 0.054212 -0.986880 -0.144695 0.046817 0.055151 -0.983090 0.086837 -0.151498 0.055151 -0.983090 0.086837 -0.151498 0.055151 -0.983090 0.086837 -0.151498 -0.065585 -0.990699 -0.094453 0.072758 -0.000560 -0.984792 -0.042062 0.168567 -0.052085 -0.607128 0.322858 0.724186 -0.052085 -0.607128 0.322858 0.724186 -0.052085 -0.607128 0.322858 0.724186 0.084524 -0.961640 -0.026842 -0.259584 0.084524 -0.961640 -0.026842 -0.259584 0.084524 -0.961640 -0.026842 -0.259584 0.084524 -0.961640 -0.026842 -0.259584 -0.240310 -0.906662 -0.118807 -0.325729 0.356995 -0.923346 0.042961 -0.134689 0.356992 -0.923345 0.042985 -0.134698 0.084524 -0.961640 -0.026842 -0.259584 0.084524 -0.961640 -0.026842 -0.259584 0.084524 -0.961640 -0.026842 -0.259584 0.084524 -0.961640 -0.026842 -0.259584 0.948906 -0.169730 0.241627 -0.111291 0.873196 0.247960 0.418072 0.035509 0.873197 0.247970 0.418065 0.035486
-0.001352 0.790376 0.000188 0.081821 -0.970363 -0.023623 -0.226149 0.100574 -0.981656 -0.150708 0.059362 0.063538 -0.986140 -0.134961 0.072641 0.074286 -0.983987 0.094395 -0.131687 0.074286 -0.983987 0.094395 -0.131687 0.074286 -0.983987 0.094395 -0.131687 -0.061560 -0.992296 -0.085748 0.064855 0.012786 -0.991631 -0.036928 0.123051 -0.119976 -0.659324 0.290893 0.682846 -0.119976 -0.659324 0.290893 0.682846 -0.119976 -0.659324 0.290893 0.682846 0.081820 -0.970363 -0.023623 -0.226149 0.081820 -0.970363 -0.023623 -0.226149 0.081820 -0.970363 -0.023623 -0.226149 0.081820 -0.970363 -0.023623 -0.226149 -0.258090 -0.898276 -0.110522 -0.338045 0.275768 -0.947729 0.032342 -0.157211 0.275764 -0.947729 0.032367 -0.157218 0.081820 -0.970363 -0.023623 -0.226149 0.081820 -0.970363 -0.023623 -0.226149 0.081820 -0.970363 -0.023623 -0.226149 0.081820 -0.970363 -0.023623 -0.226149 0.955901 -0.193569 0.213202 -0.057690 0.909424 0.206856 0.355200 0.063180 0.909426 0.206865 0.355195 0.063156
-0.001346 0.782463 0.000180 0.078665 -0.977148 -0.023862 -0.196021 0.109033 -0.975506 -0.165333 0.095734 0.074155 -0.982776 -0.130761 0.107484 0.088884 -0.988472 0.080259 -0.092632 0.088884 -0.988472 0.080259 -0.092632 0.088884 -0.988472 0.080259 -0.092632 -0.063901 -0.990587 -0.095237 0.074730 0.020381 -0.992900 -0.054885 0.103543 -0.163278 -0.670211 0.262571 0.674696 -0.163278 -0.670211 0.262571 0.674696 -0.163278 -0.670211 0.262571 0.674696 0.078664 -0.977148 -0.023862 -0.196021 0.078664 -0.977148 -0.023862 -0.196021 0.078664 -0.977148 -0.023862 -0.196021 0.078665 -0.977148 -0.023862 -0.196021 -0.263013 -0.893288 -0.102731 -0.349724 0.230912 -0.952335 0.038471 -0.195594 0.230907 -0.952334 0.038495 -0.195600 0.078664 -0.977148 -0.023862 -0.196021 0.078664 -0.977148 -0.023862 -0.196021 0.078664 -0.977148 -0.023862 -0.196021 0.078664 -0.977148 -0.023862 -0.196021 0.956298 -0.219718 0.189418 0.036579 0.921334 0.215099 0.289849 0.144442 0.921338 0.215107 0.289843 0.144419
-0.001347 0.772457 0.000172 0.075875 -0.981409 -0.025493 -0.174443 0.105369 -0.970924 -0.181741 0.114775 0.081773 -0.980737 -0.129924 0.120776 0.102975 -0.988710 0.070996 -0.082509 0.102975 -0.988710 0.070996 -0.082509 0.102975 -0.988710 0.070996 -0.082509 -0.074855 -0.988717 -0.100614 0.081932 -0.001924 -0.994958 -0.050336 0.086721 -0.258438 -0.629650 0.251057 0.688274 -0.258438 -0.629650 0.251057 0.688274 -0.258438 -0.629650 0.251057 0.688274 0.075874 -0.981409 -0.025493 -0.174443 0.075874 -0.981409 -0.025493 -0.174443 0.075874 -0.981409 -0.025493 -0.174443 0.075874 -0.981409 -0.025493 -0.174443 -0.258166 -0.888847 -0.097261 -0.365843 0.215448 -0.940919 0.059599 -0.254365 0.215442 -0.940917 0.059623 -0.254371 0.075874 -0.981409 -0.025493 -0.174443 0.075874 -0.981409 -0.025493 -0.174443 0.075874 -0.981409 -0.025493 -0.174443 0.075874 -0.981409 -0.025493 -0.174443 0.950630 -0.237439 0.170819 0.103667 0.911046 0.258866 0.245143 0.207096 0.911051 0.258872 0.245137 0.207072
-0.001350 0.757091 0.000173 0.073442 -0.983726 -0.027328 -0.161688 0.117156 -0.966094 -0.192532 0.125970 0.093729 -0.978011 -0.132482 0.130987 0.096650 -0.992479 0.034186 -0.066902 0.096650 -0.992479 0.034186 -0.066902 0.096650 -0.992479 0.034186 -0.066902 -0.084127 -0.985469 -0.119754 0.086216 0.015285 -0.991343 -0.089997 0.094372 -0.235166 -0.642800 0.219471 0.695225 -0.235166 -0.642800 0.219471 0.695225 -0.235166 -0.642800 0.219471 0.695225 0.073442 -0.983726 -0.027328 -0.161688 0.073442 -0.983726 -0.027328 -0.161688 0.073442 -0.983726 -0.027328 -0.161688 0.073442 -0.983726 -0.027328 -0.161688 -0.253121 -0.888511 -0.093985 -0.371006 0.224441 -0.928694 0.076697 -0.285081 0.224434 -0.928692 0.076721 -0.285087 0.073442 -0.983726 -0.027328 -0.161688 0.073442 -0.983726 -0.027328 -0.161688 0.073442 -0.983726 -0.027328 -0.161688 0.073442 -0.983726 -0.027328 -0.161688 0.942858 -0.257092 0.158347 0.140886 0.895197 0.303314 0.217106 0.243902 0.895203 0.303320 0.217098 0.243879
-0.001349 0.741956 0.000179 0.070510 -0.984562 -0.029062 -0.157550 0.118996 -0.964336 -0.199107 0.127483 0.095758 -0.978484 -0.127069 0.131348 0.102141 -0.992393 0.021741 -0.065204 0.102141 -0.992393 0.021741 -0.065204 0.102141 -0.992393 0.021741 -0.065204 -0.103389 -0.984053 -0.123720 0.075132 0.011504 -0.992282 -0.090772 0.083694 -0.273286 -0.640689 0.199529 0.689218 -0.273286 -0.640689 0.199529 0.689218 -0.273286 -0.640689 0.199529 0.689218 0.070509 -0.984562 -0.029062 -0.157550 0.070509 -0.984562 -0.029062 -0.157550 0.070509 -0.984562 -0.029062 -0.157550 0.070509 -0.984562 -0.029062 -0.157550 -0.248985 -0.890012 -0.092650 -0.370542 0.241138 -0.918454 0.088892 -0.300654 0.241130 -0.918452 0.088916 -0.300660 0.070509 -0.984562 -0.029062 -0.157550 0.070509 -0.984562 -0.029062 -0.157550 0.070509 -0.984562 -0.029062 -0.157550 0.070509 -0.984562 -0.029062 -0.157550 0.937358 -0.267183 0.153732 0.162296 0.877039 0.346241 0.200640 0.265828 0.877045 0.346246 0.200631 0.265805
-0.001347 0.729615 0.000186 0.067652 -0.984573 -0.030313 -0.158491 0.123251 -0.963585 -0.203411 0.122214 0.094519 -0.980468 -0.127489 0.116170 0.095948 -0.991850 0.005501 -0.083648 0.095948 -0.991850 0.005501 -0.083648 0.095948 -0.991850 0.005501 -0.083648 -0.113140 -0.982823 -0.126774 0.072013 0.007501 -0.992754 -0.089029 0.080361 -0.303903 -0.628078 0.190388 0.690589 -0.303903 -0.628078 0.190388 0.690589 -0.303903 -0.628078 0.190388 0.690589 0.067651 -0.984574 -0.030313 -0.158491 0.067651 -0.984574 -0.030313 -0.158491 0.067651 -0.984574 -0.030313 -0.158491 0.067652 -0.984574 -0.030314 -0.158491 -0.245002 -0.890306 -0.092448 -0.372535 0.246405 -0.908219 0.097899 -0.323788 0.246397 -0.908217 0.097923 -0.323794 0.067651 -0.984574 -0.030313 -0.158491 0.067651 -0.984574 -0.030313 -0.158491 0.067651 -0.984574 -0.030313 -0.158491 0.067652 -0.984574 -0.030313 -0.158491 0.937504 -0.266960 0.153808 0.161747 0.851428 0.398822 0.206251 0.271059 0.851435 0.398827 0.206241 0.271037
-0.001340 0.719793 0.000191 0.064663 -0.983883 -0.031777 -0.163653 0.127765 -0.963506 -0.204526 0.116193 0.095929 -0.982221 -0.118726 0.109291 0.093468 -0.991796 0.005770 -0.087007 0.093468 -0.991796 0.005770 -0.087007 0.093468 -0.991796 0.005770 -0.087007 -0.121941 -0.980902 -0.133451 0.071776 0.008087 -0.991805 -0.090294 0.090027 -0.320890 -0.608181 0.190437 0.700628 -0.320890 -0.608181 0.190437 0.700628 -0.320890 -0.608181 0.190437 0.700628 0.064662 -0.983883 -0.031777 -0.163653 0.064662 -0.983883 -0.031777 -0.163653 0.064662 -0.983883 -0.031777 -0.163653 0.064662 -0.983883 -0.031777 -0.163653 -0.241117 -0.892008 -0.093285 -0.370787 0.250016 -0.903060 0.099942 -0.334642 0.250008 -0.903058 0.099966 -0.334649 0.064662 -0.983883 -0.031777 -0.163653 0.064662 -0.983883 -0.031777 -0.163653 0.064662 -0.983883 -0.031777 -0.163653 0.064662 -0.983883 -0.031777 -0.163653 0.935886 -0.274555 0.157002 0.155202 0.838803 0.424462 0.206884 0.271001 0.838810 0.424467 0.206873 0.270979
-0.001322 0.712600 0.000194 0.061603 -0.983270 -0.032525 -0.168304 0.122243 -0.966099 -0.205621 0.097103 0.102608 -0.984158 -0.113494 0.089572 0.111632 -0.986366 0.001315 -0.120910 0.111632 -0.986366 0.001315 -0.120910 0.111632 -0.986366 0.001315 -0.120910 -0.129292 -0.980141 -0.128327 0.078355 0.007677 -0.991038 -0.092802 0.095774 -0.322996 -0.595835 0.193447 0.709389 -0.322996 -0.595835 0.193447 0.709389 -0.322996 -0.595835 0.193447 0.709389 0.061602 -0.983271 -0.032525 -0.168304 0.061602 -0.983271 -0.032525 -0.168304 0.061602 -0.983271 -0.032525 -0.168304 0.061602 -0.983271 -0.032525 -0.168304 -0.237994 -0.894434 -0.093312 -0.366933 0.255922 -0.900391 0.100758 -0.337117 0.255914 -0.900388 0.100781 -0.337124 0.061602 -0.983271 -0.032525 -0.168304 0.061602 -0.983271 -0.032525 -0.168304 0.061602 -0.983271 -0.032525 -0.168304 0.061602 -0.983271 -0.032525 -0.168304 0.933623 -0.280859 0.160183 0.154297 0.840101 0.416649 0.212947 0.274386 0.840108 0.416654 0.212936 0.274364
-0.001279 0.706997 0.000200 0.056854 -0.982761 -0.031817 -0.173019 0.117228 -0.969187 -0.205261 0.069295 0.100438 -0.987761 -0.105364 0.056033 0.122747 -0.976852 0.011254 -0.174832 0.122747 -0.976852 0.011254 -0.174832 0.122747 -0.976852 0.011254 -0.174832 -0.141207 -0.977785 -0.130943 0.082770 0.004260 -0.987155 -0.119084 0.106426 -0.275975 -0.608790 0.179664 0.721757 -0.275975 -0.608790 0.179664 0.721757 -0.275975 -0.608790 0.179664 0.721757 0.056853 -0.982761 -0.031817 -0.173019 0.056853 -0.982761 -0.031817 -0.173019 0.056853 -0.982761 -0.031817 -0.173019 0.056853 -0.982761 -0.031817 -0.173019 -0.238412 -0.898629 -0.091700 -0.356676 0.273302 -0.905722 0.097985 -0.308823 0.273294 -0.905720 0.098009 -0.308830 0.056853 -0.982761 -0.031817 -0.173019 0.056853 -0.982761 -0.031817 -0.173019 0.056853 -0.982761 -0.031817 -0.173019 0.056853 -0.982761 -0.031817 -0.173019 0.933928 -0.283090 0.163614 0.144462 0.828473 0.433818 0.226029 0.272663 0.828480 0.433824 0.226017 0.272642