frame,landmark,x,y,z,visibility
0,0,-0.01809067,1.4292375,-0.39383987,1.0
0,1,-0.0039009452,1.4450645,-0.38921747,1.0
0,2,-0.0012722176,1.4435658,-0.37705138,1.0
0,3,-0.0017433437,1.4450848,-0.37920478,1.0
0,4,-0.021777127,1.4501238,-0.39718592,1.0
0,5,-0.023895603,1.447581,-0.4076083,1.0
0,6,-0.014876211,1.4375768,-0.38808328,1.0
0,7,0.07320945,1.4448037,-0.2819443,1.0
0,8,-0.06202104,1.375798,-0.255813,1.0
0,9,0.023805693,1.4239936,-0.33848298,1.0
0,10,-0.0041984203,1.3813725,-0.36518642,1.0
0,11,0.1788366,1.280549,-0.13493568,1.0
0,12,-0.1026264,1.3289533,-0.03967619,1.0
0,13,0.24805737,1.0865811,-0.087313324,1.0
0,14,-0.13895117,1.0492252,-0.004626042,1.0
0,15,0.33092895,0.87623525,-0.0616038,1.0
0,16,-0.25771618,0.863014,-0.058673218,1.0
0,17,0.34809706,0.83972305,-0.060330622,1.0
0,18,-0.26069474,0.8246544,-0.08544082,1.0
0,19,0.32530957,0.831511,-0.08795158,1.0
0,20,-0.2504614,0.8502695,-0.12909451,1.0
0,21,0.33233085,0.8478981,-0.07669537,1.0
0,22,-0.25321454,0.85833657,-0.086846165,1.0
0,23,0.093035094,0.8563061,0.017899066,1.0
0,24,-0.091590516,0.8766578,-0.016505938,1.0
0,25,0.13250856,0.42809075,-0.04270024,1.0
0,26,-0.06788351,0.5167718,-0.048304416,1.0
0,27,0.14249052,0.05541563,0.03049688,1.0
0,28,-0.08600586,0.08443928,0.031406917,1.0
0,29,0.12081636,0.015286107,0.038048446,1.0
0,30,-0.089804485,0.049218293,-0.0011619478,1.0
0,31,0.088410005,0.0,-0.064321354,1.0
0,32,-0.08825372,0.0219397,-0.11433284,1.0
1,0,-0.026946308,1.4320524,-0.37258962,1.0
1,1,-0.013277796,1.4481683,-0.37147656,1.0
1,2,-0.009394233,1.4490876,-0.36041924,1.0
1,3,-0.010186737,1.4490384,-0.36311787,1.0
1,4,-0.027905967,1.4513483,-0.3777343,1.0
1,5,-0.03239242,1.4516963,-0.3868178,1.0
1,6,-0.02629911,1.4388192,-0.36608088,1.0
1,7,0.072947875,1.4454837,-0.2713227,1.0
1,8,-0.06916088,1.3814573,-0.2294243,1.0
1,9,0.021416824,1.4261982,-0.32576677,1.0
1,10,-0.0091985725,1.3815374,-0.34380037,1.0
1,11,0.17772657,1.2832968,-0.121845335,1.0
1,12,-0.10156848,1.3309747,-0.021412782,1.0
1,13,0.2456153,1.0908015,-0.07767224,1.0
1,14,-0.14652821,1.0506411,-0.00059129903,1.0
1,15,0.32399148,0.881317,-0.05400431,1.0
1,16,-0.2835033,0.87884045,-0.0645004,1.0
1,17,0.34383094,0.8472875,-0.05287511,1.0
1,18,-0.28867134,0.8476478,-0.09606264,1.0
1,19,0.3236741,0.838746,-0.08161155,1.0
1,20,-0.27895507,0.8711014,-0.13852257,1.0
1,21,0.32575858,0.85121083,-0.06920631,1.0
1,22,-0.28205112,0.8788741,-0.09277762,1.0
1,23,0.094725296,0.85789645,0.015452452,1.0
1,24,-0.09056963,0.87746036,-0.014255023,1.0
1,25,0.121031426,0.42927137,-0.04356586,1.0
1,26,-0.06753149,0.5179554,-0.04535243,1.0
1,27,0.12770769,0.057858586,0.030785318,1.0
1,28,-0.08930411,0.09018499,0.035615228,1.0
1,29,0.10930036,0.018642616,0.04159992,1.0
1,30,-0.09418635,0.054932073,0.0032711225,1.0
1,31,0.085458994,0.0011028554,-0.05772076,1.0
1,32,-0.09327656,0.0261194,-0.10753493,1.0
2,0,-0.03290405,1.4344549,-0.36450696,1.0
2,1,-0.016159417,1.4506488,-0.3663054,1.0
2,2,-0.014920769,1.4545991,-0.35432643,1.0
2,3,-0.014655424,1.4521341,-0.35614142,1.0
2,4,-0.030705057,1.4522655,-0.370608,1.0
2,5,-0.0351391,1.4536536,-0.37949947,1.0
2,6,-0.030148886,1.4419881,-0.35735148,1.0
2,7,0.07303402,1.4480162,-0.26731536,1.0
2,8,-0.070380636,1.3869483,-0.21701327,1.0
2,9,0.019592453,1.4280622,-0.32147834,1.0
2,10,-0.011239279,1.3851943,-0.33585986,1.0
2,11,0.18154383,1.2853832,-0.117084295,1.0
2,12,-0.09619552,1.3350528,-0.006069638,1.0
2,13,0.25029933,1.0960485,-0.07302974,1.0
2,14,-0.15229237,1.0643958,0.016959723,1.0
2,15,0.3287068,0.8885573,-0.046084784,1.0
2,16,-0.3095631,0.9139374,-0.053865865,1.0
2,17,0.3538174,0.85938334,-0.04544413,1.0
2,18,-0.31958514,0.88511795,-0.083955854,1.0
2,19,0.33800963,0.8505484,-0.074564904,1.0
2,20,-0.30939615,0.90982825,-0.12974712,1.0
2,21,0.33164713,0.8593259,-0.06297879,1.0
2,22,-0.30888548,0.9127248,-0.08333599,1.0
2,23,0.095362455,0.85832804,0.013202839,1.0
2,24,-0.08960566,0.8794281,-0.011980711,1.0
2,25,0.11946757,0.43034145,-0.052835137,1.0
2,26,-0.06854699,0.5222769,-0.045549177,1.0
2,27,0.11932217,0.061291456,0.033371314,1.0
2,28,-0.085665986,0.09475267,0.047931254,1.0
2,29,0.100280635,0.022758897,0.043632597,1.0
2,30,-0.09212918,0.059187986,0.01743897,1.0
2,31,0.06983915,0.00663813,-0.05423837,1.0
2,32,-0.091171704,0.025419094,-0.08698359,1.0
3,0,-0.039519712,1.444977,-0.34055287,1.0
3,1,-0.019225815,1.4617438,-0.33426082,1.0
3,2,-0.011388498,1.4594767,-0.3218635,1.0
3,3,-0.009737792,1.4597843,-0.32404763,1.0
3,4,-0.03837448,1.4772086,-0.33193547,1.0
3,5,-0.03743247,1.4671938,-0.34792492,1.0
3,6,-0.028928274,1.4499497,-0.3296688,1.0
3,7,0.07474396,1.4515913,-0.2366228,1.0
3,8,-0.068579756,1.3832638,-0.18400605,1.0
3,9,0.017688978,1.4319398,-0.2846561,1.0
3,10,-0.02675355,1.389169,-0.30174327,1.0
3,11,0.18699239,1.2792954,-0.10149114,1.0
3,12,-0.09079005,1.3445139,0.018938296,1.0
3,13,0.26122028,1.1105658,-0.0690674,1.0
3,14,-0.16997342,1.0935935,0.06265894,1.0
3,15,0.3444766,0.9133363,-0.04788588,1.0
3,16,-0.33701408,0.9471754,-0.008748658,1.0
3,17,0.35813916,0.8849792,-0.037584722,1.0
3,18,-0.36107707,0.9246659,-0.050674982,1.0
3,19,0.34659106,0.881054,-0.071497835,1.0
3,20,-0.34736532,0.95041466,-0.09031381,1.0
3,21,0.3420085,0.88943565,-0.06717244,1.0
3,22,-0.34600896,0.95009375,-0.042198166,1.0
3,23,0.092291415,0.846744,0.011244016,1.0
3,24,-0.08961077,0.8784254,-0.012243999,1.0
3,25,0.11096206,0.42585197,-0.065067455,1.0
3,26,-0.061592087,0.52500427,-0.0363364,1.0
3,27,0.112415604,0.05605688,0.051653817,1.0
3,28,-0.08352241,0.098061204,0.07682943,1.0
3,29,0.08709221,0.01905524,0.057957567,1.0
3,30,-0.081484646,0.060935576,0.05086977,1.0
3,31,0.055969067,0.0,-0.026452664,1.0
3,32,-0.09067771,0.028959528,-0.040837266,1.0
4,0,-0.039466083,1.4434487,-0.33778006,1.0
4,1,-0.019948533,1.4621643,-0.3373037,1.0
4,2,-0.016768143,1.4589792,-0.32520247,1.0
4,3,-0.01607423,1.4600888,-0.32736647,1.0
4,4,-0.040622573,1.464358,-0.33572572,1.0
4,5,-0.03995264,1.4642106,-0.34321392,1.0
4,6,-0.03322258,1.4500593,-0.3294435,1.0
4,7,0.07552205,1.4554013,-0.23759027,1.0
4,8,-0.06898342,1.3935031,-0.18620649,1.0
4,9,0.01590523,1.4341835,-0.29064727,1.0
4,10,-0.018995821,1.3915621,-0.30579594,1.0
4,11,0.19343306,1.2833164,-0.10162817,1.0
4,12,-0.08822961,1.3404549,0.017807662,1.0
4,13,0.27526075,1.1175392,-0.0641948,1.0
4,14,-0.18347499,1.0920439,0.059520297,1.0
4,15,0.3589773,0.921218,-0.045192935,1.0
4,16,-0.35602173,0.96142566,-0.02993676,1.0
4,17,0.38146636,0.89523196,-0.041861005,1.0
4,18,-0.37601194,0.93598884,-0.06525819,1.0
4,19,0.36844274,0.88839775,-0.071755685,1.0
4,20,-0.3624372,0.96737486,-0.10665031,1.0
4,21,0.36251998,0.89755243,-0.06411901,1.0
4,22,-0.3572617,0.96087044,-0.0600115,1.0
4,23,0.09401059,0.84761083,0.009142239,1.0
4,24,-0.08878267,0.87376744,-0.0057812072,1.0
4,25,0.10517531,0.42597336,-0.059810024,1.0
4,26,-0.067647986,0.5207366,-0.031274863,1.0
4,27,0.1102014,0.05470249,0.06063764,1.0
4,28,-0.08079751,0.09509966,0.08749114,1.0
4,29,0.08521041,0.017920446,0.07031182,1.0
4,30,-0.08266035,0.059991505,0.058636054,1.0
4,31,0.055128254,0.0,-0.014031716,1.0
4,32,-0.08999013,0.026760079,-0.030841738,1.0
5,0,-0.03967794,1.4466438,-0.31004193,1.0
5,1,-0.0187388,1.4654676,-0.30567127,1.0
5,2,-0.013931589,1.4623235,-0.2936487,1.0
5,3,-0.010714678,1.4637493,-0.2956404,1.0
5,4,-0.04038508,1.4756185,-0.30324063,1.0
5,5,-0.03785132,1.4688467,-0.3167,1.0
5,6,-0.030736778,1.4517447,-0.30057484,1.0
5,7,0.07840014,1.459081,-0.20758758,1.0
5,8,-0.06962818,1.3894163,-0.15680328,1.0
5,9,0.016170615,1.4359571,-0.25818005,1.0
5,10,-0.023646902,1.3927091,-0.27495268,1.0
5,11,0.19759068,1.2848532,-0.08413264,1.0
5,12,-0.08661937,1.3440697,0.038729616,1.0
5,13,0.2889358,1.125648,-0.06586824,1.0
5,14,-0.19381696,1.1032954,0.07588695,1.0
5,15,0.38184822,0.93350494,-0.055016086,1.0
5,16,-0.38264102,0.9744318,-0.003374299,1.0
5,17,0.4011729,0.9062666,-0.04580065,1.0
5,18,-0.41109806,0.9562367,-0.039076008,1.0
5,19,0.38605887,0.9013683,-0.07745459,1.0
5,20,-0.4002447,0.9839124,-0.07739376,1.0
5,21,0.38153023,0.90957016,-0.0723536,1.0
5,22,-0.38991496,0.9786187,-0.032461133,1.0
5,23,0.092799686,0.8442067,0.0069727474,1.0
5,24,-0.08863179,0.8750226,-0.0057611917,1.0
5,25,0.104667336,0.42413282,-0.06208465,1.0
5,26,-0.06560604,0.5222695,-0.025676599,1.0
5,27,0.1052203,0.0575473,0.08004461,1.0
5,28,-0.080587454,0.097809106,0.095841646,1.0
5,29,0.07848002,0.022560779,0.09130667,1.0
5,30,-0.078841396,0.062076744,0.06819735,1.0
5,31,0.047950774,0.0,0.015945598,1.0
5,32,-0.09471798,0.031290248,-0.017279878,1.0
6,0,-0.0405468,1.4449793,-0.30629537,1.0
6,1,-0.020212889,1.4639436,-0.30726323,1.0
6,2,-0.024567613,1.4657606,-0.29654285,1.0
6,3,-0.018599067,1.4658775,-0.29681376,1.0
6,4,-0.039603814,1.4618906,-0.31074956,1.0
6,5,-0.038849365,1.4674224,-0.31980735,1.0
6,6,-0.034719884,1.4525425,-0.29997507,1.0
6,7,0.07552398,1.4627589,-0.20897996,1.0
6,8,-0.06947711,1.3970147,-0.16653083,1.0
6,9,0.016525287,1.4367307,-0.26433387,1.0
6,10,-0.014163265,1.3947364,-0.2812012,1.0
6,11,0.20010632,1.294411,-0.088348225,1.0
6,12,-0.08945784,1.338403,0.040262073,1.0
6,13,0.29901755,1.1358304,-0.07664236,1.0
6,14,-0.21313111,1.0945637,0.08143422,1.0
6,15,0.39175844,0.946596,-0.06767481,1.0
6,16,-0.41383415,0.98157954,-0.014945013,1.0
6,17,0.4237283,0.9236573,-0.06398263,1.0
6,18,-0.4316863,0.9644487,-0.038690165,1.0
6,19,0.40752956,0.9150383,-0.09550593,1.0
6,20,-0.42506167,0.99291897,-0.082849905,1.0
6,21,0.398861,0.9158311,-0.08489369,1.0
6,22,-0.41181564,0.983563,-0.042823013,1.0
6,23,0.09570488,0.84858364,0.0048314743,1.0
6,24,-0.086954445,0.87040997,-0.0010089576,1.0
6,25,0.103505306,0.4336111,-0.06737378,1.0
6,26,-0.075800695,0.52189684,-0.026728218,1.0
6,27,0.10160569,0.06580877,0.07670593,1.0
6,28,-0.0781153,0.09792507,0.09466648,1.0
6,29,0.079214364,0.030401763,0.09145511,1.0
6,30,-0.081657775,0.06260699,0.065785736,1.0
6,31,0.040867507,0.013209358,0.009524716,1.0
6,32,-0.09438822,0.03115008,-0.022242807,1.0
7,0,-0.03819291,1.4427189,-0.3122354,1.0
7,1,-0.02150264,1.4640425,-0.3117156,1.0
7,2,-0.025218233,1.463363,-0.30347684,1.0
7,3,-0.020850576,1.4644737,-0.3023324,1.0
7,4,-0.039685242,1.4583975,-0.31396562,1.0
7,5,-0.040933006,1.4652156,-0.32048252,1.0
7,6,-0.035201598,1.4501611,-0.30492827,1.0
7,7,0.07472336,1.4612252,-0.2177103,1.0
7,8,-0.07029391,1.3950542,-0.16515712,1.0
7,9,0.01649142,1.434619,-0.27074653,1.0
7,10,-0.012362097,1.3916806,-0.28638175,1.0
7,11,0.2020429,1.291055,-0.08853069,1.0
7,12,-0.090003,1.3336649,0.038945287,1.0
7,13,0.30268633,1.1369063,-0.07140718,1.0
7,14,-0.22011772,1.0924124,0.066030666,1.0
7,15,0.4049362,0.9503007,-0.062340517,1.0
7,16,-0.42553663,0.9888012,-0.016658626,1.0
7,17,0.43534374,0.9250554,-0.059921294,1.0
7,18,-0.44203815,0.9734727,-0.038787253,1.0
7,19,0.4213011,0.91756094,-0.094968006,1.0
7,20,-0.43572956,1.0044367,-0.0849477,1.0
7,21,0.41200158,0.91724503,-0.08312284,1.0
7,22,-0.4240024,0.9906594,-0.044883166,1.0
7,23,0.0946078,0.8420789,0.005417212,1.0
7,24,-0.08757725,0.8651535,-0.0020211213,1.0
7,25,0.094792396,0.42719132,-0.06424701,1.0
7,26,-0.077673025,0.51676923,-0.02356712,1.0
7,27,0.083398014,0.059387803,0.08931373,1.0
7,28,-0.08025565,0.093348786,0.09886183,1.0
7,29,0.060132973,0.025023047,0.10599268,1.0
7,30,-0.08233238,0.058411516,0.06893679,1.0
7,31,0.042884,0.01596373,0.02970057,1.0
7,32,-0.10315723,0.037149273,-0.018034782,1.0
8,0,-0.046962358,1.4547741,-0.28684288,1.0
8,1,-0.026192361,1.4766335,-0.28370455,1.0
8,2,-0.022585697,1.4777884,-0.27709872,1.0
8,3,-0.017145023,1.4783084,-0.27634057,1.0
8,4,-0.040564544,1.4821322,-0.28117427,1.0
8,5,-0.042499803,1.481586,-0.29444098,1.0
8,6,-0.037795663,1.4604495,-0.27831608,1.0
8,7,0.07768085,1.4670305,-0.20338815,1.0
8,8,-0.0706084,1.3951018,-0.1393772,1.0
8,9,0.016019648,1.4429333,-0.24653037,1.0
8,10,-0.021756133,1.3977218,-0.25444195,1.0
8,11,0.20356819,1.2954295,-0.08507417,1.0
8,12,-0.08760578,1.3406324,0.06273716,1.0
8,13,0.31132692,1.1410617,-0.07672489,1.0
8,14,-0.21870679,1.1002219,0.08161631,1.0
8,15,0.4165612,0.94948196,-0.07825585,1.0
8,16,-0.42731297,0.99273604,-0.0009747017,1.0
8,17,0.44289902,0.9182466,-0.06841081,1.0
8,18,-0.44947505,0.9820152,-0.03680598,1.0
8,19,0.42609155,0.90788054,-0.11073416,1.0
8,20,-0.4464958,1.0074522,-0.075973116,1.0
8,21,0.4162654,0.914185,-0.09599743,1.0
8,22,-0.4338739,1.003261,-0.030773798,1.0
8,23,0.09346385,0.8395393,0.0017100661,1.0
8,24,-0.08672975,0.86858475,-0.002218869,1.0
8,25,0.087771185,0.4253553,-0.069234304,1.0
8,26,-0.0719583,0.5267767,-0.024816383,1.0
8,27,0.071123004,0.059910268,0.093807064,1.0
8,28,-0.08157691,0.09702471,0.09155071,1.0
8,29,0.046808627,0.027220264,0.11394718,1.0
8,30,-0.078860834,0.05875493,0.06493975,1.0
8,31,0.036404505,0.01148634,0.046332255,1.0
8,32,-0.117134616,0.043894395,-0.020265155,1.0
9,0,-0.057807364,1.4511831,-0.29953662,1.0
9,1,-0.034069084,1.4691817,-0.29636213,1.0
9,2,-0.032647245,1.4682434,-0.28770158,1.0
9,3,-0.030132558,1.4714227,-0.28926525,1.0
9,4,-0.055755045,1.4728701,-0.29611355,1.0
9,5,-0.054056577,1.4740186,-0.3075159,1.0
9,6,-0.050021958,1.4570713,-0.29327992,1.0
9,7,0.0720516,1.4637041,-0.20133865,1.0
9,8,-0.07295994,1.3923566,-0.15486613,1.0
9,9,0.00793487,1.4381788,-0.25620803,1.0
9,10,-0.030061245,1.3954471,-0.26695204,1.0
9,11,0.20673603,1.2893078,-0.08920747,1.0
9,12,-0.08523545,1.3349242,0.048961744,1.0
9,13,0.31042188,1.1303675,-0.082527615,1.0
9,14,-0.21637037,1.0944213,0.081635386,1.0
9,15,0.40664935,0.933563,-0.0757559,1.0
9,16,-0.41596437,0.98260605,-0.00354556,1.0
9,17,0.4320635,0.9065819,-0.07230774,1.0
9,18,-0.4440773,0.9657138,-0.038896292,1.0
9,19,0.4142447,0.89695764,-0.10243455,1.0
9,20,-0.43561292,0.9960407,-0.07734231,1.0
9,21,0.40732837,0.9060428,-0.091385365,1.0
9,22,-0.42193452,0.9864713,-0.035973508,1.0
9,23,0.09259182,0.833697,-0.00025825168,1.0
9,24,-0.08675903,0.8620334,0.0012261416,1.0
9,25,0.08560325,0.41889465,-0.066514,1.0
9,26,-0.070467316,0.51694393,0.00021356202,1.0
9,27,0.07609602,0.05399865,0.10530622,1.0
9,28,-0.08170623,0.08872831,0.13237195,1.0
9,29,0.048768654,0.018447205,0.11423046,1.0
9,30,-0.082746126,0.052174747,0.10575919,1.0
9,31,0.038990863,0.0006569922,0.041459292,1.0
9,32,-0.11762749,0.038808696,0.025300011,1.0
10,0,-0.07293482,1.44727,-0.30755895,1.0
10,1,-0.045354865,1.4632654,-0.3057082,1.0
10,2,-0.048050225,1.4664575,-0.29440162,1.0
10,3,-0.043415926,1.4697468,-0.2959359,1.0
10,4,-0.068617225,1.4727405,-0.30370304,1.0
10,5,-0.06543932,1.4701716,-0.32019743,1.0
10,6,-0.06218145,1.4548515,-0.30041885,1.0
10,7,0.05967734,1.4597324,-0.2071656,1.0
10,8,-0.078106605,1.3874217,-0.16314077,1.0
10,9,-0.0059898,1.4322845,-0.2626928,1.0
10,10,-0.045575194,1.3915869,-0.27297533,1.0
10,11,0.19818449,1.2877945,-0.09116859,1.0
10,12,-0.08896729,1.3330833,0.04455746,1.0
10,13,0.29944438,1.1242738,-0.0845593,1.0
10,14,-0.21119305,1.0873746,0.08906031,1.0
10,15,0.38937747,0.9258864,-0.0737576,1.0
10,16,-0.40671536,0.9700738,0.011986949,1.0
10,17,0.41617113,0.8970716,-0.06947167,1.0
10,18,-0.43451163,0.9504982,-0.02521633,1.0
10,19,0.399831,0.88826823,-0.10026223,1.0
10,20,-0.42784822,0.980027,-0.063386805,1.0
10,21,0.39127102,0.896238,-0.09080514,1.0
10,22,-0.4129614,0.97317195,-0.021091051,1.0
10,23,0.09326361,0.83001715,-0.0018702291,1.0
10,24,-0.08575912,0.8582545,0.0009194466,1.0
10,25,0.08263629,0.41319117,-0.0656345,1.0
10,26,-0.0690898,0.5118132,0.003328638,1.0
10,27,0.07380383,0.04795844,0.10489404,1.0
10,28,-0.082716905,0.08505699,0.14468475,1.0
10,29,0.04698325,0.012723241,0.1149541,1.0
10,30,-0.08534725,0.049203947,0.11869999,1.0
10,31,0.032277837,0.0,0.03636305,1.0
10,32,-0.11832732,0.032594606,0.034392253,1.0
11,0,-0.06806498,1.4464536,-0.3286887,1.0
11,1,-0.04428026,1.464441,-0.33234584,1.0
11,2,-0.049489114,1.4661977,-0.3209228,1.0
11,3,-0.04577203,1.4687275,-0.32105494,1.0
11,4,-0.066171855,1.4619973,-0.32970896,1.0
11,5,-0.06309963,1.4677336,-0.34044993,1.0
11,6,-0.061789926,1.454304,-0.3247535,1.0
11,7,0.05904901,1.4621971,-0.23328501,1.0
11,8,-0.08067901,1.3940728,-0.18727075,1.0
11,9,-0.0068586525,1.4335141,-0.28819713,1.0
11,10,-0.038877897,1.3935533,-0.29848728,1.0
11,11,0.19086865,1.2890527,-0.102466926,1.0
11,12,-0.09211859,1.3320836,0.019059911,1.0
11,13,0.2725044,1.1256504,-0.08092505,1.0
11,14,-0.20740467,1.0797058,0.045030463,1.0
11,15,0.35071534,0.92513764,-0.06207549,1.0
11,16,-0.3984334,0.94478816,-0.03074665,1.0
11,17,0.37480178,0.8978082,-0.059535015,1.0
11,18,-0.42370847,0.9195843,-0.06350417,1.0
11,19,0.36434656,0.8857407,-0.088926315,1.0
11,20,-0.41482365,0.9443976,-0.104835846,1.0
11,21,0.3569968,0.891917,-0.07734676,1.0
11,22,-0.3992241,0.9425437,-0.061785482,1.0
11,23,0.09353668,0.83183926,0.0011171843,1.0
11,24,-0.08608226,0.8559787,0.00190139,1.0
11,25,0.086052805,0.4142274,-0.054250117,1.0
11,26,-0.07236742,0.5045991,-0.0023756986,1.0
11,27,0.07607699,0.048681885,0.110972494,1.0
11,28,-0.08255151,0.08395821,0.14389282,1.0
11,29,0.0505478,0.013043404,0.12278112,1.0
11,30,-0.086607926,0.049014352,0.117492765,1.0
11,31,0.028877033,0.0,0.04044334,1.0
11,32,-0.11656139,0.029002236,0.030155495,1.0
12,0,-0.065795876,1.4431407,-0.344577,1.0
12,1,-0.04308859,1.4608661,-0.33992204,1.0
12,2,-0.038274117,1.4616662,-0.3312908,1.0
12,3,-0.035587266,1.464219,-0.3322726,1.0
12,4,-0.061814588,1.4716142,-0.3385139,1.0
12,5,-0.06024898,1.4669452,-0.35587153,1.0
12,6,-0.05781702,1.4495013,-0.3388756,1.0
12,7,0.0612678,1.4531804,-0.2381769,1.0
12,8,-0.08875161,1.3812912,-0.19814709,1.0
12,9,-0.00428284,1.4275844,-0.2928031,1.0
12,10,-0.04690701,1.385542,-0.3070944,1.0
12,11,0.1826714,1.280775,-0.10374065,1.0
12,12,-0.10285014,1.3338199,0.004212462,1.0
12,13,0.25579652,1.1079857,-0.065818354,1.0
12,14,-0.18891841,1.065586,0.031649612,1.0
12,15,0.3286143,0.89957994,-0.051742055,1.0
12,16,-0.34301066,0.91439265,-0.04415775,1.0
12,17,0.33734438,0.86646146,-0.04368557,1.0
12,18,-0.36462468,0.8920927,-0.09083136,1.0
12,19,0.32070377,0.8568365,-0.07817175,1.0
12,20,-0.35338318,0.9142038,-0.12469291,1.0
12,21,0.3232117,0.8682004,-0.06437788,1.0
12,22,-0.34673426,0.91778105,-0.076484635,1.0
12,23,0.09256397,0.82552695,0.00485692,1.0
12,24,-0.08657822,0.8563295,-0.0057582054,1.0
12,25,0.086595304,0.40756342,-0.052095443,1.0
12,26,-0.06539902,0.5049485,-0.0059565767,1.0
12,27,0.078355275,0.045259178,0.119494155,1.0
12,28,-0.086543486,0.08552548,0.1345823,1.0
12,29,0.05208419,0.010763921,0.13394082,1.0
12,30,-0.08293361,0.048435286,0.112143405,1.0
12,31,0.026271645,0.0,0.04708364,1.0
12,32,-0.108739585,0.03232272,0.021482632,1.0
13,0,-0.064758174,1.4405713,-0.380348,1.0
13,1,-0.045856684,1.4596438,-0.3781138,1.0
13,2,-0.044771582,1.458128,-0.36962277,1.0
13,3,-0.04296944,1.4622436,-0.36982912,1.0
13,4,-0.066426694,1.4602749,-0.3801267,1.0
13,5,-0.06505272,1.463022,-0.38974592,1.0
13,6,-0.06271616,1.4483148,-0.37693512,1.0
13,7,0.049582385,1.4521613,-0.26738718,1.0
13,8,-0.10144203,1.3874307,-0.23887178,1.0
13,9,-0.011168897,1.4293435,-0.3301101,1.0
13,10,-0.045236785,1.3862103,-0.34793776,1.0
13,11,0.16324034,1.280858,-0.11705783,1.0
13,12,-0.12088102,1.3297362,-0.030919008,1.0
13,13,0.22171739,1.104201,-0.061266057,1.0
13,14,-0.175607,1.0423317,-0.010470752,1.0
13,15,0.27123195,0.8964192,-0.04123088,1.0
13,16,-0.29743576,0.8848183,-0.08555382,1.0
13,17,0.2769133,0.86381894,-0.0406505,1.0
13,18,-0.30542582,0.85822463,-0.12802856,1.0
13,19,0.25980732,0.85406476,-0.072465464,1.0
13,20,-0.2922892,0.88143766,-0.16067103,1.0
13,21,0.2693814,0.8644228,-0.05448544,1.0
13,22,-0.29288056,0.8864042,-0.11423435,1.0
13,23,0.092579775,0.82594055,0.010381488,1.0
13,24,-0.087939404,0.8521668,-0.0069275927,1.0
13,25,0.08907511,0.4074593,-0.042545803,1.0
13,26,-0.06804563,0.5008007,-0.021893695,1.0
13,27,0.07725555,0.04537329,0.11385555,1.0
13,28,-0.08584346,0.08224684,0.12261352,1.0
13,29,0.051130377,0.010875538,0.12870464,1.0
13,30,-0.085772716,0.047055222,0.097996205,1.0
13,31,0.022740869,0.0,0.04203403,1.0
13,32,-0.10546474,0.02798412,-0.00155624,1.0
14,0,-0.06385887,1.4413207,-0.39429858,1.0
14,1,-0.045270722,1.4595366,-0.39578098,1.0
14,2,-0.04612104,1.4616219,-0.3836805,1.0
14,3,-0.044135142,1.4623654,-0.38250118,1.0
14,4,-0.06200601,1.4614942,-0.39987627,1.0
14,5,-0.06458384,1.4634894,-0.40767702,1.0
14,6,-0.062999174,1.4537299,-0.39125174,1.0
14,7,0.04544554,1.449914,-0.28286576,1.0
14,8,-0.10585223,1.3976728,-0.2564245,1.0
14,9,-0.015587956,1.4327891,-0.34664753,1.0
14,10,-0.04565389,1.3918259,-0.36593142,1.0
14,11,0.1477429,1.2886994,-0.120746374,1.0
14,12,-0.1360943,1.3383296,-0.05431491,1.0
14,13,0.19527087,1.1074371,-0.057405025,1.0
14,14,-0.16617894,1.051269,-0.04689674,1.0
14,15,0.22903264,0.89838356,-0.0113538755,1.0
14,16,-0.261275,0.8796668,-0.11238229,1.0
14,17,0.2298009,0.86528516,-0.0037952878,1.0
14,18,-0.25624445,0.84792125,-0.15486154,1.0
14,19,0.21741925,0.85285497,-0.036909703,1.0
14,20,-0.23533235,0.86638236,-0.18513373,1.0
14,21,0.22763798,0.8640372,-0.02361145,1.0
14,22,-0.2505131,0.87860554,-0.13712859,1.0
14,23,0.09244164,0.83621323,0.016028682,1.0
14,24,-0.088648826,0.8602027,-0.012091422,1.0
14,25,0.08948087,0.41692477,-0.03219416,1.0
14,26,-0.07035151,0.5082662,-0.032454588,1.0
14,27,0.07692139,0.06096504,0.10919209,1.0
14,28,-0.08406069,0.09294606,0.10769412,1.0
14,29,0.054260816,0.027291514,0.12873104,1.0
14,30,-0.08716227,0.057745576,0.08194128,1.0
14,31,0.02345721,0.007817948,0.045181423,1.0
14,32,-0.10278286,0.030840915,-0.028143838,1.0
15,0,-0.063154906,1.4418592,-0.3884805,1.0
15,1,-0.047512084,1.457465,-0.39148003,1.0
15,2,-0.04865532,1.4583753,-0.3796055,1.0
15,3,-0.04649476,1.4588096,-0.37915307,1.0
15,4,-0.06299499,1.459074,-0.3962591,1.0
15,5,-0.067319766,1.4622073,-0.40620854,1.0
15,6,-0.06337875,1.4550614,-0.38486648,1.0
15,7,0.04148763,1.445863,-0.28379297,1.0
15,8,-0.10619252,1.4007185,-0.2574413,1.0
15,9,-0.01868838,1.4360902,-0.34350792,1.0
15,10,-0.044249922,1.3946122,-0.36447132,1.0
15,11,0.13983263,1.2911639,-0.119229965,1.0
15,12,-0.14448278,1.3390017,-0.05704446,1.0
15,13,0.16873875,1.1082249,-0.050248094,1.0
15,14,-0.16296755,1.0436751,-0.041364126,1.0
15,15,0.16938631,0.9017734,-0.0024955384,1.0
15,16,-0.23453885,0.8559375,-0.10385449,1.0
15,17,0.15895839,0.86920404,0.006813404,1.0
15,18,-0.22234532,0.8272763,-0.1438829,1.0
15,19,0.1515074,0.85992587,-0.021588083,1.0
15,20,-0.20278168,0.8471266,-0.17462468,1.0
15,21,0.16966178,0.86441284,-0.012435917,1.0
15,22,-0.22182515,0.85702354,-0.12917855,1.0
15,23,0.091942824,0.83999515,0.019252518,1.0
15,24,-0.09060901,0.8611727,-0.011404328,1.0
15,25,0.093299516,0.4184804,-0.03145343,1.0
15,26,-0.07010226,0.5037329,-0.03790529,1.0
15,27,0.075445116,0.063797556,0.10780391,1.0
15,28,-0.082777575,0.0971857,0.11273061,1.0
15,29,0.054412223,0.028284486,0.12647426,1.0
15,30,-0.0886712,0.06318088,0.08842687,1.0
15,31,0.018867835,0.01030127,0.042390548,1.0
15,32,-0.10583673,0.03314986,-0.026062481,1.0
16,0,-0.05869169,1.4444332,-0.38720265,1.0
16,1,-0.043610595,1.4566722,-0.38574728,1.0
16,2,-0.04039152,1.4591911,-0.37448013,1.0
16,3,-0.04285681,1.45819,-0.37661543,1.0
16,4,-0.062609546,1.4684916,-0.39751604,1.0
16,5,-0.066246025,1.4654735,-0.41060096,1.0
16,6,-0.06085293,1.4574201,-0.38764885,1.0
16,7,0.04181952,1.4427264,-0.27558824,1.0
16,8,-0.105610095,1.4019481,-0.24758294,1.0
16,9,-0.015737684,1.4371262,-0.33373713,1.0
16,10,-0.046844393,1.3980229,-0.36281833,1.0
16,11,0.13608843,1.2898629,-0.11441751,1.0
16,12,-0.14077106,1.3440249,-0.04784043,1.0
16,13,0.14771153,1.0994335,-0.03615851,1.0
16,14,-0.14352955,1.0509386,-0.028115083,1.0
16,15,0.13149118,0.90112084,0.024214122,1.0
16,16,-0.1724958,0.9030955,-0.080520324,1.0
16,17,0.11700915,0.8662587,0.026607256,1.0
16,18,-0.15034124,0.8730727,-0.12611815,1.0
16,19,0.108395346,0.8647704,0.008981178,1.0
16,20,-0.116674915,0.8933613,-0.14381519,1.0
16,21,0.13156386,0.8758777,0.009488232,1.0
16,22,-0.16015482,0.9094838,-0.09863251,1.0
16,23,0.0930144,0.8418613,0.018044965,1.0
16,24,-0.08957956,0.86411315,-0.013197603,1.0
16,25,0.092662364,0.41709083,-0.03024725,1.0
16,26,-0.055334374,0.5026995,-0.044508733,1.0
16,27,0.0830188,0.06559101,0.11117051,1.0
16,28,-0.07986483,0.098534435,0.10395906,1.0
16,29,0.059542857,0.028587267,0.121145085,1.0
16,30,-0.08761298,0.06498915,0.079777494,1.0
16,31,0.02967157,0.0,0.032794952,1.0
16,32,-0.100320086,0.04027917,-0.034772635,1.0
17,0,-0.05640644,1.4490911,-0.32975864,1.0
17,1,-0.04152929,1.4638823,-0.32089427,1.0
17,2,-0.028680503,1.464245,-0.3095554,1.0
17,3,-0.033262946,1.4593741,-0.3146441,1.0
17,4,-0.06005264,1.4838777,-0.33004528,1.0
17,5,-0.060289815,1.4748319,-0.34477517,1.0
17,6,-0.05359944,1.4585332,-0.3281805,1.0
17,7,0.04512477,1.442715,-0.21623312,1.0
17,8,-0.10406277,1.4041785,-0.2064262,1.0
17,9,-0.012217884,1.4377962,-0.27239254,1.0
17,10,-0.05135444,1.400247,-0.30125543,1.0
17,11,0.13398148,1.2853233,-0.07946181,1.0
17,12,-0.1331465,1.3546243,-0.034679852,1.0
17,13,0.13557416,1.0922807,-0.008236915,1.0
17,14,-0.13454047,1.0800225,-0.03340227,1.0
17,15,0.08881673,0.9079193,0.04420705,1.0
17,16,-0.09821616,0.9211297,-0.06285061,1.0
17,17,0.0650826,0.8740953,0.0470786,1.0
17,18,-0.058327187,0.89036995,-0.11290014,1.0
17,19,0.052010007,0.87898576,0.03162818,1.0
17,20,-0.030568158,0.93772876,-0.11300571,1.0
17,21,0.084184445,0.8924587,0.028683396,1.0
17,22,-0.08220513,0.93613446,-0.074818246,1.0
17,23,0.093698956,0.8362363,0.01930435,1.0
17,24,-0.08778497,0.8617805,-0.018524751,1.0
17,25,0.09023122,0.41037062,-0.028037362,1.0
17,26,-0.04413358,0.50036764,-0.050067432,1.0
17,27,0.08693491,0.061561495,0.11464196,1.0
17,28,-0.08092197,0.09819612,0.10412449,1.0
17,29,0.058982197,0.02699446,0.12276514,1.0
17,30,-0.08375111,0.06382586,0.0798634,1.0
17,31,0.035409864,0.0,0.036452107,1.0
17,32,-0.10206636,0.041131698,-0.032899093,1.0
18,0,-0.059967417,1.4544256,-0.27891535,1.0
18,1,-0.036472976,1.4700136,-0.26918152,1.0
18,2,-0.026486019,1.4754012,-0.25625074,1.0
18,3,-0.027103683,1.4723762,-0.26110336,1.0
18,4,-0.058118124,1.495043,-0.28107086,1.0
18,5,-0.05905299,1.4864645,-0.2968177,1.0
18,6,-0.053626478,1.464848,-0.2773252,1.0
18,7,0.042460173,1.4507964,-0.1638018,1.0
18,8,-0.104202874,1.4143673,-0.16508931,1.0
18,9,-0.010350233,1.4456651,-0.22833285,1.0
18,10,-0.05479743,1.4088674,-0.24821529,1.0
18,11,0.12037447,1.2932982,-0.04046282,1.0
18,12,-0.13323872,1.3717918,-0.008314626,1.0
18,13,0.12606369,1.094139,0.011773306,1.0
18,14,-0.11767856,1.1042908,-0.030472994,1.0
18,15,0.11073494,0.8971032,0.038720243,1.0
18,16,-0.07182607,0.9435887,-0.057446696,1.0
18,17,0.09449876,0.86267745,0.047854476,1.0
18,18,-0.03096223,0.9138453,-0.1093443,1.0
18,19,0.084035054,0.8596259,0.0279608,1.0
18,20,-0.006597267,0.9508086,-0.10770778,1.0
18,21,0.104097396,0.8814231,0.030706683,1.0
18,22,-0.057436086,0.9561402,-0.06532253,1.0
18,23,0.09361301,0.84024686,0.02141502,1.0
18,24,-0.08596206,0.86569405,-0.022959713,1.0
18,25,0.09491351,0.41322926,-0.025299544,1.0
18,26,-0.038329225,0.5035633,-0.055231966,1.0
18,27,0.08488227,0.06528538,0.11398667,1.0
18,28,-0.07817209,0.100810856,0.09674286,1.0
18,29,0.055776797,0.03133181,0.124528155,1.0
18,30,-0.08474895,0.064977214,0.07433438,1.0
18,31,0.032523222,0.0,0.03991439,1.0
18,32,-0.10039162,0.040809095,-0.032754816,1.0
19,0,-0.06316959,1.4670117,-0.24584709,1.0
19,1,-0.038879085,1.4846594,-0.24106638,1.0
19,2,-0.03194506,1.4910309,-0.22879161,1.0
19,3,-0.03123596,1.489377,-0.23276065,1.0
19,4,-0.057789415,1.506273,-0.24963927,1.0
19,5,-0.06283674,1.5006444,-0.2654892,1.0
19,6,-0.053887255,1.4812378,-0.24348028,1.0
19,7,0.035508588,1.4675825,-0.14828494,1.0
19,8,-0.10360673,1.4349905,-0.1413065,1.0
19,9,-0.015757643,1.4635327,-0.20374587,1.0
19,10,-0.053391244,1.4251264,-0.22253123,1.0
19,11,0.109548196,1.306011,-0.030712437,1.0
19,12,-0.13712405,1.3895686,0.011403384,1.0
19,13,0.11601257,1.0996945,0.0060329884,1.0
19,14,-0.112069726,1.1233737,-0.025948107,1.0
19,15,0.0821709,0.89656657,0.028787628,1.0
19,16,-0.08788309,0.9568678,-0.052440148,1.0
19,17,0.061333932,0.8602295,0.041122966,1.0
19,18,-0.053244404,0.924091,-0.09915485,1.0
19,19,0.051513977,0.8551006,0.016405042,1.0
19,20,-0.034671027,0.9566384,-0.10420063,1.0
19,21,0.076450884,0.87451917,0.022896666,1.0
19,22,-0.076468445,0.9631452,-0.062652305,1.0
19,23,0.09263592,0.84707314,0.023151103,1.0
19,24,-0.08485497,0.869819,-0.020847362,1.0
19,25,0.097451046,0.42129162,-0.023470111,1.0
19,26,-0.03430425,0.5076586,-0.05453247,1.0
19,27,0.07336868,0.07043457,0.11017794,1.0
19,28,-0.07798479,0.10549539,0.09975037,1.0
19,29,0.04689712,0.035562154,0.12580398,1.0
19,30,-0.08747414,0.0689381,0.07923234,1.0
19,31,0.021321716,0.0,0.046172418,1.0
19,32,-0.09736492,0.041477516,-0.026494391,1.0
20,0,-0.058846608,1.4677472,-0.26720306,1.0
20,1,-0.035792243,1.4842501,-0.26691502,1.0
20,2,-0.030855428,1.4924481,-0.25383365,1.0
20,3,-0.032892544,1.4885402,-0.25447467,1.0
20,4,-0.05529447,1.4990716,-0.27284864,1.0
20,5,-0.0575255,1.4958854,-0.2836336,1.0
20,6,-0.05242625,1.4805465,-0.26547778,1.0
20,7,0.03555208,1.4716413,-0.17081328,1.0
20,8,-0.101665765,1.4375899,-0.14807671,1.0
20,9,-0.0182661,1.4638131,-0.22820112,1.0
20,10,-0.048302107,1.4252353,-0.243856,1.0
20,11,0.11658301,1.3104514,-0.042000033,1.0
20,12,-0.13814041,1.3865112,0.011180783,1.0
20,13,0.12914449,1.0977212,0.0012708837,1.0
20,14,-0.11514586,1.1191113,-0.024545379,1.0
20,15,0.088057846,0.901297,0.013806426,1.0
20,16,-0.10737452,0.9590725,-0.06894368,1.0
20,17,0.062653184,0.8634117,0.018272892,1.0
20,18,-0.06828901,0.9270173,-0.11192629,1.0
20,19,0.05366905,0.8546722,0.0027806428,1.0
20,20,-0.04689778,0.962875,-0.118656866,1.0
20,21,0.081390634,0.8770279,0.0089468695,1.0
20,22,-0.09363164,0.9660972,-0.078877635,1.0
20,23,0.09272699,0.8523243,0.023342252,1.0
20,24,-0.085475415,0.8703717,-0.020141002,1.0
20,25,0.09739523,0.4269756,-0.023327108,1.0
20,26,-0.034730643,0.5088489,-0.056026526,1.0
20,27,0.068336025,0.0746218,0.10774289,1.0
20,28,-0.08269529,0.10929072,0.10128625,1.0
20,29,0.044009835,0.038778827,0.12567624,1.0
20,30,-0.09260262,0.07378533,0.08052074,1.0
20,31,0.019497577,0.0016985871,0.045914657,1.0
20,32,-0.09962756,0.046806697,-0.02631405,1.0
21,0,-0.05364927,1.464262,-0.2793991,1.0
21,1,-0.027339218,1.4809699,-0.2777403,1.0
21,2,-0.022809988,1.4877522,-0.26099554,1.0
21,3,-0.026070112,1.4846568,-0.2659545,1.0
21,4,-0.05187408,1.4934539,-0.2865462,1.0
21,5,-0.05014994,1.4914154,-0.29491937,1.0
21,6,-0.046452448,1.4769988,-0.2817881,1.0
21,7,0.041376248,1.4665868,-0.17083551,1.0
21,8,-0.099875376,1.4316679,-0.17102896,1.0
21,9,-0.013397382,1.4566457,-0.23493724,1.0
21,10,-0.04579021,1.4237022,-0.25614515,1.0
21,11,0.12238364,1.3012698,-0.046289664,1.0
21,12,-0.13375458,1.3788135,-0.0104483515,1.0
21,13,0.13820577,1.0805298,-0.018365402,1.0
21,14,-0.120255314,1.1113194,-0.03633533,1.0
21,15,0.0927416,0.8930605,-0.021370338,1.0
21,16,-0.11288987,0.95614916,-0.09905924,1.0
21,17,0.06981845,0.8588565,-0.020897156,1.0
21,18,-0.08168725,0.9232595,-0.14390132,1.0
21,19,0.05775305,0.8508272,-0.03740185,1.0
21,20,-0.053597357,0.96041405,-0.1532183,1.0
21,21,0.087901734,0.8718252,-0.024220552,1.0
21,22,-0.10139287,0.96110183,-0.10972336,1.0
21,23,0.09226829,0.8439258,0.023536,1.0
21,24,-0.08639833,0.8639315,-0.021833915,1.0
21,25,0.10051416,0.4194159,-0.022728056,1.0
21,26,-0.030943383,0.5033942,-0.055292927,1.0
21,27,0.0674579,0.070584565,0.12109335,1.0
21,28,-0.084633015,0.11189973,0.11432185,1.0
21,29,0.04212191,0.033788014,0.13768008,1.0
21,30,-0.0950415,0.07816282,0.095659554,1.0
21,31,0.022341764,0.0,0.05466564,1.0
21,32,-0.099566035,0.056052573,-0.013427284,1.0
22,0,-0.0506465,1.4596372,-0.3663496,1.0
22,1,-0.026198253,1.4725647,-0.352693,1.0
22,2,-0.009507254,1.4750552,-0.33778527,1.0
22,3,-0.012629994,1.4683028,-0.34311417,1.0
22,4,-0.049057133,1.5049685,-0.36247474,1.0
22,5,-0.04235186,1.4855062,-0.38016888,1.0
22,6,-0.03818788,1.467438,-0.36434424,1.0
22,7,0.04691976,1.4483566,-0.23516329,1.0
22,8,-0.09717638,1.4072385,-0.24401876,1.0
22,9,-0.008521616,1.441516,-0.29813457,1.0
22,10,-0.05365715,1.4105351,-0.32703644,1.0
22,11,0.12930849,1.2867929,-0.08767459,1.0
22,12,-0.12957211,1.3699961,-0.062217377,1.0
22,13,0.14464174,1.0686336,-0.03310059,1.0
22,14,-0.12792812,1.1062466,-0.042144056,1.0
22,15,0.102564454,0.8869642,-0.031514775,1.0
22,16,-0.110869035,0.95192474,-0.06131035,1.0
22,17,0.074593686,0.85826904,-0.025433058,1.0
22,18,-0.06942941,0.92170376,-0.115361586,1.0
22,19,0.050106253,0.8649224,-0.038769647,1.0
22,20,-0.043176945,0.95895505,-0.113522775,1.0
22,21,0.09085733,0.88362736,-0.035870723,1.0
22,22,-0.09222891,0.96065646,-0.07298653,1.0
22,23,0.08898895,0.83450735,0.023705672,1.0
22,24,-0.08995966,0.8603359,-0.02908839,1.0
22,25,0.10424174,0.4167732,-0.026228879,1.0
22,26,-0.021885343,0.50248396,-0.053416915,1.0
22,27,0.07652041,0.07261479,0.12545735,1.0
22,28,-0.08035393,0.113617,0.123063125,1.0
22,29,0.048365124,0.035712436,0.13414785,1.0
22,30,-0.08332353,0.077931054,0.107237995,1.0
22,31,0.028634518,0.0,0.050550856,1.0
22,32,-0.0926246,0.06185049,0.0015876666,1.0
23,0,-0.047434192,1.4489055,-0.4247732,1.0
23,1,-0.030341186,1.4578648,-0.42841682,1.0
23,2,-0.036455452,1.4621866,-0.4153168,1.0
23,3,-0.038819425,1.4597855,-0.41316253,1.0
23,4,-0.05194016,1.4587281,-0.437759,1.0
23,5,-0.054478,1.4636359,-0.44601673,1.0
23,6,-0.047425285,1.4624755,-0.4208983,1.0
23,7,0.03257034,1.4514282,-0.32932472,1.0
23,8,-0.094271995,1.4097362,-0.3011799,1.0
23,9,-0.015817862,1.4405544,-0.37834328,1.0
23,10,-0.036173336,1.4070644,-0.4036156,1.0
23,11,0.119182594,1.2948967,-0.1653848,1.0
23,12,-0.14462039,1.3436993,-0.086601004,1.0
23,13,0.13678274,1.0855247,-0.112600416,1.0
23,14,-0.12900046,1.0612795,-0.050003037,1.0
23,15,0.087799266,0.8915138,-0.08325589,1.0
23,16,-0.17375521,0.9079097,-0.08262798,1.0
23,17,0.063922845,0.8487274,-0.086615495,1.0
23,18,-0.15216985,0.8741114,-0.12900662,1.0
23,19,0.04616061,0.8571762,-0.100883976,1.0
23,20,-0.12726273,0.9027986,-0.14374517,1.0
23,21,0.08584091,0.8607831,-0.09355076,1.0
23,22,-0.16062564,0.9107777,-0.0995805,1.0
23,23,0.090091504,0.85497993,0.028349768,1.0
23,24,-0.091585435,0.85777205,-0.021558896,1.0
23,25,0.119146734,0.43663293,-0.019866358,1.0
23,26,-0.034537856,0.4983288,-0.044607274,1.0
23,27,0.07726599,0.0859197,0.11270061,1.0
23,28,-0.07537334,0.111025095,0.12796485,1.0
23,29,0.05687247,0.04631292,0.12674287,1.0
23,30,-0.089615375,0.08342484,0.10397793,1.0
23,31,0.022862863,0.0059005255,0.040798202,1.0
23,32,-0.08909305,0.05272545,0.003295023,1.0
24,0,-0.05921714,1.4457505,-0.4219839,1.0
24,1,-0.042278983,1.4569383,-0.4237743,1.0
24,2,-0.040769577,1.4605217,-0.41102362,1.0
24,3,-0.042807534,1.4559529,-0.4087405,1.0
24,4,-0.058479622,1.4618647,-0.43200472,1.0
24,5,-0.063626826,1.4638941,-0.44150418,1.0
24,6,-0.056989387,1.4570422,-0.4166104,1.0
24,7,0.036477942,1.4444916,-0.3235152,1.0
24,8,-0.09879544,1.4036276,-0.29063398,1.0
24,9,-0.018558536,1.4345558,-0.37535927,1.0
24,10,-0.04323934,1.4005401,-0.39515612,1.0
24,11,0.11868407,1.2890236,-0.16590643,1.0
24,12,-0.1454668,1.3416233,-0.078382686,1.0
24,13,0.13744283,1.0806599,-0.113895565,1.0
24,14,-0.1497232,1.0531828,-0.04859764,1.0
24,15,0.08181168,0.8774113,-0.08582714,1.0
24,16,-0.23292199,0.8580925,-0.09139286,1.0
24,17,0.058372367,0.83802366,-0.0861387,1.0
24,18,-0.22219564,0.82118106,-0.12640356,1.0
24,19,0.035449937,0.83978635,-0.102499045,1.0
24,20,-0.19789964,0.8453047,-0.15669964,1.0
24,21,0.07337925,0.84784347,-0.093866035,1.0
24,22,-0.21689811,0.8563518,-0.11470583,1.0
24,23,0.090433024,0.85002095,0.026731249,1.0
24,24,-0.09124107,0.85700923,-0.021735251,1.0
24,25,0.11781871,0.4324999,-0.024043996,1.0
24,26,-0.035975628,0.497934,-0.041070245,1.0
24,27,0.07597408,0.08006386,0.113046944,1.0
24,28,-0.082290724,0.10955417,0.13245445,1.0
24,29,0.0552276,0.041838802,0.1310906,1.0
24,30,-0.095277146,0.07992847,0.110083774,1.0
24,31,0.015352074,0.0050478056,0.047460005,1.0
24,32,-0.10091571,0.049029507,0.0066626836,1.0
25,0,-0.062209673,1.443147,-0.4140334,1.0
25,1,-0.040113144,1.4573922,-0.41326973,1.0
25,2,-0.033523377,1.4592018,-0.39839444,1.0
25,3,-0.03332336,1.4557401,-0.40098712,1.0
25,4,-0.059009973,1.469085,-0.4199397,1.0
25,5,-0.060966954,1.4676068,-0.43032634,1.0
25,6,-0.056711834,1.4509621,-0.40982974,1.0
25,7,0.04226248,1.4368359,-0.30721602,1.0
25,8,-0.10018949,1.3952576,-0.28164753,1.0
25,9,-0.014152631,1.4292786,-0.36515087,1.0
25,10,-0.048337962,1.3949311,-0.3805385,1.0
25,11,0.13337721,1.2788534,-0.15463409,1.0
25,12,-0.14020756,1.3426569,-0.07652888,1.0
25,13,0.14314684,1.0704252,-0.10638097,1.0
25,14,-0.15481725,1.0572546,-0.049418002,1.0
25,15,0.096810594,0.8679004,-0.09523955,1.0
25,16,-0.23739001,0.8606456,-0.10044207,1.0
25,17,0.07696868,0.8342026,-0.09804304,1.0
25,18,-0.23490466,0.82632184,-0.15053098,1.0
25,19,0.050903212,0.83051354,-0.11549702,1.0
25,20,-0.21188132,0.84281516,-0.1709276,1.0
25,21,0.08438604,0.84509087,-0.100579426,1.0
25,22,-0.23013683,0.8609698,-0.12160642,1.0
25,23,0.09204157,0.8407135,0.024543202,1.0
25,24,-0.089745626,0.85870063,-0.022754045,1.0
25,25,0.114637926,0.42384273,-0.03192763,1.0
25,26,-0.033155117,0.500573,-0.03526339,1.0
25,27,0.076259606,0.07249695,0.11166926,1.0
25,28,-0.081116,0.10708749,0.1287995,1.0
25,29,0.051079556,0.0356218,0.12743944,1.0
25,30,-0.091189004,0.074427515,0.108704895,1.0
25,31,0.01577403,0.000566192,0.037480943,1.0
25,32,-0.102889895,0.050651394,0.0033850744,1.0
26,0,-0.058382597,1.4415243,-0.41450462,1.0
26,1,-0.03527034,1.4556441,-0.41008374,1.0
26,2,-0.027848938,1.4553635,-0.39413008,1.0
26,3,-0.027588248,1.4526104,-0.39908126,1.0
26,4,-0.058733825,1.4746461,-0.41348952,1.0
26,5,-0.05769524,1.4649638,-0.43089172,1.0
26,6,-0.05177231,1.4480014,-0.4097514,1.0
26,7,0.047022164,1.4357872,-0.30570748,1.0
26,8,-0.09882183,1.3868818,-0.27930206,1.0
26,9,-0.011705146,1.4274952,-0.35937518,1.0
26,10,-0.05061478,1.3924673,-0.38269836,1.0
26,11,0.14483559,1.2768695,-0.14386791,1.0
26,12,-0.13462013,1.3486042,-0.065274626,1.0
26,13,0.15406637,1.0719192,-0.095324084,1.0
26,14,-0.16065967,1.0597584,-0.015903514,1.0
26,15,0.101352006,0.86813796,-0.082667395,1.0
26,16,-0.24388209,0.86705077,-0.075757325,1.0
26,17,0.08032237,0.83452326,-0.07620527,1.0
26,18,-0.24514376,0.83007014,-0.13002446,1.0
26,19,0.05914046,0.83588946,-0.09983664,1.0
26,20,-0.21992114,0.8485543,-0.1544953,1.0
26,21,0.08970679,0.84993994,-0.091935694,1.0
26,22,-0.23816355,0.8638642,-0.10032892,1.0
26,23,0.09193315,0.83348125,0.022762299,1.0
26,24,-0.088802256,0.86030656,-0.022618022,1.0
26,25,0.11402761,0.41590112,-0.03768901,1.0
26,26,-0.02868108,0.5017458,-0.033683002,1.0
26,27,0.08263635,0.063149214,0.10609171,1.0
26,28,-0.07455894,0.10624763,0.124761865,1.0
26,29,0.054633386,0.026075244,0.11454222,1.0
26,30,-0.081500314,0.07170817,0.1063421,1.0
26,31,0.016993959,0.0,0.02108302,1.0
26,32,-0.098326236,0.050200768,-0.0028677061,1.0
27,0,-0.051036414,1.4449553,-0.40122327,1.0
27,1,-0.033189952,1.4598322,-0.39884165,1.0
27,2,-0.030438721,1.4580793,-0.3872019,1.0
27,3,-0.031473562,1.456532,-0.38800067,1.0
27,4,-0.056497417,1.4686313,-0.40630642,1.0
27,5,-0.056189626,1.4661007,-0.4198939,1.0
27,6,-0.047272615,1.4544163,-0.39839852,1.0
27,7,0.050057158,1.4485245,-0.3005656,1.0
27,8,-0.09200606,1.3980274,-0.26359513,1.0
27,9,-0.008150065,1.4354448,-0.35266998,1.0
27,10,-0.039935995,1.3993967,-0.37670818,1.0
27,11,0.15125416,1.2900672,-0.13822803,1.0
27,12,-0.13281284,1.3503158,-0.04701609,1.0
27,13,0.15510765,1.0861715,-0.08028221,1.0
27,14,-0.16329242,1.0604541,0.004911918,1.0
27,15,0.115128964,0.8791084,-0.039689377,1.0
27,16,-0.252127,0.87273014,-0.055391945,1.0
27,17,0.09802085,0.8405674,-0.028668884,1.0
27,18,-0.25024801,0.83524215,-0.094937004,1.0
27,19,0.08195786,0.8423783,-0.051222026,1.0
27,20,-0.22589165,0.86191636,-0.12963429,1.0
27,21,0.11011992,0.8543384,-0.050248392,1.0
27,22,-0.2422806,0.86703354,-0.0805897,1.0
27,23,0.09140896,0.8418531,0.0232707,1.0
27,24,-0.091193326,0.8597119,-0.019462511,1.0
27,25,0.11849448,0.41961235,-0.032168735,1.0
27,26,-0.030608956,0.50010383,-0.037310712,1.0
27,27,0.09020682,0.06320444,0.103647724,1.0
27,28,-0.07080732,0.10317868,0.124254204,1.0
27,29,0.06199395,0.02625987,0.11159576,1.0
27,30,-0.07907765,0.070561334,0.10174621,1.0
27,31,0.023178037,0.0,0.01918085,1.0
27,32,-0.09031087,0.04515539,-0.011095118,1.0
28,0,-0.04789996,1.4485867,-0.3877669,1.0
28,1,-0.028250007,1.4659538,-0.388812,1.0
28,2,-0.034230553,1.467346,-0.37627882,1.0
28,3,-0.032935474,1.4673784,-0.3753345,1.0
28,4,-0.051072095,1.4659789,-0.39944714,1.0
28,5,-0.055125725,1.4715705,-0.40650532,1.0
28,6,-0.044036537,1.4627666,-0.38477847,1.0
28,7,0.052934773,1.4594176,-0.29348546,1.0
28,8,-0.08729812,1.4127588,-0.25343463,1.0
28,9,-0.0044584777,1.4432774,-0.34479094,1.0
28,10,-0.031243097,1.4091678,-0.36676407,1.0
28,11,0.15449047,1.3018818,-0.13336495,1.0
28,12,-0.13075978,1.354198,-0.03488612,1.0
28,13,0.16660434,1.099248,-0.06922166,1.0
28,14,-0.16038156,1.064812,0.010058344,1.0
28,15,0.16569582,0.8892211,-0.011668049,1.0
28,16,-0.2549635,0.8789872,-0.048462912,1.0
28,17,0.16608493,0.85006005,-0.00017672405,1.0
28,18,-0.25165543,0.84392637,-0.07646306,1.0
28,19,0.15336306,0.84999853,-0.024995157,1.0
28,20,-0.22992234,0.8690283,-0.11520254,1.0
28,21,0.170584,0.8575508,-0.020715827,1.0
28,22,-0.24372101,0.8717748,-0.069628,1.0
28,23,0.092300884,0.8525942,0.024386562,1.0
28,24,-0.09069086,0.8637413,-0.020219762,1.0
28,25,0.12211722,0.42799574,-0.027033731,1.0
28,26,-0.032133695,0.5031383,-0.039943904,1.0
28,27,0.097037524,0.06952891,0.09818217,1.0
28,28,-0.05906435,0.10285142,0.11400291,1.0
28,29,0.07098899,0.033031482,0.11093727,1.0
28,30,-0.06967956,0.07223463,0.08652863,1.0
28,31,0.032461707,0.0008049272,0.020957008,1.0
28,32,-0.07155534,0.04100386,-0.029347233,1.0
29,0,-0.054768533,1.4569707,-0.33898303,1.0
29,1,-0.029195108,1.4732795,-0.3296394,1.0
29,2,-0.01683187,1.4794533,-0.3170913,1.0
29,3,-0.01621627,1.4763758,-0.32110617,1.0
29,4,-0.047923002,1.4968328,-0.33496705,1.0
29,5,-0.050086983,1.4866359,-0.34991372,1.0
29,6,-0.04405531,1.4650457,-0.32970574,1.0
29,7,0.066266716,1.460561,-0.2247628,1.0
29,8,-0.09037237,1.4105093,-0.19118728,1.0
29,9,0.00073061534,1.4460773,-0.28432676,1.0
29,10,-0.04450611,1.4097703,-0.29593882,1.0
29,11,0.16245005,1.3045108,-0.08508247,1.0
29,12,-0.12108047,1.369702,0.00039837323,1.0
29,13,0.19807732,1.1079834,-0.02073609,1.0
29,14,-0.15674645,1.0845745,0.034041107,1.0
29,15,0.22772002,0.88219464,0.032324724,1.0
29,16,-0.25112516,0.89203954,-0.03675041,1.0
29,17,0.23231578,0.85031,0.050694436,1.0
29,18,-0.25526112,0.8590312,-0.08974217,1.0
29,19,0.21056855,0.8394662,0.022366764,1.0
29,20,-0.2386242,0.8768083,-0.10814162,1.0
29,21,0.2215214,0.8638138,0.02483079,1.0
29,22,-0.25022253,0.89198893,-0.05408083,1.0
29,23,0.095416375,0.84733903,0.0190589,1.0
29,24,-0.08658727,0.8695208,-0.02254997,1.0
29,25,0.11818006,0.42135072,-0.032067485,1.0
29,26,-0.025981363,0.51145935,-0.041213043,1.0
29,27,0.10155245,0.059563585,0.09429762,1.0
29,28,-0.05018071,0.105979025,0.104560144,1.0
29,29,0.07338032,0.025845138,0.10990587,1.0
29,30,-0.05021993,0.07052077,0.08049044,1.0
29,31,0.044732235,0.0,0.019077353,1.0
29,32,-0.06473817,0.045236774,-0.030214034,1.0
30,0,-0.049289066,1.4601097,-0.31618267,1.0
30,1,-0.025178535,1.4788334,-0.30945623,1.0
30,2,-0.018406466,1.4791591,-0.2962383,1.0
30,3,-0.017266765,1.4811826,-0.30001768,1.0
30,4,-0.05076457,1.4944103,-0.31260246,1.0
30,5,-0.04955505,1.489742,-0.3246502,1.0
30,6,-0.04123897,1.4692037,-0.30933878,1.0
30,7,0.06487548,1.4710851,-0.20160554,1.0
30,8,-0.0860826,1.4168179,-0.17331882,1.0
30,9,0.002365769,1.45326,-0.26398984,1.0
30,10,-0.039743558,1.4153612,-0.27880743,1.0
30,11,0.16404799,1.3058498,-0.075849324,1.0
30,12,-0.11360162,1.3737285,0.018339045,1.0
30,13,0.19840166,1.1088651,-0.018255346,1.0
30,14,-0.14709267,1.0867906,0.04323872,1.0
30,15,0.22990333,0.8835841,0.029822519,1.0
30,16,-0.2431184,0.89179957,-0.035045676,1.0
30,17,0.23039404,0.8491046,0.049045768,1.0
30,18,-0.24834248,0.85856354,-0.08218355,1.0
30,19,0.21803996,0.83959645,0.02009886,1.0
30,20,-0.2314351,0.8804637,-0.10639675,1.0
30,21,0.2287824,0.85859925,0.022232918,1.0
30,22,-0.24408041,0.88745135,-0.055663206,1.0
30,23,0.094655946,0.84655637,0.018808628,1.0
30,24,-0.0863636,0.87008315,-0.01830599,1.0
30,25,0.11966412,0.42144722,-0.036419123,1.0
30,26,-0.027262844,0.5121411,-0.03904201,1.0
30,27,0.10913801,0.058751702,0.09202868,1.0
30,28,-0.050094396,0.102109686,0.100673765,1.0
30,29,0.07949486,0.024647698,0.10259238,1.0
30,30,-0.050400045,0.06600776,0.07537249,1.0
30,31,0.050881162,0.0,0.013975231,1.0
30,32,-0.0665029,0.045589678,-0.032186497,1.0
31,0,-0.04637503,1.4603939,-0.30409056,1.0
31,1,-0.026113989,1.4792292,-0.29998937,1.0
31,2,-0.025448747,1.4822814,-0.28961095,1.0
31,3,-0.023961864,1.4834995,-0.29017925,1.0
31,4,-0.046641797,1.4874656,-0.3060963,1.0
31,5,-0.049346536,1.4882154,-0.31609356,1.0
31,6,-0.04047925,1.4716091,-0.297455,1.0
31,7,0.060497947,1.4759905,-0.20044802,1.0
31,8,-0.084880225,1.4229374,-0.16530907,1.0
31,9,0.0015760874,1.456866,-0.25861165,1.0
31,10,-0.032723565,1.4168639,-0.27549666,1.0
31,11,0.15931994,1.3108654,-0.071388006,1.0
31,12,-0.11680441,1.3727331,0.027858041,1.0
31,13,0.1951918,1.1148677,-0.019495815,1.0
31,14,-0.13554607,1.080308,0.036786303,1.0
31,15,0.23493764,0.89079154,0.02977569,1.0
31,16,-0.24326959,0.8898523,-0.028965883,1.0
31,17,0.23918387,0.85111433,0.046908718,1.0
31,18,-0.23863396,0.8588603,-0.06792094,1.0
31,19,0.22508894,0.83990544,0.018694736,1.0
31,20,-0.22185141,0.8776328,-0.094785705,1.0
31,21,0.23579958,0.85686755,0.02223216,1.0
31,22,-0.24340476,0.88546443,-0.04971694,1.0
31,23,0.093908854,0.85246027,0.01777352,1.0
31,24,-0.08778684,0.8716631,-0.016976103,1.0
31,25,0.121414855,0.42746213,-0.035283383,1.0
31,26,-0.032267258,0.514258,-0.03898669,1.0
31,27,0.11346437,0.062381506,0.079729766,1.0
31,28,-0.051020056,0.10198027,0.0808245,1.0
31,29,0.08960335,0.025904097,0.09353466,1.0
31,30,-0.053299032,0.065311074,0.051864453,1.0
31,31,0.058006287,0.0007326286,0.008542173,1.0
31,32,-0.06617668,0.043485828,-0.05024579,1.0
32,0,-0.0476355,1.4627166,-0.3027151,1.0
32,1,-0.028435025,1.481143,-0.3024288,1.0
32,2,-0.029557059,1.4825442,-0.29341018,1.0
32,3,-0.02881583,1.483623,-0.29159412,1.0
32,4,-0.047531184,1.4802816,-0.30725694,1.0
32,5,-0.050651036,1.4861674,-0.31351405,1.0
32,6,-0.042447142,1.4755461,-0.29727262,1.0
32,7,0.062178355,1.4812078,-0.20367382,1.0
32,8,-0.08385629,1.4328337,-0.16616595,1.0
32,9,-0.001536176,1.4623036,-0.26081106,1.0
32,10,-0.027563855,1.4220836,-0.27870628,1.0
32,11,0.15943623,1.3152021,-0.07037221,1.0
32,12,-0.11720675,1.3707397,0.030126028,1.0
32,13,0.19685136,1.119562,-0.016261984,1.0
32,14,-0.13201131,1.0778265,0.045684602,1.0
32,15,0.23021606,0.8950906,0.03363406,1.0
32,16,-0.24242961,0.883445,-0.02360351,1.0
32,17,0.2374713,0.85719115,0.046285268,1.0
32,18,-0.23312469,0.8493224,-0.052726038,1.0
32,19,0.22759637,0.84511405,0.020730257,1.0
32,20,-0.214682,0.87009615,-0.08543368,1.0
32,21,0.23824894,0.8600662,0.027056284,1.0
32,22,-0.23481315,0.8796382,-0.04393519,1.0
32,23,0.092317164,0.85655665,0.01778661,1.0
32,24,-0.090036854,0.8699826,-0.011777904,1.0
32,25,0.12154314,0.4311629,-0.031489365,1.0
32,26,-0.036290236,0.5119184,-0.042869918,1.0
32,27,0.118485145,0.06401676,0.07866226,1.0
32,28,-0.05089037,0.09926407,0.08630404,1.0
32,29,0.0967503,0.02663073,0.09225454,1.0
32,30,-0.05549877,0.064501286,0.057014488,1.0
32,31,0.06467883,0.0028413367,0.007123664,1.0
32,32,-0.07186671,0.040911533,-0.04577444,1.0
33,0,-0.049506687,1.4672201,-0.28935662,1.0
33,1,-0.026899211,1.4864444,-0.28553522,1.0
33,2,-0.02626716,1.4845952,-0.27343988,1.0
33,3,-0.02407017,1.4884094,-0.272317,1.0
33,4,-0.05104082,1.4941727,-0.2849119,1.0
33,5,-0.050626326,1.4924749,-0.29577562,1.0
33,6,-0.040613245,1.4813582,-0.28096825,1.0
33,7,0.06213537,1.4816672,-0.1864903,1.0
33,8,-0.081544206,1.4307826,-0.14620979,1.0
33,9,-0.001997365,1.4637507,-0.24111968,1.0
33,10,-0.035732415,1.4237946,-0.25847268,1.0
33,11,0.16079223,1.3102841,-0.06659734,1.0
33,12,-0.11128244,1.3744926,0.047432378,1.0
33,13,0.2001161,1.1138375,-0.020279534,1.0
33,14,-0.12712453,1.0811039,0.072673574,1.0
33,15,0.2348566,0.88818526,0.025790446,1.0
33,16,-0.22642207,0.8856857,-0.0039513465,1.0
33,17,0.23669639,0.85077655,0.04198985,1.0
33,18,-0.22531037,0.8504085,-0.04125359,1.0
33,19,0.22962652,0.84031147,0.011860823,1.0
33,20,-0.20700781,0.8731056,-0.07203062,1.0
33,21,0.24074516,0.8544524,0.0155422725,1.0
33,22,-0.22405063,0.8821636,-0.026903275,1.0
33,23,0.090695545,0.8504336,0.013745996,1.0
33,24,-0.088627756,0.8705435,-0.008910571,1.0
33,25,0.11884895,0.42847744,-0.04094121,1.0
33,26,-0.036264077,0.5123534,-0.03442425,1.0
33,27,0.117482044,0.059489608,0.07696324,1.0
33,28,-0.05417244,0.098549664,0.1034942,1.0
33,29,0.09125398,0.023641456,0.088633,1.0
33,30,-0.05685793,0.06318252,0.07565287,1.0
33,31,0.061251126,0.0,0.004928045,1.0
33,32,-0.088557705,0.04190442,-0.015120469,1.0
34,0,-0.04752765,1.4729552,-0.2745003,1.0
34,1,-0.021790078,1.4930682,-0.27070993,1.0
34,2,-0.032097414,1.4966922,-0.25701016,1.0
34,3,-0.025799915,1.5033944,-0.25850135,1.0
34,4,-0.05018425,1.5014708,-0.27242708,1.0
34,5,-0.05249729,1.500828,-0.28559175,1.0
34,6,-0.039788373,1.4947071,-0.26179698,1.0
34,7,0.05691275,1.4891281,-0.18208632,1.0
34,8,-0.07775584,1.4388974,-0.13271198,1.0
34,9,-0.0025229785,1.4731576,-0.2303917,1.0
34,10,-0.03604216,1.4337857,-0.24391043,1.0
34,11,0.15523812,1.3164535,-0.06450657,1.0
34,12,-0.10932687,1.3767151,0.07104378,1.0
34,13,0.19192484,1.1168058,-0.0419624,1.0
34,14,-0.12133265,1.081558,0.08318908,1.0
34,15,0.22294791,0.89188427,-0.00864904,1.0
34,16,-0.2022309,0.8871254,0.009007854,1.0
34,17,0.21819825,0.85010105,-0.0015305318,1.0
34,18,-0.19438265,0.8517284,-0.019377599,1.0
34,19,0.21451345,0.8431437,-0.029648013,1.0
34,20,-0.1789577,0.8734845,-0.05231923,1.0
34,21,0.23065226,0.8543298,-0.01969118,1.0
34,22,-0.19729818,0.8797166,-0.0145829385,1.0
34,23,0.09018373,0.85306126,0.0073387325,1.0
34,24,-0.08709604,0.87180704,-0.0006975662,1.0
34,25,0.11902006,0.43555695,-0.05258391,1.0
34,26,-0.03593074,0.5176438,-0.026165687,1.0
34,27,0.116192535,0.068224974,0.06600935,1.0
34,28,-0.05252304,0.105536014,0.11077897,1.0
34,29,0.092792556,0.029856093,0.07777234,1.0
34,30,-0.059144504,0.06974588,0.08428334,1.0
34,31,0.056534052,0.009429328,0.00044369884,1.0
34,32,-0.08638202,0.04830636,0.000263175,1.0
35,0,-0.05009591,1.4779892,-0.25987148,1.0
35,1,-0.02840574,1.4964876,-0.24443273,1.0
35,2,-0.010730939,1.5066826,-0.23746699,1.0
35,3,-0.014230745,1.5038056,-0.244321,1.0
35,4,-0.03520228,1.5215077,-0.253783,1.0
35,5,-0.04698279,1.5084674,-0.2686318,1.0
35,6,-0.039695464,1.4946456,-0.24651887,1.0
35,7,0.07247792,1.4742374,-0.14829855,1.0
35,8,-0.08463209,1.4384756,-0.11819094,1.0
35,9,0.004568135,1.4711292,-0.20805012,1.0
35,10,-0.040745214,1.4281716,-0.21664721,1.0
35,11,0.15123153,1.3174362,-0.054979704,1.0
35,12,-0.10374591,1.378192,0.08432415,1.0
35,13,0.1945855,1.1192962,-0.036289684,1.0
35,14,-0.09220867,1.0819575,0.083741225,1.0
35,15,0.21591529,0.89072955,-0.012379415,1.0
35,16,-0.14270192,0.894568,0.014534639,1.0
35,17,0.21821137,0.8493399,-0.022961976,1.0
35,18,-0.118795566,0.8571189,-0.03623875,1.0
35,19,0.18557933,0.834903,-0.036852404,1.0
35,20,-0.11418661,0.87210566,-0.046670035,1.0
35,21,0.20651118,0.873708,-0.018218135,1.0
35,22,-0.13847288,0.89971864,-0.0061136098,1.0
35,23,0.09120998,0.8479286,-0.0023699254,1.0
35,24,-0.084928915,0.8685631,-0.000885554,1.0
35,25,0.10938018,0.42867032,-0.050670672,1.0
35,26,-0.030680068,0.5181816,-0.019436251,1.0
35,27,0.111493774,0.06717795,0.06948726,1.0
35,28,-0.057599228,0.10827747,0.11239366,1.0
35,29,0.09317019,0.028153945,0.085851505,1.0
35,30,-0.058828995,0.06929733,0.08864953,1.0
35,31,0.065047294,0.007554995,-0.0007539913,1.0
35,32,-0.08943948,0.056510188,0.0040152743,1.0
36,0,-0.049789008,1.481574,-0.24089068,1.0
36,1,-0.030351987,1.501617,-0.23218867,1.0
36,2,-0.004064519,1.5053506,-0.22244993,1.0
36,3,-0.015172421,1.4998398,-0.23023964,1.0
36,4,-0.037358873,1.5196514,-0.23516726,1.0
36,5,-0.04759813,1.5068281,-0.24358974,1.0
36,6,-0.042166024,1.494164,-0.23284683,1.0
36,7,0.07806201,1.4782972,-0.13499402,1.0
36,8,-0.07972776,1.4461269,-0.105539985,1.0
36,9,0.0002256048,1.4775417,-0.19484796,1.0
36,10,-0.038374998,1.4301691,-0.20190188,1.0
36,11,0.1570237,1.315599,-0.057243846,1.0
36,12,-0.09421018,1.3781221,0.095337704,1.0
36,13,0.19418496,1.1183686,-0.05245522,1.0
36,14,-0.08945292,1.0783585,0.099508084,1.0
36,15,0.15232816,0.90018976,-0.06531566,1.0
36,16,-0.13501836,0.89300597,0.013324114,1.0
36,17,0.14306374,0.8574976,-0.08322768,1.0
36,18,-0.11268575,0.84755385,-0.029895328,1.0
36,19,0.1042124,0.8472917,-0.08620839,1.0
36,20,-0.10335172,0.87108827,-0.044014364,1.0
36,21,0.14312461,0.89204293,-0.06574676,1.0
36,22,-0.12823689,0.9004507,-0.0046130936,1.0
36,23,0.0888912,0.84159124,-0.0066669863,1.0
36,24,-0.08547889,0.86370707,0.009296212,1.0
36,25,0.09680121,0.42163813,-0.056119315,1.0
36,26,-0.030690191,0.5134256,-0.011982985,1.0
36,27,0.11537993,0.06017691,0.07166713,1.0
36,28,-0.058754936,0.10216844,0.12372409,1.0
36,29,0.09924042,0.019421946,0.08307071,1.0
36,30,-0.06403808,0.063560665,0.10052198,1.0
36,31,0.066450775,0.0014177971,-0.005305633,1.0
36,32,-0.09630278,0.044775307,0.01751076,1.0
37,0,-0.043880627,1.469574,-0.18229377,1.0
37,1,-0.021001138,1.4899786,-0.17675714,1.0
37,2,-0.024060084,1.4886072,-0.16536824,1.0
37,3,-0.024900932,1.4951386,-0.16423811,1.0
37,4,-0.047976512,1.4966676,-0.17872716,1.0
37,5,-0.05186035,1.4958777,-0.19060777,1.0
37,6,-0.0411724,1.486593,-0.1750331,1.0
37,7,0.056788795,1.4809563,-0.08268655,1.0
37,8,-0.07344804,1.4388659,-0.054919202,1.0
37,9,-0.0035361736,1.4717987,-0.14493759,1.0
37,10,-0.035130925,1.4246933,-0.15893427,1.0
37,11,0.14791042,1.3095474,-0.009052336,1.0
37,12,-0.11251995,1.3702295,0.11357387,1.0
37,13,0.17339863,1.1147847,-0.097456515,1.0
37,14,-0.106372185,1.0642352,0.092693195,1.0
37,15,0.1821689,0.9789063,-0.07912987,1.0
37,16,-0.14670709,0.88036585,0.002533555,1.0
37,17,0.18352482,0.8532806,-0.045831196,1.0
37,18,-0.13087104,0.8362577,-0.033282243,1.0
37,19,0.15470247,0.84252256,-0.057969537,1.0
37,20,-0.118057236,0.86910534,-0.06958463,1.0
37,21,0.17779557,0.9631063,-0.08337553,1.0
37,22,-0.14270043,0.88024485,-0.02122927,1.0
37,23,0.08698436,0.8358409,0.0011907073,1.0
37,24,-0.08795715,0.85718614,0.010338082,1.0
37,25,0.0919899,0.4179421,-0.0651795,1.0
37,26,-0.040199008,0.5038297,-0.0059948014,1.0
37,27,0.11619955,0.055580705,0.057153553,1.0
37,28,-0.057378575,0.09086451,0.12666035,1.0
37,29,0.09599581,0.016266838,0.06548369,1.0
37,30,-0.070128135,0.055398077,0.102633655,1.0
37,31,0.0540692,0.0014768466,-0.022121347,1.0
37,32,-0.09517293,0.027805807,0.017216489,1.0
38,0,-0.039904654,1.462114,-0.18448767,1.0
38,1,-0.008744574,1.4771723,-0.18544345,1.0
38,2,-0.032653533,1.4766525,-0.16758221,1.0
38,3,-0.026066639,1.485802,-0.16461816,1.0
38,4,-0.052027866,1.4816219,-0.18291359,1.0
38,5,-0.045015007,1.4842693,-0.20251086,1.0
38,6,-0.03201977,1.4836377,-0.17398597,1.0
38,7,0.05006478,1.4852816,-0.09897718,1.0
38,8,-0.060643546,1.4305019,-0.059047423,1.0
38,9,-0.0039427285,1.4632791,-0.14792868,1.0
38,10,-0.034373693,1.4221822,-0.16948512,1.0
38,11,0.14560103,1.3063183,-0.004102285,1.0
38,12,-0.1185925,1.362541,0.11379367,1.0
38,13,0.17091177,1.1386778,-0.1277667,1.0
38,14,-0.109567985,1.0513852,0.11100748,1.0
38,15,0.17210217,1.1186603,-0.14705504,1.0
38,16,-0.14796664,0.87021434,0.028736979,1.0
38,17,0.16892071,1.015636,-0.11443278,1.0
38,18,-0.13793103,0.82431626,0.010843655,1.0
38,19,0.14258713,1.0125158,-0.1222989,1.0
38,20,-0.11578046,0.8615718,-0.04326604,1.0
38,21,0.16748041,1.1106169,-0.1488424,1.0
38,22,-0.1398805,0.8565428,-0.00095856655,1.0
38,23,0.08646819,0.83314365,0.0033807298,1.0
38,24,-0.0879956,0.85084784,0.011237388,1.0
38,25,0.08899219,0.44630185,-0.11606281,1.0
38,26,-0.041278318,0.49353474,-0.010343484,1.0
38,27,0.12910849,0.08608508,0.028349407,1.0
38,28,-0.05029846,0.08157946,0.12897435,1.0
38,29,0.10878047,0.047572475,0.036641993,1.0
38,30,-0.067648485,0.050456606,0.10337809,1.0
38,31,0.048542157,0.019442266,-0.027553745,1.0
38,32,-0.08519122,0.015473686,0.015379891,1.0
39,0,-0.04443313,1.4550068,-0.20439333,1.0
39,1,-0.01667143,1.4675775,-0.19551317,1.0
39,2,-0.0041991314,1.4810944,-0.18358535,1.0
39,3,-0.006194059,1.4698212,-0.18735476,1.0
39,4,-0.032066263,1.4952748,-0.20037451,1.0
39,5,-0.028223118,1.48103,-0.2229844,1.0
39,6,-0.029761622,1.462734,-0.19682221,1.0
39,7,0.07824578,1.4565744,-0.101009846,1.0
39,8,-0.06951688,1.4149234,-0.080052316,1.0
39,9,0.0070335832,1.4383605,-0.15898933,1.0
39,10,-0.0394556,1.4000833,-0.17274395,1.0
39,11,0.15446073,1.293577,-0.006969697,1.0
39,12,-0.110781856,1.3538404,0.10572777,1.0
39,13,0.20277643,1.17309,-0.13676849,1.0
39,14,-0.09838656,1.0397329,0.09479567,1.0
39,15,0.16580036,1.2620711,-0.21704108,1.0
39,16,-0.16831598,0.8670114,0.005713828,1.0
39,17,0.15517661,1.2340868,-0.20481238,1.0
39,18,-0.16260162,0.8298922,-0.046514098,1.0
39,19,0.14026234,1.2453899,-0.21036567,1.0
39,20,-0.15065996,0.85037476,-0.070027314,1.0
39,21,0.16481887,1.2587103,-0.21734206,1.0
39,22,-0.16852485,0.87295014,-0.014478184,1.0
39,23,0.0921179,0.82121575,-0.00816167,1.0
39,24,-0.081670694,0.84038275,0.0023995945,1.0
39,25,0.078267045,0.45987058,-0.17801097,1.0
39,26,-0.03358069,0.47630835,-0.03223406,1.0
39,27,0.12528738,0.10996651,0.008975092,1.0
39,28,-0.056379966,0.05910687,0.09728767,1.0
39,29,0.11757009,0.07827301,0.038550872,1.0
39,30,-0.0597839,0.021990635,0.072278745,1.0
39,31,0.07029775,0.030581638,-0.015730783,1.0
39,32,-0.09380981,0.0016801823,-0.005695358,1.0
40,0,-0.034976516,1.4611766,-0.20807451,1.0
40,1,-0.010751871,1.4729245,-0.20120874,1.0
40,2,-0.006323599,1.4830873,-0.1895367,1.0
40,3,-0.011195006,1.4716766,-0.19425714,1.0
40,4,-0.030108191,1.4811182,-0.20815955,1.0
40,5,-0.024352647,1.481375,-0.21726616,1.0
40,6,-0.02479308,1.4672034,-0.19968608,1.0
40,7,0.076501034,1.4651668,-0.11291483,1.0
40,8,-0.06362639,1.4250071,-0.08262275,1.0
40,9,0.011369347,1.4366834,-0.16634968,1.0
40,10,-0.024757449,1.4078383,-0.1815877,1.0
40,11,0.15805975,1.2938676,-0.004346885,1.0
40,12,-0.10850065,1.3440311,0.107557945,1.0
40,13,0.2105343,1.2017239,-0.15890306,1.0
40,14,-0.09840952,1.0283368,0.09474851,1.0
40,15,0.1560762,1.3409302,-0.2662397,1.0
40,16,-0.18513843,0.8607266,-0.018988786,1.0
40,17,0.16890821,1.397042,-0.263342,1.0
40,18,-0.18573487,0.8261109,-0.04476566,1.0
40,19,0.15928645,1.4161383,-0.2663043,1.0
40,20,-0.16332325,0.84903884,-0.07353891,1.0
40,21,0.15599333,1.3332071,-0.26919395,1.0
40,22,-0.18193546,0.85935503,-0.031025117,1.0
40,23,0.091775194,0.8233525,-0.0068220245,1.0
40,24,-0.0817769,0.83295745,0.0037402408,1.0
40,25,0.06079249,0.4899284,-0.217197,1.0
40,26,-0.03735594,0.4658307,-0.031886283,1.0
40,27,0.11035299,0.1550886,0.0006529667,1.0
40,28,-0.057701796,0.049936652,0.09610139,1.0
40,29,0.09999632,0.12471838,0.029451502,1.0
40,30,-0.059265006,0.015817609,0.06751986,1.0
40,31,0.062842816,0.0733289,-0.02081662,1.0
40,32,-0.09421776,0.0010982554,-0.012612471,1.0
41,0,-0.024015635,1.4586297,-0.22170919,1.0
41,1,-0.0075200815,1.4785135,-0.2097093,1.0
41,2,0.005691068,1.4735506,-0.20038977,1.0
41,3,-0.0021004858,1.4697839,-0.20295879,1.0
41,4,-0.01999267,1.4798368,-0.21712404,1.0
41,5,-0.023568755,1.4792172,-0.21834104,1.0
41,6,-0.015994199,1.4683263,-0.21116734,1.0
41,7,0.08307554,1.4585403,-0.11354693,1.0
41,8,-0.059819195,1.4211305,-0.08946108,1.0
41,9,0.016607702,1.4415084,-0.17569104,1.0
41,10,-0.020271461,1.4059483,-0.19135481,1.0
41,11,0.1599997,1.2865021,-0.020258773,1.0
41,12,-0.09968053,1.3462565,0.09525924,1.0
41,13,0.20765549,1.2051443,-0.14731574,1.0
41,14,-0.10466569,1.0329533,0.08885993,1.0
41,15,0.17602235,1.3415254,-0.23180363,1.0
41,16,-0.19353768,0.8673049,-0.024502097,1.0
41,17,0.15410602,1.3927833,-0.2475104,1.0
41,18,-0.19628386,0.8327267,-0.054820675,1.0
41,19,0.15076123,1.4104275,-0.25586608,1.0
41,20,-0.17658982,0.85507745,-0.083492585,1.0
41,21,0.17624016,1.3421711,-0.22979209,1.0
41,22,-0.19512583,0.866364,-0.041212752,1.0
41,23,0.081890956,0.82560354,-0.00040377956,1.0
41,24,-0.090617165,0.84273356,0.002899284,1.0
41,25,0.055882394,0.50181043,-0.21314606,1.0
41,26,-0.043622375,0.47483674,-0.04277812,1.0
41,27,0.10823579,0.18193886,0.0030488379,1.0
41,28,-0.056015708,0.04741782,0.062062487,1.0
41,29,0.09961689,0.15216066,0.026007881,1.0
41,30,-0.055525485,0.0077165663,0.037332453,1.0
41,31,0.06516902,0.10117556,0.0018494916,1.0
41,32,-0.09600853,0.00019897241,-0.044975884,1.0
42,0,-0.021460926,1.4550873,-0.22418432,1.0
42,1,-0.0029807044,1.4777137,-0.20783718,1.0
42,2,0.006623148,1.4682499,-0.19738662,1.0
42,3,-0.00021816115,1.4697754,-0.19954719,1.0
42,4,-0.017632639,1.4785324,-0.21832804,1.0
42,5,-0.026486829,1.4761521,-0.21899419,1.0
42,6,-0.012088051,1.4739968,-0.20870967,1.0
42,7,0.082622245,1.4579512,-0.11046312,1.0
42,8,-0.057977162,1.4224135,-0.0865629,1.0
42,9,0.015784923,1.4455736,-0.17291933,1.0
42,10,-0.020567974,1.4108785,-0.1941624,1.0
42,11,0.15930077,1.2904398,-0.024147052,1.0
42,12,-0.09713012,1.3455176,0.09165989,1.0
42,13,0.21024014,1.2529526,-0.16106969,1.0
42,14,-0.11011085,1.0333369,0.09053814,1.0
42,15,0.1850916,1.3602955,-0.2506858,1.0
42,16,-0.19773614,0.87550664,-0.0205067,1.0
42,17,0.16871695,1.3990805,-0.26946637,1.0
42,18,-0.19981955,0.83986616,-0.04480345,1.0
42,19,0.16231373,1.4234382,-0.27385575,1.0
42,20,-0.17644444,0.8684115,-0.07754985,1.0
42,21,0.18893579,1.3651031,-0.24863358,1.0
42,22,-0.19569966,0.8704367,-0.037459366,1.0
42,23,0.07695725,0.8251399,0.0020638136,1.0
42,24,-0.0935904,0.8415042,0.00576487,1.0
42,25,0.056645826,0.48767987,-0.1847525,1.0
42,26,-0.04972304,0.47459853,-0.047873303,1.0
42,27,0.11509763,0.14727134,-0.0063509196,1.0
42,28,-0.046776004,0.047910303,0.055747226,1.0
42,29,0.10014783,0.11275888,0.00987743,1.0
42,30,-0.04946243,0.008407019,0.03063321,1.0
42,31,0.06423335,0.06764984,-0.023316791,1.0
42,32,-0.095094696,0.0,-0.04549922,1.0
43,0,-0.026456602,1.460217,-0.22404636,1.0
43,1,-0.008775728,1.4778413,-0.21015179,1.0
43,2,0.009792023,1.4809214,-0.19924319,1.0
43,3,-0.0011484238,1.4721675,-0.20764603,1.0
43,4,-0.013099842,1.4873704,-0.22464883,1.0
43,5,-0.024595797,1.4802295,-0.22749501,1.0
43,6,-0.016197603,1.4754512,-0.20921549,1.0
43,7,0.08963062,1.454096,-0.11022638,1.0
43,8,-0.06495016,1.4257685,-0.08957349,1.0
43,9,0.018365256,1.4477009,-0.17698812,1.0
43,10,-0.019685643,1.4123505,-0.19138408,1.0
43,11,0.16005075,1.3039176,-0.036019504,1.0
43,12,-0.09582296,1.3455715,0.09138851,1.0
43,13,0.21272829,1.2977629,-0.16601504,1.0
43,14,-0.10420999,1.0361501,0.0911415,1.0
43,15,0.19649066,1.3690314,-0.25650832,1.0
43,16,-0.20826057,0.8885016,-0.015812429,1.0
43,17,0.19876759,1.4028418,-0.28683934,1.0
43,18,-0.20622815,0.8577695,-0.04866393,1.0
43,19,0.17230056,1.417827,-0.2771122,1.0
43,20,-0.19078189,0.8791489,-0.07349064,1.0
43,21,0.1947996,1.3799133,-0.25673842,1.0
43,22,-0.207318,0.8890244,-0.031804625,1.0
43,23,0.0814429,0.8321102,-0.007946337,1.0
43,24,-0.088124655,0.84447,0.008815385,1.0
43,25,0.056150008,0.48055655,-0.19339493,1.0
43,26,-0.045588437,0.4774589,-0.050217584,1.0
43,27,0.12351708,0.14503968,-0.022370934,1.0
43,28,-0.041874006,0.052304804,0.06097433,1.0
43,29,0.1170369,0.11081484,-0.0023962148,1.0
43,30,-0.047406543,0.014144577,0.03543925,1.0
43,31,0.0754282,0.06943102,-0.054481965,1.0
43,32,-0.09351374,0.0,-0.04494733,1.0
44,0,-0.02951307,1.4664286,-0.19981256,1.0
44,1,-0.00956006,1.4766299,-0.18843293,1.0
44,2,0.0020200966,1.5008589,-0.18121159,1.0
44,3,-0.0043186005,1.4819452,-0.18949525,1.0
44,4,-0.00946787,1.495467,-0.20935251,1.0
44,5,-0.02049044,1.4878429,-0.22584908,1.0
44,6,-0.021280196,1.477092,-0.18487467,1.0
44,7,0.08327135,1.450111,-0.11735908,1.0
44,8,-0.06812997,1.421934,-0.08112806,1.0
44,9,0.022104688,1.4434994,-0.16806819,1.0
44,10,-0.017633637,1.4096184,-0.17298332,1.0
44,11,0.15021548,1.3266895,-0.040167794,1.0
44,12,-0.101991296,1.3334364,0.10461764,1.0
44,13,0.22219858,1.3787335,-0.20375268,1.0
44,14,-0.09382039,1.029046,0.07492083,1.0
44,15,0.19624992,1.4379855,-0.2930675,1.0
44,16,-0.2175194,0.8888053,-0.008174144,1.0
44,17,0.20521636,1.4662873,-0.3303206,1.0
44,18,-0.20626901,0.8642454,-0.042158425,1.0
44,19,0.16268094,1.4706327,-0.3210174,1.0
44,20,-0.20199743,0.8776351,-0.066331446,1.0
44,21,0.1813807,1.4411298,-0.30641422,1.0
44,22,-0.21661733,0.8931768,-0.022136021,1.0
44,23,0.08968085,0.8374074,-0.023505261,1.0
44,24,-0.07596502,0.84228015,0.013054759,1.0
44,25,0.054750733,0.4763207,-0.21861406,1.0
44,26,-0.046849534,0.47531074,-0.044633232,1.0
44,27,0.12233689,0.13361639,-0.09461752,1.0
44,28,-0.034691148,0.05036345,0.049610592,1.0
44,29,0.12126698,0.10192247,-0.07165179,1.0
44,30,-0.04070921,0.013744082,0.019281931,1.0
44,31,0.07623808,0.068685606,-0.13070986,1.0
44,32,-0.08895393,0.00067142025,-0.056654483,1.0
45,0,-0.02010884,1.4725921,-0.18752636,1.0
45,1,0.002339836,1.4865539,-0.17526083,1.0
45,2,0.0030292254,1.4899578,-0.16725641,1.0
45,3,6.288385e-05,1.4892476,-0.16686508,1.0
45,4,-0.015927497,1.497215,-0.18656065,1.0
45,5,-0.017809391,1.4956751,-0.20431283,1.0
45,6,-0.010637018,1.4859021,-0.17563647,1.0
45,7,0.07685463,1.4664946,-0.105883315,1.0
45,8,-0.050322592,1.4242778,-0.07588575,1.0
45,9,0.020417608,1.4528167,-0.1507351,1.0
45,10,-0.020404108,1.4196358,-0.16454831,1.0
45,11,0.15574464,1.3319483,-0.05751227,1.0
45,12,-0.092861325,1.3372835,0.092134595,1.0
45,13,0.22866112,1.4174808,-0.24633613,1.0
45,14,-0.10807416,1.0344908,0.07409255,1.0
45,15,0.20260493,1.5102581,-0.34354466,1.0
45,16,-0.22599533,0.8882387,0.00034942292,1.0
45,17,0.20062879,1.5396938,-0.3590579,1.0
45,18,-0.22809592,0.8624574,-0.01756011,1.0
45,19,0.17658508,1.5562649,-0.36111936,1.0
45,20,-0.21457003,0.88853085,-0.05931356,1.0
45,21,0.20117526,1.5058362,-0.3475639,1.0
45,22,-0.22862586,0.88926727,-0.02029631,1.0
45,23,0.078799054,0.838803,-0.019724753,1.0
45,24,-0.08308108,0.8498372,0.022709612,1.0
45,25,0.03476487,0.47332376,-0.20257813,1.0
45,26,-0.061604448,0.48830634,-0.033804886,1.0
45,27,0.12879865,0.115949035,-0.078244686,1.0
45,28,-0.028670423,0.05956143,0.048926137,1.0
45,29,0.117752425,0.08013648,-0.0654312,1.0
45,30,-0.03119846,0.021602757,0.020697372,1.0
45,31,0.07438889,0.039811917,-0.11869101,1.0
45,32,-0.08992928,0.00049815513,-0.055437483,1.0
46,0,-0.011482525,1.4758967,-0.19237651,1.0
46,1,0.010674463,1.4929609,-0.18046448,1.0
46,2,0.008780198,1.4748669,-0.16956927,1.0
46,3,0.0049387245,1.4874599,-0.16282032,1.0
46,4,-0.024704553,1.493996,-0.18317226,1.0
46,5,-0.015181875,1.4945829,-0.19769002,1.0
46,6,-0.002808923,1.4886389,-0.18636239,1.0
46,7,0.07582942,1.474822,-0.09456708,1.0
46,8,-0.04210889,1.4261297,-0.08175506,1.0
46,9,0.017887605,1.4580296,-0.14669397,1.0
46,10,-0.022038035,1.4273158,-0.17344019,1.0
46,11,0.15952542,1.3294406,-0.065574065,1.0
46,12,-0.091662824,1.3427123,0.077651516,1.0
46,13,0.23692271,1.4910555,-0.21442568,1.0
46,14,-0.13040458,1.0409343,0.0762693,1.0
46,15,0.20681289,1.566901,-0.2633326,1.0
46,16,-0.25039983,0.8823483,0.0015442539,1.0
46,17,0.2091787,1.6042764,-0.28197715,1.0
46,18,-0.26613387,0.8519576,-0.008734001,1.0
46,19,0.17268273,1.5893209,-0.323068,1.0
46,20,-0.24405342,0.8948152,-0.05986136,1.0
46,21,0.20383558,1.5675019,-0.27143887,1.0
46,22,-0.25448495,0.8784853,-0.021042,1.0
46,23,0.06752539,0.83279455,-0.015928857,1.0
46,24,-0.08799532,0.8566157,0.030529834,1.0
46,25,0.027060095,0.44454554,-0.17268646,1.0
46,26,-0.07611409,0.5037266,-0.015468925,1.0
46,27,0.12759134,0.08635663,-0.07061808,1.0
46,28,-0.030980539,0.087302506,0.06564941,1.0
46,29,0.10491155,0.052642837,-0.071458936,1.0
46,30,-0.031206481,0.049395308,0.04052066,1.0
46,31,0.061959185,0.007799182,-0.12434212,1.0
46,32,-0.10093048,0.04016903,-0.0198775,1.0
47,0,-0.01120686,1.47412,-0.19177003,1.0
47,1,0.0111911325,1.4826307,-0.18318333,1.0
47,2,0.002653465,1.4753213,-0.1701828,1.0
47,3,0.0023983403,1.4806081,-0.16706438,1.0
47,4,-0.024932668,1.4895854,-0.18609405,1.0
47,5,-0.0097490605,1.4886489,-0.20576486,1.0
47,6,-0.0035291445,1.4831825,-0.18341836,1.0
47,7,0.070861235,1.4703674,-0.09954433,1.0
47,8,-0.044177767,1.420375,-0.07780388,1.0
47,9,0.019318394,1.4505023,-0.14395772,1.0
47,10,-0.015539643,1.4220852,-0.17182553,1.0
47,11,0.1505742,1.3421595,-0.067910835,1.0
47,12,-0.09339121,1.3358587,0.08567135,1.0
47,13,0.22028005,1.5050334,-0.21611689,1.0
47,14,-0.13792911,1.0407465,0.08045691,1.0
47,15,0.19754598,1.7122349,-0.2605197,1.0
47,16,-0.27180243,0.8761605,0.024981875,1.0
47,17,0.19110009,1.7632772,-0.27489734,1.0
47,18,-0.28334734,0.84308875,0.020378638,1.0
47,19,0.17563933,1.7872494,-0.30936155,1.0
47,20,-0.26391906,0.87517947,-0.030526042,1.0
47,21,0.20399228,1.7089552,-0.2761563,1.0
47,22,-0.2705511,0.868063,0.0009407024,1.0
47,23,0.0710222,0.84173924,-0.023417842,1.0
47,24,-0.07838096,0.8614654,0.032535832,1.0
47,25,0.03496678,0.45284134,-0.17968568,1.0
47,26,-0.07400479,0.5083483,-0.018629175,1.0
47,27,0.117090076,0.08842754,-0.102953404,1.0
47,28,-0.032239933,0.09301165,0.063755035,1.0
47,29,0.09734202,0.05401777,-0.10245544,1.0
47,30,-0.036150955,0.0635461,0.028077222,1.0
47,31,0.05635731,0.014962242,-0.16103503,1.0
47,32,-0.10619438,0.048415042,-0.035337932,1.0
48,0,0.0010995031,1.4741133,-0.19174176,1.0
48,1,0.011684781,1.485842,-0.18465328,1.0
48,2,0.014771514,1.5017916,-0.17661965,1.0
48,3,0.0148536,1.4860221,-0.18003488,1.0
48,4,0.0088391,1.4932663,-0.19987763,1.0
48,5,0.009577741,1.494907,-0.21396008,1.0
48,6,0.0050435998,1.4771299,-0.18164852,1.0
48,7,0.08062433,1.465321,-0.11182844,1.0
48,8,-0.052674286,1.4230312,-0.09432045,1.0
48,9,0.04112361,1.448151,-0.15750188,1.0
48,10,0.013173489,1.4176825,-0.16935171,1.0
48,11,0.14040947,1.3653674,-0.06943232,1.0
48,12,-0.09036225,1.3313606,0.08305153,1.0
48,13,0.23150855,1.5706643,-0.16977136,1.0
48,14,-0.12634525,1.032096,0.02637149,1.0
48,15,0.23826662,1.7150711,-0.16800404,1.0
48,16,-0.2789567,0.8722702,-0.009700206,1.0
48,17,0.24120994,1.7575518,-0.17307884,1.0
48,18,-0.28161773,0.8452903,-0.028948545,1.0
48,19,0.21273239,1.7630107,-0.23006761,1.0
48,20,-0.28473946,0.85282314,-0.0679926,1.0
48,21,0.23877005,1.7146043,-0.17593926,1.0
48,22,-0.28520972,0.87250036,-0.029307276,1.0
48,23,0.08130513,0.851726,-0.032216333,1.0
48,24,-0.06742512,0.86322725,0.02217812,1.0
48,25,0.04452048,0.46395966,-0.18687072,1.0
48,26,-0.07275798,0.50945365,-0.057625588,1.0
48,27,0.1000347,0.09153941,-0.12157768,1.0
48,28,-0.059899643,0.09493324,-0.0033839755,1.0
48,29,0.09423206,0.057935763,-0.1015427,1.0
48,30,-0.062866025,0.06038649,-0.039384454,1.0
48,31,0.058037728,0.032309875,-0.16249342,1.0
48,32,-0.11739129,0.05394426,-0.1187337,1.0
49,0,0.015223846,1.4785713,-0.18197769,1.0
49,1,0.02616546,1.4902273,-0.1626635,1.0
49,2,0.052353576,1.505289,-0.15588975,1.0
49,3,0.049633533,1.4868897,-0.16279775,1.0
49,4,0.03496564,1.5190964,-0.18183152,1.0
49,5,0.029098544,1.5035778,-0.1993036,1.0
49,6,0.02407084,1.476179,-0.1716589,1.0
49,7,0.10913308,1.4591186,-0.08202144,1.0
49,8,-0.04188853,1.416335,-0.07370603,1.0
49,9,0.06350113,1.4478992,-0.12787673,1.0
49,10,0.0206538,1.4140139,-0.14274855,1.0
49,11,0.15549034,1.3728385,-0.042610355,1.0
49,12,-0.074214235,1.341042,0.09383542,1.0
49,13,0.2258004,1.5894893,-0.09595232,1.0
49,14,-0.11850935,1.0464996,0.035877496,1.0
49,15,0.25816882,1.7592754,-0.07571207,1.0
49,16,-0.26760045,0.8825902,-0.0012007393,1.0
49,17,0.27813002,1.8008603,-0.07265504,1.0
49,18,-0.27246928,0.8590359,-0.04146497,1.0
49,19,0.23679645,1.8208148,-0.15152512,1.0
49,20,-0.2764637,0.86372674,-0.059326053,1.0
49,21,0.2478186,1.7640111,-0.07782057,1.0
49,22,-0.27880567,0.8946291,-0.0152696315,1.0
49,23,0.07933149,0.848793,-0.03346668,1.0
49,24,-0.07053304,0.8705926,0.0135967545,1.0
49,25,0.043744452,0.4428234,-0.13101888,1.0
49,26,-0.06278416,0.517429,-0.054446716,1.0
49,27,0.09660089,0.065404475,-0.10558999,1.0
49,28,-0.06662935,0.09570673,0.0072371364,1.0
49,29,0.10405538,0.029352043,-0.09181373,1.0
49,30,-0.05988847,0.05768426,-0.02595577,1.0
49,31,0.06745262,0.011409942,-0.14353153,1.0
49,32,-0.11832118,0.055517312,-0.100028425,1.0
50,0,0.028883278,1.4785037,-0.16487736,1.0
50,1,0.04107741,1.4973714,-0.14829531,1.0
50,2,0.045400847,1.4886475,-0.13731606,1.0
50,3,0.045466315,1.4968226,-0.13489531,1.0
50,4,0.02732259,1.5059938,-0.16107571,1.0
50,5,0.020303227,1.5057247,-0.17091891,1.0
50,6,0.030644825,1.4889395,-0.15749454,1.0
50,7,0.09356653,1.4833493,-0.06555627,1.0
50,8,-0.027979873,1.4258335,-0.062665395,1.0
50,9,0.062005848,1.4637828,-0.11076481,1.0
50,10,0.023349807,1.4283867,-0.13511875,1.0
50,11,0.15914631,1.3815594,-0.030716151,1.0
50,12,-0.06918605,1.3532101,0.09050773,1.0
50,13,0.22705474,1.5873547,-0.07170145,1.0
50,14,-0.12871227,1.0595053,0.04351971,1.0
50,15,0.27693322,1.7597203,-0.08621317,1.0
50,16,-0.2640666,0.8825795,-0.013618711,1.0
50,17,0.276521,1.8014174,-0.08296298,1.0
50,18,-0.2706273,0.85540897,-0.03501283,1.0
50,19,0.2646694,1.8215508,-0.09959326,1.0
50,20,-0.26006284,0.87731135,-0.07356307,1.0
50,21,0.2807416,1.7605853,-0.09062591,1.0
50,22,-0.26922122,0.88581634,-0.03397251,1.0
50,23,0.06882749,0.85188645,-0.014115498,1.0
50,24,-0.081950046,0.8811597,0.016495991,1.0
50,25,0.052043412,0.42845717,-0.10116195,1.0
50,26,-0.07099245,0.5273479,-0.0431299,1.0
50,27,0.100801766,0.06112522,-0.03897612,1.0
50,28,-0.07200501,0.1032179,0.014940191,1.0
50,29,0.08435217,0.025494728,-0.031621333,1.0
50,30,-0.06874068,0.061080173,-0.011564145,1.0
50,31,0.051454782,0.0,-0.08741504,1.0
50,32,-0.12683234,0.05846574,-0.07413568,1.0
51,0,0.031199299,1.486745,-0.15015307,1.0
51,1,0.042406138,1.4980469,-0.14412233,1.0
51,2,0.037981506,1.4916233,-0.12959854,1.0
51,3,0.035641667,1.4997307,-0.12768573,1.0
51,4,0.02085413,1.5008534,-0.15400536,1.0
51,5,0.02035945,1.5026335,-0.16453807,1.0
51,6,0.02836433,1.4950849,-0.14705178,1.0
51,7,0.08531475,1.4916533,-0.069596246,1.0
51,8,-0.018860161,1.4309096,-0.059640113,1.0
51,9,0.058485474,1.4716655,-0.10805465,1.0
51,10,0.030909702,1.4344723,-0.135036,1.0
51,11,0.16117355,1.3830044,-0.020580603,1.0
51,12,-0.06284386,1.3535398,0.09610015,1.0
51,13,0.23003691,1.585493,-0.08091748,1.0
51,14,-0.1278333,1.0652525,0.04643746,1.0
51,15,0.2640097,1.7776157,-0.10107051,1.0
51,16,-0.26524305,0.9059619,-0.0227561,1.0
51,17,0.26108927,1.818855,-0.10446484,1.0
51,18,-0.2702204,0.87186706,-0.035444535,1.0
51,19,0.2538165,1.8432258,-0.11439384,1.0
51,20,-0.25674376,0.90353215,-0.080478616,1.0
51,21,0.27186128,1.7745486,-0.11386905,1.0
51,22,-0.26462185,0.90440667,-0.046421867,1.0
51,23,0.06890833,0.8539787,-0.016197167,1.0
51,24,-0.07541411,0.8810252,0.022594456,1.0
51,25,0.05740607,0.43640536,-0.110100485,1.0
51,26,-0.07084014,0.54288936,-0.021114476,1.0
51,27,0.10112492,0.06282058,-0.03556724,1.0
51,28,-0.08751999,0.142594,0.07220049,1.0
51,29,0.08272318,0.026366714,-0.031268723,1.0
51,30,-0.092507325,0.10615699,0.046486184,1.0
51,31,0.036549337,0.0,-0.0869672,1.0
51,32,-0.15679976,0.09527662,0.0030309912,1.0
52,0,0.023400798,1.4890158,-0.14117739,1.0
52,1,0.038936015,1.4990668,-0.1414906,1.0
52,2,0.036706932,1.4987314,-0.12192209,1.0
52,3,0.03409314,1.500042,-0.124717906,1.0
52,4,0.015315645,1.504488,-0.15092435,1.0
52,5,0.021750119,1.5021572,-0.16222048,1.0
52,6,0.022126786,1.4938588,-0.14215313,1.0
52,7,0.092225425,1.492099,-0.06392777,1.0
52,8,-0.023671698,1.4327886,-0.055367477,1.0
52,9,0.059405513,1.4691322,-0.10584186,1.0
52,10,0.030447789,1.4349675,-0.12800762,1.0
52,11,0.16372874,1.3872623,-0.02034293,1.0
52,12,-0.060185686,1.3521645,0.097068995,1.0
52,13,0.22248316,1.5890921,-0.083628245,1.0
52,14,-0.12161848,1.0767121,0.048446827,1.0
52,15,0.25080913,1.7717242,-0.084717624,1.0
52,16,-0.25888976,0.94404507,-0.03597571,1.0
52,17,0.26028633,1.8179643,-0.0925359,1.0
52,18,-0.26978377,0.91603035,-0.057895835,1.0
52,19,0.23990008,1.8342156,-0.09444868,1.0
52,20,-0.2555918,0.9507336,-0.09113014,1.0
52,21,0.25790223,1.7716992,-0.095094465,1.0
52,22,-0.2597946,0.94859415,-0.051623255,1.0
52,23,0.07273215,0.8531938,-0.021593254,1.0
52,24,-0.069419175,0.8796046,0.02204698,1.0
52,25,0.062112905,0.42948875,-0.09799692,1.0
52,26,-0.08697365,0.5477345,-0.007393572,1.0
52,27,0.09751785,0.062025726,-0.013268873,1.0
52,28,-0.17223117,0.17096758,0.0993597,1.0
52,29,0.07667834,0.027082559,-0.002812524,1.0
52,30,-0.1806273,0.13916187,0.07515653,1.0
52,31,0.037899915,0.0,-0.059397176,1.0
52,32,-0.233679,0.1335719,0.048553165,1.0
53,0,0.022843592,1.499289,-0.1511735,1.0
53,1,0.03790865,1.5077837,-0.1434051,1.0
53,2,0.043101028,1.5044794,-0.1241697,1.0
53,3,0.03787621,1.5071552,-0.12746045,1.0
53,4,0.014583431,1.51755,-0.15395862,1.0
53,5,0.020635497,1.5096757,-0.16534147,1.0
53,6,0.024164552,1.5012107,-0.14922339,1.0
53,7,0.09618455,1.4982557,-0.056368966,1.0
53,8,-0.02458847,1.4320495,-0.058700565,1.0
53,9,0.05981833,1.4797907,-0.10654137,1.0
53,10,0.02620054,1.444057,-0.13196476,1.0
53,11,0.1643573,1.3925359,-0.024767112,1.0
53,12,-0.06115201,1.3605938,0.08781339,1.0
53,13,0.19415772,1.5840116,-0.08315018,1.0
53,14,-0.12783071,1.1112151,0.0570082,1.0
53,15,0.24747263,1.7557237,-0.09342809,1.0
53,16,-0.25490588,0.9957181,-0.010690868,1.0
53,17,0.25592878,1.8039854,-0.101809874,1.0
53,18,-0.2723731,0.9762333,-0.039538853,1.0
53,19,0.23647855,1.8191206,-0.09916998,1.0
53,20,-0.25500005,1.0136223,-0.06638798,1.0
53,21,0.25729564,1.7619715,-0.10146523,1.0
53,22,-0.25817263,1.004514,-0.026318414,1.0
53,23,0.06880533,0.85415167,-0.017045593,1.0
53,24,-0.07397192,0.88416755,0.017849961,1.0
53,25,0.065016404,0.43383086,-0.09128911,1.0
53,26,-0.116665766,0.5579504,-0.009777918,1.0
53,27,0.0815278,0.06724036,0.0147544,1.0
53,28,-0.23299919,0.22601593,0.16769788,1.0
53,29,0.055822454,0.031714797,0.024808168,1.0
53,30,-0.24930772,0.20277244,0.14859873,1.0
53,31,0.023000859,0.0,-0.024601791,1.0
53,32,-0.26858705,0.16819963,0.10110868,1.0
54,0,0.02012239,1.5049064,-0.14650296,1.0
54,1,0.03445757,1.514821,-0.14129831,1.0
54,2,0.035489295,1.5149083,-0.1276137,1.0
54,3,0.032873437,1.5173969,-0.12633471,1.0
54,4,0.018104708,1.5190718,-0.15127455,1.0
54,5,0.016176654,1.5172639,-0.16247943,1.0
54,6,0.022718992,1.5083077,-0.14214422,1.0
54,7,0.090860814,1.50229,-0.06409459,1.0
54,8,-0.024359278,1.4376831,-0.05571173,1.0
54,9,0.058688812,1.4875202,-0.10767077,1.0
54,10,0.029084317,1.4487681,-0.13513772,1.0
54,11,0.15649348,1.3979583,-0.027025985,1.0
54,12,-0.06566471,1.3611062,0.08390178,1.0
54,13,0.18506551,1.5796292,-0.08620463,1.0
54,14,-0.12772533,1.1199569,0.051474527,1.0
54,15,0.24114367,1.752069,-0.0957994,1.0
54,16,-0.25612074,1.0107561,-0.0043683425,1.0
54,17,0.2515643,1.7996938,-0.107546814,1.0
54,18,-0.2628599,0.99593616,-0.027173813,1.0
54,19,0.23395061,1.8169773,-0.11352675,1.0
54,20,-0.24930869,1.0326676,-0.0591533,1.0
54,21,0.25025734,1.750941,-0.106941745,1.0
54,22,-0.2547977,1.0220745,-0.019744227,1.0
54,23,0.07060572,0.85947764,-0.015709992,1.0
54,24,-0.073342346,0.8841677,0.018004227,1.0
54,25,0.07722913,0.44124597,-0.09022422,1.0
54,26,-0.14535862,0.5631429,-0.0044043264,1.0
54,27,0.07942594,0.0733358,0.0015291199,1.0
54,28,-0.2698598,0.22174788,0.15795913,1.0
54,29,0.05842915,0.03851583,0.019252378,1.0
54,30,-0.28759563,0.19629762,0.13664614,1.0
54,31,0.020923965,0.0,-0.030695323,1.0
54,32,-0.32498085,0.17570506,0.08129673,1.0
55,0,0.020364624,1.5115879,-0.15346771,1.0
55,1,0.0321038,1.5243151,-0.13960703,1.0
55,2,0.038869157,1.5206254,-0.12979476,1.0
55,3,0.037270714,1.5255556,-0.1272754,1.0
55,4,0.021411473,1.5340188,-0.15176633,1.0
55,5,0.015464934,1.5294023,-0.16477361,1.0
55,6,0.02461869,1.5149541,-0.14562297,1.0
55,7,0.091790624,1.5015657,-0.060058188,1.0
55,8,-0.024893757,1.4347897,-0.057023935,1.0
55,9,0.060767785,1.4905279,-0.10673508,1.0
55,10,0.023134362,1.4520638,-0.1355811,1.0
55,11,0.1545226,1.3970611,-0.025583856,1.0
55,12,-0.06779441,1.3636618,0.07901612,1.0
55,13,0.18408093,1.5865786,-0.07131437,1.0
55,14,-0.13449946,1.1307025,0.060047194,1.0
55,15,0.24575716,1.7525136,-0.07056619,1.0
55,16,-0.25402203,1.016036,0.021084182,1.0
55,17,0.2502861,1.7992666,-0.073959745,1.0
55,18,-0.25818932,1.0077825,-0.011106266,1.0
55,19,0.23090655,1.8155136,-0.08422959,1.0
55,20,-0.2434907,1.0397911,-0.036390156,1.0
55,21,0.2509882,1.7493138,-0.07634604,1.0
55,22,-0.255225,1.0326624,0.005735051,1.0
55,23,0.07174598,0.8565837,-0.007159295,1.0
55,24,-0.07745376,0.8837697,0.008112529,1.0
55,25,0.08737663,0.44006282,-0.0799622,1.0
55,26,-0.1670331,0.55919945,-0.018002344,1.0
55,27,0.079848014,0.081784576,0.029867835,1.0
55,28,-0.32918274,0.2155047,0.1435511,1.0
55,29,0.058426738,0.05107969,0.053211734,1.0
55,30,-0.34680295,0.1873561,0.120366596,1.0
55,31,0.023404904,0.0013645329,0.007969394,1.0
55,32,-0.38726294,0.17503831,0.06270511,1.0
56,0,0.018931674,1.5104595,-0.1548497,1.0
56,1,0.032747515,1.5218167,-0.14200184,1.0
56,2,0.038075984,1.5210092,-0.1325337,1.0
56,3,0.036577106,1.5258626,-0.1307088,1.0
56,4,0.020483296,1.5325596,-0.15469354,1.0
56,5,0.014850035,1.5287606,-0.16818546,1.0
56,6,0.022607047,1.5138614,-0.14704478,1.0
56,7,0.090412244,1.5002754,-0.06331696,1.0
56,8,-0.025787724,1.4338803,-0.05789516,1.0
56,9,0.061272845,1.4891391,-0.11047307,1.0
56,10,0.022480745,1.4507595,-0.13718683,1.0
56,11,0.15403175,1.3953927,-0.025314696,1.0
56,12,-0.068333864,1.3608816,0.08083843,1.0
56,13,0.18462756,1.5847378,-0.075246446,1.0
56,14,-0.14139275,1.1316233,0.06811163,1.0
56,15,0.2429191,1.7529439,-0.0780593,1.0
56,16,-0.25416386,1.0221505,0.030519288,1.0
56,17,0.24998775,1.8008544,-0.08417783,1.0
56,18,-0.2570243,1.013423,-0.0020044548,1.0
56,19,0.2291351,1.8167477,-0.09438299,1.0
56,20,-0.24114895,1.0457802,-0.027654696,1.0
56,21,0.24720763,1.7499473,-0.08469319,1.0
56,22,-0.2560094,1.0373359,0.01538982,1.0
56,23,0.07570235,0.8550665,-0.0066004544,1.0
56,24,-0.07679973,0.88098586,0.006177714,1.0
56,25,0.08669575,0.4393847,-0.07885412,1.0
56,26,-0.16852567,0.5592407,-0.020619564,1.0
56,27,0.07600349,0.08073875,0.025677338,1.0
56,28,-0.35760537,0.2094917,0.13393524,1.0
56,29,0.053563014,0.049877904,0.046902165,1.0
56,30,-0.37960732,0.18126771,0.11345947,1.0
56,31,0.024819234,0.0008527748,-0.0025898553,1.0
56,32,-0.4276272,0.17812969,0.040062748,1.0
57,0,0.020702537,1.5142564,-0.15797848,1.0
57,1,0.033733338,1.5253388,-0.14556342,1.0
57,2,0.03526704,1.5231615,-0.1371868,1.0
57,3,0.032787073,1.5293928,-0.1339546,1.0
57,4,0.01790689,1.5322579,-0.1607555,1.0
57,5,0.013536777,1.5317253,-0.17077255,1.0
57,6,0.021739881,1.5185751,-0.15148748,1.0
57,7,0.085661575,1.5030493,-0.07012225,1.0
57,8,-0.024925804,1.4372276,-0.06823391,1.0
57,9,0.059990227,1.4919697,-0.11688917,1.0
57,10,0.023061182,1.454782,-0.14586918,1.0
57,11,0.15398362,1.3925743,-0.029929455,1.0
57,12,-0.072034776,1.3597006,0.07049988,1.0
57,13,0.18396583,1.5849625,-0.0791439,1.0
57,14,-0.15092796,1.1369522,0.06839315,1.0
57,15,0.24223842,1.7562479,-0.08354278,1.0
57,16,-0.25817847,1.0272994,0.029796898,1.0
57,17,0.24686569,1.8064085,-0.09048194,1.0
57,18,-0.25882167,1.0164009,0.0040360116,1.0
57,19,0.22997011,1.8256098,-0.09942931,1.0
57,20,-0.24059974,1.0507904,-0.027441936,1.0
57,21,0.24732472,1.7547284,-0.09123206,1.0
57,22,-0.25712293,1.0368389,0.0126335835,1.0
57,23,0.0762537,0.8480591,-0.002717196,1.0
57,24,-0.07916516,0.8737128,0.0031858226,1.0
57,25,0.08755687,0.4342315,-0.07337887,1.0
57,26,-0.17266369,0.56370807,-0.020638727,1.0
57,27,0.078272164,0.07904005,0.038125068,1.0
57,28,-0.38008526,0.22429824,0.12679327,1.0
57,29,0.05559282,0.046746064,0.055926047,1.0
57,30,-0.40437394,0.19877619,0.10504487,1.0
57,31,0.025114119,0.0,0.0051976815,1.0
57,32,-0.43942937,0.20166364,0.032294683,1.0
58,0,0.019570448,1.50177,-0.15695164,1.0
58,1,0.03406027,1.5143628,-0.14618395,1.0
58,2,0.032584153,1.5146191,-0.13847105,1.0
58,3,0.032894965,1.5208972,-0.1356208,1.0
58,4,0.01750978,1.5216973,-0.1619044,1.0
58,5,0.012514377,1.5210671,-0.17397745,1.0
58,6,0.019878147,1.5074663,-0.1497263,1.0
58,7,0.08484421,1.4907739,-0.07277522,1.0
58,8,-0.025533356,1.4270439,-0.0689643,1.0
58,9,0.05955137,1.4803774,-0.11953516,1.0
58,10,0.023705754,1.4419339,-0.14630422,1.0
58,11,0.15383382,1.3829324,-0.028503077,1.0
58,12,-0.07523252,1.3492376,0.07166664,1.0
58,13,0.18602088,1.577196,-0.08034257,1.0
58,14,-0.15575567,1.1246036,0.06788663,1.0
58,15,0.2409519,1.7491341,-0.08554473,1.0
58,16,-0.26494512,1.0125302,0.026853856,1.0
58,17,0.24654078,1.7987823,-0.09185584,1.0
58,18,-0.26127493,1.0033101,0.0017021233,1.0
58,19,0.22714674,1.8155284,-0.102070145,1.0
58,20,-0.24784823,1.0336568,-0.027312836,1.0
58,21,0.24353942,1.7453549,-0.09160114,1.0
58,22,-0.26001084,1.0216641,0.012073997,1.0
58,23,0.07977659,0.83840334,-0.0012531822,1.0
58,24,-0.07870705,0.8626807,0.001734289,1.0
58,25,0.095084526,0.42575943,-0.07341262,1.0
58,26,-0.17735228,0.55499625,-0.033805076,1.0
58,27,0.08195952,0.07433787,0.03874007,1.0
58,28,-0.39395386,0.23033917,0.1280467,1.0
58,29,0.060516868,0.04309,0.05934628,1.0
58,30,-0.41786754,0.20632802,0.103569746,1.0
58,31,0.043258667,0.0,0.010269426,1.0
58,32,-0.44534653,0.20961899,0.031553313,1.0
59,0,0.007876605,1.4846914,-0.15949522,1.0
59,1,0.02344401,1.4973094,-0.1539506,1.0
59,2,0.019452963,1.4979384,-0.14608818,1.0
59,3,0.019833429,1.5033207,-0.14249772,1.0
59,4,0.0061648684,1.5002193,-0.16875257,1.0
59,5,0.00331447,1.5027971,-0.1776931,1.0
59,6,0.008003544,1.4881227,-0.15612929,1.0
59,7,0.07505592,1.4740372,-0.08163909,1.0
59,8,-0.032508682,1.4137101,-0.076445185,1.0
59,9,0.050337218,1.4626567,-0.12796253,1.0
59,10,0.01885052,1.425118,-0.1517982,1.0
59,11,0.15176237,1.3665917,-0.036244117,1.0
59,12,-0.08908595,1.3330834,0.065166086,1.0
59,13,0.18952395,1.5644119,-0.09017475,1.0
59,14,-0.17213887,1.1066542,0.047364585,1.0
59,15,0.23939885,1.7433369,-0.09592648,1.0
59,16,-0.29222083,0.9931903,-0.007180975,1.0
59,17,0.24596132,1.7955663,-0.1075839,1.0
59,18,-0.2899951,0.9837313,-0.030981325,1.0
59,19,0.22362138,1.8136604,-0.11522449,1.0
59,20,-0.27977338,1.0132828,-0.058538985,1.0
59,21,0.24107867,1.7404027,-0.10385373,1.0
59,22,-0.28620476,1.0022361,-0.019733928,1.0
59,23,0.08293054,0.8206971,-0.0011363202,1.0
59,24,-0.07833473,0.8448784,0.0004976882,1.0
59,25,0.09332547,0.4140045,-0.07052734,1.0
59,26,-0.20327029,0.551564,-0.03428095,1.0
59,27,0.07076478,0.065808505,0.050134525,1.0
59,28,-0.41872072,0.23040953,0.12660751,1.0
59,29,0.049387187,0.036127105,0.072981775,1.0
59,30,-0.44299793,0.20816994,0.102442056,1.0
59,31,0.03296658,0.0,0.019212931,1.0
59,32,-0.47229645,0.21775465,0.031114548,1.0
60,0,0.0011143591,1.4759445,-0.17280914,1.0
60,1,0.018535696,1.4883239,-0.16301404,1.0
60,2,0.023078898,1.4853685,-0.15173632,1.0
60,3,0.020570226,1.489795,-0.1526917,1.0
60,4,-0.002238591,1.4967611,-0.17639774,1.0
60,5,0.0021265673,1.4946997,-0.18454155,1.0
60,6,0.0037160087,1.4765882,-0.17158693,1.0
60,7,0.07524177,1.4620471,-0.07805917,1.0
60,8,-0.042158622,1.4018838,-0.0863381,1.0
60,9,0.04541149,1.4488127,-0.13202766,1.0
60,10,0.0072309766,1.4152205,-0.15761705,1.0
60,11,0.1568602,1.3525517,-0.042115122,1.0
60,12,-0.100007296,1.3258939,0.05532147,1.0
60,13,0.204934,1.5507811,-0.09385945,1.0
60,14,-0.18920434,1.1005753,0.049883246,1.0
60,15,0.24235103,1.7303493,-0.10348585,1.0
60,16,-0.30922663,0.9899422,-0.011357114,1.0
60,17,0.2444349,1.7821624,-0.11751216,1.0
60,18,-0.3168224,0.97928065,-0.045575038,1.0
60,19,0.21461478,1.8013957,-0.11862406,1.0
60,20,-0.30282313,1.0133648,-0.06356789,1.0
60,21,0.24100538,1.7344797,-0.1104559,1.0
60,22,-0.30696213,1.0012281,-0.024859544,1.0
60,23,0.085141055,0.8051936,0.0008201448,1.0
60,24,-0.07848806,0.8330909,-0.002764909,1.0
60,25,0.08161792,0.41700217,-0.07484208,1.0
60,26,-0.22845119,0.5623938,-0.040003117,1.0
60,27,0.060541123,0.07345271,0.0655351,1.0
60,28,-0.42750585,0.24290457,0.12990898,1.0
60,29,0.035856172,0.042475414,0.085991055,1.0
60,30,-0.45035863,0.22060318,0.111713156,1.0
60,31,0.024364233,0.0019861264,0.04021837,1.0
60,32,-0.48403558,0.23605223,0.056079622,1.0
61,0,0.0018535154,1.4644833,-0.18084854,1.0
61,1,0.019099364,1.4775629,-0.17033245,1.0
61,2,0.022146882,1.4694526,-0.15883909,1.0
61,3,0.019227255,1.474539,-0.15966377,1.0
61,4,-0.009379242,1.4815855,-0.17888784,1.0
61,5,0.0027637882,1.481663,-0.18669641,1.0
61,6,0.002272428,1.4638479,-0.18105428,1.0
61,7,0.074630454,1.4480484,-0.08070987,1.0
61,8,-0.039407276,1.3857124,-0.09174169,1.0
61,9,0.04270311,1.4334941,-0.14004941,1.0
61,10,0.006760549,1.4021006,-0.1695221,1.0
61,11,0.16657308,1.3239131,-0.04756277,1.0
61,12,-0.098674625,1.3034701,0.04573241,1.0
61,13,0.22660065,1.5157363,-0.10306457,1.0
61,14,-0.19112295,1.0769565,0.045946594,1.0
61,15,0.24306712,1.6923715,-0.10825626,1.0
61,16,-0.3135215,0.9675629,-0.020317202,1.0
61,17,0.23183642,1.7421467,-0.11987023,1.0
61,18,-0.3261798,0.95397013,-0.05376146,1.0
61,19,0.2029785,1.753701,-0.11815563,1.0
61,20,-0.30826163,0.9982812,-0.07436952,1.0
61,21,0.23715991,1.690489,-0.11649951,1.0
61,22,-0.30816463,0.9752166,-0.03587395,1.0
61,23,0.08869778,0.7749953,0.004382519,1.0
61,24,-0.078223266,0.80419415,-0.0033794628,1.0
61,25,0.07171677,0.4037646,-0.07863929,1.0
61,26,-0.24013036,0.53823733,-0.040276624,1.0
61,27,0.06015792,0.07098776,0.0720366,1.0
61,28,-0.43592733,0.22300896,0.13205859,1.0
61,29,0.03182686,0.04093206,0.08620253,1.0
61,30,-0.4563394,0.20027784,0.11566962,1.0
61,31,0.028947232,0.0018161722,0.04728169,1.0
61,32,-0.48340705,0.22576752,0.060278717,1.0
62,0,-0.0026885443,1.4665945,-0.19990867,1.0
62,1,0.014264101,1.4822907,-0.19128953,1.0
62,2,-0.0044074245,1.4728773,-0.17896624,1.0
62,3,0.0007936768,1.4828951,-0.17467281,1.0
62,4,-0.0218045,1.4758222,-0.20030627,1.0
62,5,-0.011495252,1.4850206,-0.20796554,1.0
62,6,-0.005259168,1.475157,-0.19549155,1.0
62,7,0.05402776,1.4627948,-0.11060377,1.0
62,8,-0.042107545,1.3963709,-0.10571116,1.0
62,9,0.029420149,1.4427814,-0.15865439,1.0
62,10,0.0027636155,1.4118855,-0.19519255,1.0
62,11,0.15859649,1.3323128,-0.05518087,1.0
62,12,-0.111009665,1.3069589,0.03972035,1.0
62,13,0.23859182,1.4756035,-0.12600031,1.0
62,14,-0.20149359,1.0742353,0.03478962,1.0
62,15,0.22345594,1.6239841,-0.13577141,1.0
62,16,-0.34346506,0.95685506,-0.028308287,1.0
62,17,0.19961508,1.6668146,-0.14517696,1.0
62,18,-0.3531629,0.943422,-0.043795675,1.0
62,19,0.17554288,1.7005775,-0.1520189,1.0
62,20,-0.33114603,0.9853813,-0.08352985,1.0
62,21,0.22095843,1.6119223,-0.15004036,1.0
62,22,-0.33180237,0.9562776,-0.04745861,1.0
62,23,0.08581185,0.782049,0.011681604,1.0
62,24,-0.08175422,0.8069281,-0.0054690028,1.0
62,25,0.07133144,0.40968642,-0.07700264,1.0
62,26,-0.23621346,0.5396662,-0.04424768,1.0
62,27,0.042577237,0.06607386,0.0533222,1.0
62,28,-0.44476032,0.20801434,0.094653435,1.0
62,29,0.016612692,0.03483709,0.06785011,1.0
62,30,-0.47110257,0.18904778,0.07114385,1.0
62,31,0.018687945,0.0,0.02835014,1.0
62,32,-0.4870595,0.19590607,-0.017074771,1.0
63,0,-0.026231524,1.4633133,-0.19638517,1.0
63,1,-0.0055718254,1.4768736,-0.1861156,1.0
63,2,-0.025215385,1.4796283,-0.17512475,1.0
63,3,-0.016765533,1.4833472,-0.17366466,1.0
63,4,-0.030657664,1.4747338,-0.20201719,1.0
63,5,-0.027750399,1.4869511,-0.21209736,1.0
63,6,-0.025072712,1.4752874,-0.18780057,1.0
63,7,0.044774495,1.4586973,-0.11155824,1.0
63,8,-0.062289134,1.4008572,-0.09339506,1.0
63,9,0.017358009,1.4374177,-0.15767881,1.0
63,10,-0.015120861,1.4101324,-0.1872065,1.0
63,11,0.15045157,1.3290374,-0.030996706,1.0
63,12,-0.12722147,1.3091345,0.05016142,1.0
63,13,0.23270315,1.3865739,-0.117942736,1.0
63,14,-0.19324964,1.0601609,0.034548514,1.0
63,15,0.23385055,1.6695721,-0.119854696,1.0
63,16,-0.34291846,0.9354235,-0.019130003,1.0
63,17,0.17126013,1.5733457,-0.14446537,1.0
63,18,-0.34708488,0.9277498,-0.039001226,1.0
63,19,0.1930012,1.7401888,-0.13389294,1.0
63,20,-0.3305899,0.95363885,-0.07700754,1.0
63,21,0.1796729,1.5142179,-0.14295655,1.0
63,22,-0.33104157,0.9357172,-0.038568165,1.0
63,23,0.09154372,0.7950449,0.010737302,1.0
63,24,-0.08234109,0.8127399,-0.011851702,1.0
63,25,0.06941642,0.41910562,-0.07162846,1.0
63,26,-0.2394415,0.53554416,-0.06481897,1.0
63,27,0.04280646,0.0758996,0.037284672,1.0
63,28,-0.43194038,0.18285653,0.061706908,1.0
63,29,0.02131564,0.04460762,0.05450187,1.0
63,30,-0.45846844,0.16359432,0.03652678,1.0
63,31,0.012726411,0.005695734,-0.0103295,1.0
63,32,-0.47136563,0.17190485,-0.05689602,1.0
64,0,-0.045245506,1.4647157,-0.21411663,1.0
64,1,-0.030674271,1.4802558,-0.19610177,1.0
64,2,-0.012640687,1.4843473,-0.18748409,1.0
64,3,-0.015990395,1.4722605,-0.19596273,1.0
64,4,-0.034920175,1.496069,-0.21386096,1.0
64,5,-0.034489483,1.4943779,-0.22269022,1.0
64,6,-0.041803826,1.4687185,-0.20865867,1.0
64,7,0.06655221,1.4454463,-0.10785039,1.0
64,8,-0.08751692,1.405355,-0.10183016,1.0
64,9,0.010564126,1.4279675,-0.16317195,1.0
64,10,-0.037737355,1.4028823,-0.18580519,1.0
64,11,0.15548682,1.318788,-0.026937217,1.0
64,12,-0.124258935,1.3172576,0.046238966,1.0
64,13,0.20618191,1.3586404,-0.068400145,1.0
64,14,-0.18012884,1.0443807,0.033838518,1.0
64,15,0.23186073,1.6532929,-0.123979196,1.0
64,16,-0.32880855,0.9116023,-0.013593592,1.0
64,17,0.19396387,1.6410594,-0.13900852,1.0
64,18,-0.33941475,0.90320206,-0.06483276,1.0
64,19,0.187301,1.7233447,-0.13750607,1.0
64,20,-0.32959178,0.9148614,-0.06984547,1.0
64,21,0.20564237,1.5849587,-0.13903071,1.0
64,22,-0.32794225,0.9222811,-0.02678715,1.0
64,23,0.09799446,0.8011542,0.006305804,1.0
64,24,-0.08188522,0.8229597,-0.017120246,1.0
64,25,0.055522125,0.4285183,-0.08377487,1.0
64,26,-0.2229735,0.52726245,-0.07603764,1.0
64,27,0.04414875,0.08063409,0.03329248,1.0
64,28,-0.42436072,0.17578164,0.052821286,1.0
64,29,0.02344094,0.05079449,0.05416426,1.0
64,30,-0.44324148,0.148987,0.027853712,1.0
64,31,0.023885168,0.012173284,-0.010078654,1.0
64,32,-0.4616223,0.16396709,-0.057163157,1.0
65,0,-0.038967967,1.4515212,-0.17127827,1.0
65,1,-0.025625646,1.4720669,-0.15949439,1.0
65,2,-0.025479568,1.4709959,-0.14873315,1.0
65,3,-0.024283981,1.4732673,-0.15083,1.0
65,4,-0.039082408,1.4778478,-0.16833583,1.0
65,5,-0.04446488,1.4841092,-0.18141416,1.0
65,6,-0.04206015,1.4680028,-0.1623143,1.0
65,7,0.054716337,1.4581373,-0.077074155,1.0
65,8,-0.081788935,1.4098933,-0.05341305,1.0
65,9,0.0030010904,1.4315164,-0.12386496,1.0
65,10,-0.039595317,1.4035344,-0.14398852,1.0
65,11,0.15484948,1.309055,0.0067616077,1.0
65,12,-0.124713734,1.3278925,0.09617905,1.0
65,13,0.17805637,1.2800763,-0.058351565,1.0
65,14,-0.17273542,1.0337937,0.0686211,1.0
65,15,0.04789646,1.3653595,-0.058923814,1.0
65,16,-0.30225098,0.88977945,-0.006845398,1.0
65,17,0.0788285,1.4555742,-0.10106765,1.0
65,18,-0.30078867,0.8759624,-0.039650425,1.0
65,19,-0.011226669,1.397404,-0.06746677,1.0
65,20,-0.28679594,0.89605445,-0.06329255,1.0
65,21,0.097422995,1.4210767,-0.09606342,1.0
65,22,-0.29257917,0.8964321,-0.020976383,1.0
65,23,0.09385214,0.82146937,0.015399236,1.0
65,24,-0.08656248,0.8413112,-0.015610181,1.0
65,25,0.06592136,0.44089225,-0.08155267,1.0
65,26,-0.20059532,0.5247936,-0.08352353,1.0
65,27,0.04809817,0.078119606,0.01819206,1.0
65,28,-0.3331021,0.14237109,0.035970762,1.0
65,29,0.022727283,0.047023468,0.03444417,1.0
65,30,-0.34821472,0.11289364,0.009481581,1.0
65,31,0.029421717,0.014503062,-0.023873389,1.0
65,32,-0.3775551,0.11059986,-0.07407297,1.0
66,0,-0.033717413,1.452508,-0.10955552,1.0
66,1,-0.016067095,1.4721351,-0.10301143,1.0
66,2,-0.03401696,1.4688027,-0.090221755,1.0
66,3,-0.02997979,1.4810791,-0.08420676,1.0
66,4,-0.041160654,1.472724,-0.10506228,1.0
66,5,-0.04918925,1.4808402,-0.120439105,1.0
66,6,-0.036834955,1.4785964,-0.096441,1.0
66,7,0.041908026,1.4719784,-0.024267301,1.0
66,8,-0.073809,1.4167907,0.010575148,1.0
66,9,-0.0018083863,1.4476357,-0.06707909,1.0
66,10,-0.0380861,1.4141021,-0.08975854,1.0
66,11,0.15208584,1.3137171,0.04992581,1.0
66,12,-0.12527964,1.3397214,0.15691993,1.0
66,13,0.18088469,1.1630315,-0.026086098,1.0
66,14,-0.14034545,1.0509853,0.12718768,1.0
66,15,-0.13418585,1.1101395,0.0036882318,1.0
66,16,-0.23784262,0.90675354,0.035622552,1.0
66,17,-0.07040065,1.2321614,-0.04319245,1.0
66,18,-0.22502276,0.8865362,0.013754568,1.0
66,19,-0.20430386,1.1011691,0.0059210244,1.0
66,20,-0.20724751,0.91691214,-0.028032858,1.0
66,21,-0.044610392,1.2270752,-0.038538888,1.0
66,22,-0.2225414,0.9035706,0.0150660295,1.0
66,23,0.08805683,0.83254266,0.01953103,1.0
66,24,-0.09099701,0.8539004,-0.014003016,1.0
66,25,0.072620906,0.4316435,-0.07530646,1.0
66,26,-0.17215797,0.5182265,-0.081878066,1.0
66,27,0.05874063,0.056362778,0.007854894,1.0
66,28,-0.2692779,0.12063232,0.042019628,1.0
66,29,0.031221911,0.021207564,0.01616212,1.0
66,30,-0.29224077,0.094055876,0.017822437,1.0
66,31,0.016739601,0.0,-0.047634616,1.0
66,32,-0.31251568,0.06921908,-0.061413355,1.0
67,0,-0.05670512,1.450669,-0.0610517,1.0
67,1,-0.039468084,1.4687128,-0.06606274,1.0
67,2,-0.042599667,1.4758416,-0.055524692,1.0
67,3,-0.048582766,1.475177,-0.0562761,1.0
67,4,-0.05073045,1.46619,-0.065987185,1.0
67,5,-0.060245574,1.47432,-0.069696225,1.0
67,6,-0.057521034,1.4737788,-0.05323699,1.0
67,7,0.04325375,1.4633352,0.0076774694,1.0
67,8,-0.079946026,1.4254375,0.056784272,1.0
67,9,-0.014302108,1.4479553,-0.039791033,1.0
67,10,-0.042338546,1.4081358,-0.048292123,1.0
67,11,0.1376369,1.3083084,0.06283739,1.0
67,12,-0.1180035,1.3339145,0.20600444,1.0
67,13,0.120202854,1.157742,-0.013808161,1.0
67,14,-0.111295104,1.0505881,0.15705176,1.0
67,15,-0.14874087,1.1249073,0.0033070233,1.0
67,16,-0.18711981,0.92123675,0.057165567,1.0
67,17,-0.19056231,1.099275,0.0066521144,1.0
67,18,-0.15381624,0.8917175,0.036144994,1.0
67,19,-0.21539725,1.1172587,0.009591535,1.0
67,20,-0.13919944,0.92670465,0.003189126,1.0
67,21,-0.15095572,1.1138415,0.007955811,1.0
67,22,-0.16969897,0.921837,0.043118358,1.0
67,23,0.09367966,0.8413413,0.002328325,1.0
67,24,-0.083215564,0.8507131,0.0031503416,1.0
67,25,0.06367594,0.42902097,-0.068681985,1.0
67,26,-0.15959355,0.5092981,-0.0802702,1.0
67,27,0.060155902,0.05520632,-0.015309677,1.0
67,28,-0.20098346,0.11711836,0.029870465,1.0
67,29,0.03538394,0.01903629,-0.0069477633,1.0
67,30,-0.21783683,0.08486323,0.004273908,1.0
67,31,0.020984832,0.0,-0.07343714,1.0
67,32,-0.25611526,0.06272014,-0.07026252,1.0
68,0,-0.07158041,1.4714779,-0.052477013,1.0
68,1,-0.058033746,1.4893786,-0.05492466,1.0
68,2,-0.043113206,1.4963781,-0.047038823,1.0
68,3,-0.05657265,1.4870555,-0.051227648,1.0
68,4,-0.061463952,1.4967006,-0.050505824,1.0
68,5,-0.06597656,1.4913396,-0.05420645,1.0
68,6,-0.064127594,1.4830323,-0.044411056,1.0
68,7,0.048330702,1.473535,0.012097431,1.0
68,8,-0.07945995,1.4364754,0.07685359,1.0
68,9,-0.023326619,1.462396,-0.028051227,1.0
68,10,-0.056259587,1.4169394,-0.030255167,1.0
68,11,0.1286127,1.3206565,0.04839647,1.0
68,12,-0.094254985,1.353106,0.2353603,1.0
68,13,0.059888855,1.1826254,-0.015072914,1.0
68,14,-0.081552215,1.0706444,0.20599943,1.0
68,15,-0.12766302,1.106735,0.017923776,1.0
68,16,-0.16257559,0.9246037,0.093728654,1.0
68,17,-0.16520026,1.0873053,0.0009052884,1.0
68,18,-0.1194353,0.8951872,0.06275201,1.0
68,19,-0.19799621,1.0942304,0.01708536,1.0
68,20,-0.123900235,0.9222623,0.033022024,1.0
68,21,-0.13577896,1.1060429,0.020437697,1.0
68,22,-0.13904074,0.93019754,0.07775549,1.0
68,23,0.08780782,0.85511684,-0.010874907,1.0
68,24,-0.08296828,0.8632518,0.009794338,1.0
68,25,0.05931544,0.4346109,-0.07180305,1.0
68,26,-0.12502694,0.5226277,-0.07764758,1.0
68,27,0.067001745,0.06778854,-0.011656042,1.0
68,28,-0.16160561,0.12540942,0.025742978,1.0
68,29,0.042732425,0.030950394,-0.0074934782,1.0
68,30,-0.16824369,0.089481816,-0.0046008714,1.0
68,31,0.023916494,0.0034872647,-0.07148796,1.0
68,32,-0.19897228,0.058195464,-0.07489158,1.0
69,0,-0.07787255,1.4808803,-0.043948412,1.0
69,1,-0.054826185,1.4948962,-0.0316146,1.0
69,2,-0.05436692,1.5046914,-0.027711935,1.0
69,3,-0.04522048,1.5088935,-0.026163436,1.0
69,4,-0.06320972,1.5381572,-0.02563771,1.0
69,5,-0.074588,1.5156982,-0.07005073,1.0
69,6,-0.061660837,1.499654,-0.02163298,1.0
69,7,0.031485684,1.4777741,0.017132865,1.0
69,8,-0.07736893,1.4235542,0.091131315,1.0
69,9,-0.030873591,1.4717686,0.00512187,1.0
69,10,-0.08372694,1.4244502,-0.0098528145,1.0
69,11,0.086074516,1.3377663,0.050195992,1.0
69,12,-0.09887147,1.3768944,0.25494012,1.0
69,13,0.03970977,1.2084221,-0.014889634,1.0
69,14,-0.047075573,1.0994897,0.22273707,1.0
69,15,-0.14288297,1.114679,-0.015292494,1.0
69,16,-0.06504758,0.93934447,0.18104577,1.0
69,17,-0.18566196,1.0841186,-0.0007165149,1.0
69,18,-0.0119279,0.9016625,0.14214683,1.0
69,19,-0.21271408,1.1104207,-0.0089647565,1.0
69,20,-0.024131563,0.92614836,0.121408165,1.0
69,21,-0.14733559,1.1013093,-0.012756665,1.0
69,22,-0.052150384,0.9449395,0.15719001,1.0
69,23,0.07873733,0.86996067,-0.012097795,1.0
69,24,-0.080251604,0.8839722,0.009777661,1.0
69,25,0.075028844,0.4393464,-0.09441681,1.0
69,26,-0.083183154,0.53763807,-0.06586909,1.0
69,27,0.07305476,0.06663262,-0.044751637,1.0
69,28,-0.12400074,0.12679553,-0.015734777,1.0
69,29,0.053032033,0.026985735,-0.040427916,1.0
69,30,-0.12307323,0.0873377,-0.050421175,1.0
69,31,0.01635443,0.0,-0.10085214,1.0
69,32,-0.14922741,0.05139131,-0.13073868,1.0
70,0,-0.08890694,1.4889611,-0.04115343,1.0
70,1,-0.070124626,1.4999467,-0.026848173,1.0
70,2,-0.05758588,1.4957527,-0.021736445,1.0
70,3,-0.049191803,1.5100785,-0.025586074,1.0
70,4,-0.08283356,1.5497551,-0.015081912,1.0
70,5,-0.08937742,1.5263397,-0.06705387,1.0
70,6,-0.07787377,1.5021633,-0.021251153,1.0
70,7,0.021163572,1.4841383,0.02602305,1.0
70,8,-0.08150026,1.4227442,0.085124224,1.0
70,9,-0.04270673,1.4780062,0.017714368,1.0
70,10,-0.10447673,1.4281323,-0.00094624655,1.0
70,11,0.075962886,1.3438687,0.044476278,1.0
70,12,-0.09563026,1.3987379,0.24080515,1.0
70,13,-0.009859173,1.2143562,-0.0064180605,1.0
70,14,-0.082972586,1.1208463,0.21908957,1.0
70,15,-0.1987071,1.1748893,-0.0011271262,1.0
70,16,-0.09202771,0.95151126,0.15113425,1.0
70,17,-0.24782018,1.143423,0.027970606,1.0
70,18,-0.044056572,0.90579355,0.08939061,1.0
70,19,-0.2537769,1.1724327,0.019345606,1.0
70,20,-0.045085385,0.93477595,0.07848297,1.0
70,21,-0.18613611,1.1461487,0.010608675,1.0
70,22,-0.07372284,0.95441407,0.11749394,1.0
70,23,0.07563283,0.87567824,-0.011452762,1.0
70,24,-0.076461874,0.8934342,0.014188644,1.0
70,25,0.08385625,0.4392055,-0.1058156,1.0
70,26,-0.054209664,0.5342879,-0.04085718,1.0
70,27,0.09477707,0.0693475,-0.043231063,1.0
70,28,-0.08785557,0.12015194,-0.008465156,1.0
70,29,0.07296245,0.03157467,-0.046727434,1.0
70,30,-0.0698922,0.0783253,-0.030399216,1.0
70,31,0.04190027,0.0,-0.1049575,1.0
70,32,-0.107484415,0.057309054,-0.10876937,1.0
71,0,-0.086117595,1.4736794,-0.04185217,1.0
71,1,-0.08311957,1.4908608,-0.043787286,1.0
71,2,-0.060073167,1.4881659,-0.036521837,1.0
71,3,-0.0713768,1.4861275,-0.04454086,1.0
71,4,-0.088974394,1.498686,-0.035522718,1.0
71,5,-0.08817002,1.4947952,-0.048697866,1.0
71,6,-0.08935506,1.4763614,-0.040510215,1.0
71,7,0.03075257,1.4749341,0.027559308,1.0
71,8,-0.09671958,1.4266059,0.081287764,1.0
71,9,-0.043698136,1.4613274,-0.007005687,1.0
71,10,-0.07763958,1.414049,-0.019413376,1.0
71,11,0.09373806,1.3179109,0.040816307,1.0
71,12,-0.09223007,1.3635249,0.23694333,1.0
71,13,0.011472093,1.2271299,-0.020505391,1.0
71,14,-0.14110349,1.1344793,0.17900026,1.0
71,15,-0.14084941,1.2348593,0.061496925,1.0
71,16,-0.13002172,1.0441905,0.10719161,1.0
71,17,-0.18159917,1.2166656,0.059141394,1.0
71,18,-0.044056572,0.90579355,0.08939061,1.0
71,19,-0.192911,1.2188241,0.07124135,1.0
71,20,-0.080508836,1.0550402,0.058227714,1.0
71,21,-0.13890724,1.2079531,0.06347473,1.0
71,22,-0.07372284,0.95441407,0.11749394,1.0
71,23,0.08291828,0.8577994,-0.022067895,1.0
71,24,-0.067578666,0.86697775,0.021967264,1.0
71,25,0.084833145,0.41791838,-0.09348145,1.0
71,26,-0.059731107,0.50262964,-0.042420283,1.0
71,27,0.12588723,0.052378118,-0.03313816,1.0
71,28,-0.06391067,0.08698517,-0.0049279034,1.0
71,29,0.09716878,0.01992368,-0.036781777,1.0
71,30,-0.05049608,0.049032494,-0.03667287,1.0
71,31,0.06682706,0.0,-0.10162145,1.0
71,32,-0.096634924,0.030482616,-0.113523096,1.0
72,0,-0.09538338,1.4643854,-0.06371861,1.0
72,1,-0.08880325,1.484655,-0.07586854,1.0
72,2,-0.08600986,1.4801339,-0.06480962,1.0
72,3,-0.10056181,1.4749653,-0.07340084,1.0
72,4,-0.10690509,1.4494064,-0.07805973,1.0
72,5,-0.10077831,1.4741175,-0.060429137,1.0
72,6,-0.10887916,1.4742011,-0.06788609,1.0
72,7,0.01042593,1.4818269,0.0062770173,1.0
72,8,-0.12798339,1.4494437,0.050013706,1.0
72,9,-0.06287631,1.4641079,-0.049334943,1.0
72,10,-0.066341534,1.4219866,-0.061789,1.0
72,11,0.09640545,1.3099834,0.048869684,1.0
72,12,-0.14413485,1.3367877,0.18379103,1.0
72,13,0.010274857,1.2436767,-0.092687085,1.0
72,14,-0.16449314,1.1601648,0.14492682,1.0
72,15,-0.09219997,1.2112637,-0.008357498,1.0
72,16,-0.18707433,1.1469755,0.0464326,1.0
72,17,-0.17252867,1.2418624,0.030350706,1.0
72,18,-0.11777669,1.0724871,0.02865944,1.0
72,19,-0.17885356,1.2329451,0.061929964,1.0
72,20,-0.13252607,1.1835079,0.0077690203,1.0
72,21,-0.09066898,1.188059,-0.0057534254,1.0
72,22,-0.14094013,1.0979635,0.062271245,1.0
72,23,0.084156305,0.852833,-0.012008512,1.0
72,24,-0.07401101,0.8443128,0.027649743,1.0
72,25,0.11803642,0.42050353,-0.07795037,1.0
72,26,-0.07693971,0.49209845,-0.07859718,1.0
72,27,0.19549045,0.041948676,-0.028286442,1.0
72,28,-0.03641023,0.07263768,-0.012018554,1.0
72,29,0.17174216,0.008908864,-0.026504746,1.0
72,30,-0.0444304,0.03873605,-0.04658906,1.0
72,31,0.17357199,0.0015055924,-0.08748867,1.0
72,32,-0.055267207,0.0061347634,-0.12776498,1.0
73,0,-0.096490555,1.4624944,-0.0999633,1.0
73,1,-0.08063519,1.4781865,-0.094706826,1.0
73,2,-0.07814283,1.4776764,-0.08662738,1.0
73,3,-0.07586689,1.4801922,-0.08917989,1.0
73,4,-0.09894886,1.4837466,-0.09496035,1.0
73,5,-0.094656736,1.4888375,-0.11024341,1.0
73,6,-0.0927905,1.4730248,-0.09274618,1.0
73,7,0.00869325,1.4729706,-0.025232343,1.0
73,8,-0.115073465,1.4193524,0.018580109,1.0
73,9,-0.0536056,1.4553003,-0.06228772,1.0
73,10,-0.08323888,1.4132091,-0.08087002,1.0
73,11,0.08870695,1.32443,0.03449936,1.0
73,12,-0.14340186,1.3466558,0.16693752,1.0
73,13,0.114621975,1.2627585,-0.054310612,1.0
73,14,-0.21340843,1.1885754,0.10433216,1.0
73,15,-0.03348665,1.245521,-0.032771003,1.0
73,16,-0.2470944,1.2573488,-0.020220388,1.0
73,17,-0.19269456,1.2113928,0.038660124,1.0
73,18,-0.17593539,1.1884892,-0.026239632,1.0
73,19,-0.20046893,1.2146357,0.054967847,1.0
73,20,-0.18639319,1.3218995,-0.043698985,1.0
73,21,-0.032271147,1.2212602,-0.031851415,1.0
73,22,-0.19203864,1.1992725,0.01495888,1.0
73,23,0.08067003,0.85320896,-0.0052050967,1.0
73,24,-0.07612055,0.8449179,0.012843527,1.0
73,25,0.14751898,0.43758252,-0.09480088,1.0
73,26,-0.05465003,0.48893008,-0.06343444,1.0
73,27,0.2583329,0.07012242,-0.06323283,1.0
73,28,-0.008680141,0.076277584,0.008734889,1.0
73,29,0.24218412,0.03609049,-0.06431994,1.0
73,30,-0.0014549955,0.0410022,-0.023086462,1.0
73,31,0.22524881,0.010168644,-0.11553469,1.0
73,32,-0.03157492,0.013166182,-0.089277,1.0
74,0,-0.10814366,1.4441341,-0.1506063,1.0
74,1,-0.07582978,1.4616922,-0.13080144,1.0
74,2,-0.09107417,1.4702181,-0.11474086,1.0
74,3,-0.066187635,1.4734222,-0.115497045,1.0
74,4,-0.09559092,1.4848032,-0.13499935,1.0
74,5,-0.09485953,1.485534,-0.164074,1.0
74,6,-0.08282395,1.4652989,-0.12781455,1.0
74,7,-0.004580484,1.4622763,-0.06329424,1.0
74,8,-0.12383189,1.3929199,-0.022543656,1.0
74,9,-0.05481171,1.4397203,-0.094619155,1.0
74,10,-0.09410955,1.4037594,-0.12260535,1.0
74,11,0.078923866,1.3219197,0.029706657,1.0
74,12,-0.18028519,1.3348749,0.11586659,1.0
74,13,0.2055274,1.2874836,-0.05412796,1.0
74,14,-0.28166753,1.2288548,0.040634654,1.0
74,15,0.14184391,1.2456491,-0.094754465,1.0
74,16,-0.29264194,1.3693438,-0.07916589,1.0
74,17,-0.17641602,1.2310637,0.042689573,1.0
74,18,-0.26538935,1.4220017,-0.113396496,1.0
74,19,-0.18487817,1.2268932,0.065920554,1.0
74,20,-0.22652543,1.4674245,-0.066523395,1.0
74,21,0.0802067,1.2632517,-0.084856845,1.0
74,22,-0.27264947,1.3994836,-0.05006586,1.0
74,23,0.08019979,0.85221684,0.010234628,1.0
74,24,-0.080486104,0.8393458,-0.004866181,1.0
74,25,0.18955705,0.45096725,-0.09584789,1.0
74,26,-0.054272477,0.48127183,-0.08710586,1.0
74,27,0.32809794,0.070957065,-0.09732811,1.0
74,28,0.035764582,0.071949854,0.0099187605,1.0
74,29,0.32283637,0.036084764,-0.09179645,1.0
74,30,0.040761147,0.03419753,-0.0214191,1.0
74,31,0.30328536,0.0,-0.12586355,1.0
74,32,0.012553154,0.002822319,-0.08663085,1.0
75,0,-0.09792295,1.4626874,-0.15239705,1.0
75,1,-0.080265924,1.4778087,-0.14212081,1.0
75,2,-0.084399685,1.4749408,-0.13684146,1.0
75,3,-0.0763717,1.4800538,-0.13305372,1.0
75,4,-0.10607129,1.4832157,-0.14611016,1.0
75,5,-0.09409712,1.4926541,-0.16249193,1.0
75,6,-0.089405075,1.4718351,-0.14764087,1.0
75,7,-0.0021351455,1.4766111,-0.072093315,1.0
75,8,-0.119320154,1.4135443,-0.036748916,1.0
75,9,-0.055302657,1.4521927,-0.109657906,1.0
75,10,-0.08365349,1.4155592,-0.13423593,1.0
75,11,0.09262635,1.3348955,0.01651864,1.0
75,12,-0.16605328,1.3422598,0.11570357,1.0
75,13,0.23459582,1.3003516,-0.07547402,1.0
75,14,-0.2811516,1.2330495,0.039142247,1.0
75,15,0.19779146,1.3091563,-0.15077184,1.0
75,16,-0.2950731,1.3187344,-0.060318112,1.0
75,17,-0.17252867,1.2418624,0.030350704,1.0
75,18,-0.27254236,1.3329376,-0.09785727,1.0
75,19,-0.17885356,1.2329451,0.06192996,1.0
75,20,-0.23217568,1.3939546,-0.101098835,1.0
75,21,0.18976367,1.290901,-0.15902263,1.0
75,22,-0.2781751,1.3274583,-0.06694037,1.0
75,23,0.07930129,0.84748185,0.0061506275,1.0
75,24,-0.08201463,0.8271882,0.0028020977,1.0
75,25,0.2024861,0.45158035,-0.09969479,1.0
75,26,-0.037487537,0.47229174,-0.06341616,1.0
75,27,0.39226776,0.08957682,-0.085301295,1.0
75,28,0.041167565,0.061787605,0.032791287,1.0
75,29,0.38192004,0.056867708,-0.0910354,1.0
75,30,0.05237316,0.02857237,0.00011758506,1.0
75,31,0.36821967,0.03120052,-0.13803175,1.0
75,32,0.01923142,0.0014150515,-0.049943652,1.0
76,0,-0.09490308,1.4537952,-0.13754639,1.0
76,1,-0.08160029,1.4600823,-0.1327269,1.0
76,2,-0.07285346,1.4592636,-0.13878214,1.0
76,3,-0.077824354,1.4665706,-0.13271776,1.0
76,4,-0.1096703,1.465095,-0.1396124,1.0
76,5,-0.09668243,1.4743495,-0.15779634,1.0
76,6,-0.10455751,1.4541233,-0.1402797,1.0
76,7,0.00433047,1.4580071,-0.07129023,1.0
76,8,-0.124119595,1.4067161,-0.03842184,1.0
76,9,-0.054498058,1.4422472,-0.11408164,1.0
76,10,-0.08096726,1.3953772,-0.1262728,1.0
76,11,0.09368615,1.3336432,0.020918895,1.0
76,12,-0.15396807,1.3212419,0.13647562,1.0
76,13,0.24355459,1.2972553,-0.042671267,1.0
76,14,-0.2256384,1.1487637,0.062520884,1.0
76,15,0.2740922,1.1591204,-0.123929985,1.0
76,16,-0.2667766,1.170604,-0.046903174,1.0
76,17,0.2558956,1.2061317,-0.1598863,1.0
76,18,-0.26968116,1.3685632,-0.10407296,1.0
76,19,0.342312,0.8583837,-0.06788688,1.0
76,20,-0.22991557,1.4233426,-0.08726866,1.0
76,21,0.24424964,1.1561238,-0.12390131,1.0
76,22,-0.27596483,1.3562684,-0.060190562,1.0
76,23,0.07850245,0.8349913,-0.008887284,1.0
76,24,-0.074797615,0.8029826,0.018528987,1.0
76,25,0.19636226,0.45090327,-0.1106272,1.0
76,26,-0.027374707,0.45647043,-0.036386568,1.0
76,27,0.40605792,0.1232954,-0.09563841,1.0
76,28,0.04424312,0.05338168,0.051215943,1.0
76,29,0.39802447,0.088833794,-0.10368675,1.0
76,30,0.06211797,0.02768679,0.015073251,1.0
76,31,0.3764791,0.0479512,-0.15010113,1.0
76,32,0.022467874,0.0,-0.018217314,1.0
77,0,-0.09873292,1.439426,-0.14093567,1.0
77,1,-0.074627005,1.4534564,-0.13570446,1.0
77,2,-0.07620074,1.4608293,-0.13410755,1.0
77,3,-0.07159921,1.4687965,-0.12886052,1.0
77,4,-0.10246017,1.4670112,-0.14165443,1.0
77,5,-0.09300675,1.4737501,-0.1623311,1.0
77,6,-0.09853274,1.4451051,-0.14050859,1.0
77,7,0.0035886203,1.4502642,-0.077413395,1.0
77,8,-0.124691755,1.3977857,-0.03976383,1.0
77,9,-0.048921272,1.4276116,-0.11326941,1.0
77,10,-0.08514926,1.3877735,-0.11813987,1.0
77,11,0.086394675,1.3252811,0.012815356,1.0
77,12,-0.15496174,1.3173327,0.14823443,1.0
77,13,0.23334649,1.2699307,-0.041775502,1.0
77,14,-0.18472335,1.105267,0.08788541,1.0
77,15,0.31264216,1.1294243,-0.13897112,1.0
77,16,-0.22976881,1.058327,-0.032712273,1.0
77,17,0.3065079,0.8178374,-0.025417205,1.0
77,18,-0.25855827,1.183346,-0.09000685,1.0
77,19,0.31781676,0.83816075,-0.057162162,1.0
77,20,-0.22239742,1.2300264,-0.08660547,1.0
77,21,0.28128135,1.0214522,-0.08577153,1.0
77,22,-0.2599623,1.1887133,-0.059839163,1.0
77,23,0.08187223,0.82840097,-0.010319997,1.0
77,24,-0.07368684,0.7966068,0.010566806,1.0
77,25,0.22792166,0.46566018,-0.141071,1.0
77,26,-0.014798969,0.45951593,-0.032654405,1.0
77,27,0.45414793,0.14610481,-0.11295219,1.0
77,28,0.064791955,0.058913946,0.06033539,1.0
77,29,0.45364234,0.11086905,-0.10572151,1.0
77,30,0.07298678,0.025124483,0.02909115,1.0
77,31,0.42177317,0.091563225,-0.16687286,1.0
77,32,0.034419544,0.0013174601,-0.020159952,1.0
78,0,-0.10144081,1.4288352,-0.20127127,1.0
78,1,-0.06925663,1.4474556,-0.18706988,1.0
78,2,-0.07183445,1.4600811,-0.18253048,1.0
78,3,-0.059765346,1.4633241,-0.17888516,1.0
78,4,-0.09061855,1.476181,-0.19701813,1.0
78,5,-0.08834277,1.4690676,-0.22509825,1.0
78,6,-0.08826415,1.4441156,-0.18902662,1.0
78,7,0.006570955,1.4383445,-0.11331187,1.0
78,8,-0.12092878,1.384429,-0.077358,1.0
78,9,-0.045232084,1.414439,-0.15583627,1.0
78,10,-0.095247015,1.3806987,-0.1625138,1.0
78,11,0.09059605,1.3170383,-0.021833647,1.0
78,12,-0.1614334,1.322413,0.11685833,1.0
78,13,0.24971958,1.2054943,-0.04897174,1.0
78,14,-0.17933747,1.0878971,0.09578979,1.0
78,15,0.2907672,1.0020547,-0.07796494,1.0
78,16,-0.24716957,0.9452209,-0.034169603,1.0
78,17,0.3065079,0.8178375,-0.025417207,1.0
78,18,-0.2389264,0.9090561,-0.07502122,1.0
78,19,0.31944978,0.83950895,-0.057877146,1.0
78,20,-0.20547806,0.94950587,-0.09618985,1.0
78,21,0.2866545,0.93594736,-0.06270406,1.0
78,22,-0.23286061,0.9422522,-0.06454676,1.0
78,23,0.080916524,0.82174855,-0.011376528,1.0
78,24,-0.07781997,0.7925486,0.0021947697,1.0
78,25,0.23932025,0.46500668,-0.14834729,1.0
78,26,-0.011614084,0.46778187,-0.03297958,1.0
78,27,0.449794,0.1406709,-0.11257162,1.0
78,28,0.07712594,0.070341736,0.07400583,1.0
78,29,0.46633455,0.11164856,-0.09905777,1.0
78,30,0.08879787,0.033419803,0.048292615,1.0
78,31,0.42811275,0.08629292,-0.15690833,1.0
78,32,0.041904725,0.0027228482,-0.0013076812,1.0
79,0,-0.08882475,1.4146574,-0.25012404,1.0
79,1,-0.06386699,1.4385484,-0.23734203,1.0
79,2,-0.06705925,1.4497622,-0.22922796,1.0
79,3,-0.061178,1.4511658,-0.22688484,1.0
79,4,-0.079941735,1.4543604,-0.24857137,1.0
79,5,-0.08517153,1.45003,-0.2610829,1.0
79,6,-0.080078736,1.4358915,-0.23800191,1.0
79,7,0.013104676,1.4318105,-0.15343222,1.0
79,8,-0.1216035,1.3879128,-0.122813724,1.0
79,9,-0.043953545,1.4084009,-0.20401414,1.0
79,10,-0.07794876,1.3709567,-0.2135462,1.0
79,11,0.11215575,1.2965252,-0.049714632,1.0
79,12,-0.1657907,1.3107092,0.062080815,1.0
79,13,0.25751156,1.1323384,-0.049500044,1.0
79,14,-0.18347119,1.0415525,0.04337222,1.0
79,15,0.34959382,0.9184408,-0.04016402,1.0
79,16,-0.24971205,0.8339111,-0.005438149,1.0
79,17,0.3065079,0.8178375,-0.025417207,1.0
79,18,-0.2114567,0.72760344,-0.07098373,1.0
79,19,0.342312,0.8583838,-0.06788688,1.0
79,20,-0.18206477,0.7600839,-0.10175937,1.0
79,21,0.3532216,0.8865693,-0.05365868,1.0
79,22,-0.20302697,0.7754015,-0.07028343,1.0
79,23,0.084708676,0.81777513,-0.0060656895,1.0
79,24,-0.07969178,0.7824393,0.0009323838,1.0
79,25,0.24528521,0.45432258,-0.13072193,1.0
79,26,-0.0062028933,0.4595641,-0.030137151,1.0
79,27,0.40922558,0.121698104,-0.111090526,1.0
79,28,0.08057739,0.06314286,0.087903544,1.0
79,29,0.42032745,0.09380381,-0.09071922,1.0
79,30,0.08886371,0.027131427,0.058426425,1.0
79,31,0.41202104,0.086555034,-0.15058988,1.0
79,32,0.04115756,0.00090491027,0.0064693987,1.0
80,0,-0.07962942,1.4094893,-0.27025777,1.0
80,1,-0.0653653,1.4440509,-0.26489908,1.0
80,2,-0.06809701,1.435316,-0.25268152,1.0
80,3,-0.07254542,1.4427085,-0.24837655,1.0
80,4,-0.086057365,1.4266344,-0.27485812,1.0
80,5,-0.09193762,1.4351504,-0.26223183,1.0
80,6,-0.0815146,1.4381201,-0.2646437,1.0
80,7,0.019416966,1.4434983,-0.17156033,1.0
80,8,-0.11639785,1.4062033,-0.14198786,1.0
80,9,-0.05496251,1.41825,-0.23044032,1.0
80,10,-0.06387236,1.382944,-0.24486235,1.0
80,11,0.13044952,1.279501,-0.07846019,1.0
80,12,-0.15744047,1.3016868,0.030024067,1.0
80,13,0.23930642,1.0790886,-0.049704634,1.0
80,14,-0.198517,1.0139526,0.023963552,1.0
80,15,0.294681,0.8533151,-0.024090517,1.0
80,16,-0.24970204,0.7973629,-0.048325337,1.0
80,17,0.3065079,0.8178375,-0.025417207,1.0
80,18,-0.23308171,0.74523497,-0.056149982,1.0
80,19,0.28515646,0.81119674,-0.042862542,1.0
80,20,-0.20523174,0.7740571,-0.08736305,1.0
80,21,0.3073846,0.8420312,-0.030920535,1.0
80,22,-0.22299136,0.79295,-0.060144197,1.0
80,23,0.079310656,0.8171544,0.0070101884,1.0
80,24,-0.08887541,0.77466863,0.0063153026,1.0
80,25,0.22091424,0.45096347,-0.12206678,1.0
80,26,-0.017677218,0.45435497,-0.043582104,1.0
80,27,0.37614685,0.11279109,-0.09158702,1.0
80,28,0.07317633,0.06115669,0.08470356,1.0
80,29,0.37447006,0.07780324,-0.07887949,1.0
80,30,0.07291017,0.02727447,0.05285436,1.0
80,31,0.3595704,0.060175598,-0.15545389,1.0
80,32,0.023153886,0.003195377,-0.0011676811,1.0
81,0,-0.07924707,1.3944862,-0.23999298,1.0
81,1,-0.064786546,1.423928,-0.23124985,1.0
81,2,-0.05172302,1.4021726,-0.21672283,1.0
81,3,-0.061471067,1.4153455,-0.21608675,1.0
81,4,-0.08475626,1.4166411,-0.23653392,1.0
81,5,-0.09002137,1.4169068,-0.23176788,1.0
81,6,-0.07457735,1.421184,-0.23426022,1.0
81,7,0.027768932,1.4214407,-0.13630755,1.0
81,8,-0.09510496,1.3774694,-0.118298806,1.0
81,9,-0.050014287,1.4025761,-0.19271156,1.0
81,10,-0.07208148,1.3608248,-0.21372233,1.0
81,11,0.14317593,1.2444165,-0.06177222,1.0
81,12,-0.15069583,1.287036,0.032602467,1.0
81,13,0.20621407,1.0241368,-0.046438962,1.0
81,14,-0.19255766,0.9823953,0.041024905,1.0
81,15,0.21712138,0.80576146,-0.030580103,1.0
81,16,-0.22560598,0.7652587,-0.04952436,1.0
81,17,0.3065079,0.8178375,-0.025417207,1.0
81,18,-0.21310334,0.70360297,-0.07734685,1.0
81,19,0.30801868,0.83007157,-0.052872278,1.0
81,20,-0.17910886,0.73898876,-0.10304993,1.0
81,21,0.22277102,0.8049716,-0.026854271,1.0
81,22,-0.20070513,0.7561158,-0.06802323,1.0
81,23,0.07442076,0.7938909,0.018858554,1.0
81,24,-0.09978711,0.76062167,-0.0013010912,1.0
81,25,0.20834047,0.43254718,-0.12351094,1.0
81,26,-0.019356847,0.44294763,-0.06500165,1.0
81,27,0.29764518,0.077726126,-0.082782775,1.0
81,28,0.07541614,0.04689753,0.06752615,1.0
81,29,0.28435636,0.038451508,-0.085783616,1.0
81,30,0.087166145,0.013847233,0.036685973,1.0
81,31,0.30594802,0.034020673,-0.17173076,1.0
81,32,0.03495228,0.0,-0.02671956,1.0
82,0,-0.08027578,1.3824992,-0.21059118,1.0
82,1,-0.06706564,1.3910966,-0.21748208,1.0
82,2,-0.069748305,1.3993249,-0.20485632,1.0
82,3,-0.07810358,1.3946772,-0.21049619,1.0
82,4,-0.08774068,1.3893399,-0.22402416,1.0
82,5,-0.088316925,1.3958778,-0.23621796,1.0
82,6,-0.088898696,1.400876,-0.20674233,1.0
82,7,0.011664842,1.4040263,-0.14466898,1.0
82,8,-0.10463756,1.364361,-0.10826911,1.0
82,9,-0.04993583,1.3809772,-0.18283473,1.0
82,10,-0.06091562,1.3424268,-0.20367381,1.0
82,11,0.11560811,1.2421834,-0.06968306,1.0
82,12,-0.1622896,1.2594267,0.07150529,1.0
82,13,0.1288147,1.0280937,-0.11692315,1.0
82,14,-0.16786951,0.9464452,0.030681942,1.0
82,15,0.19145525,0.8693119,-0.04088768,1.0
82,16,-0.20070925,0.77034736,-0.07992625,1.0
82,17,0.3065079,0.8178375,-0.025417207,1.0
82,18,-0.16601114,0.7243411,-0.092167065,1.0
82,19,0.3096517,0.83141977,-0.053587258,1.0
82,20,-0.13967209,0.76026446,-0.12883125,1.0
82,21,0.27890995,0.8352048,-0.034291063,1.0
82,22,-0.16619399,0.7660187,-0.09357551,1.0
82,23,0.09317912,0.7961423,-0.008549131,1.0
82,24,-0.07600805,0.752772,0.021159219,1.0
82,25,0.1734933,0.42104632,-0.19426948,1.0
82,26,-0.025683384,0.43234846,-0.061928555,1.0
82,27,0.2730808,0.0907666,-0.13500346,1.0
82,28,0.059974886,0.033676714,0.03831044,1.0
82,29,0.21066456,0.052142087,-0.14982156,1.0
82,30,0.060345724,0.013553875,-0.0074465377,1.0
82,31,0.26274818,0.061172467,-0.20216936,1.0
82,32,0.019813646,0.0,-0.07899551,1.0
83,0,-0.08962009,1.3769714,-0.17037734,1.0
83,1,-0.07125777,1.3957517,-0.17215438,1.0
83,2,-0.061615396,1.3956736,-0.15683593,1.0
83,3,-0.06706843,1.391719,-0.16414076,1.0
83,4,-0.08716428,1.401199,-0.17044832,1.0
83,5,-0.08619563,1.4006468,-0.17950074,1.0
83,6,-0.08149042,1.3932605,-0.16445976,1.0
83,7,0.021286232,1.3983917,-0.09455051,1.0
83,8,-0.09963502,1.3526129,-0.05546977,1.0
83,9,-0.04905347,1.3732042,-0.13305193,1.0
83,10,-0.07423532,1.3353201,-0.15115346,1.0
83,11,0.12632048,1.2316138,-0.030891843,1.0
83,12,-0.15107365,1.2746707,0.11204829,1.0
83,13,0.13860555,1.0349001,-0.072992474,1.0
83,14,-0.17608869,0.987059,0.05623649,1.0
83,15,0.08309792,0.9144224,-0.057508226,1.0
83,16,-0.20486544,0.82872355,-0.07654799,1.0
83,17,0.130656,0.9446083,-0.06277181,1.0
83,18,-0.19597887,0.7227818,-0.07929536,1.0
83,19,0.108994566,0.9482433,-0.06521986,1.0
83,20,-0.16693562,0.75690097,-0.11132895,1.0
83,21,0.17860758,0.8907728,-0.044906177,1.0
83,22,-0.18225789,0.8322255,-0.09350529,1.0
83,23,0.08523288,0.78666645,-0.006273226,1.0
83,24,-0.08222827,0.75888026,0.011877138,1.0
83,25,0.11220549,0.43869832,-0.19830903,1.0
83,26,-0.015411791,0.44262382,-0.08564183,1.0
83,27,0.12669191,0.07801648,-0.18494888,1.0
83,28,0.06230248,0.033264454,-0.0076046675,1.0
83,29,0.11344052,0.041133955,-0.1935683,1.0
83,30,0.07521246,0.0080138445,-0.048257478,1.0
83,31,0.1721179,0.06305923,-0.24251144,1.0
83,32,0.014254979,0.0,-0.07178197,1.0
84,0,-0.093985096,1.3599627,-0.11203083,1.0
84,1,-0.06809537,1.3773224,-0.110917814,1.0
84,2,-0.053619727,1.3939139,-0.09404366,1.0
84,3,-0.049405728,1.37702,-0.111802734,1.0
84,4,-0.07561494,1.4063736,-0.10782129,1.0
84,5,-0.074743,1.3972236,-0.13385056,1.0
84,6,-0.07549964,1.3704288,-0.10070317,1.0
84,7,0.026665265,1.3727907,-0.04137582,1.0
84,8,-0.10233423,1.3219934,0.0034483084,1.0
84,9,-0.03509115,1.3466164,-0.07515908,1.0
84,10,-0.07888874,1.3103468,-0.08840974,1.0
84,11,0.11409755,1.2142541,0.00999806,1.0
84,12,-0.15407285,1.2673829,0.17067596,1.0
84,13,0.094416365,1.031147,-0.070098475,1.0
84,14,-0.1548309,0.97946477,0.069011316,1.0
84,15,-0.06887363,0.94378793,-0.073688954,1.0
84,16,-0.18615733,0.87667733,-0.09125426,1.0
84,17,-0.045195863,1.0713791,-0.10012642,1.0
84,18,-0.18619351,0.7154533,-0.08581554,1.0
84,19,-0.06716733,1.08529,-0.08757718,1.0
84,20,-0.15657356,0.75114626,-0.11778211,1.0
84,21,0.09029958,0.9472256,-0.058915276,1.0
84,22,-0.1700792,0.8888489,-0.11090684,1.0
84,23,0.093349025,0.774608,-0.017673174,1.0
84,24,-0.07411085,0.7582476,0.0055262037,1.0
84,25,0.06598359,0.44444996,-0.24238974,1.0
84,26,-0.007608533,0.4437142,-0.121052206,1.0
84,27,0.03105954,0.06510419,-0.27468565,1.0
84,28,0.052015204,0.026202947,-0.08406788,1.0
84,29,0.0048992303,0.029075682,-0.27822465,1.0
84,30,0.06932943,0.00062578917,-0.12874964,1.0
84,31,-0.01082841,0.0838601,-0.33322734,1.0
84,32,0.0034347414,0.0,-0.08720189,1.0
85,0,-0.10460716,1.363919,-0.108810835,1.0
85,1,-0.08318485,1.3843281,-0.116345495,1.0
85,2,-0.06105552,1.3782628,-0.09582327,1.0
85,3,-0.0703088,1.3691366,-0.10486123,1.0
85,4,-0.09642394,1.3942738,-0.096091874,1.0
85,5,-0.08690239,1.3872385,-0.10444025,1.0
85,6,-0.07923699,1.3695071,-0.105789125,1.0
85,7,0.022658031,1.3816855,-0.040426794,1.0
85,8,-0.08874603,1.3259034,0.009821244,1.0
85,9,-0.053901378,1.3510947,-0.064747244,1.0
85,10,-0.08879338,1.3138645,-0.08656536,1.0
85,11,0.13289809,1.2078774,-0.0015144951,1.0
85,12,-0.13763842,1.2739612,0.17319345,1.0
85,13,0.103398144,1.0333475,-0.06779039,1.0
85,14,-0.16489348,0.99648005,0.08400826,1.0
85,15,0.005447467,1.0155606,-0.100014746,1.0
85,16,-0.15673172,1.0032732,-0.1196712,1.0
85,17,0.025282461,1.0740674,-0.12442526,1.0
85,18,-0.16601114,0.7243411,-0.092167065,1.0
85,19,0.0061218636,1.0833539,-0.11567367,1.0
85,20,-0.13967209,0.7602644,-0.12883125,1.0
85,21,0.051204458,1.054845,-0.11226078,1.0
85,22,-0.1573564,1.0371022,-0.14390287,1.0
85,23,0.08365326,0.7672241,-0.011787768,1.0
85,24,-0.083668485,0.75685585,0.011391178,1.0
85,25,-0.0009948537,0.45801696,-0.2629446,1.0
85,26,-0.01048932,0.44332993,-0.11664522,1.0
85,27,-0.10903127,0.07129741,-0.26199684,1.0
85,28,0.05245412,0.015704624,-0.08159433,1.0
85,29,-0.090435535,0.034401856,-0.2603851,1.0
85,30,0.0808982,0.0,-0.1264873,1.0
85,31,-0.20302345,0.08783606,-0.33467516,1.0
85,32,-0.008532747,0.0013743558,-0.14408667,1.0
86,0,-0.10341732,1.3614651,-0.09603006,1.0
86,1,-0.08458483,1.3712848,-0.10684529,1.0
86,2,-0.06879566,1.366798,-0.09203513,1.0
86,3,-0.07798917,1.3628191,-0.1016482,1.0
86,4,-0.10108159,1.377777,-0.095168695,1.0
86,5,-0.09307299,1.3787254,-0.105026804,1.0
86,6,-0.09085324,1.3732725,-0.09238416,1.0
86,7,0.021167547,1.3847616,-0.04014208,1.0
86,8,-0.08802738,1.3392359,0.015528196,1.0
86,9,-0.061559413,1.3561057,-0.06341037,1.0
86,10,-0.085391894,1.3180305,-0.08058366,1.0
86,11,0.13681796,1.2118847,0.014483166,1.0
86,12,-0.13469392,1.2771772,0.18230404,1.0
86,13,0.10266333,1.0282514,-0.056547783,1.0
86,14,-0.20558263,1.0502381,0.09732197,1.0
86,15,-0.0032400005,1.06168,-0.09446864,1.0
86,16,-0.15673172,1.0032732,-0.1196712,1.0
86,17,-0.045195863,1.0713791,-0.10012642,1.0
86,18,-0.1694969,1.1854328,-0.17437564,1.0
86,19,-0.06716733,1.08529,-0.08757718,1.0
86,20,-0.12858304,1.2538517,-0.18762664,1.0
86,21,-0.009054001,1.0539161,-0.08296103,1.0
86,22,-0.1573564,1.0371022,-0.14390287,1.0
86,23,0.07555271,0.7776341,-0.018361248,1.0
86,24,-0.07892438,0.7569512,0.029795598,1.0
86,25,-0.003881283,0.43267718,-0.20801908,1.0
86,26,-0.009512916,0.44788936,-0.09048976,1.0
86,27,-0.15943596,0.0694536,-0.2350587,1.0
86,28,0.07230465,0.02390638,-0.040338207,1.0
86,29,-0.14857648,0.036994155,-0.2743166,1.0
86,30,0.09549503,0.0,-0.07895838,1.0
86,31,-0.27928576,0.08659536,-0.334155,1.0
86,32,-0.0029740292,0.00065732986,-0.091646135,1.0
87,0,-0.10369695,1.3846321,-0.082811564,1.0
87,1,-0.07405759,1.3925658,-0.10296783,1.0
87,2,-0.08856561,1.4038126,-0.08266978,1.0
87,3,-0.081616245,1.4017104,-0.093777485,1.0
87,4,-0.10785502,1.4008709,-0.09669157,1.0
87,5,-0.09113355,1.4055041,-0.11284893,1.0
87,6,-0.09822362,1.404215,-0.08152041,1.0
87,7,0.012599833,1.4159975,-0.045666557,1.0
87,8,-0.100983165,1.3704642,0.011646551,1.0
87,9,-0.062427636,1.3829626,-0.06322621,1.0
87,10,-0.08102897,1.3498248,-0.07653292,1.0
87,11,0.12475844,1.2360386,0.032090176,1.0
87,12,-0.14847127,1.2974528,0.19276659,1.0
87,13,0.15162781,1.0484807,-0.083642215,1.0
87,14,-0.20680241,1.0888188,0.09461759,1.0
87,15,0.107677385,1.0286429,-0.12553316,1.0
87,16,-0.15673172,1.0032732,-0.1196712,1.0
87,17,0.060521625,1.0754114,-0.13657469,1.0
87,18,-0.21765262,1.316577,-0.123551205,1.0
87,19,0.04276646,1.0823858,-0.12972191,1.0
87,20,-0.18255126,1.383844,-0.13584909,1.0
87,21,0.14363971,1.0333924,-0.1332,1.0
87,22,-0.1573564,1.0371022,-0.14390287,1.0
87,23,0.078155786,0.8070775,-0.034552407,1.0
87,24,-0.059449673,0.78400743,0.04154296,1.0
87,25,-0.028207816,0.4457279,-0.19869673,1.0
87,26,-0.010352034,0.45955908,-0.039438028,1.0
87,27,-0.19004273,0.0803923,-0.2651673,1.0
87,28,0.080665305,0.033540517,0.04580335,1.0
87,29,-0.23201738,0.042570338,-0.27022842,1.0
87,30,0.08034901,0.009646473,0.0047165677,1.0
87,31,-0.36561707,0.09187226,-0.33546185,1.0
87,32,-0.017441332,0.0,-0.038930878,1.0
88,0,-0.10881676,1.3807378,-0.10845501,1.0
88,1,-0.07231347,1.3940798,-0.119311266,1.0
88,2,-0.083460614,1.4132143,-0.09440932,1.0
88,3,-0.069331415,1.4049512,-0.10784032,1.0
88,4,-0.10166153,1.4222316,-0.11378273,1.0
88,5,-0.08365936,1.4113144,-0.14248197,1.0
88,6,-0.09094277,1.4009207,-0.105237216,1.0
88,7,0.026375126,1.405579,-0.052799277,1.0
88,8,-0.10477868,1.3554167,0.0060054734,1.0
88,9,-0.060432516,1.3769451,-0.075686835,1.0
88,10,-0.09031828,1.3465883,-0.08853961,1.0
88,11,0.12210408,1.2361422,0.019206561,1.0
88,12,-0.13740689,1.3093793,0.1917783,1.0
88,13,0.17273593,1.0557811,-0.0971941,1.0
88,14,-0.24078235,1.2257826,0.11411788,1.0
88,15,0.17146459,1.0668672,-0.16375855,1.0
88,16,-0.28930002,1.3434813,0.014028739,1.0
88,17,0.16623911,1.0794438,-0.17302296,1.0
88,18,-0.4310872,1.7162158,0.11613444,1.0
88,19,0.15270025,1.0794817,-0.17186666,1.0
88,20,-0.4185364,1.7526698,0.1101676,1.0
88,21,0.17172138,1.0567027,-0.17086029,1.0
88,22,-0.28839076,1.3675898,-0.0017431378,1.0
88,23,0.06912854,0.8074252,-0.04543346,1.0
88,24,-0.053828716,0.7921885,0.0429445,1.0
88,25,-0.03811939,0.44962403,-0.20621528,1.0
88,26,0.016624078,0.4685619,-0.026597925,1.0
88,27,-0.18038824,0.07524496,-0.2862683,1.0
88,28,0.1109199,0.037993938,0.047571756,1.0
88,29,-0.22519115,0.041760046,-0.29477257,1.0
88,30,0.1139487,0.003517937,0.012405563,1.0
88,31,-0.37062204,0.09040636,-0.33652186,1.0
88,32,0.0022013113,0.0,-0.022313982,1.0
89,0,-0.104546934,1.3881336,-0.12487907,1.0
89,1,-0.055354156,1.4016422,-0.13515314,1.0
89,2,-0.07438963,1.413508,-0.108992435,1.0
89,3,-0.055624526,1.4192911,-0.11502923,1.0
89,4,-0.093440965,1.4288818,-0.1279869,1.0
89,5,-0.0769414,1.4209883,-0.1529244,1.0
89,6,-0.07885115,1.4108688,-0.12063275,1.0
89,7,0.03669171,1.4085926,-0.060903862,1.0
89,8,-0.09221788,1.3606653,0.00018508546,1.0
89,9,-0.05291592,1.3831115,-0.09462425,1.0
89,10,-0.08762832,1.35299,-0.10137276,1.0
89,11,0.12628588,1.2378603,-0.004442309,1.0
89,12,-0.13137321,1.3236661,0.18183514,1.0
89,13,0.22267772,1.057579,-0.107945845,1.0
89,14,-0.28951967,1.321044,0.12037505,1.0
89,15,0.28317893,1.0093362,-0.14304619,1.0
89,16,-0.40584332,1.6879051,0.16667898,1.0
89,17,0.24950677,1.0223432,-0.1370412,1.0
89,18,-0.41468275,1.7226651,0.13692425,1.0
89,19,0.23978227,1.0166993,-0.14869489,1.0
89,20,-0.39934933,1.7620463,0.12984753,1.0
89,21,0.28883812,0.98962855,-0.14590086,1.0
89,22,-0.40472862,1.705158,0.15879233,1.0
89,23,0.060304187,0.8069974,-0.041331235,1.0
89,24,-0.057471283,0.79251355,0.052007508,1.0
89,25,-0.03379055,0.4501544,-0.18857658,1.0
89,26,0.033025242,0.4716955,0.0065515637,1.0
89,27,-0.15513125,0.0692085,-0.2741465,1.0
89,28,0.14660034,0.04492438,0.0975443,1.0
89,29,-0.20045795,0.035229847,-0.27787068,1.0
89,30,0.14528115,0.010313787,0.06420623,1.0
89,31,-0.3427845,0.074607246,-0.32962236,1.0
89,32,0.034474455,0.0,0.051798336,1.0
90,0,-0.079792604,1.4107025,-0.1340913,1.0
90,1,-0.03216636,1.429132,-0.13520506,1.0
90,2,-0.048693396,1.4308783,-0.11290172,1.0
90,3,-0.031083096,1.4452592,-0.111397676,1.0
90,4,-0.06762103,1.4504327,-0.1291368,1.0
90,5,-0.058698166,1.4444525,-0.14796671,1.0
90,6,-0.052934665,1.4334627,-0.12709755,1.0
90,7,0.046609566,1.4254128,-0.058465455,1.0
90,8,-0.08425296,1.3816458,-0.0052183974,1.0
90,9,-0.03725946,1.4062177,-0.09515028,1.0
90,10,-0.07399848,1.3758632,-0.10900848,1.0
90,11,0.12777176,1.2450619,-0.013876641,1.0
90,12,-0.1258433,1.375102,0.16778088,1.0
90,13,0.2570101,1.0738587,-0.10026193,1.0
90,14,-0.25907052,1.4436766,0.15755269,1.0
90,15,0.37848878,0.97097504,-0.16305569,1.0
90,16,-0.39873734,1.6880765,0.18096627,1.0
90,17,0.3770396,0.98202425,-0.13681442,1.0
90,18,-0.40612927,1.7250928,0.15080939,1.0
90,19,0.3727682,0.96924317,-0.16266233,1.0
90,20,-0.39012378,1.7644011,0.14386939,1.0
90,21,0.3928638,0.9457246,-0.1583574,1.0
90,22,-0.3969851,1.7073492,0.17311303,1.0
90,23,0.052343488,0.8104006,-0.036807396,1.0
90,24,-0.06307193,0.79803836,0.057525866,1.0
90,25,-0.06345796,0.45576966,-0.16773015,1.0
90,26,0.05406791,0.477997,0.018834617,1.0
90,27,-0.17545521,0.059081048,-0.23414713,1.0
90,28,0.15823576,0.047342777,0.091267645,1.0
90,29,-0.21909246,0.023050979,-0.24009134,1.0
90,30,0.15897802,0.009779781,0.059830643,1.0
90,31,-0.34150624,0.03612633,-0.26637518,1.0
90,32,0.058391765,0.0,0.04881518,1.0
91,0,-0.0676675,1.4380475,-0.12720689,1.0
91,1,-0.028172154,1.4555281,-0.13150387,1.0
91,2,-0.03783667,1.4656078,-0.114292026,1.0
91,3,-0.027147591,1.4703505,-0.11501568,1.0
91,4,-0.053139433,1.464553,-0.13371463,1.0
91,5,-0.049146276,1.4673642,-0.14152919,1.0
91,6,-0.052108966,1.4521519,-0.12313641,1.0
91,7,0.05596712,1.4417845,-0.055991724,1.0
91,8,-0.08328674,1.4067494,-0.003595105,1.0
91,9,-0.023945007,1.4288152,-0.10158224,1.0
91,10,-0.05289819,1.3956717,-0.10703979,1.0
91,11,0.13635084,1.2559242,-0.009980024,1.0
91,12,-0.114486665,1.3867006,0.17879283,1.0
91,13,0.28296286,1.0941377,-0.096149504,1.0
91,14,-0.26612955,1.4986217,0.15410773,1.0
91,15,0.41493338,0.969842,-0.12270215,1.0
91,16,-0.42186832,1.6836894,0.14772868,1.0
91,17,0.44758844,0.9562876,-0.11716823,1.0
91,18,-0.43108723,1.716216,0.11613445,1.0
91,19,0.44542798,0.93403697,-0.14812222,1.0
91,20,-0.41853642,1.7526699,0.11016761,1.0
91,21,0.42389178,0.944821,-0.13177092,1.0
91,22,-0.4194251,1.6980776,0.14041659,1.0
91,23,0.058099598,0.81467545,-0.046226654,1.0
91,24,-0.05146896,0.7957154,0.052787367,1.0
91,25,-0.065483734,0.45465836,-0.156881,1.0
91,26,0.06357837,0.4694276,0.024277208,1.0
91,27,-0.16551131,0.053596795,-0.2068989,1.0
91,28,0.16634473,0.03672023,0.08653666,1.0
91,29,-0.20444742,0.015039042,-0.20600723,1.0
91,30,0.16533586,0.0025952533,0.050930202,1.0
91,31,-0.3193161,0.04185895,-0.24863747,1.0
91,32,0.0640748,0.0,0.034305662,1.0
92,0,-0.05142111,1.4540914,-0.1326623,1.0
92,1,-0.01664852,1.4715399,-0.13457993,1.0
92,2,-0.022681631,1.4756818,-0.11718306,1.0
92,3,-0.014696737,1.4800708,-0.117397904,1.0
92,4,-0.042859107,1.4807991,-0.1338946,1.0
92,5,-0.03493597,1.4785395,-0.14252216,1.0
92,6,-0.034869738,1.4617311,-0.12881675,1.0
92,7,0.06868359,1.4487231,-0.059055492,1.0
92,8,-0.062181134,1.4080471,-0.0058629056,1.0
92,9,-0.011218541,1.4402126,-0.099754564,1.0
92,10,-0.040916037,1.4050397,-0.11074141,1.0
92,11,0.14897755,1.2561319,-0.018885773,1.0
92,12,-0.08297048,1.3926924,0.17370644,1.0
92,13,0.29913706,1.1030838,-0.10979316,1.0
92,14,-0.23597178,1.5033993,0.17969696,1.0
92,15,0.4267342,0.97131217,-0.13730544,1.0
92,16,-0.38447663,1.6935261,0.19194606,1.0
92,17,0.44663587,0.94718015,-0.1284897,1.0
92,18,-0.3928101,1.731264,0.16464399,1.0
92,19,0.44670168,0.93276066,-0.16423266,1.0
92,20,-0.37376654,1.7745482,0.15608743,1.0
92,21,0.43284076,0.9387439,-0.15284872,1.0
92,22,-0.38513336,1.7145988,0.18329333,1.0
92,23,0.053832646,0.80975175,-0.048199542,1.0
92,24,-0.05097251,0.79629076,0.058115073,1.0
92,25,-0.08744827,0.4514854,-0.15712506,1.0
92,26,0.08507043,0.47077033,0.045230947,1.0
92,27,-0.15351799,0.039806023,-0.16072126,1.0
92,28,0.17706427,0.03595847,0.09940426,1.0
92,29,-0.18889701,0.0009487178,-0.15678403,1.0
92,30,0.18016939,0.002301842,0.064660154,1.0
92,31,-0.30523103,0.020641122,-0.18888217,1.0
92,32,0.08504363,0.0,0.056637898,1.0
93,0,-0.054390956,1.456096,-0.13893434,1.0
93,1,-0.01759461,1.4748005,-0.13616937,1.0
93,2,-0.01979501,1.4784919,-0.1179442,1.0
93,3,-0.010421858,1.4843806,-0.119565666,1.0
93,4,-0.040171836,1.4910339,-0.13497134,1.0
93,5,-0.03559815,1.4858268,-0.14981052,1.0
93,6,-0.033674926,1.4664568,-0.12922415,1.0
93,7,0.07299432,1.4471496,-0.06410596,1.0
93,8,-0.05634642,1.40549,-0.008335027,1.0
93,9,-0.008761282,1.440871,-0.10101938,1.0
93,10,-0.048111588,1.4065667,-0.11080528,1.0
93,11,0.1463629,1.26052,-0.027254067,1.0
93,12,-0.06924294,1.4000809,0.18202706,1.0
93,13,0.29506648,1.1062433,-0.12021886,1.0
93,14,-0.21485254,1.4994211,0.20927218,1.0
93,15,0.40968955,0.9720594,-0.1519827,1.0
93,16,-0.37148973,1.6895847,0.23280172,1.0
93,17,0.42421427,0.9500637,-0.13892835,1.0
93,18,-0.37397233,1.7346182,0.20171314,1.0
93,19,0.42229456,0.94131416,-0.1773763,1.0
93,20,-0.3551082,1.7743338,0.1949822,1.0
93,21,0.41350892,0.93511224,-0.16246192,1.0
93,22,-0.36790755,1.7162265,0.22493222,1.0
93,23,0.04885892,0.8126914,-0.05397655,1.0
93,24,-0.05067289,0.80156475,0.06473515,1.0
93,25,-0.094364144,0.45299828,-0.15773441,1.0
93,26,0.08172533,0.47768587,0.03634514,1.0
93,27,-0.13655579,0.043840468,-0.1415976,1.0
93,28,0.20822653,0.040904902,0.09069653,1.0
93,29,-0.1692634,0.0062983558,-0.13427345,1.0
93,30,0.21678892,0.004705876,0.057630897,1.0
93,31,-0.29038274,0.027121712,-0.16310307,1.0
93,32,0.11299969,6.5141474e-05,0.04785254,1.0
94,0,-0.052006252,1.4517646,-0.13396433,1.0
94,1,-0.018006332,1.4715681,-0.13704173,1.0
94,2,-0.028913707,1.4728034,-0.119557396,1.0
94,3,-0.01837574,1.4805825,-0.11775346,1.0
94,4,-0.04144576,1.4803631,-0.13442633,1.0
94,5,-0.036282618,1.4793193,-0.14493072,1.0
94,6,-0.031577647,1.4656153,-0.12581214,1.0
94,7,0.06569742,1.4446363,-0.08685745,1.0
94,8,-0.04183787,1.4062312,-0.011417981,1.0
94,9,-0.012690581,1.4370813,-0.10301837,1.0
94,10,-0.04162732,1.4052367,-0.11372531,1.0
94,11,0.13935122,1.2533522,-0.05316727,1.0
94,12,-0.045733955,1.3925824,0.18856888,1.0
94,13,0.27755022,1.102626,-0.1621365,1.0
94,14,-0.17828773,1.5036397,0.21203572,1.0
94,15,0.39637032,0.9662144,-0.19890133,1.0
94,16,-0.35461664,1.6920881,0.247414,1.0
94,17,0.410009,0.94961447,-0.1881758,1.0
94,18,-0.37031186,1.730664,0.2285277,1.0
94,19,0.4132995,0.9460085,-0.22488363,1.0
94,20,-0.33803487,1.7702234,0.21044189,1.0
94,21,0.4046723,0.93198234,-0.20903042,1.0
94,22,-0.36011872,1.7077603,0.23651552,1.0
94,23,0.03782308,0.8034247,-0.05608078,1.0
94,24,-0.037604816,0.7900007,0.07360885,1.0
94,25,-0.086519785,0.428356,-0.1343393,1.0
94,26,0.08251528,0.46396422,0.05272656,1.0
94,27,-0.12353502,0.027018324,-0.12269064,1.0
94,28,0.22146466,0.029813856,0.109084114,1.0
94,29,-0.16259655,0.0,-0.11547286,1.0
94,30,0.22711553,0.0,0.07246505,1.0
94,31,-0.2816159,0.025495753,-0.14643762,1.0
94,32,0.12771589,8.522446e-06,0.057230856,1.0
95,0,-0.05227941,1.4498597,-0.13235104,1.0
95,1,-0.019370742,1.4708023,-0.14314732,1.0
95,2,-0.028809316,1.4739022,-0.125186,1.0
95,3,-0.02075001,1.4764414,-0.12619887,1.0
95,4,-0.039411232,1.4726694,-0.13994457,1.0
95,5,-0.031801373,1.4753294,-0.14400609,1.0
95,6,-0.031672705,1.4619427,-0.12839253,1.0
95,7,0.06944567,1.4405736,-0.09598089,1.0
95,8,-0.03611163,1.4123785,-0.017506018,1.0
95,9,-0.0124506075,1.4357806,-0.110971004,1.0
95,10,-0.033022676,1.4030242,-0.11662716,1.0
95,11,0.1350235,1.253172,-0.06311489,1.0
95,12,-0.031806696,1.3901255,0.19134422,1.0
95,13,0.26963,1.1103692,-0.18116495,1.0
95,14,-0.15635398,1.498198,0.21356703,1.0
95,15,0.37300658,0.9674009,-0.21506119,1.0
95,16,-0.32532007,1.6831386,0.24124378,1.0
95,17,0.38917756,0.95465267,-0.21496901,1.0
95,18,-0.3456065,1.7207761,0.22545937,1.0
95,19,0.38847753,0.9446844,-0.24372378,1.0
95,20,-0.32344267,1.7588723,0.21125293,1.0
95,21,0.38091895,0.93655574,-0.22590223,1.0
95,22,-0.33274162,1.6993315,0.23394711,1.0
95,23,0.034811668,0.8006587,-0.06262313,1.0
95,24,-0.027172424,0.7857397,0.07272112,1.0
95,25,-0.08312979,0.41519004,-0.12750405,1.0
95,26,0.08309935,0.4576384,0.06121375,1.0
95,27,-0.118331574,0.016836345,-0.11272666,1.0
95,28,0.22040206,0.02355823,0.11197007,1.0
95,29,-0.16567835,0.0,-0.100840025,1.0
95,30,0.22120021,0.0,0.07098308,1.0
95,31,-0.277873,0.028120697,-0.14600357,1.0
95,32,0.124850385,0.0044694035,0.052131064,1.0
96,0,-0.05562328,1.4488423,-0.1419094,1.0
96,1,-0.018855821,1.4670057,-0.15160383,1.0
96,2,-0.022830784,1.4712698,-0.13451801,1.0
96,3,-0.015875708,1.4746468,-0.13577972,1.0
96,4,-0.034483396,1.4806287,-0.14440602,1.0
96,5,-0.029396426,1.4782851,-0.15552948,1.0
96,6,-0.03051574,1.460767,-0.13764143,1.0
96,7,0.07320194,1.431946,-0.112856194,1.0
96,8,-0.026229315,1.4037857,-0.028181959,1.0
96,9,-0.00937407,1.4272993,-0.11751998,1.0
96,10,-0.038818534,1.3967226,-0.11991255,1.0
96,11,0.13007897,1.2505751,-0.08168529,1.0
96,12,-0.014215719,1.3937476,0.18296835,1.0
96,13,0.26627833,1.1152099,-0.20083927,1.0
96,14,-0.12764834,1.5111934,0.22184262,1.0
96,15,0.36618358,0.9691388,-0.22913219,1.0
96,16,-0.28199834,1.6921571,0.2681728,1.0
96,17,0.38788638,0.9515372,-0.2261943,1.0
96,18,-0.291414,1.7372415,0.24329664,1.0
96,19,0.38241526,0.9439783,-0.25606847,1.0
96,20,-0.27223024,1.7681491,0.23376518,1.0
96,21,0.37173486,0.93667436,-0.23933963,1.0
96,22,-0.28449947,1.7159302,0.25818118,1.0
96,23,0.030524813,0.79768336,-0.06803141,1.0
96,24,-0.025156494,0.7864927,0.07178416,1.0
96,25,-0.091509014,0.40614423,-0.12623638,1.0
96,26,0.086533785,0.459073,0.065163895,1.0
96,27,-0.109334685,0.011997074,-0.11331259,1.0
96,28,0.22612785,0.024670511,0.10535313,1.0
96,29,-0.147621,0.0,-0.09969155,1.0
96,30,0.2340813,0.0,0.06533252,1.0
96,31,-0.2751177,0.02668943,-0.14824313,1.0
96,32,0.13778207,0.0062381225,0.04639198,1.0
97,0,-0.048501745,1.4521258,-0.15910815,1.0
97,1,-0.011978887,1.4667779,-0.16717301,1.0
97,2,-0.018401925,1.472548,-0.15671226,1.0
97,3,-0.008978816,1.4744058,-0.15176924,1.0
97,4,-0.029366996,1.4838612,-0.1601752,1.0
97,5,-0.016915802,1.4801459,-0.17904094,1.0
97,6,-0.02080595,1.4598511,-0.15808976,1.0
97,7,0.078611374,1.4288559,-0.13442105,1.0
97,8,-0.012745043,1.4012911,-0.049227986,1.0
97,9,-0.00649724,1.4268482,-0.1315065,1.0
97,10,-0.03401044,1.398601,-0.13648847,1.0
97,11,0.12469102,1.253413,-0.10175638,1.0
97,12,0.004119519,1.3913281,0.17944205,1.0
97,13,0.2660599,1.1177194,-0.2232656,1.0
97,14,-0.092060134,1.5048826,0.22494361,1.0
97,15,0.3637644,0.9731157,-0.25178972,1.0
97,16,-0.22686401,1.6870553,0.2839998,1.0
97,17,0.38265467,0.95056415,-0.24230267,1.0
97,18,-0.22575125,1.7364883,0.26021767,1.0
97,19,0.38369617,0.94392014,-0.27426767,1.0
97,20,-0.2094386,1.7686096,0.24894568,1.0
97,21,0.37047753,0.93789035,-0.26855803,1.0
97,22,-0.22256178,1.7094512,0.27177775,1.0
97,23,0.023214774,0.8011845,-0.0717396,1.0
97,24,-0.018606564,0.78724474,0.07523207,1.0
97,25,-0.10117191,0.40810007,-0.13295287,1.0
97,26,0.099367715,0.4621498,0.06944008,1.0
97,27,-0.09238804,0.0134188235,-0.11388174,1.0
97,28,0.25072357,0.025201052,0.10316257,1.0
97,29,-0.12122233,0.0,-0.10106162,1.0
97,30,0.265426,0.0,0.06480646,1.0
97,31,-0.27031887,0.011716764,-0.13750587,1.0
97,32,0.16894734,0.014937686,0.04351411,1.0
98,0,-0.043948863,1.447681,-0.16539188,1.0
98,1,-0.01373558,1.4614594,-0.17774577,1.0
98,2,-0.025007943,1.4668227,-0.17346063,1.0
98,3,-0.017965714,1.4703107,-0.16120476,1.0
98,4,-0.027667742,1.4687521,-0.17228954,1.0
98,5,-0.020773316,1.4704392,-0.1871474,1.0
98,6,-0.02209555,1.4560342,-0.16738614,1.0
98,7,0.073831916,1.4174731,-0.15007082,1.0
98,8,-0.009079709,1.4017584,-0.05766771,1.0
98,9,-0.010356307,1.4268519,-0.14690278,1.0
98,10,-0.029382572,1.3939478,-0.15159108,1.0
98,11,0.11029531,1.2442265,-0.11016506,1.0
98,12,0.013002839,1.3801394,0.17462665,1.0
98,13,0.23857842,1.1092696,-0.22897363,1.0
98,14,-0.055732638,1.4968369,0.22062935,1.0
98,15,0.36330497,0.9664723,-0.25182006,1.0
98,16,-0.16878264,1.674114,0.3023924,1.0
98,17,0.36499733,0.946221,-0.24244538,1.0
98,18,-0.15870006,1.7221122,0.29324,1.0
98,19,0.37339723,0.940329,-0.27665073,1.0
98,20,-0.14146185,1.7589264,0.27076605,1.0
98,21,0.37044996,0.92980534,-0.27169377,1.0
98,22,-0.16570854,1.6926281,0.2872769,1.0
98,23,0.015635522,0.7963865,-0.07057084,1.0
98,24,-0.010880765,0.78019273,0.08038445,1.0
98,25,-0.11255644,0.4001187,-0.12885162,1.0
98,26,0.09341772,0.45630857,0.06429369,1.0
98,27,-0.07700335,0.0030070543,-0.1008529,1.0
98,28,0.25713593,0.015884578,0.08969422,1.0
98,29,-0.11438252,0.0,-0.09027287,1.0
98,30,0.27299446,0.0,0.045907874,1.0
98,31,-0.2697286,0.008597,-0.12224428,1.0
98,32,0.17616211,0.006087657,0.03313169,1.0
99,0,-0.075054474,1.441572,-0.14159638,1.0
99,1,-0.04243891,1.4611688,-0.17100054,1.0
99,2,-0.05087157,1.4721177,-0.16020134,1.0
99,3,-0.04638595,1.465589,-0.14997876,1.0
99,4,-0.036572367,1.4594812,-0.1586762,1.0
99,5,-0.03762437,1.4663513,-0.16178131,1.0
99,6,-0.037971362,1.4481564,-0.14642939,1.0
99,7,0.057101034,1.403306,-0.1474813,1.0
99,8,-0.012027448,1.4057946,-0.047347326,1.0
99,9,-0.03747934,1.421973,-0.1436584,1.0
99,10,-0.0416367,1.388834,-0.13043238,1.0
99,11,0.07209327,1.2394161,-0.10856045,1.0
99,12,0.027567055,1.376314,0.18027556,1.0
99,13,0.1654967,1.1042876,-0.22855094,1.0
99,14,-0.019913498,1.4798641,0.2291481,1.0
99,15,0.26794744,0.9475604,-0.23568769,1.0
99,16,-0.109030895,1.657016,0.29316974,1.0
99,17,0.28268278,0.9311699,-0.23795146,1.0
99,18,-0.09408131,1.7066429,0.2788716,1.0
99,19,0.29545763,0.91112345,-0.26999953,1.0
99,20,-0.07760193,1.7364836,0.25513676,1.0
99,21,0.2747255,0.9054741,-0.2609237,1.0
99,22,-0.11356432,1.6777434,0.278215,1.0
99,23,0.013403718,0.7950591,-0.07246059,1.0
99,24,-0.0035795206,0.7791193,0.08093102,1.0
99,25,-0.11512976,0.39487758,-0.12857768,1.0
99,26,0.09100723,0.4539,0.06544375,1.0
99,27,-0.06960188,0.0,-0.09922269,1.0
99,28,0.24356319,0.008391947,0.08432619,1.0
99,29,-0.07834162,0.0028555728,-0.059794217,1.0
99,30,0.247455,0.0,0.03398978,1.0
99,31,-0.21817523,0.010467865,-0.10951564,1.0
99,32,0.15002736,4.763395e-06,0.02340869,1.0
100,0,-0.1062732,1.425556,-0.052333646,1.0
100,1,-0.060320042,1.4500821,-0.09006505,1.0
100,2,-0.075860456,1.4705987,-0.061544117,1.0
100,3,-0.06218934,1.459584,-0.06722537,1.0
100,4,-0.055857882,1.4695585,-0.0732414,1.0
100,5,-0.04822462,1.4599099,-0.078531735,1.0
100,6,-0.045160074,1.4370189,-0.058170293,1.0
100,7,0.03727106,1.3959389,-0.14615342,1.0
100,8,0.01193797,1.3806577,0.017311163,1.0
100,9,-0.058179393,1.4070685,-0.06114706,1.0
100,10,-0.059483055,1.3843253,-0.03732638,1.0
100,11,0.062798664,1.2294881,-0.10522268,1.0
100,12,0.06245553,1.3783635,0.1976907,1.0
100,13,0.117689356,1.0847399,-0.22495711,1.0
100,14,0.027674293,1.480164,0.24535736,1.0
100,15,0.175055,0.91430455,-0.21268414,1.0
100,16,-0.016255092,1.675297,0.26093912,1.0
100,17,0.33108076,0.9402766,-0.24033833,1.0
100,18,-0.14434938,1.7182901,0.27898788,1.0
100,19,0.3398018,0.9276782,-0.273031,1.0
100,20,-0.12767498,1.7508028,0.25851706,1.0
100,21,0.17948723,0.87224364,-0.22336951,1.0
100,22,-0.018319655,1.6874862,0.2570716,1.0
100,23,0.01631174,0.78559476,-0.074006565,1.0
100,24,-0.002378391,0.77967083,0.0795814,1.0
100,25,-0.12214115,0.39240655,-0.0860962,1.0
100,26,0.097879335,0.44693658,0.053485237,1.0
100,27,-0.034939215,0.009134553,-0.05790051,1.0
100,28,0.2155414,0.010893021,0.08941368,1.0
100,29,-0.032466374,0.0,-0.024695411,1.0
100,30,0.23102164,0.0,0.048749708,1.0
100,31,-0.14039904,0.016931187,-0.056615427,1.0
100,32,0.09418248,0.017330043,0.045432657,1.0
101,0,-0.070850514,1.4170101,-0.038975645,1.0
101,1,-0.04532129,1.4357698,-0.07260916,1.0
101,2,-0.053383786,1.4436209,-0.059968434,1.0
101,3,-0.04861434,1.4386536,-0.05784473,1.0
101,4,-0.03430295,1.4442914,-0.06688901,1.0
101,5,-0.02748839,1.4428179,-0.07262989,1.0
101,6,-0.027406523,1.4260592,-0.059426945,1.0
101,7,0.016179143,1.3821645,-0.115922935,1.0
101,8,0.027193129,1.3636688,-0.0071969177,1.0
101,9,-0.041685235,1.3979025,-0.047577374,1.0
101,10,-0.03369181,1.3667691,-0.044967454,1.0
101,11,0.014057065,1.2114918,-0.0813088,1.0
101,12,0.08995497,1.3508928,0.1489677,1.0
101,13,0.099324636,1.0704046,-0.19623694,1.0
101,14,-0.0062158573,1.4839194,0.23466343,1.0
101,15,0.24707958,0.93657583,-0.22879352,1.0
101,16,-0.018445306,1.6591619,0.27100182,1.0
101,17,0.31796044,0.93762034,-0.23987742,1.0
101,18,-0.12177506,1.7132726,0.28502947,1.0
101,19,0.3288603,0.92364013,-0.27285004,1.0
101,20,-0.10497046,1.7461019,0.261835,1.0
101,21,0.25285962,0.8957519,-0.2460764,1.0
101,22,-0.08163852,1.685675,0.27054772,1.0
101,23,-0.02091183,0.77158237,-0.04192983,1.0
101,24,0.028946152,0.76479745,0.047726694,1.0
101,25,-0.12501754,0.378901,-0.060560614,1.0
101,26,0.11270251,0.4331972,0.043352667,1.0
101,27,-0.09332178,0.008352019,-0.042893715,1.0
101,28,0.17209606,0.014488496,0.066473015,1.0
101,29,-0.11038628,0.00044612886,-0.029711261,1.0
101,30,0.1867516,0.0038578664,0.029062167,1.0
101,31,-0.19808206,0.030771622,-0.056607664,1.0
101,32,0.15332693,0.03205167,0.022381365,1.0
102,0,-0.082943134,1.4110235,0.037137285,1.0
102,1,-0.059295338,1.4213893,-0.0026619318,1.0
102,2,-0.060116436,1.41468,0.005212659,1.0
102,3,-0.06389834,1.4153976,0.0073874057,1.0
102,4,-0.046430185,1.4329346,0.00017911918,1.0
102,5,-0.031138234,1.4266834,-0.0006567063,1.0
102,6,-0.030254425,1.4181232,-0.004447314,1.0
102,7,-0.029375058,1.3674078,-0.07734681,1.0
102,8,0.062013246,1.3375938,0.022207873,1.0
102,9,-0.061737783,1.3876437,0.02449837,1.0
102,10,-0.046491653,1.3547189,0.011935186,1.0
102,11,-0.050141264,1.1860486,-0.05621124,1.0
102,12,0.16401437,1.3367764,0.12108725,1.0
102,13,-0.018913856,1.0237302,-0.13053983,1.0
102,14,0.007279525,1.4800355,0.23841053,1.0
102,15,0.07070347,0.8774642,-0.12373109,1.0
102,16,0.0546415,1.6483127,0.25854397,1.0
102,17,-0.0024629533,0.826427,-0.060420528,1.0
102,18,-0.094081305,1.7066427,0.2788716,1.0
102,19,0.29545763,0.9111234,-0.26999953,1.0
102,20,-0.07760193,1.7364835,0.25513676,1.0
102,21,0.07178416,0.8373368,-0.13353182,1.0
102,22,-0.059138797,1.6833106,0.26613307,1.0
102,23,-0.072090276,0.75227964,-0.014617424,1.0
102,24,0.06817468,0.748162,0.021188743,1.0
102,25,-0.149899,0.3489809,0.0003497526,1.0
102,26,0.123354875,0.40435967,0.027242724,1.0
102,27,-0.14201434,0.0,0.027620923,1.0
102,28,0.10552753,0.0,0.086452715,1.0
102,29,-0.17433494,0.0028905664,0.005900318,1.0
102,30,0.13859555,0.0022826523,0.061688878,1.0
102,31,-0.215839,0.06757197,-0.00867753,1.0
102,32,0.1776447,0.083221786,0.051737845,1.0
103,0,-0.023466583,1.3696424,0.049870804,1.0
103,1,-0.025708929,1.3887501,0.012282374,1.0
103,2,-0.0259848,1.3950636,0.022264333,1.0
103,3,-0.028926117,1.3879987,0.018158631,1.0
103,4,0.0028997792,1.3973438,0.007922076,1.0
103,5,0.01188123,1.3938262,-0.0013798202,1.0
103,6,0.006947145,1.3787498,0.01151669,1.0
103,7,-0.02429761,1.3359673,-0.07015179,1.0
103,8,0.059295267,1.3053465,-0.015403895,1.0
103,9,-0.019107485,1.3496741,0.030981492,1.0
103,10,0.012617233,1.3168633,0.020711342,1.0
103,11,-0.0760953,1.1649157,-0.025940953,1.0
103,12,0.15057921,1.2929437,0.066362746,1.0
103,13,-0.12418348,0.989011,-0.06285679,1.0
103,14,0.027674291,1.480164,0.24535735,1.0
103,15,-0.12848778,0.81861764,0.010205687,1.0
103,16,0.23265977,1.5644962,0.1936248,1.0
103,17,-0.28709802,0.73460335,0.12312691,1.0
103,18,0.2965075,1.6117215,0.17192629,1.0
103,19,-0.2638145,0.7233255,0.14268042,1.0
103,20,0.31537372,1.6461701,0.15720695,1.0
103,21,-0.12732233,0.7797226,0.012347509,1.0
103,22,-0.018319655,1.687486,0.2570716,1.0
103,23,-0.061019782,0.73319495,0.00978198,1.0
103,24,0.072952725,0.7391676,-0.013051197,1.0
103,25,-0.12350435,0.35902765,0.022853192,1.0
103,26,0.15280788,0.41134083,0.009538803,1.0
103,27,-0.13424523,0.02590156,-0.009301554,1.0
103,28,0.112887286,0.03076361,0.015100571,1.0
103,29,-0.15320078,0.00826558,-0.0058273003,1.0
103,30,0.1153645,0.010425668,-0.019107832,1.0
103,31,-0.18030217,0.038998734,-0.020436905,1.0
103,32,0.17589243,0.04621491,-0.031729612,1.0
104,0,0.0028837428,1.3484718,0.09875838,1.0
104,1,-0.022804564,1.3763516,0.058733277,1.0
104,2,-0.026690628,1.3863498,0.059956804,1.0
104,3,-0.024516152,1.3757334,0.05665768,1.0
104,4,0.029452069,1.3717568,0.03946293,1.0
104,5,0.028083328,1.3819036,0.02861347,1.0
104,6,0.02257186,1.3605747,0.052062944,1.0
104,7,-0.047111586,1.3206322,-0.05638852,1.0
104,8,0.07663016,1.2875836,-0.01101799,1.0
104,9,-0.005528601,1.3390447,0.06284396,1.0
104,10,0.049774326,1.2991588,0.04652198,1.0
104,11,-0.12864932,1.1564183,-0.01848434,1.0
104,12,0.1569711,1.2610424,0.03987989,1.0
104,13,-0.16488802,0.9576918,-0.0629746,1.0
104,14,0.305314,1.3077627,-0.13709803,1.0
104,15,-0.25905076,0.7763182,0.10580321,1.0
104,16,0.24829239,1.6148009,0.23017946,1.0
104,17,-0.28713205,0.73374206,0.12272581,1.0
104,18,0.33252314,1.5417709,0.11943534,1.0
104,19,-0.2638145,0.7233255,0.14268042,1.0
104,20,0.34398395,1.5654886,0.111068085,1.0
104,21,-0.25987542,0.7389098,0.11338739,1.0
104,22,0.28154057,1.5155618,0.14684658,1.0
104,23,-0.075303495,0.7260565,0.036947526,1.0
104,24,0.096332654,0.73383045,-0.039837018,1.0
104,25,-0.10665214,0.3692103,0.02767025,1.0
104,26,0.16925597,0.41267845,0.0049116276,1.0
104,27,-0.16064677,0.061902493,-0.020844929,1.0
104,28,0.12490374,0.052354038,-0.020511836,1.0
104,29,-0.17705879,0.026200678,-0.0102939075,1.0
104,30,0.11588301,0.019359857,-0.059607107,1.0
104,31,-0.17949682,0.034098096,-0.016271815,1.0
104,32,0.2045445,0.027847923,-0.09455426,1.0
105,0,0.019358423,1.3346274,0.079128586,1.0
105,1,-0.0076596495,1.3495777,0.040368885,1.0
105,2,0.0058905417,1.369097,0.05048375,1.0
105,3,-0.008167621,1.3503032,0.036032863,1.0
105,4,0.037452053,1.3636243,0.022389477,1.0
105,5,0.04587597,1.3555918,0.00257558,1.0
105,6,0.0297782,1.3376769,0.026378207,1.0
105,7,-0.02960024,1.2939168,-0.045269057,1.0
105,8,0.05617062,1.2658919,-0.0411038,1.0
105,9,0.011658223,1.3047098,0.05310599,1.0
105,10,0.054807708,1.2733116,0.034749806,1.0
105,11,-0.11994092,1.123219,0.032828256,1.0
105,12,0.17287125,1.2492201,0.012699105,1.0
105,13,-0.19082981,0.9498778,0.0032739826,1.0
105,14,0.305314,1.3077627,-0.13709803,1.0
105,15,-0.26567587,0.7582474,0.106829554,1.0
105,16,0.3493009,1.4839433,0.14169031,1.0
105,17,-0.28760868,0.7216841,0.1171104,1.0
105,18,0.4148628,1.4601173,0.059956875,1.0
105,19,-0.2638145,0.7233255,0.14268042,1.0
105,20,0.43515277,1.4901292,0.066635236,1.0
105,21,-0.27476126,0.7226569,0.11364366,1.0
105,22,0.3646903,1.445178,0.09736165,1.0
105,23,-0.06658589,0.7047726,0.03303644,1.0
105,24,0.100370474,0.7228848,-0.05934324,1.0
105,25,-0.11475091,0.34871423,0.04766454,1.0
105,26,0.18131939,0.40064257,-0.012739994,1.0
105,27,-0.15746878,0.03886199,-0.01092099,1.0
105,28,0.113417864,0.041341037,-0.013685921,1.0
105,29,-0.17626335,0.0043342225,-0.0025677336,1.0
105,30,0.10018278,0.009977929,-0.050728798,1.0
105,31,-0.15813231,0.020040497,-0.017189717,1.0
105,32,0.18899211,0.042721517,-0.08807391,1.0
106,0,0.06849247,1.3199947,0.04075677,1.0
106,1,0.046200566,1.3391665,0.0141679235,1.0
106,2,0.05106533,1.3323462,0.0271653,1.0
106,3,0.037783623,1.3364067,0.02425468,1.0
106,4,0.061143093,1.3500807,0.022199882,1.0
106,5,0.080295496,1.3368528,0.0090654185,1.0
106,6,0.07176667,1.332848,0.012223817,1.0
106,7,-0.02301326,1.2998521,-0.040463664,1.0
106,8,0.070713006,1.2536726,-0.09784776,1.0
106,9,0.037046306,1.2975519,0.042852014,1.0
106,10,0.07236714,1.2671683,0.025962153,1.0
106,11,-0.10332844,1.1306677,0.020609178,1.0
106,12,0.16932614,1.2419596,-0.04989698,1.0
106,13,-0.1957855,1.008098,0.011304757,1.0
106,14,0.305314,1.3077627,-0.13709803,1.0
106,15,-0.2491131,0.8034244,0.10426369,1.0
106,16,0.4503094,1.3530858,0.053201176,1.0
106,17,-0.28641713,0.75182897,0.13114892,1.0
106,18,0.37580046,1.2779605,-0.15176612,1.0
106,19,-0.2638145,0.7233255,0.14268042,1.0
106,20,0.41078582,1.3334892,-0.122559175,1.0
106,21,-0.23754667,0.7632891,0.11300299,1.0
106,22,0.41003734,1.3989595,0.008732799,1.0
106,23,-0.08022142,0.6947993,0.057032295,1.0
106,24,0.07452307,0.7130604,-0.05886931,1.0
106,25,-0.1174539,0.33912814,0.13409355,1.0
106,26,0.19573092,0.40129653,-0.030856054,1.0
106,27,-0.15523054,0.04112822,0.053939197,1.0
106,28,0.10286644,0.03716263,-0.017996913,1.0
106,29,-0.18134901,0.009010306,0.064422846,1.0
106,30,0.08810767,0.009440308,-0.057541408,1.0
106,31,-0.1534985,0.015041839,0.06882515,1.0
106,32,0.17932746,0.042477846,-0.07505177,1.0
107,0,0.07056197,1.3260336,0.05495596,1.0
107,1,0.0579116,1.3474674,0.024185471,1.0
107,2,0.05028822,1.3375914,0.042582773,1.0
107,3,0.04178409,1.348098,0.041351125,1.0
107,4,0.059197888,1.3554511,0.015761591,1.0
107,5,0.07755481,1.3451061,0.00078994106,1.0
107,6,0.07100175,1.3401787,0.0038752556,1.0
107,7,-0.03292063,1.3080075,0.0064784097,1.0
107,8,0.06303107,1.2623875,-0.07655728,1.0
107,9,0.041642115,1.3016372,0.064541616,1.0
107,10,0.07036111,1.275378,0.022601262,1.0
107,11,-0.11045904,1.1323448,0.09138633,1.0
107,12,0.14243881,1.2777557,-0.04663586,1.0
107,13,-0.14568037,0.9988787,0.0856036,1.0
107,14,0.305314,1.3077627,-0.13709803,1.0
107,15,-0.11594833,0.84897155,0.13890263,1.0
107,16,0.3829704,1.4403242,0.112193935,1.0
107,17,-0.14833547,0.8107871,0.15342307,1.0
107,18,0.3758005,1.2779605,-0.15176612,1.0
107,19,-0.09261064,0.82498354,0.1590133,1.0
107,20,0.41078585,1.3334892,-0.12255918,1.0
107,21,-0.1145495,0.81125873,0.14267676,1.0
107,22,0.4023114,1.325086,-0.019725956,1.0
107,23,-0.08059701,0.6951604,0.07315911,1.0
107,24,0.07519819,0.72490287,-0.07288964,1.0
107,25,-0.08276493,0.3436035,0.124931514,1.0
107,26,0.19681314,0.41421854,-0.04832785,1.0
107,27,-0.1443817,0.03183821,0.12267317,1.0
107,28,0.09638018,0.055452675,-0.026217582,1.0
107,29,-0.17907013,0.0042362977,0.13034678,1.0
107,30,0.07837254,0.027691953,-0.05825542,1.0
107,31,-0.14056553,0.005052287,0.14688545,1.0
107,32,0.17280957,0.041374467,-0.07620612,1.0
108,0,0.06042815,1.3486303,-0.021979637,1.0
108,1,0.04530483,1.3716081,-0.037749313,1.0
108,2,0.04546647,1.3727868,-0.018920679,1.0
108,3,0.039929368,1.373821,-0.026223596,1.0
108,4,0.057910886,1.38046,-0.06152413,1.0
108,5,0.066163346,1.3724276,-0.07255303,1.0
108,6,0.062301412,1.3656499,-0.056150537,1.0
108,7,-0.02002672,1.3461763,-0.016439555,1.0
108,8,0.004633938,1.2921733,-0.09842374,1.0
108,9,0.045359172,1.3358587,-0.0020638448,1.0
108,10,0.06379699,1.2981057,-0.043570403,1.0
108,11,-0.06233213,1.1820761,0.10669639,1.0
108,12,0.06460734,1.2859646,-0.05231758,1.0
108,13,-0.04262177,1.0484744,0.11725418,1.0
108,14,0.17928939,1.2259989,-0.15154491,1.0
108,15,-0.029996274,0.88684124,0.1573221,1.0
108,16,0.4503094,1.3530858,0.053201176,1.0
108,17,-0.06197324,0.8521213,0.16833547,1.0
108,18,0.3758005,1.2779605,-0.15176612,1.0
108,19,-0.014120693,0.8700684,0.16796795,1.0
108,20,0.41078585,1.3334892,-0.12255918,1.0
108,21,-0.028582009,0.8539962,0.16080135,1.0
108,22,0.33456045,1.2706634,-0.11919869,1.0
108,23,-0.042071708,0.7199965,0.08354986,1.0
108,24,0.045421567,0.7429289,-0.082213536,1.0
108,25,-0.057305045,0.35747647,0.10841837,1.0
108,26,0.18409896,0.41788167,-0.06573903,1.0
108,27,-0.16326822,0.040868215,0.10182746,1.0
108,28,0.072446376,0.04332722,-0.050306357,1.0
108,29,-0.19499625,0.0071792537,0.11640425,1.0
108,30,0.057757422,0.0124146985,-0.08581143,1.0
108,31,-0.1380221,0.002982588,0.12802288,1.0
108,32,0.15075722,0.0267291,-0.116016254,1.0
109,0,0.07621762,1.3562171,-0.08234594,1.0
109,1,0.06044159,1.3833661,-0.08593744,1.0
109,2,0.052391045,1.3769159,-0.061841503,1.0
109,3,0.05459279,1.3853781,-0.066889964,1.0
109,4,0.066337995,1.3853414,-0.12550448,1.0
109,5,0.07299289,1.3840103,-0.13367157,1.0
109,6,0.07377397,1.3770471,-0.11335876,1.0
109,7,-0.026640609,1.3735757,-0.018393992,1.0
109,8,-0.025458844,1.3033917,-0.13035077,1.0
109,9,0.0610638,1.3477521,-0.03851407,1.0
109,10,0.07026896,1.3037155,-0.101864316,1.0
109,11,-0.043557845,1.2127995,0.14503524,1.0
109,12,0.003297065,1.295429,-0.08193422,1.0
109,13,0.06085644,1.0877743,0.16668303,1.0
109,14,0.054994855,1.1481993,-0.1542682,1.0
109,15,0.043006957,0.9388201,0.16711399,1.0
109,16,0.1480454,1.1545918,-0.107361294,1.0
109,17,0.0076527856,0.919357,0.17412148,1.0
109,18,0.3758005,1.2779605,-0.15176612,1.0
109,19,0.017701745,0.923931,0.15391856,1.0
109,20,0.41078585,1.3334892,-0.12255918,1.0
109,21,0.044147316,0.9019006,0.16529235,1.0
109,22,-0.15059793,0.9740885,-0.285913,1.0
109,23,-0.030786136,0.7239587,0.11254943,1.0
109,24,0.031561345,0.745763,-0.09615146,1.0
109,25,-0.017958317,0.36080968,0.1250237,1.0
109,26,0.18476683,0.41680166,-0.08447487,1.0
109,27,-0.16523005,0.03654167,0.14590381,1.0
109,28,0.04400232,0.037062198,-0.0655631,1.0
109,29,-0.20179841,0.004989993,0.16617846,1.0
109,30,0.029220264,0.007394176,-0.102039024,1.0
109,31,-0.13543242,0.0,0.19819687,1.0
109,32,0.13287415,0.014765464,-0.13098046,1.0
110,0,0.055511348,1.3770688,-0.10075099,1.0
110,1,0.04556074,1.4028864,-0.10258286,1.0
110,2,0.043415528,1.4197972,-0.08142037,1.0
110,3,0.045282416,1.4098885,-0.09347287,1.0
110,4,0.06971292,1.4098246,-0.14844644,1.0
110,5,0.069169834,1.4067445,-0.1541405,1.0
110,6,0.0662387,1.3968778,-0.12309643,1.0
110,7,-0.005333627,1.3962152,-0.011897071,1.0
110,8,-0.07154853,1.3315771,-0.11767331,1.0
110,9,0.056390513,1.3731937,-0.06947313,1.0
110,10,0.06865396,1.3301427,-0.11494963,1.0
110,11,-0.002725155,1.2427317,0.17595631,1.0
110,12,-0.042112768,1.3174279,-0.06867258,1.0
110,13,0.1274862,1.125706,0.21494481,1.0
110,14,-0.020634871,1.0987681,-0.15710057,1.0
110,15,0.13807756,0.9412334,0.21332951,1.0
110,16,-0.19243754,0.937371,-0.2528265,1.0
110,17,0.105541095,0.90274745,0.21879038,1.0
110,18,0.17064367,1.1458101,-0.22995327,1.0
110,19,0.1027139,0.89636964,0.19847204,1.0
110,20,0.19552332,1.1886116,-0.20435672,1.0
110,21,0.13346474,0.9044779,0.21058099,1.0
110,22,-0.15059793,0.97408855,-0.285913,1.0
110,23,0.010681469,0.7506136,0.104015894,1.0
110,24,-0.0013821865,0.77088857,-0.10643767,1.0
110,25,-0.005679263,0.37575424,0.09359671,1.0
110,26,0.17936428,0.42906487,-0.108421475,1.0
110,27,-0.1753643,0.04657823,0.10113779,1.0
110,28,0.04032071,0.03722748,-0.09330397,1.0
110,29,-0.20667472,0.008461926,0.12394916,1.0
110,30,0.02682307,0.0050300695,-0.13297944,1.0
110,31,-0.12573723,0.0,0.13159245,1.0
110,32,0.10998613,0.003867134,-0.18245232,1.0
111,0,0.04545459,1.3929164,-0.13484652,1.0
111,1,0.041246735,1.4199553,-0.12613909,1.0
111,2,0.056819193,1.4298496,-0.10360541,1.0
111,3,0.050713684,1.4274669,-0.11993544,1.0
111,4,0.038895845,1.4389033,-0.16778408,1.0
111,5,0.027157225,1.4224184,-0.1721718,1.0
111,6,0.03660877,1.4238698,-0.14621903,1.0
111,7,0.012953671,1.4150212,-0.003561616,1.0
111,8,-0.090040244,1.3543849,-0.11072443,1.0
111,9,0.05146036,1.4129598,-0.08755291,1.0
111,10,0.028811254,1.35567,-0.13518389,1.0
111,11,0.029167678,1.2666193,0.15694335,1.0
111,12,-0.07403061,1.33692,-0.050885215,1.0
111,13,0.08215472,1.1185229,0.2066896,1.0
111,14,-0.07275983,1.062471,-0.18043867,1.0
111,15,0.12773418,0.95017695,0.1842988,1.0
111,16,-0.21755448,0.9239056,-0.2455106,1.0
111,17,0.10031621,0.9143085,0.1902973,1.0
111,18,-0.024217863,1.03115,-0.25931486,1.0
111,19,0.09938006,0.92293197,0.18911125,1.0
111,20,-0.006618055,1.0672673,-0.2485011,1.0
111,21,0.13469581,0.94316065,0.19633533,1.0
111,22,-0.20880128,0.941052,-0.26345798,1.0
111,23,0.017450664,0.7697417,0.10491433,1.0
111,24,-0.017757133,0.795902,-0.094682544,1.0
111,25,-0.016268779,0.38741243,0.08846387,1.0
111,26,0.15091808,0.45180956,-0.105689436,1.0
111,27,-0.18678892,0.061974198,0.08565136,1.0
111,28,0.042769507,0.049944967,-0.09033999,1.0
111,29,-0.21640578,0.018578488,0.09788285,1.0
111,30,0.03195495,0.00815003,-0.11835356,1.0
111,31,-0.13438416,0.0,0.090402946,1.0
111,32,0.12045164,0.014857506,-0.15968835,1.0
112,0,0.02617521,1.4174502,-0.119449064,1.0
112,1,0.039239135,1.4291782,-0.1127667,1.0
112,2,0.061480016,1.4459977,-0.09722455,1.0
112,3,0.050497998,1.4459034,-0.11193039,1.0
112,4,0.027714085,1.4647714,-0.14847472,1.0
112,5,0.0066237533,1.4423475,-0.16695058,1.0
112,6,0.012229687,1.4426483,-0.12410801,1.0
112,7,0.028912429,1.42382,0.006315271,1.0
112,8,-0.09479727,1.3763757,-0.09401948,1.0
112,9,0.045963112,1.4382565,-0.079975724,1.0
112,10,0.0039782478,1.3704792,-0.11395467,1.0
112,11,0.051475897,1.2814609,0.16377455,1.0
112,12,-0.09920825,1.3478061,-0.026903778,1.0
112,13,0.084946156,1.1160915,0.19309038,1.0
112,14,-0.10842443,1.0497524,-0.14226782,1.0
112,15,0.097252764,0.93742025,0.13835548,1.0
112,16,-0.15421858,0.95609796,-0.26792377,1.0
112,17,0.09122634,0.9061475,0.1433765,1.0
112,18,-0.13709153,0.94758445,-0.347234,1.0
112,19,0.07593052,0.91210043,0.1595341,1.0
112,20,-0.12737046,0.97129524,-0.327053,1.0
112,21,0.10578407,0.9474656,0.16236657,1.0
112,22,-0.15059793,0.97408855,-0.285913,1.0
112,23,0.032635327,0.78954816,0.08679474,1.0
112,24,-0.044168416,0.8182378,-0.09500045,1.0
112,25,0.011384698,0.40520644,0.05636093,1.0
112,26,0.13709149,0.48096868,-0.12055765,1.0
112,27,-0.17794491,0.072452545,0.03905687,1.0
112,28,0.060503386,0.07188597,-0.09851998,1.0
112,29,-0.20507805,0.026427351,0.04486572,1.0
112,30,0.03543187,0.036564413,-0.12832673,1.0
112,31,-0.13453895,0.0,0.0033883676,1.0
112,32,0.12269388,0.034519747,-0.18659201,1.0
113,0,0.024189593,1.4231348,-0.113093264,1.0
113,1,0.037401155,1.4370956,-0.107056916,1.0
113,2,0.04384742,1.4582481,-0.096194886,1.0
113,3,0.046374083,1.4477755,-0.10111767,1.0
113,4,0.016110694,1.4678043,-0.13684645,1.0
113,5,0.012951672,1.455473,-0.16572043,1.0
113,6,0.012503083,1.436954,-0.12058247,1.0
113,7,0.022761868,1.4268692,-0.000944918,1.0
113,8,-0.08687216,1.3663862,-0.073822446,1.0
113,9,0.04646887,1.412731,-0.070232116,1.0
113,10,0.001616274,1.3650655,-0.11211351,1.0
113,11,0.05040472,1.2944368,0.16036515,1.0
113,12,-0.09779034,1.3271284,-0.009639904,1.0
113,13,0.1350258,1.2654376,0.16087888,1.0
113,14,-0.12528108,1.0277224,-0.15020393,1.0
113,15,0.1483119,1.0814593,0.13824809,1.0
113,16,-0.24339616,0.91240185,-0.23269683,1.0
113,17,0.13661009,1.0605791,0.140012,1.0
113,18,-0.2865373,0.8971053,-0.24562328,1.0
113,19,0.12491292,1.06507,0.14205137,1.0
113,20,-0.2766352,0.92631567,-0.2599357,1.0
113,21,0.15397774,1.0772127,0.14784233,1.0
113,22,-0.2844522,0.91274565,-0.22190963,1.0
113,23,0.047064602,0.78288114,0.08389626,1.0
113,24,-0.038008608,0.80901223,-0.09126494,1.0
113,25,0.028638305,0.40041596,0.028482944,1.0
113,26,0.13291389,0.4845851,-0.1207919,1.0
113,27,-0.17560628,0.06690988,0.018166978,1.0
113,28,0.044241995,0.066836774,-0.114298776,1.0
113,29,-0.21385095,0.029406328,0.037693307,1.0
113,30,0.0370583,0.027095959,-0.15226193,1.0
113,31,-0.14956921,0.0,1.7680228e-05,1.0
113,32,0.123392165,0.030696653,-0.23136123,1.0
114,0,0.011651068,1.4328139,-0.14832118,1.0
114,1,0.016531812,1.4579225,-0.13580522,1.0
114,2,0.008912854,1.45942,-0.12626027,1.0
114,3,0.0133561045,1.4538101,-0.11911557,1.0
114,4,-0.0169117,1.4539886,-0.1594249,1.0
114,5,-0.005388212,1.4633682,-0.16905424,1.0
114,6,0.0062635676,1.441991,-0.15299015,1.0
114,7,0.0076555144,1.454084,-0.025309717,1.0
114,8,-0.076227285,1.3748254,-0.07313357,1.0
114,9,0.03673941,1.4116929,-0.09444898,1.0
114,10,-0.0058204085,1.3775346,-0.14619619,1.0
114,11,0.06967396,1.319545,0.14844897,1.0
114,12,-0.10329476,1.3154054,-0.0040658116,1.0
114,13,0.16654797,1.392805,0.10704203,1.0
114,14,-0.1650027,1.0201757,-0.0970431,1.0
114,15,0.19819263,1.3145198,0.066572376,1.0
114,16,-0.3097707,0.8748592,-0.21776924,1.0
114,17,0.20110682,1.3169616,0.0638144,1.0
114,18,-0.33182833,0.8692006,-0.22687495,1.0
114,19,0.18100174,1.3245335,0.068670854,1.0
114,20,-0.3216518,0.90424913,-0.25931987,1.0
114,21,0.20506392,1.3185133,0.070332065,1.0
114,22,-0.325208,0.87497896,-0.21854796,1.0
114,23,0.04624552,0.7836684,0.09603637,1.0
114,24,-0.02866235,0.8064953,-0.08104587,1.0
114,25,0.009794138,0.39401898,0.023656636,1.0
114,26,0.106629476,0.4701944,-0.10151794,1.0
114,27,-0.17684492,0.04960054,0.069437906,1.0
114,28,0.01631511,0.058910668,-0.10131867,1.0
114,29,-0.21603723,0.013731997,0.0897923,1.0
114,30,0.026310086,0.020434901,-0.13822667,1.0
114,31,-0.122111715,0.0,0.051398546,1.0
114,32,0.11635944,0.04543078,-0.19402137,1.0
115,0,-0.0038608126,1.4384186,-0.16726722,1.0
115,1,-0.006459213,1.4677181,-0.15360308,1.0
115,2,-0.009615069,1.4578536,-0.14647049,1.0
115,3,-0.008013275,1.4605079,-0.13834754,1.0
115,4,-0.035664815,1.4531815,-0.17660469,1.0
115,5,-0.026012415,1.4615092,-0.17741503,1.0
115,6,-0.015810128,1.4455438,-0.17342076,1.0
115,7,0.015810275,1.4712281,-0.043899946,1.0
115,8,-0.089184046,1.3823154,-0.07968657,1.0
115,9,0.023224736,1.4287779,-0.11401809,1.0
115,10,-0.010284004,1.3868692,-0.1597392,1.0
115,11,0.083078176,1.3389452,0.10607961,1.0
115,12,-0.10852331,1.3146236,0.0056514055,1.0
115,13,0.22158432,1.5274683,0.10766073,1.0
115,14,-0.18868443,1.0231888,-0.069838345,1.0
115,15,0.25127554,1.5428376,-0.011051669,1.0
115,16,-0.33936143,0.87431806,-0.20906305,1.0
115,17,0.26642022,1.5677072,-0.020023514,1.0
115,18,-0.361459,0.8595337,-0.2060255,1.0
115,19,0.23882297,1.5763717,-0.018426491,1.0
115,20,-0.35132316,0.89154655,-0.23371497,1.0
115,21,0.2568242,1.5468051,-0.016674431,1.0
115,22,-0.34868944,0.8706821,-0.20420161,1.0
115,23,0.044940867,0.7951288,0.09540593,1.0
115,24,-0.0383059,0.82568353,-0.08241087,1.0
115,25,-0.00094634946,0.39055437,0.03665808,1.0
115,26,0.08416584,0.48011053,-0.099545375,1.0
115,27,-0.12347551,0.0469777,0.111642644,1.0
115,28,0.016882077,0.06928593,-0.09499524,1.0
115,29,-0.15186408,0.012143896,0.12930112,1.0
115,30,0.028757151,0.03169929,-0.13079032,1.0
115,31,-0.06952152,0.002532852,0.08659035,1.0
115,32,0.11528416,0.06307757,-0.18800637,1.0
116,0,-0.027480714,1.4506674,-0.17762905,1.0
116,1,-0.026952144,1.4730003,-0.15521617,1.0
116,2,-0.020166494,1.4724469,-0.14577834,1.0
116,3,-0.019288667,1.4687512,-0.14780033,1.0
116,4,-0.046198424,1.4777329,-0.18243052,1.0
116,5,-0.039443597,1.4744027,-0.18866958,1.0
116,6,-0.03485281,1.4578149,-0.17777598,1.0
116,7,0.025075175,1.4767537,-0.04430821,1.0
116,8,-0.11414281,1.3930738,-0.07870787,1.0
116,9,0.0038047465,1.4422393,-0.114723295,1.0
116,10,-0.028822858,1.4020772,-0.15718922,1.0
116,11,0.0778404,1.3500268,0.07779792,1.0
116,12,-0.13037719,1.3319024,0.02490443,1.0
116,13,0.1978081,1.5503734,0.052266512,1.0
116,14,-0.23309973,1.0642855,-0.023561563,1.0
116,15,0.28810143,1.6848066,0.0015509315,1.0
116,16,-0.36520067,0.9102949,-0.13016781,1.0
116,17,0.30683845,1.7223012,-0.0125424545,1.0
116,18,-0.3949511,0.9020516,-0.1326955,1.0
116,19,0.27912053,1.7292268,-0.012081231,1.0
116,20,-0.38554764,0.9268486,-0.16189376,1.0
116,21,0.2965873,1.6881781,-0.008602116,1.0
116,22,-0.38499957,0.92167795,-0.12423693,1.0
116,23,0.050812818,0.80706537,0.078150645,1.0
116,24,-0.04779531,0.83981,-0.077270925,1.0
116,25,-0.0004631169,0.39979708,0.03722126,1.0
116,26,0.07175616,0.49792528,-0.08961411,1.0
116,27,-0.08670297,0.047818094,0.100622326,1.0
116,28,0.021252055,0.087977074,-0.046465524,1.0
116,29,-0.105493195,0.008641648,0.11497837,1.0
116,30,0.03088935,0.052140996,-0.08009496,1.0
116,31,-0.032599196,0.009242615,0.08863506,1.0
116,32,0.11154963,0.08103225,-0.17113128,1.0
117,0,-0.046547323,1.4491585,-0.1994828,1.0
117,1,-0.039986324,1.4673358,-0.1745931,1.0
117,2,-0.029894069,1.4759136,-0.1636931,1.0
117,3,-0.023278303,1.4648249,-0.16789265,1.0
117,4,-0.051034503,1.4913675,-0.19987707,1.0
117,5,-0.047287073,1.4749382,-0.21824756,1.0
117,6,-0.042883195,1.4563695,-0.19157764,1.0
117,7,0.026165115,1.4655243,-0.06917762,1.0
117,8,-0.12028177,1.3835781,-0.087112576,1.0
117,9,-0.007453103,1.4385237,-0.13249044,1.0
117,10,-0.046545535,1.3961357,-0.17120142,1.0
117,11,0.08645422,1.3524405,0.013510177,1.0
117,12,-0.15014365,1.3320055,0.04045888,1.0
117,13,0.2079908,1.5566208,-0.035540074,1.0
117,14,-0.25389898,1.0769091,0.021656916,1.0
117,15,0.28335917,1.6879464,-0.060169592,1.0
117,16,-0.41520908,0.9376688,-0.030737355,1.0
117,17,0.3074292,1.7269143,-0.066942155,1.0
117,18,-0.43060026,0.9251746,-0.06558174,1.0
117,19,0.2718933,1.7364546,-0.06525109,1.0
117,20,-0.42642835,0.9441972,-0.089633204,1.0
117,21,0.285774,1.6957096,-0.07313828,1.0
117,22,-0.42291972,0.94726,-0.049550712,1.0
117,23,0.06440557,0.8068671,0.042452022,1.0
117,24,-0.05945818,0.84038454,-0.046042264,1.0
117,25,0.0035777204,0.40215975,-0.011126481,1.0
117,26,0.052668735,0.5024198,-0.079662725,1.0
117,27,-0.058148477,0.051660568,0.076588735,1.0
117,28,0.009870358,0.09227532,-0.019338343,1.0
117,29,-0.07236735,0.012858503,0.09541804,1.0
117,30,0.015474156,0.056398787,-0.050903928,1.0
117,31,-0.03924067,0.0008032117,0.04481073,1.0
117,32,0.05989086,0.06652994,-0.15197508,1.0
118,0,-0.05241712,1.4415455,-0.17341152,1.0
118,1,-0.044896618,1.4626567,-0.15891273,1.0
118,2,-0.05144464,1.4691057,-0.1484965,1.0
118,3,-0.041179113,1.4656558,-0.14862122,1.0
118,4,-0.06067767,1.4687409,-0.18144642,1.0
118,5,-0.05981167,1.4685738,-0.19600588,1.0
118,6,-0.05279952,1.4536464,-0.16887255,1.0
118,7,0.010226372,1.4641838,-0.06930441,1.0
118,8,-0.11650266,1.3853159,-0.08039899,1.0
118,9,-0.016441204,1.4362063,-0.12421709,1.0
118,10,-0.046107996,1.3931224,-0.16029368,1.0
118,11,0.09023731,1.3483253,0.0093362,1.0
118,12,-0.16708961,1.3172506,0.051750287,1.0
118,13,0.21747479,1.530525,-0.06541527,1.0
118,14,-0.2677677,1.0688443,0.00030314177,1.0
118,15,0.28886843,1.6708387,-0.120173454,1.0
118,16,-0.42410564,0.93294394,-0.05132757,1.0
118,17,0.30609906,1.7078028,-0.13582745,1.0
118,18,-0.43081212,0.91898054,-0.077817366,1.0
118,19,0.2770265,1.7214887,-0.1466448,1.0
118,20,-0.42275897,0.9439617,-0.0955987,1.0
118,21,0.28973836,1.6648595,-0.13657492,1.0
118,22,-0.42176062,0.94112927,-0.06285383,1.0
118,23,0.074618906,0.804407,0.037512347,1.0
118,24,-0.06650305,0.83128947,-0.035401046,1.0
118,25,0.013886474,0.40063542,-0.021776523,1.0
118,26,0.026818193,0.5021274,-0.07820606,1.0
118,27,-0.054437898,0.053061455,0.072806075,1.0
118,28,-0.0033587292,0.08403584,-0.021822914,1.0
118,29,-0.07315901,0.015269455,0.093039714,1.0
118,30,-0.0047218953,0.048794758,-0.05237724,1.0
118,31,-0.04652606,0.008781038,0.043658257,1.0
118,32,0.03218282,0.05546382,-0.15821055,1.0
119,0,-0.083269104,1.4361687,-0.1702701,1.0
119,1,-0.06594835,1.457557,-0.16821295,1.0
119,2,-0.0766253,1.4648147,-0.15315165,1.0
119,3,-0.068932556,1.459842,-0.15711367,1.0
119,4,-0.08865309,1.4556103,-0.18311596,1.0
119,5,-0.07731942,1.4590623,-0.18871367,1.0
119,6,-0.07656342,1.4479065,-0.1707019,1.0
119,7,0.0079621775,1.4607587,-0.092996664,1.0
119,8,-0.11172885,1.3903253,-0.079355985,1.0
119,9,-0.040813595,1.4293132,-0.1360064,1.0
119,10,-0.059770986,1.3908315,-0.15977669,1.0
119,11,0.103269175,1.342889,-0.026210953,1.0
119,12,-0.15720691,1.3125879,0.06635991,1.0
119,13,0.22772695,1.5237098,-0.11261195,1.0
119,14,-0.27239555,1.0718186,0.015846625,1.0
119,15,0.28878033,1.6769063,-0.14665005,1.0
119,16,-0.4340334,0.94244266,-0.057027664,1.0
119,17,0.3116073,1.7173917,-0.16586216,1.0
119,18,-0.43943962,0.9191742,-0.07683973,1.0
119,19,0.2812723,1.7270865,-0.17107299,1.0
119,20,-0.42973155,0.94992435,-0.09648232,1.0
119,21,0.2942115,1.671695,-0.16417603,1.0
119,22,-0.42898273,0.9434107,-0.06733288,1.0
119,23,0.080988266,0.79991966,0.018117126,1.0
119,24,-0.06829079,0.8218253,-0.015897602,1.0
119,25,0.030874986,0.39634627,-0.037286453,1.0
119,26,0.006094873,0.49392557,-0.05783791,1.0
119,27,-0.0037831962,0.049427927,0.05332551,1.0
119,28,-0.0029585036,0.07935229,0.0022565685,1.0
119,29,-0.025327412,0.0124316625,0.06840709,1.0
119,30,-0.008114964,0.046448592,-0.030808188,1.0
119,31,-0.020807322,0.008202696,0.008003462,1.0
119,32,0.013683135,0.0534522,-0.12523761,1.0
120,0,-0.0840936,1.4325831,-0.19219598,1.0
120,1,-0.06962401,1.4545555,-0.18651676,1.0
120,2,-0.07083731,1.4494421,-0.17516308,1.0
120,3,-0.07129734,1.4497972,-0.17649391,1.0
120,4,-0.09361735,1.449153,-0.197227,1.0
120,5,-0.07975389,1.4542301,-0.19839747,1.0
120,6,-0.08067894,1.4442458,-0.19523542,1.0
120,7,0.010857238,1.4516244,-0.10041096,1.0
120,8,-0.10961972,1.3897882,-0.0896419,1.0
120,9,-0.04651016,1.4210083,-0.1520788,1.0
120,10,-0.069508046,1.3867006,-0.17718449,1.0
120,11,0.11633192,1.3328066,-0.036907945,1.0
120,12,-0.1579243,1.3120282,0.05628527,1.0
120,13,0.2556318,1.5099398,-0.11264706,1.0
120,14,-0.28109825,1.0806402,0.012972988,1.0
120,15,0.29639852,1.6853412,-0.13773204,1.0
120,16,-0.43084705,0.9509586,-0.06299867,1.0
120,17,0.30533758,1.7333472,-0.16044234,1.0
120,18,-0.43982396,0.92227924,-0.08644136,1.0
120,19,0.27625632,1.7487261,-0.15749131,1.0
120,20,-0.42583936,0.96026945,-0.10990408,1.0
120,21,0.29992834,1.6876009,-0.15136756,1.0
120,22,-0.42739117,0.9488984,-0.08064057,1.0
120,23,0.08019813,0.79471457,0.02353108,1.0
120,24,-0.073773615,0.8164781,-0.0177151,1.0
120,25,0.04588623,0.3922498,-0.027969245,1.0
120,26,0.00849805,0.50293744,-0.066566706,1.0
120,27,-0.023013255,0.0525958,0.07988016,1.0
120,28,0.0125974715,0.091612846,-0.012860537,1.0
120,29,-0.05359266,0.019774988,0.088209495,1.0
120,30,0.022540841,0.058888674,-0.047327857,1.0
120,31,-0.03224569,0.0006970372,0.02592818,1.0
120,32,0.034540236,0.06233425,-0.1402371,1.0
121,0,-0.08731483,1.4447846,-0.20180862,1.0
121,1,-0.06722077,1.4580615,-0.18547933,1.0
121,2,-0.06106505,1.4553931,-0.17627068,1.0
121,3,-0.059021793,1.4559565,-0.1802977,1.0
121,4,-0.0894224,1.4738078,-0.19715746,1.0
121,5,-0.07927122,1.467519,-0.21354026,1.0
121,6,-0.080057174,1.4556079,-0.19609836,1.0
121,7,0.0104048345,1.4489653,-0.099456936,1.0
121,8,-0.11312274,1.3903513,-0.095327675,1.0
121,9,-0.046018753,1.4279213,-0.14717725,1.0
121,10,-0.08092247,1.3927152,-0.17642127,1.0
121,11,0.114998974,1.3423175,-0.030534837,1.0
121,12,-0.16627873,1.320476,0.052854992,1.0
121,13,0.26841593,1.4925961,-0.11724533,1.0
121,14,-0.27492145,1.086569,0.03626214,1.0
121,15,0.2960093,1.6037542,-0.16879952,1.0
121,16,-0.42488855,0.9650472,-0.019365054,1.0
121,17,0.30090138,1.6390982,-0.19202185,1.0
121,18,-0.43716002,0.943322,-0.05341592,1.0
121,19,0.2674795,1.6506629,-0.1888141,1.0
121,20,-0.42747247,0.9765602,-0.0771442,1.0
121,21,0.29500604,1.6082187,-0.18492249,1.0
121,22,-0.4232415,0.9694871,-0.043771945,1.0
121,23,0.078217,0.7951044,0.017408233,1.0
121,24,-0.07559335,0.8176563,-0.014744464,1.0
121,25,0.05544343,0.3917354,-0.03964098,1.0
121,26,0.023299888,0.51112497,-0.06904712,1.0
121,27,-0.02252964,0.051831782,0.060858574,1.0
121,28,0.028451988,0.098001584,-0.014808202,1.0
121,29,-0.05425571,0.018596187,0.064968385,1.0
121,30,0.04192607,0.06576154,-0.047331132,1.0
121,31,-0.030962333,0.0,0.0050989836,1.0
121,32,0.0433691,0.06104461,-0.13608052,1.0
122,0,-0.09108821,1.4383087,-0.20499082,1.0
122,1,-0.074351564,1.4541922,-0.18580505,1.0
122,2,-0.06987778,1.4606249,-0.17811283,1.0
122,3,-0.0603422,1.4551253,-0.18129173,1.0
122,4,-0.08865791,1.4784398,-0.19948082,1.0
122,5,-0.080396235,1.4713593,-0.22289512,1.0
122,6,-0.08331004,1.4471061,-0.19769524,1.0
122,7,-0.0035699874,1.4415121,-0.106475055,1.0
122,8,-0.12765472,1.3771548,-0.09877153,1.0
122,9,-0.046236567,1.4152062,-0.14740531,1.0
122,10,-0.0867891,1.3810983,-0.17837477,1.0
122,11,0.10136179,1.3378669,-0.022031184,1.0
122,12,-0.1807591,1.3145393,0.05659566,1.0
122,13,0.27984282,1.4654766,-0.101415575,1.0
122,14,-0.2657053,1.0696461,0.00623139,1.0
122,15,0.29089272,1.5924661,-0.16234165,1.0
122,16,-0.42852533,0.95122004,-0.025439318,1.0
122,17,0.29291835,1.6411495,-0.18336847,1.0
122,18,-0.4393873,0.9426848,-0.06871776,1.0
122,19,0.26113033,1.6564248,-0.19085963,1.0
122,20,-0.43835232,0.9641741,-0.10332078,1.0
122,21,0.27788258,1.5988679,-0.18264884,1.0
122,22,-0.43466747,0.96284264,-0.058385007,1.0
122,23,0.082785785,0.7936665,0.018505678,1.0
122,24,-0.066761285,0.81434166,-0.022412501,1.0
122,25,0.06553756,0.39329544,-0.057403892,1.0
122,26,0.031008802,0.5145774,-0.08573334,1.0
122,27,-0.018811695,0.057860732,0.01403939,1.0
122,28,0.01257482,0.107142836,-0.050730783,1.0
122,29,-0.049691256,0.029962216,0.029664414,1.0
122,30,0.023238532,0.07539399,-0.085711256,1.0
122,31,-0.03397426,0.0017622635,-0.022186069,1.0
122,32,0.03302312,0.07640476,-0.17865974,1.0
123,0,-0.083428375,1.4371288,-0.18628636,1.0
123,1,-0.06712196,1.4543924,-0.17360449,1.0
123,2,-0.074358284,1.4568508,-0.16038877,1.0
123,3,-0.06460391,1.4574556,-0.1692065,1.0
123,4,-0.08894796,1.4648521,-0.18505414,1.0
123,5,-0.080590025,1.4679396,-0.19779287,1.0
123,6,-0.08237447,1.4523141,-0.17781627,1.0
123,7,-0.00709962,1.4533346,-0.08384993,1.0
123,8,-0.12634887,1.3906143,-0.07378303,1.0
123,9,-0.04527546,1.4199505,-0.13559753,1.0
123,10,-0.075826876,1.388937,-0.16600713,1.0
123,11,0.10365343,1.340174,0.018528584,1.0
123,12,-0.17668213,1.3136826,0.0721637,1.0
123,13,0.28249365,1.3887941,-0.078955725,1.0
123,14,-0.25013718,1.0410625,0.014386199,1.0
123,15,0.27844977,1.5060331,-0.13638014,1.0
123,16,-0.400818,0.92815566,-0.097318515,1.0
123,17,0.28782064,1.5489066,-0.165494,1.0
123,18,-0.4077021,0.9167359,-0.13791549,1.0
123,19,0.25359896,1.5716534,-0.16688456,1.0
123,20,-0.39898044,0.9479196,-0.16884086,1.0
123,21,0.2760717,1.508698,-0.14830443,1.0
123,22,-0.4009203,0.9327434,-0.11965694,1.0
123,23,0.083126605,0.79748505,0.022963494,1.0
123,24,-0.06524733,0.8136929,-0.02146193,1.0
123,25,0.08427215,0.39676535,-0.049848706,1.0
123,26,0.029783592,0.5176675,-0.102609634,1.0
123,27,0.01586696,0.05728764,0.0153760305,1.0
123,28,-0.0111311935,0.11246595,-0.05720172,1.0
123,29,-0.013096586,0.0267655,0.027848791,1.0
123,30,-0.006863662,0.08454785,-0.09523417,1.0
123,31,0.022708083,0.0070315828,-0.01772091,1.0
123,32,0.022798885,0.0868975,-0.18267536,1.0
124,0,-0.081095085,1.4269049,-0.17887382,1.0
124,1,-0.058117468,1.4448929,-0.17499939,1.0
124,2,-0.07604897,1.4390562,-0.15543552,1.0
124,3,-0.06658626,1.4498756,-0.16527365,1.0
124,4,-0.09258918,1.445813,-0.18617485,1.0
124,5,-0.08389816,1.455282,-0.19184121,1.0
124,6,-0.087389976,1.4510262,-0.17729244,1.0
124,7,-0.005102556,1.4479289,-0.07450949,1.0
124,8,-0.12424965,1.3975074,-0.0761372,1.0
124,9,-0.04665813,1.4159658,-0.13452007,1.0
124,10,-0.069432154,1.3880847,-0.16552477,1.0
124,11,0.10398416,1.3118706,0.043085057,1.0
124,12,-0.17354515,1.3066342,0.07481075,1.0
124,13,0.2570033,1.2970722,-0.011066267,1.0
124,14,-0.23447275,1.0022569,0.016969666,1.0
124,15,0.28633058,1.5551789,-0.15184969,1.0
124,16,-0.39725572,0.8889917,-0.11685582,1.0
124,17,0.28975582,1.5429413,-0.14754789,1.0
124,18,-0.39502722,0.8746958,-0.14395845,1.0
124,19,0.2590668,1.5595719,-0.14757425,1.0
124,20,-0.3779923,0.90851396,-0.17168085,1.0
124,21,0.28099835,1.5594089,-0.16732226,1.0
124,22,-0.38776115,0.88801086,-0.1334326,1.0
124,23,0.079437464,0.8079676,0.042999633,1.0
124,24,-0.06346221,0.82364976,-0.0379683,1.0
124,25,0.07572799,0.4061014,-0.042729944,1.0
124,26,0.035157897,0.5327573,-0.11984234,1.0
124,27,0.022777844,0.05300504,0.023944594,1.0
124,28,-0.026384573,0.11916229,-0.06384779,1.0
124,29,-0.0055874567,0.01914034,0.03366406,1.0
124,30,-0.036831714,0.09686496,-0.10368268,1.0
124,31,0.051827133,0.01668628,-0.009165321,1.0
124,32,0.020826608,0.09535996,-0.18140587,1.0
125,0,-0.07750264,1.4239967,-0.19867773,1.0
125,1,-0.0612657,1.4411902,-0.19102338,1.0
125,2,-0.065758206,1.4304249,-0.17463213,1.0
125,3,-0.066686414,1.4366076,-0.18591799,1.0
125,4,-0.09286707,1.4338086,-0.2067636,1.0
125,5,-0.08304946,1.4474096,-0.20621496,1.0
125,6,-0.08933509,1.4422381,-0.20172513,1.0
125,7,0.0005388566,1.4424927,-0.074374825,1.0
125,8,-0.12710151,1.3922436,-0.102227114,1.0
125,9,-0.04640977,1.4079878,-0.14647725,1.0
125,10,-0.064541,1.3816373,-0.18650854,1.0
125,11,0.109418,1.282971,0.055640724,1.0
125,12,-0.16892582,1.2969059,0.055960067,1.0
125,13,0.27489412,1.2015922,0.04572908,1.0
125,14,-0.2113178,0.97674227,0.005319752,1.0
125,15,0.28378245,1.5430758,-0.1475065,1.0
125,16,-0.35221547,0.8641615,-0.12891781,1.0
125,17,0.28591222,1.4846984,-0.11698442,1.0
125,18,-0.35931376,0.84192246,-0.15214443,1.0
125,19,0.2577815,1.5010431,-0.11588295,1.0
125,20,-0.34345442,0.88127005,-0.1814464,1.0
125,21,0.27684778,1.5473422,-0.16302346,1.0
125,22,-0.34276116,0.8601865,-0.14362192,1.0
125,23,0.08025536,0.8121263,0.053573824,1.0
125,24,-0.062950894,0.82311416,-0.04461597,1.0
125,25,0.07918894,0.40870416,-0.038256273,1.0
125,26,0.062547356,0.5502509,-0.13789973,1.0
125,27,0.018257078,0.049083017,0.025221376,1.0
125,28,-0.04246298,0.14290006,-0.068701476,1.0
125,29,-0.0111813005,0.013131102,0.033594415,1.0
125,30,-0.04813578,0.12292914,-0.11165435,1.0
125,31,0.049386736,0.010909702,-0.0047123292,1.0
125,32,0.015525415,0.1300521,-0.18758708,1.0
126,0,-0.07799786,1.4260244,-0.1770447,1.0
126,1,-0.060578637,1.445632,-0.15952843,1.0
126,2,-0.050163753,1.4368665,-0.14698438,1.0
126,3,-0.049931284,1.4397888,-0.15636525,1.0
126,4,-0.08254948,1.460952,-0.17277217,1.0
126,5,-0.07482689,1.4560664,-0.18587202,1.0
126,6,-0.07912044,1.4417326,-0.1778256,1.0
126,7,0.0059193317,1.4353037,-0.03845848,1.0
126,8,-0.12536368,1.3798444,-0.074980885,1.0
126,9,-0.03861573,1.4038179,-0.110633,1.0
126,10,-0.07598726,1.373769,-0.15343319,1.0
126,11,0.10836634,1.2710717,0.0982565,1.0
126,12,-0.1622498,1.315006,0.057689503,1.0
126,13,0.21175885,1.1314216,0.094281495,1.0
126,14,-0.18257147,1.0050819,0.014889172,1.0
126,15,0.24675475,1.2269374,-0.015069395,1.0
126,16,-0.2929695,0.8663714,-0.07976006,1.0
126,17,0.28113684,1.3636675,-0.05145267,1.0
126,18,-0.3044165,0.83906,-0.12831706,1.0
126,19,0.25889546,1.3762786,-0.044393532,1.0
126,20,-0.29292727,0.87527937,-0.15005377,1.0
126,21,0.24279968,1.2151929,-0.025718901,1.0
126,22,-0.2968589,0.8722118,-0.10199242,1.0
126,23,0.07858074,0.80958384,0.05910746,1.0
126,24,-0.062069643,0.8361107,-0.052372538,1.0
126,25,0.08678763,0.4075482,-0.045764267,1.0
126,26,0.07942225,0.5592361,-0.1530431,1.0
126,27,0.01201199,0.041386753,0.014685873,1.0
126,28,-0.05553323,0.15931395,-0.096744284,1.0
126,29,-0.023558762,0.008028929,0.023981504,1.0
126,30,-0.054189146,0.126739,-0.13357446,1.0
126,31,0.042406037,0.0011070194,-0.017799007,1.0
126,32,0.009161696,0.14017072,-0.21442333,1.0
127,0,-0.076068826,1.4313035,-0.16889209,1.0
127,1,-0.062254123,1.4532745,-0.14752482,1.0
127,2,-0.052594706,1.4505277,-0.13817616,1.0
127,3,-0.052234326,1.4537947,-0.14702572,1.0
127,4,-0.07326803,1.4683399,-0.1655656,1.0
127,5,-0.08234597,1.4635824,-0.1791938,1.0
127,6,-0.07602472,1.454773,-0.15929368,1.0
127,7,0.00891641,1.4453382,-0.03899416,1.0
127,8,-0.1258851,1.3917232,-0.061337,1.0
127,9,-0.039472457,1.4258534,-0.10920853,1.0
127,10,-0.07206584,1.3875638,-0.14745197,1.0
127,11,0.10973847,1.2882679,0.09530814,1.0
127,12,-0.16676185,1.3315382,0.058083624,1.0
127,13,0.18870166,1.1053925,0.09730308,1.0
127,14,-0.15750483,1.0216339,0.028093299,1.0
127,15,0.22076973,0.9619482,0.102070734,1.0
127,16,-0.24317953,0.8600196,-0.04884811,1.0
127,17,0.24214011,1.1168735,0.02620483,1.0
127,18,-0.24143228,0.8290273,-0.09128615,1.0
127,19,0.21358253,1.1183867,0.02119764,1.0
127,20,-0.23007327,0.8564624,-0.121791385,1.0
127,21,0.21465364,0.9288357,0.090018176,1.0
127,22,-0.24184924,0.86240983,-0.072417445,1.0
127,23,0.076889925,0.8243474,0.062147386,1.0
127,24,-0.069621556,0.8518004,-0.054757528,1.0
127,25,0.10733392,0.42014253,-0.04661507,1.0
127,26,0.076831065,0.58055866,-0.1763412,1.0
127,27,0.018477658,0.03542061,0.0069699567,1.0
127,28,-0.08230608,0.17143348,-0.1242981,1.0
127,29,-0.010947391,0.0,0.02159271,1.0
127,30,-0.09656151,0.1367272,-0.16008936,1.0
127,31,0.062484078,0.0,-0.024561923,1.0
127,32,-0.028734691,0.13727315,-0.24170613,1.0
128,0,-0.07027921,1.4381665,-0.19289488,1.0
128,1,-0.062295623,1.460705,-0.17502727,1.0
128,2,-0.04230168,1.4764491,-0.17086717,1.0
128,3,-0.044513024,1.4654009,-0.1807186,1.0
128,4,-0.049647957,1.4801549,-0.195494,1.0
128,5,-0.07418471,1.4705139,-0.21097456,1.0
128,6,-0.0674399,1.46042,-0.17747313,1.0
128,7,0.025305295,1.4544653,-0.07976988,1.0
128,8,-0.12569723,1.4092315,-0.073492706,1.0
128,9,-0.026117075,1.4430281,-0.14192747,1.0
128,10,-0.05183998,1.3942733,-0.17141482,1.0
128,11,0.1080852,1.3145916,0.09253323,1.0
128,12,-0.17453638,1.3489976,0.058551393,1.0
128,13,0.17569122,1.1253878,0.09747401,1.0
128,14,-0.14325756,1.0508807,0.015322938,1.0
128,15,0.22852544,0.9720242,0.09693827,1.0
128,16,-0.19853249,0.88451576,-0.045668367,1.0
128,17,0.23302531,1.0219685,0.05455939,1.0
128,18,-0.16317873,0.85156405,-0.08531751,1.0
128,19,0.19668385,1.0166954,0.045212913,1.0
128,20,-0.15817702,0.86372215,-0.109478466,1.0
128,21,0.21979068,0.9386349,0.08317325,1.0
128,22,-0.1875065,0.89294565,-0.06140489,1.0
128,23,0.08550163,0.8466437,0.054365814,1.0
128,24,-0.07798276,0.87030035,-0.05525449,1.0
128,25,0.14039066,0.44275606,-0.051601082,1.0
128,26,0.07129186,0.61132383,-0.21543364,1.0
128,27,0.03290222,0.062271267,-0.043219753,1.0
128,28,-0.08020625,0.19231692,-0.19082813,1.0
128,29,0.017788991,0.023383107,-0.019133395,1.0
128,30,-0.094310075,0.15630548,-0.22899398,1.0
128,31,0.08509007,0.017897993,-0.088572696,1.0
128,32,-0.03646465,0.14252171,-0.31685534,1.0
129,0,-0.056498475,1.4409391,-0.20078552,1.0
129,1,-0.05854036,1.4652209,-0.19135478,1.0
129,2,-0.04394996,1.4557076,-0.18805715,1.0
129,3,-0.055008337,1.4603872,-0.18709439,1.0
129,4,-0.0653574,1.4600358,-0.2014229,1.0
129,5,-0.076206885,1.4634633,-0.20509863,1.0
129,6,-0.064942084,1.4634081,-0.19813056,1.0
129,7,0.018271502,1.469841,-0.08729775,1.0
129,8,-0.114531115,1.4205272,-0.085482,1.0
129,9,-0.02901587,1.4485279,-0.15021715,1.0
129,10,-0.046949226,1.4016486,-0.18722256,1.0
129,11,0.124555856,1.3174601,0.074712485,1.0
129,12,-0.16091937,1.35225,0.0513741,1.0
129,13,0.18896851,1.1444484,0.099479795,1.0
129,14,-0.16237246,1.054379,0.024750236,1.0
129,15,0.21505973,0.94784176,0.106241345,1.0
129,16,-0.20281306,0.88921654,-0.04404611,1.0
129,17,0.21020861,0.89528,0.09540678,1.0
129,18,-0.17333926,0.84372306,-0.063642055,1.0
129,19,0.17246313,0.8878457,0.084552184,1.0
129,20,-0.14740092,0.88446635,-0.105777696,1.0
129,21,0.20952769,0.9216879,0.09686663,1.0
129,22,-0.18693236,0.89266235,-0.06799724,1.0
129,23,0.07886382,0.8460659,0.06758283,1.0
129,24,-0.07799884,0.8704685,-0.056580886,1.0
129,25,0.12236285,0.44400027,-0.035948433,1.0
129,26,0.047973998,0.60790217,-0.19409244,1.0
129,27,0.035515383,0.05990255,-0.020535238,1.0
129,28,-0.11091572,0.18042126,-0.16187522,1.0
129,29,0.012887569,0.017966274,-0.011933092,1.0
129,30,-0.122575775,0.1452254,-0.20055693,1.0
129,31,0.09482799,0.0031012632,-0.083515614,1.0
129,32,-0.054665253,0.1234454,-0.28410634,1.0
130,0,-0.046488173,1.4357084,-0.19875404,1.0
130,1,-0.04726479,1.4586462,-0.19260503,1.0
130,2,-0.036872048,1.4382273,-0.18825413,1.0
130,3,-0.047908083,1.4512604,-0.18386345,1.0
130,4,-0.06730395,1.4481832,-0.20000061,1.0
130,5,-0.06911543,1.4563355,-0.202761,1.0
130,6,-0.054431282,1.4553121,-0.20321748,1.0
130,7,0.018226149,1.4704844,-0.08706093,1.0
130,8,-0.101365104,1.4131788,-0.09112722,1.0
130,9,-0.0187017,1.4409221,-0.15031002,1.0
130,10,-0.04388237,1.3956082,-0.19074216,1.0
130,11,0.13168976,1.3212041,0.06877086,1.0
130,12,-0.15725124,1.3614463,0.046043098,1.0
130,13,0.2082775,1.172291,0.09811702,1.0
130,14,-0.19296633,1.0803502,0.025975134,1.0
130,15,0.22838308,0.9807569,0.09650992,1.0
130,16,-0.20415518,0.9137845,-0.039855182,1.0
130,17,0.20672202,0.91874355,0.089250565,1.0
130,18,-0.17578869,0.8544158,-0.06486127,1.0
130,19,0.17778258,0.9099913,0.06790726,1.0
130,20,-0.13615637,0.90647346,-0.11063819,1.0
130,21,0.22148825,0.93836606,0.0808869,1.0
130,22,-0.19215709,0.91235185,-0.07027642,1.0
130,23,0.07907002,0.84953344,0.073865965,1.0
130,24,-0.07523456,0.87706536,-0.0568403,1.0
130,25,0.11337733,0.45180634,-0.045225233,1.0
130,26,0.023046382,0.6101215,-0.18339185,1.0
130,27,0.03287331,0.063866496,-0.023757935,1.0
130,28,-0.13006249,0.16100326,-0.16897336,1.0
130,29,0.004542999,0.023524143,-0.022201773,1.0
130,30,-0.1384891,0.12237339,-0.20807655,1.0
130,31,0.07979281,0.00076282956,-0.07663713,1.0
130,32,-0.07894486,0.11105189,-0.28919697,1.0
131,0,-0.05138381,1.446717,-0.23189689,1.0
131,1,-0.03948433,1.4541326,-0.23004021,1.0
131,2,-0.032268047,1.4660525,-0.2223443,1.0
131,3,-0.03704024,1.4592562,-0.22778735,1.0
131,4,-0.05465819,1.4709303,-0.24422811,1.0
131,5,-0.05246966,1.4660974,-0.2619003,1.0
131,6,-0.05350975,1.459243,-0.2318045,1.0
131,7,0.03334348,1.4673529,-0.13813815,1.0
131,8,-0.1003484,1.418597,-0.11910029,1.0
131,9,-0.008383799,1.4413743,-0.18825412,1.0
131,10,-0.040033866,1.400373,-0.21383424,1.0
131,11,0.14022234,1.3376987,0.02575464,1.0
131,12,-0.16358277,1.3701603,0.04986822,1.0
131,13,0.24375471,1.1978962,0.07242949,1.0
131,14,-0.22798306,1.1162939,0.02576648,1.0
131,15,0.2556467,1.0087457,0.07890326,1.0
131,16,-0.22432205,0.9528345,-0.047091283,1.0
131,17,0.24958104,0.9573801,0.067959145,1.0
131,18,-0.18200515,0.9110344,-0.07791093,1.0
131,19,0.18737821,0.9372227,0.055750508,1.0
131,20,-0.14651585,0.9508421,-0.10717918,1.0
131,21,0.23805323,0.97288734,0.058834963,1.0
131,22,-0.20309162,0.96701413,-0.06314013,1.0
131,23,0.09229435,0.8644942,0.045800578,1.0
131,24,-0.08033867,0.8846863,-0.047522504,1.0
131,25,0.113825075,0.45641655,-0.056430172,1.0
131,26,-0.013678417,0.577379,-0.17147613,1.0
131,27,0.04827974,0.061027408,-0.049180225,1.0
131,28,-0.12130808,0.1284546,-0.15451345,1.0
131,29,0.025685042,0.018098887,-0.044145003,1.0
131,30,-0.13499923,0.09307012,-0.19039235,1.0
131,31,0.08047546,0.0,-0.11107255,1.0
131,32,-0.12306154,0.07096784,-0.27535558,1.0
132,0,-0.055691216,1.455576,-0.23046003,1.0
132,1,-0.036143467,1.4610932,-0.2209712,1.0
132,2,-0.029464677,1.4852328,-0.2076853,1.0
132,3,-0.026902406,1.4721117,-0.22377199,1.0
132,4,-0.049327724,1.4953711,-0.24142738,1.0
132,5,-0.045593448,1.4780426,-0.26838756,1.0
132,6,-0.048716914,1.4703274,-0.22583096,1.0
132,7,0.047656815,1.4710402,-0.13178396,1.0
132,8,-0.10045875,1.4221427,-0.11678742,1.0
132,9,-0.005728443,1.4432814,-0.17491315,1.0
132,10,-0.044335842,1.4114964,-0.20579557,1.0
132,11,0.15072772,1.3489635,0.023175761,1.0
132,12,-0.16397354,1.3787339,0.06282945,1.0
132,13,0.2902943,1.2257779,0.03517513,1.0
132,14,-0.25670964,1.1597536,0.03760682,1.0
132,15,0.29807317,1.0616622,0.034011077,1.0
132,16,-0.23376723,1.0119969,-0.04440108,1.0
132,17,0.30229697,1.0181873,0.024942257,1.0
132,18,-0.19130783,0.9882353,-0.092331216,1.0
132,19,0.22926262,1.0026472,0.014072796,1.0
132,20,-0.1492696,1.0237582,-0.098818064,1.0
132,21,0.2818172,1.0307274,0.018575653,1.0
132,22,-0.21027803,1.033961,-0.04989402,1.0
132,23,0.09966261,0.8761092,0.027472772,1.0
132,24,-0.07695978,0.89167094,-0.03387339,1.0
132,25,0.11020043,0.46110752,-0.060393833,1.0
132,26,-0.04277782,0.55729187,-0.12589985,1.0
132,27,0.08530672,0.061653584,-0.027155668,1.0
132,28,-0.13363701,0.09981322,-0.110371664,1.0
132,29,0.06699155,0.018915754,-0.015345125,1.0
132,30,-0.13799159,0.06186575,-0.15255906,1.0
132,31,0.084645204,0.0,-0.0842536,1.0
132,32,-0.16429673,0.043315448,-0.23778382,1.0
133,0,-0.043447383,1.4592273,-0.27892813,1.0
133,1,-0.028016865,1.4743832,-0.26439837,1.0
133,2,-0.008501876,1.4803919,-0.25666103,1.0
133,3,-0.013895526,1.475175,-0.26383573,1.0
133,4,-0.032928582,1.495744,-0.28310156,1.0
133,5,-0.040132023,1.482998,-0.29491946,1.0
133,6,-0.035052214,1.4753084,-0.27235407,1.0
133,7,0.061712228,1.4744292,-0.16166747,1.0
133,8,-0.08979044,1.4310899,-0.15239868,1.0
133,9,0.007028998,1.4516618,-0.22103614,1.0
133,10,-0.035471737,1.414382,-0.24457352,1.0
133,11,0.16255528,1.353198,-0.019527832,1.0
133,12,-0.15537438,1.3932834,0.03736201,1.0
133,13,0.3214203,1.2459885,0.027131472,1.0
133,14,-0.2735812,1.2016534,0.031365346,1.0
133,15,0.35828316,1.1034901,0.04252193,1.0
133,16,-0.2434685,1.0646589,-0.03927846,1.0
133,17,0.36543033,1.0754104,0.034969002,1.0
133,18,-0.20264141,1.0415933,-0.093090355,1.0
133,19,0.3029833,1.0641215,0.018509435,1.0
133,20,-0.15979043,1.0772598,-0.09800407,1.0
133,21,0.34368718,1.0875647,0.03555686,1.0
133,22,-0.2161034,1.0841372,-0.047962554,1.0
133,23,0.0900708,0.8833666,0.033091877,1.0
133,24,-0.08734277,0.89986503,-0.037010033,1.0
133,25,0.10218696,0.4684932,-0.05355047,1.0
133,26,-0.069256395,0.56153184,-0.11188489,1.0
133,27,0.0695885,0.0717141,0.033538964,1.0
133,28,-0.15730086,0.09178513,-0.097295254,1.0
133,29,0.048393928,0.029831123,0.04925582,1.0
133,30,-0.16254391,0.049348265,-0.13640493,1.0
133,31,0.07262468,0.002367977,-0.01400445,1.0
133,32,-0.18775916,0.020054247,-0.22612014,1.0
134,0,-0.028645916,1.4581573,-0.23795788,1.0
134,1,-0.015984265,1.4854574,-0.23131591,1.0
134,2,-0.029141225,1.4743159,-0.22503172,1.0
134,3,-0.030841706,1.4892886,-0.21971433,1.0
134,4,-0.036912028,1.4620824,-0.2480069,1.0
134,5,-0.050767593,1.483032,-0.23719656,1.0
134,6,-0.033822563,1.4881542,-0.23233968,1.0
134,7,0.045337096,1.4996552,-0.13973261,1.0
134,8,-0.08162548,1.4571574,-0.12580767,1.0
134,9,-0.0003112182,1.469347,-0.19771108,1.0
134,10,-0.016910609,1.4334481,-0.22654909,1.0
134,11,0.16127448,1.3675171,-0.005479913,1.0
134,12,-0.16163512,1.4010317,0.05524247,1.0
134,13,0.34011018,1.29867,-0.016671669,1.0
134,14,-0.31341755,1.2748274,0.021879476,1.0
134,15,0.34791204,1.1590396,-0.04660529,1.0
134,16,-0.2775087,1.1257079,-0.049337573,1.0
134,17,0.35445905,1.126741,-0.06422889,1.0
134,18,-0.26788372,1.1291263,-0.097362086,1.0
134,19,0.27915248,1.0748417,-0.043749068,1.0
134,20,-0.1981272,1.1708813,-0.13149834,1.0
134,21,0.3354157,1.1306546,-0.0624024,1.0
134,22,-0.27191576,1.1559262,-0.09099483,1.0
134,23,0.0865638,0.8908476,0.048443012,1.0
134,24,-0.08944433,0.8950429,-0.034844927,1.0
134,25,0.1033804,0.4825789,-0.03355456,1.0
134,26,-0.09834771,0.5604148,-0.105582766,1.0
134,27,0.052700736,0.10655153,0.10282298,1.0
134,28,-0.20986842,0.10094926,-0.08418893,1.0
134,29,0.025163896,0.06837705,0.1244772,1.0
134,30,-0.22578055,0.06169886,-0.11911233,1.0
134,31,0.016628992,0.006582245,0.07423669,1.0
134,32,-0.22221798,0.025275681,-0.21738926,1.0
135,0,-0.034264915,1.4783939,-0.21213835,1.0
135,1,-0.017109167,1.4962791,-0.20151503,1.0
135,2,-0.011287677,1.4911889,-0.19879234,1.0
135,3,-0.013023384,1.4970375,-0.1969254,1.0
135,4,-0.03600606,1.5000969,-0.21430618,1.0
135,5,-0.037135452,1.5020027,-0.22432582,1.0
135,6,-0.03491225,1.491664,-0.21328172,1.0
135,7,0.05995588,1.491587,-0.117506966,1.0
135,8,-0.080637865,1.451449,-0.098043926,1.0
135,9,0.0071130274,1.4697074,-0.16836555,1.0
135,10,-0.023968646,1.4351999,-0.1879317,1.0
135,11,0.16541094,1.3675315,-0.008887005,1.0
135,12,-0.14396416,1.4222912,0.06892516,1.0
135,13,0.33908543,1.3520185,-0.048267648,1.0
135,14,-0.28675133,1.3052762,0.026570592,1.0
135,15,0.39523917,1.2620753,-0.13158214,1.0
135,16,-0.31929654,1.2372671,-0.08403079,1.0
135,17,0.40318775,1.2315516,-0.160331,1.0
135,18,-0.28876272,1.2168306,-0.138641,1.0
135,19,0.327326,1.1885616,-0.16567977,1.0
135,20,-0.24480283,1.256964,-0.14755285,1.0
135,21,0.38581574,1.2267542,-0.14781398,1.0
135,22,-0.29698104,1.248446,-0.09757522,1.0
135,23,0.089432195,0.87666166,0.034964748,1.0
135,24,-0.092148334,0.8952071,-0.030933054,1.0
135,25,0.09762536,0.45327926,-0.042716384,1.0
135,26,-0.10708891,0.5537434,-0.08118771,1.0
135,27,0.02703984,0.101679504,0.10785191,1.0
135,28,-0.21012762,0.11277586,-0.032819048,1.0
135,29,-0.004691258,0.06584674,0.128801,1.0
135,30,-0.21771266,0.07260455,-0.06466229,1.0
135,31,0.007415504,0.0092141405,0.07692788,1.0
135,32,-0.21735144,0.04710853,-0.15754792,1.0
136,0,-0.037400708,1.5000621,-0.20503509,1.0
136,1,-0.008476201,1.5087413,-0.18225504,1.0
136,2,3.616698e-05,1.5079991,-0.17297067,1.0
136,3,0.006333475,1.5138445,-0.1744912,1.0
136,4,-0.039868876,1.5475948,-0.18385766,1.0
136,5,-0.028874971,1.5240074,-0.22305667,1.0
136,6,-0.024969798,1.5062803,-0.19586176,1.0
136,7,0.05989911,1.506313,-0.10857824,1.0
136,8,-0.072052024,1.4396714,-0.08267883,1.0
136,9,0.009744299,1.484399,-0.13660862,1.0
136,10,-0.041729823,1.447256,-0.16356227,1.0
136,11,0.1760787,1.3784535,-0.006119552,1.0
136,12,-0.1275858,1.4471792,0.06481722,1.0
136,13,0.33068892,1.3712909,-0.11482602,1.0
136,14,-0.27060688,1.3421315,0.053784423,1.0
136,15,0.38450572,1.2805507,-0.20594838,1.0
136,16,-0.3495187,1.2933085,-0.019007621,1.0
136,17,0.39722434,1.271236,-0.23642914,1.0
136,18,-0.3556656,1.2839969,-0.091741905,1.0
136,19,0.36786953,1.2880744,-0.27555934,1.0
136,20,-0.25631097,1.2572888,-0.19321646,1.0
136,21,0.37824714,1.2561256,-0.21847625,1.0
136,22,-0.35055932,1.3141943,-0.053888053,1.0
136,23,0.09018393,0.8738649,0.025735104,1.0
136,24,-0.0925349,0.9052862,-0.026788192,1.0
136,25,0.089115456,0.44194794,-0.06516368,1.0
136,26,-0.0987738,0.5600513,-0.068824805,1.0
136,27,0.0066402573,0.09605198,0.093608156,1.0
136,28,-0.2027142,0.12942657,0.016008727,1.0
136,29,-0.028679654,0.05988778,0.10461308,1.0
136,30,-0.20753092,0.094394565,-0.011391321,1.0
136,31,-0.0068496573,0.0,0.07014875,1.0
136,32,-0.21804048,0.05520483,-0.08214057,1.0
137,0,-0.034470942,1.5178818,-0.1634092,1.0
137,1,-0.013011879,1.527223,-0.14933062,1.0
137,2,-0.012428406,1.5312508,-0.1458881,1.0
137,3,-0.010404557,1.5349048,-0.14283691,1.0
137,4,-0.03752879,1.538792,-0.15218441,1.0
137,5,-0.030855177,1.5384789,-0.17806517,1.0
137,6,-0.03294675,1.5228077,-0.15745646,1.0
137,7,0.056325816,1.5211722,-0.09310018,1.0
137,8,-0.063500255,1.460001,-0.053436406,1.0
137,9,0.008110927,1.4991788,-0.123010695,1.0
137,10,-0.025694992,1.4632524,-0.14067927,1.0
137,11,0.17611209,1.3833419,-0.0011386592,1.0
137,12,-0.12188867,1.4348874,0.08081225,1.0
137,13,0.3188544,1.3776895,-0.14699338,1.0
137,14,-0.27535588,1.3333316,0.0034190007,1.0
137,15,0.3912328,1.3441975,-0.28790307,1.0
137,16,-0.34334412,1.2695793,-0.13288522,1.0
137,17,0.40948644,1.3338805,-0.32150337,1.0
137,18,-0.34164432,1.2656907,-0.18285412,1.0
137,19,0.3897849,1.3301607,-0.34486148,1.0
137,20,-0.29376584,1.3197535,-0.26098454,1.0
137,21,0.3868997,1.3156387,-0.31670588,1.0
137,22,-0.33623073,1.2838532,-0.17381638,1.0
137,23,0.09597393,0.8763982,0.022009673,1.0
137,24,-0.091137,0.8943692,-0.020128476,1.0
137,25,0.08240392,0.44445282,-0.061199367,1.0
137,26,-0.11713654,0.54729885,-0.06792878,1.0
137,27,-0.010059942,0.09418799,0.09049494,1.0
137,28,-0.21592186,0.11749244,0.004380062,1.0
137,29,-0.041447334,0.057338588,0.10852276,1.0
137,30,-0.22136497,0.08115929,-0.02631472,1.0
137,31,-0.02360896,0.0,0.059848014,1.0
137,32,-0.23298705,0.049810465,-0.10851617,1.0
138,0,-0.026132971,1.5063282,-0.13797188,1.0
138,1,-0.008307754,1.5153326,-0.14146458,1.0
138,2,-0.028422719,1.520164,-0.13755971,1.0
138,3,-0.02879873,1.5236415,-0.13310541,1.0
138,4,-0.041902907,1.4949076,-0.14823017,1.0
138,5,-0.029485315,1.515769,-0.15452582,1.0
138,6,-0.039823104,1.5182854,-0.14099446,1.0
138,7,0.05058404,1.5257672,-0.086199835,1.0
138,8,-0.06160068,1.4742405,-0.042636804,1.0
138,9,0.00569107,1.4924768,-0.12228195,1.0
138,10,-0.0035565812,1.4612645,-0.13912512,1.0
138,11,0.1720657,1.3709756,0.015086306,1.0
138,12,-0.123159945,1.4089229,0.10031143,1.0
138,13,0.29916555,1.3648227,-0.14297815,1.0
138,14,-0.28371245,1.2851821,-0.060384832,1.0
138,15,0.375211,1.3292284,-0.3090487,1.0
138,16,-0.33276886,1.2609484,-0.19103812,1.0
138,17,0.39396805,1.3466924,-0.3447728,1.0
138,18,-0.3819241,1.3165694,-0.27259767,1.0
138,19,0.3745678,1.3515974,-0.352109,1.0
138,20,-0.3491639,1.3870362,-0.3093906,1.0
138,21,0.37639776,1.3126395,-0.31549427,1.0
138,22,-0.3739613,1.325758,-0.2630927,1.0
138,23,0.09949801,0.8725145,0.021457976,1.0
138,24,-0.09114968,0.8749093,-0.012688277,1.0
138,25,0.07774678,0.43824703,-0.056553677,1.0
138,26,-0.11724976,0.53429437,-0.07577026,1.0
138,27,-0.029925054,0.08436916,0.077125385,1.0
138,28,-0.21244285,0.11147976,0.024524733,1.0
138,29,-0.058878027,0.04403872,0.09578171,1.0
138,30,-0.22271016,0.08503598,-0.010534994,1.0
138,31,-0.029410712,0.0,0.026545918,1.0
138,32,-0.21416469,0.04863726,-0.09290611,1.0
139,0,-0.016843976,1.49481,-0.14920364,1.0
139,1,0.0059464034,1.5047854,-0.14199835,1.0
139,2,-0.0019906396,1.5095286,-0.13001958,1.0
139,3,-0.0009597249,1.5130228,-0.13287018,1.0
139,4,-0.02771245,1.5100048,-0.1501942,1.0
139,5,-0.015216181,1.5117346,-0.16827635,1.0
139,6,-0.0218441,1.5070223,-0.15042266,1.0
139,7,0.06396602,1.509554,-0.063577175,1.0
139,8,-0.06586923,1.4486527,-0.050388247,1.0
139,9,0.020634232,1.4760054,-0.10859178,1.0
139,10,-0.013392571,1.447435,-0.13298693,1.0
139,11,0.17491108,1.3420955,0.06071216,1.0
139,12,-0.1158176,1.4062798,0.08631414,1.0
139,13,0.2746855,1.2769662,-0.07778394,1.0
139,14,-0.2735293,1.2303274,-0.04422835,1.0
139,15,0.38820022,1.302365,-0.30177468,1.0
139,16,-0.37943804,1.2927854,-0.23294586,1.0
139,17,0.396909,1.3205326,-0.34541696,1.0
139,18,-0.36839485,1.3131968,-0.29323924,1.0
139,19,0.37999403,1.3431574,-0.32895765,1.0
139,20,-0.32962218,1.3801811,-0.30714807,1.0
139,21,0.38283074,1.2890514,-0.28801727,1.0
139,22,-0.361719,1.3127669,-0.2513553,1.0
139,23,0.09702869,0.86465955,0.030672265,1.0
139,24,-0.09183982,0.8759562,-0.02860395,1.0
139,25,0.0714241,0.43200254,-0.060002916,1.0
139,26,-0.09891845,0.53790283,-0.09530697,1.0
139,27,-0.023835376,0.0812552,0.07103372,1.0
139,28,-0.2061246,0.13334778,0.0062608793,1.0
139,29,-0.054440707,0.043810815,0.08943352,1.0
139,30,-0.19998486,0.10309899,-0.025848713,1.0
139,31,-0.023835756,0.00044648722,0.03475428,1.0
139,32,-0.18495834,0.07740982,-0.10879953,1.0
140,0,-0.01459996,1.4850667,-0.17391989,1.0
140,1,0.006828927,1.5004569,-0.15706773,1.0
140,2,0.018665297,1.4933711,-0.14757049,1.0
140,3,0.017044121,1.5012013,-0.14880215,1.0
140,4,-0.020318065,1.5168866,-0.16418384,1.0
140,5,-0.012623774,1.5099043,-0.18408911,1.0
140,6,-0.011703759,1.4940807,-0.17216486,1.0
140,7,0.07333732,1.4855932,-0.06132799,1.0
140,8,-0.06504876,1.422736,-0.06347052,1.0
140,9,0.031548597,1.4583246,-0.11593598,1.0
140,10,-0.02120098,1.4256905,-0.14346807,1.0
140,11,0.17822838,1.2995207,0.055834495,1.0
140,12,-0.10270624,1.3834205,0.0679276,1.0
140,13,0.23107223,1.1956534,-0.019346738,1.0
140,14,-0.21933052,1.1535656,-0.069338076,1.0
140,15,0.3691716,1.2687609,-0.23979358,1.0
140,16,-0.31493324,1.2342622,-0.29236543,1.0
140,17,0.3863174,1.2878696,-0.2719712,1.0
140,18,-0.33225492,1.2830181,-0.3252402,1.0
140,19,0.37753534,1.2865108,-0.2500721,1.0
140,20,-0.29608405,1.3372096,-0.38334948,1.0
140,21,0.37586588,1.2635703,-0.1951045,1.0
140,22,-0.31477597,1.275946,-0.3162116,1.0
140,23,0.09086509,0.8486256,0.03728503,1.0
140,24,-0.09479599,0.8712398,-0.03923201,1.0
140,25,0.061044253,0.41848683,-0.056078605,1.0
140,26,-0.08744645,0.53222275,-0.11543058,1.0
140,27,-0.020942569,0.06649202,0.08700398,1.0
140,28,-0.19427148,0.12833482,0.0015639495,1.0
140,29,-0.05943482,0.03800618,0.10760314,1.0
140,30,-0.18719678,0.09774054,-0.027548349,1.0
140,31,-0.027011216,0.004622251,0.064452544,1.0
140,32,-0.17809217,0.07689529,-0.116588235,1.0
141,0,-0.013678417,1.4689234,-0.15591791,1.0
141,1,0.0059563266,1.4908112,-0.13907187,1.0
141,2,0.0112589225,1.484454,-0.1280062,1.0
141,3,0.017165262,1.4912196,-0.12598418,1.0
141,4,-0.01671229,1.509977,-0.14672533,1.0
141,5,-0.011316384,1.500508,-0.16896866,1.0
141,6,-0.0059389547,1.479844,-0.15385862,1.0
141,7,0.06474314,1.4743506,-0.044555113,1.0
141,8,-0.064468786,1.4049231,-0.05046764,1.0
141,9,0.03166406,1.4428687,-0.09431878,1.0
141,10,-0.021467458,1.4097308,-0.13148217,1.0
141,11,0.162149,1.2863228,0.075969994,1.0
141,12,-0.10074596,1.3705465,0.06480765,1.0
141,13,0.22305669,1.1115355,0.023107212,1.0
141,14,-0.14947608,1.1196522,-0.081968665,1.0
141,15,0.35282257,1.2157696,-0.18331945,1.0
141,16,-0.25435048,1.2133904,-0.30850083,1.0
141,17,0.37245813,1.2458055,-0.20977673,1.0
141,18,-0.26300222,1.230472,-0.39233616,1.0
141,19,0.37662902,1.239916,-0.16551115,1.0
141,20,-0.25006002,1.2871944,-0.39787918,1.0
141,21,0.3645368,1.2229757,-0.1904191,1.0
141,22,-0.2631495,1.2385327,-0.3239603,1.0
141,23,0.088376276,0.83643204,0.043659296,1.0
141,24,-0.08785004,0.8642782,-0.04780903,1.0
141,25,0.05924908,0.40975282,-0.061261248,1.0
141,26,-0.080271035,0.52207994,-0.12961657,1.0
141,27,-0.029934406,0.05679056,0.08100161,1.0
141,28,-0.18710679,0.121768475,-0.03226526,1.0
141,29,-0.06777108,0.03419961,0.10808487,1.0
141,30,-0.1820492,0.08931507,-0.06415284,1.0
141,31,-0.03500661,0.0,0.05606298,1.0
141,32,-0.17653571,0.06527291,-0.14426267,1.0
142,0,-0.0045560016,1.4600115,-0.15950668,1.0
142,1,0.0065716025,1.4841218,-0.15307623,1.0
142,2,-0.014061089,1.4830859,-0.14474972,1.0
142,3,-0.0028973203,1.4874058,-0.13688925,1.0
142,4,-0.014445832,1.474716,-0.17257483,1.0
142,5,-0.0138207935,1.4882052,-0.18393202,1.0
142,6,-0.0086005395,1.4833214,-0.1606278,1.0
142,7,0.0451644,1.4851625,-0.059900925,1.0
142,8,-0.06278196,1.4200108,-0.078002006,1.0
142,9,0.026651816,1.446497,-0.117941365,1.0
142,10,0.0011267811,1.4124508,-0.16551693,1.0
142,11,0.13719212,1.2919118,0.088902414,1.0
142,12,-0.10307692,1.356461,0.024219466,1.0
142,13,0.1796686,1.0932051,0.04740428,1.0
142,14,-0.08393441,1.0921426,-0.13733032,1.0
142,15,0.3180433,1.10131,-0.041484676,1.0
142,16,-0.30185768,1.2381344,-0.28610033,1.0
142,17,0.3454026,1.145544,-0.051851876,1.0
142,18,-0.2981331,1.2580469,-0.35930386,1.0
142,19,0.36898708,1.173609,-0.08545633,1.0
142,20,-0.28258175,1.3240421,-0.37247056,1.0
142,21,0.33508128,1.0934987,-0.05813066,1.0
142,22,-0.3017814,1.2671754,-0.30482107,1.0
142,23,0.08460422,0.8456782,0.059225757,1.0
142,24,-0.07871778,0.8553815,-0.05351424,1.0
142,25,0.06952286,0.42887,-0.016965065,1.0
142,26,-0.08087108,0.51559055,-0.13145171,1.0
142,27,-0.025675975,0.07238522,0.07613194,1.0
142,28,-0.18535867,0.1136401,-0.041647986,1.0
142,29,-0.055369683,0.03762114,0.10083985,1.0
142,30,-0.18754816,0.08137712,-0.07782959,1.0
142,31,-0.010272698,0.0026473245,0.05885107,1.0
142,32,-0.14318478,0.050467372,-0.15507767,1.0
143,0,0.026315058,1.4722416,-0.16209118,1.0
143,1,0.025525182,1.5010047,-0.15080711,1.0
143,2,0.0022740327,1.490088,-0.14523926,1.0
143,3,0.0101075545,1.504734,-0.13881047,1.0
143,4,0.00018292619,1.4883933,-0.1701194,1.0
143,5,-0.0024340493,1.4992175,-0.18034124,1.0
143,6,0.011427762,1.5025816,-0.15929206,1.0
143,7,0.04397971,1.4941125,-0.054274824,1.0
143,8,-0.06567205,1.4289796,-0.0801025,1.0
143,9,0.039460156,1.4717622,-0.1087491,1.0
143,10,0.01950481,1.4289322,-0.16888514,1.0
143,11,0.11982535,1.2928545,0.10753225,1.0
143,12,-0.08588506,1.3589319,-0.014246061,1.0
143,13,0.13706821,1.0928919,0.099232525,1.0
143,14,-0.058002576,1.0993085,-0.18534222,1.0
143,15,0.21163164,1.0066913,0.070087634,1.0
143,16,-0.14843848,1.1510354,-0.23897615,1.0
143,17,0.27995273,1.0754342,0.02094247,1.0
143,18,-0.26300222,1.230472,-0.39233616,1.0
143,19,0.32226625,1.1394398,-0.054289185,1.0
143,20,-0.2697846,1.3086294,-0.39165217,1.0
143,21,0.2541137,1.0472901,0.009160187,1.0
143,22,-0.14857686,1.1736172,-0.2552334,1.0
143,23,0.0740921,0.8360226,0.080596484,1.0
143,24,-0.06867149,0.84558773,-0.07016408,1.0
143,25,0.08453461,0.42543548,0.02002737,1.0
143,26,-0.062083818,0.5052482,-0.11854494,1.0
143,27,-0.0032415837,0.0698311,0.11010429,1.0
143,28,-0.15457994,0.09373602,-0.044644997,1.0
143,29,-0.031345583,0.034081046,0.13346979,1.0
143,30,-0.1562022,0.061566275,-0.08505979,1.0
143,31,0.036760695,0.0008132085,0.1262665,1.0
143,32,-0.084115,0.030535381,-0.15000188,1.0
144,0,0.059229612,1.4883095,-0.14089964,1.0
144,1,0.050024565,1.5063729,-0.111568704,1.0
144,2,0.0691261,1.5021601,-0.110112086,1.0
144,3,0.06586344,1.5061743,-0.113845676,1.0
144,4,0.04479365,1.5317633,-0.14274971,1.0
144,5,0.044247128,1.5141749,-0.16815832,1.0
144,6,0.048923224,1.4969542,-0.14573646,1.0
144,7,0.06719477,1.4695785,-0.0077320086,1.0
144,8,-0.05522057,1.4110794,-0.10749373,1.0
144,9,0.07744231,1.4765697,-0.07346736,1.0
144,10,0.040468186,1.4258008,-0.13448395,1.0
144,11,0.097100794,1.2831621,0.14461747,1.0
144,12,-0.03511989,1.3657796,-0.037676185,1.0
144,13,0.084379576,1.0583706,0.18650389,1.0
144,14,0.018324733,1.0848933,-0.14927804,1.0
144,15,0.1764305,0.9745655,0.106535256,1.0
144,16,-0.017994616,1.0826924,-0.18529311,1.0
144,17,0.2472278,1.0403793,0.057339642,1.0
144,18,-0.26300222,1.230472,-0.39233613,1.0
144,19,0.29374537,1.1057016,-0.019363143,1.0
144,20,-0.25006002,1.2871944,-0.39787915,1.0
144,21,0.1894433,0.9650969,0.093790784,1.0
144,22,-0.015415046,1.0935053,-0.19747974,1.0
144,23,0.059741836,0.8181769,0.08423467,1.0
144,24,-0.06684464,0.84575564,-0.08928616,1.0
144,25,0.08767976,0.40691233,0.020230591,1.0
144,26,-0.0229971,0.5065564,-0.11536911,1.0
144,27,0.0020589605,0.059024006,0.116262324,1.0
144,28,-0.13001198,0.092594475,-0.048642747,1.0
144,29,-0.025949057,0.02757454,0.14514552,1.0
144,30,-0.12696217,0.0510576,-0.08151242,1.0
144,31,0.052094582,0.0023448747,0.118503466,1.0
144,32,-0.036013067,0.040756308,-0.13316342,1.0
145,0,0.12219329,1.5102038,-0.10610339,1.0
145,1,0.09908095,1.525049,-0.08963939,1.0
145,2,0.11556998,1.5208702,-0.089291774,1.0
145,3,0.10969483,1.5188043,-0.092046104,1.0
145,4,0.10316086,1.5399044,-0.13440333,1.0
145,5,0.10695555,1.5286338,-0.14744115,1.0
145,6,0.10539191,1.5094094,-0.13418812,1.0
145,7,0.06322973,1.4873681,-0.0027889595,1.0
145,8,-0.0014832782,1.4295297,-0.13768585,1.0
145,9,0.11891259,1.4964342,-0.061367407,1.0
145,10,0.10967838,1.4454129,-0.12284338,1.0
145,11,0.0729541,1.3004448,0.13419282,1.0
145,12,-0.007233656,1.366988,-0.09175712,1.0
145,13,0.031863727,1.0710984,0.17951934,1.0
145,14,0.03286958,1.0786153,-0.16994657,1.0
145,15,0.11087747,0.8997627,0.16605376,1.0
145,16,0.12555693,1.022658,-0.027829148,1.0
145,17,0.21450287,1.0053244,0.09373681,1.0
145,18,0.18189695,0.9947764,-0.23026095,1.0
145,19,0.22722295,1.0159584,0.075741924,1.0
145,20,0.18272604,1.05567,-0.20218301,1.0
145,21,0.11235374,0.8961651,0.15706956,1.0
145,22,0.1703858,0.9847347,-0.10261933,1.0
145,23,0.042639546,0.80734855,0.09556734,1.0
145,24,-0.05217463,0.83415985,-0.10592814,1.0
145,25,0.08331321,0.40345588,0.06931573,1.0
145,26,0.0011917017,0.49663532,-0.11168196,1.0
145,27,0.007411547,0.0633266,0.16009831,1.0
145,28,-0.11000331,0.081850916,-0.034880362,1.0
145,29,-0.017904315,0.02642661,0.17824347,1.0
145,30,-0.113163136,0.039854623,-0.063964576,1.0
145,31,0.066025764,0.0020029154,0.17470573,1.0
145,32,-0.021395544,0.048528463,-0.092233285,1.0
146,0,0.14145505,1.4925368,-0.059978414,1.0
146,1,0.12683281,1.5090814,-0.06720422,1.0
146,2,0.09251935,1.5096033,-0.06102669,1.0
146,3,0.10315969,1.5170176,-0.054746397,1.0
146,4,0.11434319,1.4930978,-0.11652671,1.0
146,5,0.12151082,1.5129676,-0.12060924,1.0
146,6,0.12307147,1.5088551,-0.098555416,1.0
146,7,0.033007033,1.5021262,-0.003532479,1.0
146,8,0.024520768,1.4403682,-0.13210604,1.0
146,9,0.1247694,1.486229,-0.04461451,1.0
146,10,0.13902137,1.4536929,-0.10610236,1.0
146,11,0.0017696501,1.306066,0.15824339,1.0
146,12,0.03610812,1.3543487,-0.074024305,1.0
146,13,0.033288635,1.0917863,0.17101647,1.0
146,14,0.081371695,1.0763284,-0.14468434,1.0
146,15,0.13314724,0.9600253,0.16527744,1.0
146,16,0.15927228,0.9846689,-0.09288733,1.0
146,17,0.14905302,0.9352146,0.16653116,1.0
146,18,0.064287044,1.1391983,-0.051657986,1.0
146,19,0.1563409,0.9371332,0.15634105,1.0
146,20,0.065010585,1.1964064,-0.029327838,1.0
146,21,0.15943967,0.94009274,0.15079406,1.0
146,22,0.1703858,0.9847347,-0.10261933,1.0
146,23,0.008230259,0.8161003,0.11445702,1.0
146,24,0.0070469286,0.822263,-0.10898318,1.0
146,25,0.08374915,0.4133732,0.085376635,1.0
146,26,0.04341314,0.47911462,-0.10576529,1.0
146,27,0.033546194,0.05174941,0.14807594,1.0
146,28,-0.06319926,0.035145223,-0.024788372,1.0
146,29,0.008470254,0.011743609,0.16047853,1.0
146,30,-0.08168498,0.0033675237,-0.06255838,1.0
146,31,0.09436832,0.016973563,0.19380033,1.0
146,32,0.015881814,0.010428283,-0.079258844,1.0
147,0,0.12466559,1.4763062,-0.033674728,1.0
147,1,0.10762441,1.4932712,-0.032482944,1.0
147,2,0.085321605,1.4743237,-0.019887526,1.0
147,3,0.09824202,1.4896277,-0.019313894,1.0
147,4,0.095842466,1.4943762,-0.07617828,1.0
147,5,0.110363744,1.4949431,-0.094939224,1.0
147,6,0.120068364,1.4921278,-0.075570546,1.0
147,7,0.003707556,1.4634638,0.021272037,1.0
147,8,0.019447304,1.4002137,-0.12717956,1.0
147,9,0.10800195,1.4691422,0.0011635013,1.0
147,10,0.11057834,1.4310706,-0.07987436,1.0
147,11,-0.053624246,1.2759719,0.14219657,1.0
147,12,0.03427194,1.3343747,-0.06733392,1.0
147,13,-0.043572903,1.0617095,0.16611826,1.0
147,14,0.11021803,1.0777369,-0.09331283,1.0
147,15,0.011138368,0.9092256,0.16321006,1.0
147,16,0.08095719,1.0667448,-0.0008676881,1.0
147,17,-0.01908941,0.8936768,0.17112143,1.0
147,18,0.059771527,1.1378394,-0.04398842,1.0
147,19,-0.014539845,0.8800688,0.16378051,1.0
147,20,0.0638862,1.1882353,-0.020305738,1.0
147,21,0.022990298,0.8924244,0.15871887,1.0
147,22,0.09165014,1.0696843,-0.050538193,1.0
147,23,-0.010463338,0.796727,0.11984059,1.0
147,24,0.014192557,0.8200817,-0.09816021,1.0
147,25,0.07543044,0.39623776,0.09469983,1.0
147,26,0.02677413,0.47668123,-0.11300746,1.0
147,27,0.044306144,0.025517702,0.14367437,1.0
147,28,-0.06789182,0.038093716,-0.023767084,1.0
147,29,0.0061460547,0.0,0.13917544,1.0
147,30,-0.083142996,0.009298196,-0.063089386,1.0
147,31,0.09119673,0.0,0.17082521,1.0
147,32,0.02188491,0.007209694,-0.07631738,1.0
148,0,0.11173015,1.4736726,0.02867985,1.0
148,1,0.092734255,1.4875435,0.044321895,1.0
148,2,0.103246465,1.463613,0.05748556,1.0
148,3,0.11412878,1.4777997,0.048505932,1.0
148,4,0.09782507,1.520338,0.007264606,1.0
148,5,0.11019366,1.497431,-0.024183793,1.0
148,6,0.12088197,1.4763336,-0.006235631,1.0
148,7,0.012223784,1.4267559,0.09077878,1.0
148,8,0.020851364,1.3643129,-0.064538606,1.0
148,9,0.107669294,1.454284,0.08368833,1.0
148,10,0.09074336,1.4117086,0.0025839377,1.0
148,11,-0.057881117,1.2530258,0.15946507,1.0
148,12,0.057322457,1.3357849,-0.039415166,1.0
148,13,-0.10648048,1.0397308,0.15772787,1.0
148,14,0.06723129,1.0940706,-0.026848473,1.0
148,15,-0.052311935,0.8977997,0.16541445,1.0
148,16,0.05812625,1.0986362,0.10228721,1.0
148,17,-0.08659015,0.8793622,0.17898406,1.0
148,18,0.06866301,1.1254069,-0.03259852,1.0
148,19,-0.078796305,0.8608683,0.1730656,1.0
148,20,0.07006634,1.1727378,-0.014214114,1.0
148,21,-0.040118687,0.8785057,0.16509302,1.0
148,22,0.06440691,1.0947175,-0.025503041,1.0
148,23,-0.019111743,0.785375,0.11107391,1.0
148,24,0.008913465,0.82475686,-0.09868124,1.0
148,25,0.0775267,0.3929256,0.06736179,1.0
148,26,0.037708826,0.48329526,-0.115726106,1.0
148,27,0.05649587,0.021691412,0.09476794,1.0
148,28,-0.06915809,0.050255686,-0.051774926,1.0
148,29,0.014980335,0.0,0.0828756,1.0
148,30,-0.07326533,0.015336558,-0.090129286,1.0
148,31,0.098507404,0.004132558,0.1435008,1.0
148,32,0.02289585,0.014502683,-0.07834169,1.0
149,0,0.09494236,1.4516771,0.09269988,1.0
149,1,0.081071265,1.4671472,0.086902045,1.0
149,2,0.085667565,1.4596422,0.097512215,1.0
149,3,0.09100116,1.4643028,0.08928488,1.0
149,4,0.08961466,1.4744195,0.045906484,1.0
149,5,0.09978611,1.477266,0.035480037,1.0
149,6,0.09357748,1.4516288,0.047310326,1.0
149,7,0.0025863266,1.4194195,0.12175882,1.0
149,8,0.012620062,1.3705199,-0.007985771,1.0
149,9,0.10339172,1.4352045,0.105238006,1.0
149,10,0.09855717,1.3929847,0.05411656,1.0
149,11,-0.09130645,1.2483214,0.17833707,1.0
149,12,0.075403035,1.3274683,0.019541455,1.0
149,13,-0.14743987,1.0499015,0.15513247,1.0
149,14,0.06185151,1.0935152,-0.031065878,1.0
149,15,-0.15309373,0.86872995,0.1550305,1.0
149,16,0.03321421,1.1087358,0.0013080339,1.0
149,17,-0.16821812,0.8550073,0.169846,1.0
149,18,0.064287044,1.1391983,-0.05165799,1.0
149,19,-0.17018357,0.8302017,0.16803566,1.0
149,20,0.065010585,1.1964064,-0.02932784,1.0
149,21,-0.15235025,0.85123384,0.16369726,1.0
149,22,0.027286906,1.1501563,-5.3973403e-05,1.0
149,23,-0.021873068,0.7960913,0.09834658,1.0
149,24,0.02474079,0.8252675,-0.10735833,1.0
149,25,0.07498528,0.40348005,0.06598452,1.0
149,26,0.031215386,0.48502773,-0.11209807,1.0
149,27,0.04764334,0.03734693,0.055455983,1.0
149,28,-0.070491776,0.0472911,-0.08335531,1.0
149,29,0.01758992,0.002047684,0.07197395,1.0
149,30,-0.08266295,0.00916294,-0.1197793,1.0
149,31,0.09711291,0.026575042,0.09227596,1.0
149,32,0.0144016,0.0150127895,-0.111870445,1.0
150,0,0.06554013,1.4329865,0.129892,1.0
150,1,0.058225267,1.4509647,0.09847279,1.0
150,2,0.039143555,1.4575814,0.11775896,1.0
150,3,0.04888604,1.4598248,0.10975212,1.0
150,4,0.07709339,1.4490118,0.06513598,1.0
150,5,0.09236578,1.4557844,0.05987805,1.0
150,6,0.08375103,1.4482644,0.07847422,1.0
150,7,-0.031354643,1.4223044,0.096410416,1.0
150,8,0.020776708,1.37011,0.016900763,1.0
150,9,0.057585865,1.4226291,0.114223346,1.0
150,10,0.08857745,1.3886293,0.07594429,1.0
150,11,-0.12650794,1.2447665,0.17886713,1.0
150,12,0.08136049,1.3217299,0.062074564,1.0
150,13,-0.1615262,1.0520781,0.14949667,1.0
150,14,0.09231468,1.1041358,-0.035157897,1.0
150,15,-0.14688872,0.8742374,0.16618983,1.0
150,16,0.033646196,1.1111262,-0.02603917,1.0
150,17,-0.156536,0.86216074,0.18200259,1.0
150,18,0.05375084,1.1360276,-0.03376233,1.0
150,19,-0.14877637,0.83242947,0.17298593,1.0
150,20,0.062387027,1.1773406,-0.008276271,1.0
150,21,-0.13527231,0.8470208,0.17012975,1.0
150,22,0.019996498,1.1322876,-0.013688225,1.0
150,23,-0.030984111,0.8057365,0.094657324,1.0
150,24,0.04456938,0.8264768,-0.10154157,1.0
150,25,0.07338611,0.4111881,0.042549487,1.0
150,26,0.035261087,0.4826183,-0.11546466,1.0
150,27,0.05795178,0.036449105,0.018624807,1.0
150,28,-0.061949246,0.03298959,-0.087314874,1.0
150,29,0.032005683,0.0,0.034244254,1.0
150,30,-0.08168269,0.0005206391,-0.1287034,1.0
150,31,0.09405942,0.029531058,0.04345583,1.0
150,32,0.010738255,0.00054481876,-0.12890138,1.0
151,0,0.07943518,1.417758,0.12986268,1.0
151,1,0.06102366,1.4401615,0.104436964,1.0
151,2,0.04398925,1.4342163,0.11987332,1.0
151,3,0.045598004,1.4455603,0.11728891,1.0
151,4,0.07197757,1.4358381,0.06937594,1.0
151,5,0.08941108,1.4369786,0.06516208,1.0
151,6,0.08965718,1.4428557,0.0771978,1.0
151,7,-0.030425802,1.4273558,0.10414238,1.0
151,8,0.036187924,1.371088,0.016115192,1.0
151,9,0.05203813,1.4179697,0.124922596,1.0
151,10,0.08299371,1.3801233,0.07430002,1.0
151,11,-0.12712428,1.2550666,0.17679271,1.0
151,12,0.09388681,1.3316298,0.05008979,1.0
151,13,-0.18669295,1.0707871,0.15539518,1.0
151,14,0.11184868,1.1076245,-0.027242636,1.0
151,15,-0.13511428,0.9024248,0.18469194,1.0
151,16,0.06734446,1.0762267,0.0075402735,1.0
151,17,-0.14426398,0.8765375,0.20983931,1.0
151,18,0.09729782,1.083663,0.007072149,1.0
151,19,-0.11623131,0.8584332,0.20553114,1.0
151,20,0.09041695,1.1192638,0.0080962125,1.0
151,21,-0.1073343,0.8752539,0.1882576,1.0
151,22,0.056555614,1.0803903,0.010667451,1.0
151,23,-0.047193978,0.8137735,0.09980228,1.0
151,24,0.04798835,0.83459115,-0.08941091,1.0
151,25,0.0725372,0.42360952,0.039390646,1.0
151,26,0.04583735,0.4888632,-0.12406773,1.0
151,27,0.06930004,0.044536233,0.013635635,1.0
151,28,-0.06292379,0.040141284,-0.098401695,1.0
151,29,0.042720422,0.0029542642,0.015919402,1.0
151,30,-0.076886654,0.0,-0.13318299,1.0
151,31,0.107501775,0.022367269,0.037946276,1.0
151,32,0.015808403,0.00890976,-0.13390242,1.0
152,0,0.071158335,1.4246433,0.120498754,1.0
152,1,0.048103742,1.4452065,0.100738205,1.0
152,2,0.04009299,1.4361987,0.1117792,1.0
152,3,0.033326916,1.4507017,0.108049855,1.0
152,4,0.06571099,1.4381115,0.06540067,1.0
152,5,0.07573669,1.446127,0.06613005,1.0
152,6,0.08304135,1.4473338,0.07630086,1.0
152,7,-0.040391054,1.4322326,0.09363698,1.0
152,8,0.031737626,1.3777525,0.016443439,1.0
152,9,0.04475373,1.4249482,0.12114137,1.0
152,10,0.07758875,1.3840806,0.07388549,1.0
152,11,-0.12454247,1.2608675,0.16785038,1.0
152,12,0.09387135,1.3366997,0.039117903,1.0
152,13,-0.17043759,1.0795232,0.17031392,1.0
152,14,0.10696569,1.1061513,-0.02601256,1.0
152,15,-0.103508025,0.9234239,0.22987303,1.0
152,16,0.081109926,1.0140913,-0.01610801,1.0
152,17,-0.10828379,0.89795214,0.25468296,1.0
152,18,0.11463223,1.0155026,-0.022251528,1.0
152,19,-0.08381989,0.89407706,0.25524023,1.0
152,20,0.109909624,1.0447708,-0.028334454,1.0
152,21,-0.07180831,0.89853853,0.23129232,1.0
152,22,0.07276542,1.0209203,-0.018129606,1.0
152,23,-0.048528805,0.816492,0.09631789,1.0
152,24,0.049968593,0.8363463,-0.090551004,1.0
152,25,0.0668474,0.4275762,0.04007099,1.0
152,26,0.045445614,0.48759174,-0.121484935,1.0
152,27,0.059485625,0.047676295,0.0015958883,1.0
152,28,-0.06863565,0.03761348,-0.106493786,1.0
152,29,0.03493524,0.0049976856,0.008010011,1.0
152,30,-0.08710123,0.0,-0.14278433,1.0
152,31,0.10413422,0.012524236,0.032134935,1.0
152,32,0.00029174984,0.008378974,-0.13441433,1.0
153,0,0.075603865,1.4267721,0.05063285,1.0
153,1,0.044481046,1.4491401,0.059448853,1.0
153,2,0.069725834,1.4336343,0.07162474,1.0
153,3,0.06574057,1.4355333,0.06150973,1.0
153,4,0.070862584,1.4815958,0.025934398,1.0
153,5,0.09485562,1.4575667,0.011465495,1.0
153,6,0.098546155,1.4316833,0.01058834,1.0
153,7,-0.026168538,1.4016924,0.07497143,1.0
153,8,0.029356558,1.3338675,-0.017515225,1.0
153,9,0.055878438,1.3988457,0.1025486,1.0
153,10,0.061203517,1.3630481,0.037137564,1.0
153,11,-0.102692574,1.238035,0.13781697,1.0
153,12,0.08351075,1.3409157,0.010405488,1.0
153,13,-0.12221334,1.0801301,0.18864523,1.0
153,14,0.09368889,1.1109858,-0.0073053804,1.0
153,15,-0.06969885,0.9349405,0.2232681,1.0
153,16,0.078071825,1.0294093,0.008739753,1.0
153,17,-0.07193485,0.9188885,0.24527532,1.0
153,18,0.09058462,1.0226324,0.05351974,1.0
153,19,-0.012148894,0.954243,0.27070197,1.0
153,20,0.09590654,1.05636,0.06870751,1.0
153,21,-0.04508678,0.91291827,0.22306302,1.0
153,22,0.07175667,1.0413373,0.0074260645,1.0
153,23,-0.041712195,0.78805465,0.093934074,1.0
153,24,0.027316866,0.8291513,-0.09764684,1.0
153,25,0.069181494,0.40311897,0.020118803,1.0
153,26,0.06733476,0.48255205,-0.111728236,1.0
153,27,0.05524776,0.011834562,0.013388981,1.0
153,28,-0.069192074,0.04069954,-0.09477225,1.0
153,29,0.019528173,0.0,0.022366453,1.0
153,30,-0.06537923,0.00091577694,-0.13522415,1.0
153,31,0.087123245,0.0,0.04232073,1.0
153,32,0.015224114,0.021302152,-0.11912364,1.0
154,0,0.0964329,1.4189417,0.027359584,1.0
154,1,0.071814895,1.4390335,0.0384095,1.0
154,2,0.08619798,1.4384525,0.054275103,1.0
154,3,0.08451737,1.4378817,0.03866368,1.0
154,4,0.089487664,1.4653916,-0.008976961,1.0
154,5,0.1047371,1.4517174,-0.019593064,1.0
154,6,0.107764885,1.4286687,-0.011044176,1.0
154,7,-0.0079843,1.4014528,0.06678648,1.0
154,8,0.022064095,1.3395882,-0.046809413,1.0
154,9,0.09135603,1.3914194,0.07931246,1.0
154,10,0.08588995,1.3610775,0.008970743,1.0
154,11,-0.0858655,1.236356,0.16119263,1.0
154,12,0.0740878,1.340163,0.013975504,1.0
154,13,-0.05062533,1.0724539,0.22082907,1.0
154,14,0.066828966,1.1041089,-0.031959683,1.0
154,15,-0.014879872,0.9678862,0.24938782,1.0
154,16,0.08064163,1.0093998,0.061224923,1.0
154,17,-0.011978131,0.9563508,0.27173665,1.0
154,18,0.10971141,1.0158334,0.020744346,1.0
154,19,-0.0039533987,0.9569185,0.27006882,1.0
154,20,0.13112241,1.0494707,0.028049558,1.0
154,21,0.010773616,0.9499514,0.24625298,1.0
154,22,0.0659953,1.0268929,0.056200236,1.0
154,23,-0.028118713,0.7897656,0.09479756,1.0
154,24,0.027619354,0.82363254,-0.10536243,1.0
154,25,0.08419888,0.40038407,0.030776912,1.0
154,26,0.070369445,0.48160985,-0.106614254,1.0
154,27,0.054701038,0.0098460615,0.0291414,1.0
154,28,-0.06621895,0.033735156,-0.080977954,1.0
154,29,0.014408589,0.0,0.05168127,1.0
154,30,-0.06678191,0.0009128861,-0.12678358,1.0
154,31,0.087951586,0.0,0.062460378,1.0
154,32,0.019001812,0.012720675,-0.1140192,1.0
155,0,0.110340975,1.4249053,-0.066765785,1.0
155,1,0.08618687,1.4393554,-0.056985166,1.0
155,2,0.08558258,1.4430277,-0.04257017,1.0
155,3,0.08339269,1.4447436,-0.05184221,1.0
155,4,0.09660774,1.4543703,-0.107128866,1.0
155,5,0.10039728,1.4455895,-0.11381835,1.0
155,6,0.11003004,1.4422743,-0.09353094,1.0
155,7,0.009146325,1.4197276,-0.0035639778,1.0
155,8,0.02123452,1.3581402,-0.12110404,1.0
155,9,0.102825314,1.4119439,-0.021870436,1.0
155,10,0.10327237,1.376399,-0.089580394,1.0
155,11,-0.020946808,1.2537742,0.14461178,1.0
155,12,0.050510406,1.3210617,-0.054482967,1.0
155,13,0.009686805,1.0856277,0.2121805,1.0
155,14,0.0587044,1.0468465,-0.07777803,1.0
155,15,0.10432277,1.0302584,0.29474562,1.0
155,16,0.09878445,0.99836403,0.035641067,1.0
155,17,0.118368566,1.0351899,0.31405443,1.0
155,18,0.1459922,1.0111394,0.0067778034,1.0
155,19,0.11362538,1.050731,0.31159022,1.0
155,20,0.16790906,1.0626669,0.008945099,1.0
155,21,0.12488219,1.0215755,0.28522447,1.0
155,22,0.1033576,1.0142026,0.028958099,1.0
155,23,-0.014953109,0.81056195,0.10001228,1.0
155,24,0.017920502,0.82821304,-0.103530936,1.0
155,25,0.085765414,0.41183594,0.049094856,1.0
155,26,0.058499005,0.4794645,-0.098171905,1.0
155,27,0.067932226,0.027094722,0.04691378,1.0
155,28,-0.0627258,0.03408833,-0.052562013,1.0
155,29,0.03958366,0.0,0.06220534,1.0
155,30,-0.06713323,0.0,-0.093868606,1.0
155,31,0.12505066,0.0,0.08223541,1.0
155,32,0.027242675,0.0,-0.099463925,1.0
156,0,0.11113309,1.4282634,-0.07049677,1.0
156,1,0.088622265,1.4412569,-0.06431961,1.0
156,2,0.06903541,1.4464391,-0.050406646,1.0
156,3,0.0719893,1.4564042,-0.054676205,1.0
156,4,0.086491674,1.4420997,-0.110938996,1.0
156,5,0.08279718,1.4443988,-0.11678703,1.0
156,6,0.097902365,1.4522663,-0.08951548,1.0
156,7,-0.0030458951,1.4376158,-0.007231268,1.0
156,8,-0.007948345,1.3725184,-0.112147525,1.0
156,9,0.09351278,1.4324603,-0.033957563,1.0
156,10,0.110994965,1.3852419,-0.104805596,1.0
156,11,0.02640207,1.28415,0.15577537,1.0
156,12,-0.017716816,1.3193202,-0.055646315,1.0
156,13,0.07600606,1.1291041,0.20812964,1.0
156,14,0.028750218,1.035779,-0.11149743,1.0
156,15,0.17634016,1.1174567,0.22538655,1.0
156,16,0.097968,0.9973179,-0.046025254,1.0
156,17,0.18947926,1.1424824,0.238335,1.0
156,18,0.16106461,0.9976233,-0.06512811,1.0
156,19,0.13807407,1.1081643,0.2440953,1.0
156,20,0.17885385,1.0626165,-0.06869499,1.0
156,21,0.19499192,1.1125207,0.21710786,1.0
156,22,0.11115561,1.0042181,-0.050927877,1.0
156,23,0.023111483,0.8227015,0.10468872,1.0
156,24,-0.012092831,0.82727844,-0.102919444,1.0
156,25,0.09475075,0.41994226,0.054041807,1.0
156,26,0.04247921,0.46830302,-0.09778895,1.0
156,27,0.0656487,0.04378134,0.07748192,1.0
156,28,-0.06414872,0.030344367,-0.053782277,1.0
156,29,0.041904554,0.0066428334,0.09620766,1.0
156,30,-0.072817564,0.0,-0.09683439,1.0
156,31,0.12326877,0.0,0.12277213,1.0
156,32,0.018494286,0.0,-0.12395804,1.0
157,0,0.100321166,1.4530773,-0.098431766,1.0
157,1,0.08176526,1.4666034,-0.096773155,1.0
157,2,0.08068714,1.469819,-0.0821764,1.0
157,3,0.07726654,1.4694898,-0.08769889,1.0
157,4,0.07978232,1.4670912,-0.13769895,1.0
157,5,0.08146236,1.4679085,-0.13379265,1.0
157,6,0.088604264,1.459186,-0.12616761,1.0
157,7,0.0126877725,1.4463304,-0.015590172,1.0
157,8,-0.01432131,1.3787105,-0.13115294,1.0
157,9,0.0973062,1.444419,-0.06571865,1.0
157,10,0.104974434,1.3972512,-0.12084743,1.0
157,11,0.06764366,1.293891,0.12789497,1.0
157,12,-0.031438462,1.3207515,-0.06733286,1.0
157,13,0.1307936,1.1868573,0.23056704,1.0
157,14,-0.01224532,1.0457954,-0.14655378,1.0
157,15,0.23038574,1.2096277,0.16917737,1.0
157,16,0.11531617,0.9887541,-0.14286189,1.0
157,17,0.24025814,1.2519239,0.17867327,1.0
157,18,0.15222064,0.9896604,-0.122579046,1.0
157,19,0.23853622,1.2707112,0.17619869,1.0
157,20,0.17684652,1.0405387,-0.114752635,1.0
157,21,0.24525943,1.2079378,0.16259784,1.0
157,22,0.124894746,1.0057877,-0.14600462,1.0
157,23,0.041520372,0.81520313,0.102002636,1.0
157,24,-0.034094095,0.82509726,-0.10253374,1.0
157,25,0.12291697,0.40846244,0.046486925,1.0
157,26,0.039008588,0.47266796,-0.094135836,1.0
157,27,0.09742758,0.05674696,0.114458665,1.0
157,28,-0.060301095,0.05088678,-0.029124074,1.0
157,29,0.07482406,0.021496024,0.1319874,1.0
157,30,-0.06480676,0.013377108,-0.06354585,1.0
157,31,0.14722347,0.0,0.14865492,1.0
157,32,0.013575308,0.002626691,-0.08529684,1.0
158,0,0.08485682,1.4578589,-0.09878973,1.0
158,1,0.06844561,1.4754261,-0.0968162,1.0
158,2,0.06738863,1.4787985,-0.08052606,1.0
158,3,0.06604178,1.4779087,-0.083506234,1.0
158,4,0.06248557,1.4752187,-0.13642204,1.0
158,5,0.06564664,1.4771804,-0.13040797,1.0
158,6,0.07066375,1.4605762,-0.12821446,1.0
158,7,0.011940186,1.4546195,-0.010950144,1.0
158,8,-0.0324464,1.3847944,-0.12966774,1.0
158,9,0.09552322,1.4453391,-0.06380023,1.0
158,10,0.08626803,1.3990973,-0.11569764,1.0
158,11,0.07413067,1.2951009,0.12949322,1.0
158,12,-0.051041037,1.3269978,-0.062824324,1.0
158,13,0.18187007,1.184744,0.21069786,1.0
158,14,-0.020385083,1.0457639,-0.15325692,1.0
158,15,0.24679013,1.2682128,0.13210627,1.0
158,16,0.11199434,0.9780477,-0.19542259,1.0
158,17,0.26682514,1.2962168,0.14966756,1.0
158,18,0.16494715,0.97600466,-0.24890381,1.0
158,19,0.26601553,1.3156432,0.14709252,1.0
158,20,0.19698775,1.0300179,-0.23115823,1.0
158,21,0.25863063,1.2696418,0.1278774,1.0
158,22,0.11559002,0.99690616,-0.19470225,1.0
158,23,0.048485916,0.8140132,0.1062764,1.0
158,24,-0.03651033,0.8271391,-0.1029082,1.0
158,25,0.13487284,0.40324214,0.051238958,1.0
158,26,0.040734883,0.47375745,-0.1029654,1.0
158,27,0.10147706,0.05268818,0.16259022,1.0
158,28,-0.05189158,0.05171343,-0.031611614,1.0
158,29,0.07832845,0.022027854,0.18729709,1.0
158,30,-0.054375153,0.012011751,-0.06496981,1.0
158,31,0.15391482,0.00019301288,0.18894139,1.0
158,32,0.023052555,0.006708331,-0.09555045,1.0
159,0,0.023005096,1.441467,-0.12713788,1.0
159,1,0.026777513,1.4558299,-0.12090303,1.0
159,2,0.014704236,1.4615846,-0.09884895,1.0
159,3,0.021941725,1.4648643,-0.10221652,1.0
159,4,0.004097432,1.4687334,-0.1495777,1.0
159,5,0.011121039,1.4616657,-0.16298944,1.0
159,6,0.017349703,1.4504445,-0.13972484,1.0
159,7,0.0047904523,1.4553432,-0.022107147,1.0
159,8,-0.07940906,1.3724326,-0.12213009,1.0
159,9,0.047907125,1.4341464,-0.07858781,1.0
159,10,0.015727904,1.3905678,-0.12512316,1.0
159,11,0.07603713,1.2940369,0.1393965,1.0
159,12,-0.08164317,1.3307042,-0.03609197,1.0
159,13,0.19680357,1.1740654,0.16854325,1.0
159,14,-0.046830934,1.0413619,-0.148814,1.0
159,15,0.32037497,1.2918533,0.08666839,1.0
159,16,0.09228818,0.9635667,-0.15818085,1.0
159,17,0.33170068,1.3570675,0.08689613,1.0
159,18,0.15543121,0.9678064,-0.20707111,1.0
159,19,0.3371944,1.3769522,0.082498774,1.0
159,20,0.18582432,1.0124532,-0.19241422,1.0
159,21,0.33521137,1.2944112,0.08087468,1.0
159,22,0.11279255,0.98087245,-0.16136691,1.0
159,23,0.051219974,0.816376,0.10406409,1.0
159,24,-0.042390876,0.83299613,-0.10106187,1.0
159,25,0.13462782,0.40528706,0.04361127,1.0
159,26,0.0283508,0.48096737,-0.117728226,1.0
159,27,0.10818259,0.057527006,0.16130228,1.0
159,28,-0.05509845,0.06883189,-0.026627533,1.0
159,29,0.08719688,0.019771822,0.17972063,1.0
159,30,-0.061428588,0.029876772,-0.055636957,1.0
159,31,0.15544507,0.0,0.19704853,1.0
159,32,-0.0067944042,0.010911979,-0.09582392,1.0
160,0,0.0035297023,1.4246103,-0.10791924,1.0
160,1,0.006365462,1.4428996,-0.10249805,1.0
160,2,-0.0047338726,1.4535649,-0.084369406,1.0
160,3,0.0074316487,1.450621,-0.089629516,1.0
160,4,-0.012479077,1.4651972,-0.12888399,1.0
160,5,-0.0022044769,1.4517269,-0.15791607,1.0
160,6,0.0013512871,1.4380745,-0.1209875,1.0
160,7,0.0068219183,1.4555192,-0.021442078,1.0
160,8,-0.09412239,1.3687671,-0.08606844,1.0
160,9,0.025738264,1.419948,-0.06124964,1.0
160,10,-0.007311613,1.3781447,-0.11726913,1.0
160,11,0.07280925,1.2961969,0.1507726,1.0
160,12,-0.09882645,1.3302923,0.0051392764,1.0
160,13,0.21487331,1.2017516,0.16867122,1.0
160,14,-0.049557,1.0465529,-0.11278829,1.0
160,15,0.27848405,1.3391528,0.111765,1.0
160,16,0.0855315,0.9670639,-0.13836487,1.0
160,17,0.28085423,1.4007112,0.120534584,1.0
160,18,0.15561274,0.9753729,-0.18797451,1.0
160,19,0.27353978,1.4223638,0.12060985,1.0
160,20,0.17821974,1.0164359,-0.17824048,1.0
160,21,0.2858265,1.3411235,0.108059876,1.0
160,22,0.108756565,0.98425496,-0.14229256,1.0
160,23,0.0633575,0.81840855,0.09612061,1.0
160,24,-0.050743483,0.8312387,-0.096933186,1.0
160,25,0.14315295,0.40536314,0.037518106,1.0
160,26,0.010315258,0.48620707,-0.12577917,1.0
160,27,0.11580755,0.061730593,0.15588817,1.0
160,28,-0.073706135,0.093449414,-0.024230167,1.0
160,29,0.09311113,0.027804118,0.17752604,1.0
160,30,-0.075120606,0.056014664,-0.05556458,1.0
160,31,0.15496841,0.0,0.19824418,1.0
160,32,-0.027410641,0.033301115,-0.104911834,1.0
161,0,0.0006109872,1.4198546,-0.102022775,1.0
161,1,-0.00081511773,1.4429183,-0.09938747,1.0
161,2,-0.028870907,1.4399033,-0.083598495,1.0
161,3,-0.021623572,1.4481118,-0.081976086,1.0
161,4,-0.030815043,1.4319189,-0.1217976,1.0
161,5,-0.023663705,1.4417458,-0.13219598,1.0
161,6,-0.010288576,1.4395118,-0.10810681,1.0
161,7,-0.008563848,1.4622593,-0.016273215,1.0
161,8,-0.093051575,1.3783827,-0.068483114,1.0
161,9,0.014120987,1.4269199,-0.06184958,1.0
161,10,-0.0022325525,1.3840094,-0.11559235,1.0
161,11,0.08494739,1.2984875,0.13884413,1.0
161,12,-0.10956591,1.3139718,0.019553222,1.0
161,13,0.20343253,1.2123535,0.13391578,1.0
161,14,-0.064036384,1.0514328,-0.10585602,1.0
161,15,0.19982928,1.3642993,0.087464415,1.0
161,16,0.085037425,0.9752055,-0.14941655,1.0
161,17,0.16388083,1.3898236,0.15226513,1.0
161,18,0.15078409,0.9538464,-0.16711476,1.0
161,19,0.29900163,1.4041991,0.10536542,1.0
161,20,0.1793189,1.0056634,-0.17369086,1.0
161,21,0.20295647,1.3728602,0.090959124,1.0
161,22,0.10987067,0.96439135,-0.15577863,1.0
161,23,0.059971783,0.81199867,0.09840534,1.0
161,24,-0.04835459,0.8142846,-0.09317216,1.0
161,25,0.1360349,0.406702,0.03807786,1.0
161,26,0.0010808185,0.48290762,-0.12835854,1.0
161,27,0.11492936,0.076170385,0.17328154,1.0
161,28,-0.08348192,0.1008855,-0.030762916,1.0
161,29,0.091998436,0.0408226,0.18988381,1.0
161,30,-0.09217426,0.07388368,-0.06862359,1.0
161,31,0.16229051,0.022813946,0.21851012,1.0
161,32,-0.03546924,0.04804591,-0.1121372,1.0
162,0,0.00074659707,1.4090278,-0.118054464,1.0
162,1,-0.006366944,1.436254,-0.10043447,1.0
162,2,0.0076296814,1.4332426,-0.09291068,1.0
162,3,0.0066974927,1.4276686,-0.09959954,1.0
162,4,-0.0039310073,1.4450965,-0.1326211,1.0
162,5,-0.0054154117,1.4373529,-0.14359716,1.0
162,6,0.0014252239,1.4183443,-0.1271833,1.0
162,7,0.015857471,1.4223292,-0.018677507,1.0
162,8,-0.09241268,1.3539231,-0.074071415,1.0
162,9,0.02795512,1.4047534,-0.06468187,1.0
162,10,-0.003695867,1.3603628,-0.11764181,1.0
162,11,0.08457113,1.2795732,0.113464214,1.0
162,12,-0.1026045,1.3092775,0.0108814165,1.0
162,13,0.20026338,1.2569106,0.167876,1.0
162,14,-0.054560076,1.0596573,-0.09995989,1.0
162,15,0.19642319,1.343324,0.09420004,1.0
162,16,0.07953238,0.9642767,-0.10799938,1.0
162,17,0.07547246,1.3918625,0.1593142,1.0
162,18,0.15243421,0.95393056,-0.15153883,1.0
162,19,0.17540286,1.4028131,0.11583059,1.0
162,20,0.17438334,0.9978573,-0.121279314,1.0
162,21,0.1585185,1.3513474,0.10980239,1.0
162,22,0.10287094,0.97638184,-0.10098188,1.0
162,23,0.057803836,0.7882979,0.09159509,1.0
162,24,-0.060466815,0.8017723,-0.090625845,1.0
162,25,0.13409694,0.38795424,0.023476355,1.0
162,26,0.008690584,0.48110667,-0.13094652,1.0
162,27,0.107105404,0.07041514,0.17572817,1.0
162,28,-0.08954404,0.090471685,-0.06519878,1.0
162,29,0.09053522,0.0415923,0.20460787,1.0
162,30,-0.09114827,0.049397215,-0.09289051,1.0
162,31,0.15501931,0.0,0.19424488,1.0
162,32,-0.035505608,0.038535543,-0.15037355,1.0
163,0,-0.020864375,1.4046869,-0.13044092,1.0
163,1,-0.021333199,1.4314759,-0.11246391,1.0
163,2,0.008256855,1.4294128,-0.105872996,1.0
163,3,0.0016152114,1.4178419,-0.11513611,1.0
163,4,-0.015932001,1.4449377,-0.13794395,1.0
163,5,-0.018340029,1.4352767,-0.14463449,1.0
163,6,-0.019922875,1.4085593,-0.13708541,1.0
163,7,0.03131452,1.4052222,-0.014843978,1.0
163,8,-0.10137816,1.3495929,-0.06926933,1.0
163,9,0.022001518,1.3937695,-0.07953925,1.0
163,10,-0.018055718,1.3496977,-0.117909156,1.0
163,11,0.09423001,1.2656875,0.09901347,1.0
163,12,-0.09972949,1.2959975,0.016546227,1.0
163,13,0.18910137,1.2809488,0.15438482,1.0
163,14,-0.05102761,1.0549212,-0.094214156,1.0
163,15,0.09561583,1.3566219,0.089997694,1.0
163,16,0.081825174,0.9555604,-0.1289104,1.0
163,17,-0.004857151,1.4001919,0.24411911,1.0
163,18,0.1510109,0.94320416,-0.18773717,1.0
163,19,-0.00025118215,1.4017867,0.121948384,1.0
163,20,0.17508644,0.9827111,-0.14679404,1.0
163,21,0.062618144,1.3602093,0.11725503,1.0
163,22,0.10252538,0.97996414,-0.11557323,1.0
163,23,0.06462962,0.7671216,0.08236898,1.0
163,24,-0.06774443,0.7830496,-0.084420465,1.0
163,25,0.14131185,0.37312123,0.006334804,1.0
163,26,0.013184123,0.46983728,-0.1391876,1.0
163,27,0.12463569,0.05450782,0.17203102,1.0
163,28,-0.09060284,0.08645332,-0.06915253,1.0
163,29,0.106698155,0.03392054,0.2111782,1.0
163,30,-0.09156124,0.045426425,-0.09738507,1.0
163,31,0.16812348,0.0,0.19766611,1.0
163,32,-0.031746056,0.03285782,-0.1497243,1.0
164,0,-0.014570155,1.4045339,-0.11086388,1.0
164,1,-0.0048371777,1.4265349,-0.1049034,1.0
164,2,-0.020876737,1.4206778,-0.09045741,1.0
164,3,-0.01745311,1.4265614,-0.09283149,1.0
164,4,-0.029447382,1.4185255,-0.123577714,1.0
164,5,-0.027074419,1.4300879,-0.12590255,1.0
164,6,-0.018885035,1.4238558,-0.110849984,1.0
164,7,0.012297776,1.4245443,-0.013875681,1.0
164,8,-0.08959679,1.3677989,-0.04512489,1.0
164,9,0.014467193,1.4030523,-0.07001297,1.0
164,10,-0.010785956,1.3653166,-0.1106988,1.0
164,11,0.090444565,1.2712955,0.08963621,1.0
164,12,-0.10777071,1.2904952,0.04076732,1.0
164,13,0.1638534,1.2734933,0.09328058,1.0
164,14,-0.057219155,1.0769023,-0.08106979,1.0
164,15,0.0016947426,1.356145,0.062226728,1.0
164,16,0.086428165,0.9769725,-0.115549855,1.0
164,17,-0.068841785,1.3978987,0.1804129,1.0
164,18,0.15003963,0.944443,-0.13727412,1.0
164,19,-0.12162927,1.3914518,0.0927827,1.0
164,20,0.19146061,0.98900545,-0.12675129,1.0
164,21,-0.012798703,1.3694644,0.17433369,1.0
164,22,0.10986167,0.9726794,-0.11482088,1.0
164,23,0.06794422,0.77325183,0.081732884,1.0
164,24,-0.06052091,0.7758218,-0.075485736,1.0
164,25,0.1449087,0.38968116,0.0029040724,1.0
164,26,-0.0013888441,0.46451065,-0.13828868,1.0
164,27,0.13445505,0.07042694,0.14827617,1.0
164,28,-0.08320478,0.07339053,-0.06480743,1.0
164,29,0.10816845,0.03695415,0.16995302,1.0
164,30,-0.093266964,0.045408368,-0.10290913,1.0
164,31,0.16785467,0.009129422,0.16607991,1.0
164,32,-0.031766787,0.02239734,-0.14511257,1.0
165,0,-0.023160068,1.4011548,-0.1072905,1.0
165,1,-0.013820294,1.4202726,-0.103121534,1.0
165,2,-0.019133404,1.4189777,-0.089217305,1.0
165,3,-0.01615948,1.4203293,-0.09584394,1.0
165,4,-0.03667806,1.4212404,-0.12576641,1.0
165,5,-0.02988472,1.4264641,-0.13658786,1.0
165,6,-0.030102002,1.4158704,-0.115536325,1.0
165,7,0.023314577,1.4118836,-0.015045688,1.0
165,8,-0.093520075,1.3568902,-0.03450566,1.0
165,9,0.013122498,1.3959663,-0.07201065,1.0
165,10,-0.018803291,1.3563046,-0.11280283,1.0
165,11,0.092465505,1.2663468,0.092178226,1.0
165,12,-0.101623535,1.2910604,0.05580195,1.0
165,13,0.13062754,1.2707204,0.07417244,1.0
165,14,-0.05467175,1.072699,-0.065195315,1.0
165,15,-0.04375522,1.3584054,0.09178299,1.0
165,16,0.08602619,0.97492373,-0.11320984,1.0
165,17,-0.1015199,1.3901525,0.08569706,1.0
165,18,0.15039802,0.95118606,-0.15119109,1.0
165,19,-0.1172379,1.4026064,0.14279006,1.0
165,20,0.1832014,0.9935595,-0.1314161,1.0
165,21,-0.048371438,1.3547343,0.09269823,1.0
165,22,0.10765982,0.9822701,-0.11270987,1.0
165,23,0.0734347,0.7661037,0.072852805,1.0
165,24,-0.06786836,0.77227753,-0.06732349,1.0
165,25,0.14784756,0.3805801,-0.0055462867,1.0
165,26,0.00020100176,0.46340045,-0.13400745,1.0
165,27,0.13155721,0.0647513,0.12023331,1.0
165,28,-0.07586659,0.07001558,-0.06825375,1.0
165,29,0.107029244,0.032755375,0.13680458,1.0
165,30,-0.08409213,0.034415692,-0.103667505,1.0
165,31,0.16792113,0.0,0.13788489,1.0
165,32,-0.03013175,0.018261094,-0.15636295,1.0
166,0,-0.036037844,1.3998661,-0.12068994,1.0
166,1,-0.025290914,1.4202759,-0.111832604,1.0
166,2,-0.016188806,1.4181818,-0.1003053,1.0
166,3,-0.017558478,1.4167912,-0.10615737,1.0
166,4,-0.04390434,1.4293036,-0.12858813,1.0
166,5,-0.03954672,1.4261988,-0.14523512,1.0
166,6,-0.04056935,1.4102429,-0.12575802,1.0
166,7,0.03282781,1.4053596,-0.017200457,1.0
166,8,-0.10229314,1.3486273,-0.037899785,1.0
166,9,0.008957984,1.3902135,-0.08014396,1.0
166,10,-0.03436557,1.3494941,-0.11478947,1.0
166,11,0.101859115,1.2681729,0.07967079,1.0
166,12,-0.09742404,1.2908512,0.058625154,1.0
166,13,0.13201323,1.3027198,0.034415886,1.0
166,14,-0.05446197,1.0640675,-0.055831462,1.0
166,15,-0.040375594,1.3614762,0.0692277,1.0
166,16,0.08142622,0.97106177,-0.12754267,1.0
166,17,-0.093760006,1.3722608,0.06887604,1.0
166,18,0.15176861,0.9549129,-0.18116966,1.0
166,19,-0.11805985,1.3801169,0.09549801,1.0
166,20,0.1826343,1.0023955,-0.15973735,1.0
166,21,-0.0488882,1.3512175,0.08009649,1.0
166,22,0.107149735,0.9911604,-0.12480105,1.0
166,23,0.073532425,0.7606031,0.06461982,1.0
166,24,-0.07188084,0.7695225,-0.06098219,1.0
166,25,0.1527266,0.38289434,-0.014187969,1.0
166,26,0.005690165,0.46632504,-0.13354212,1.0
166,27,0.1299364,0.07207465,0.120389946,1.0
166,28,-0.056937292,0.0682199,-0.05937484,1.0
166,29,0.09973533,0.04507278,0.13719773,1.0
166,30,-0.056973293,0.030625924,-0.090817526,1.0
166,31,0.15712002,0.0048289,0.13242793,1.0
166,32,-0.015540708,0.020997737,-0.152847,1.0
167,0,-0.04684641,1.4082389,-0.11111443,1.0
167,1,-0.029221235,1.4259838,-0.10615274,1.0
167,2,-0.043248713,1.427703,-0.09067166,1.0
167,3,-0.03756489,1.4335551,-0.09220171,1.0
167,4,-0.061838564,1.4344527,-0.12113584,1.0
167,5,-0.054047443,1.4344767,-0.14217205,1.0
167,6,-0.048903413,1.4246615,-0.11261737,1.0
167,7,0.017077083,1.4233197,-0.020620955,1.0
167,8,-0.10388074,1.3581369,-0.020066202,1.0
167,9,-0.005768195,1.4050248,-0.07428598,1.0
167,10,-0.0468004,1.3636843,-0.10893112,1.0
167,11,0.09904092,1.2869774,0.059298575,1.0
167,12,-0.11483383,1.2955215,0.08198926,1.0
167,13,0.13413705,1.3084097,-0.052321117,1.0
167,14,-0.05661447,1.0755635,-0.025860831,1.0
167,15,-0.04944609,1.3363616,-0.031458102,1.0
167,16,0.07695499,0.981248,-0.1034508,1.0
167,17,-0.11961772,1.3587216,-0.024065074,1.0
167,18,0.15360627,0.9681744,-0.14915146,1.0
167,19,-0.13517123,1.384256,-0.010852445,1.0
167,20,0.18528922,1.0167116,-0.1456938,1.0
167,21,-0.06209271,1.3259374,-0.020635372,1.0
167,22,0.10406397,0.99434996,-0.11169719,1.0
167,23,0.07603136,0.7799088,0.05311957,1.0
167,24,-0.07374582,0.780306,-0.051060997,1.0
167,25,0.1686086,0.4069391,-0.032207884,1.0
167,26,0.006643392,0.47625726,-0.1316252,1.0
167,27,0.15150352,0.091689676,0.09742478,1.0
167,28,-0.03982128,0.07801202,-0.05109767,1.0
167,29,0.12646033,0.05965267,0.11217044,1.0
167,30,-0.046595257,0.044546545,-0.08482064,1.0
167,31,0.16454238,0.018877357,0.11911328,1.0
167,32,-0.01411476,0.01799733,-0.14455928,1.0
168,0,-0.04328055,1.4081367,-0.1250096,1.0
168,1,-0.027787078,1.4238522,-0.12012078,1.0
168,2,-0.03805084,1.4282378,-0.10626032,1.0
168,3,-0.03394584,1.4310336,-0.109063596,1.0
168,4,-0.05588493,1.4321157,-0.13347764,1.0
168,5,-0.0503051,1.4325182,-0.15518954,1.0
168,6,-0.04685861,1.4233736,-0.12199408,1.0
168,7,0.01927703,1.4202222,-0.034115456,1.0
168,8,-0.10232016,1.3572763,-0.023466438,1.0
168,9,-0.0016501856,1.4036869,-0.0912962,1.0
168,10,-0.040680245,1.3619796,-0.11821864,1.0
168,11,0.100473434,1.2953942,0.064278066,1.0
168,12,-0.110535614,1.2927225,0.07244702,1.0
168,13,0.13648042,1.3389329,-0.021934532,1.0
168,14,-0.050999127,1.0711122,-0.028775364,1.0
168,15,-0.033987958,1.3450859,0.0071255765,1.0
168,16,0.081334755,0.9801172,-0.11639021,1.0
168,17,-0.09614505,1.3504566,0.014494754,1.0
168,18,0.157159,0.97034407,-0.16171758,1.0
168,19,-0.115037635,1.3664912,0.026986679,1.0
168,20,0.18592304,1.0196732,-0.15712619,1.0
168,21,-0.046190143,1.3275532,0.018237693,1.0
168,22,0.107446775,0.9963653,-0.121435374,1.0
168,23,0.07581438,0.7793077,0.05284633,1.0
168,24,-0.07434951,0.7770899,-0.051106293,1.0
168,25,0.16715536,0.40225765,-0.023405235,1.0
168,26,0.005889803,0.47377834,-0.11563696,1.0
168,27,0.15217672,0.084427565,0.10078658,1.0
168,28,-0.037882175,0.07434672,-0.033867925,1.0
168,29,0.12860334,0.051424127,0.11656953,1.0
168,30,-0.046244763,0.040492166,-0.06535621,1.0
168,31,0.16670504,0.013498656,0.12366961,1.0
168,32,-0.00848382,0.011773754,-0.11883404,1.0
169,0,-0.04001429,1.4062047,-0.16214535,1.0
169,1,-0.028989382,1.4276005,-0.15191284,1.0
169,2,-0.021802172,1.4265804,-0.14052072,1.0
169,3,-0.024613418,1.4247684,-0.14551634,1.0
169,4,-0.047258742,1.434603,-0.16524753,1.0
169,5,-0.04409339,1.4313825,-0.17855501,1.0
169,6,-0.041273966,1.4170579,-0.15927361,1.0
169,7,0.033399463,1.4131418,-0.05165666,1.0
169,8,-0.10188456,1.355956,-0.049960732,1.0
169,9,0.003933319,1.3976537,-0.119802795,1.0
169,10,-0.037100226,1.358137,-0.14421578,1.0
169,11,0.11071306,1.294723,0.05938754,1.0
169,12,-0.101564765,1.2901313,0.051180556,1.0
169,13,0.14747463,1.3873473,-2.656132e-06,1.0
169,14,-0.048520923,1.0649145,-0.04083305,1.0
169,15,-0.017851477,1.3823385,0.08503602,1.0
169,16,0.08935148,0.98047936,-0.12610358,1.0
169,17,-0.066219196,1.3662912,0.087648004,1.0
169,18,0.16438021,0.97466767,-0.1803313,1.0
169,19,-0.090525,1.3668916,0.101410806,1.0
169,20,0.19192368,1.0236254,-0.16555437,1.0
169,21,-0.022639465,1.3648245,0.0909221,1.0
169,22,0.11264632,1.0030516,-0.12632865,1.0
169,23,0.073738486,0.77276963,0.054005444,1.0
169,24,-0.07432975,0.77305156,-0.054258727,1.0
169,25,0.17406353,0.3943576,-0.002514951,1.0
169,26,0.0140675455,0.47039208,-0.10845159,1.0
169,27,0.15095814,0.07827318,0.14051884,1.0
169,28,-0.03902098,0.05461195,-0.021981262,1.0
169,29,0.12403871,0.049553365,0.16105922,1.0
169,30,-0.041216906,0.0150886,-0.051092982,1.0
169,31,0.15915081,0.0064883307,0.15899228,1.0
169,32,-0.0023657493,0.0,-0.1083962,1.0
170,0,-0.034477413,1.4106653,-0.18374838,1.0
170,1,-0.025373727,1.4303067,-0.17516899,1.0
170,2,-0.020835377,1.4220343,-0.16425537,1.0
170,3,-0.029394688,1.4251645,-0.16462626,1.0
170,4,-0.049210556,1.4254236,-0.18653484,1.0
170,5,-0.04540566,1.4293802,-0.1905326,1.0
170,6,-0.039165698,1.4205117,-0.18199645,1.0
170,7,0.02947085,1.4266016,-0.06965122,1.0
170,8,-0.09659041,1.3650134,-0.07481872,1.0
170,9,0.0036505477,1.405781,-0.13995601,1.0
170,10,-0.03086636,1.3657343,-0.165267,1.0
170,11,0.11756498,1.3099879,0.060378592,1.0
170,12,-0.09644222,1.2895241,0.027894745,1.0
170,13,0.16063863,1.4136016,0.018946463,1.0
170,14,-0.047497384,1.059061,-0.040128727,1.0
170,15,-0.0058512352,1.3985858,0.09815098,1.0
170,16,0.09994818,0.9877824,-0.11909992,1.0
170,17,-0.057004552,1.375032,0.10111298,1.0
170,18,0.1691628,0.9791238,-0.1615897,1.0
170,19,-0.070440985,1.3734446,0.11725355,1.0
170,20,0.20025876,1.0375633,-0.15380684,1.0
170,21,-0.0057813553,1.3776135,0.104982734,1.0
170,22,0.12006854,1.0042667,-0.122484684,1.0
170,23,0.06857659,0.775188,0.060278468,1.0
170,24,-0.0729201,0.7715467,-0.056964137,1.0
170,25,0.1740144,0.40317363,-0.001962319,1.0
170,26,0.016140595,0.46972555,-0.09919289,1.0
170,27,0.13990818,0.111162245,0.16061606,1.0
170,28,-0.045212187,0.055519164,0.008807622,1.0
170,29,0.10697849,0.081880614,0.17578319,1.0
170,30,-0.049443413,0.018747572,-0.016145175,1.0
170,31,0.12318932,0.03640893,0.18806028,1.0
170,32,-0.0043330677,0.003946783,-0.051242687,1.0
171,0,-0.039021596,1.41693,-0.19002551,1.0
171,1,-0.028085003,1.434973,-0.18019018,1.0
171,2,-0.02278503,1.4298823,-0.17205171,1.0
171,3,-0.029182231,1.4310346,-0.17265959,1.0
171,4,-0.05308737,1.4344666,-0.19402424,1.0
171,5,-0.049281582,1.4374807,-0.20193835,1.0
171,6,-0.04549987,1.4238956,-0.18799318,1.0
171,7,0.027407583,1.4318955,-0.07691178,1.0
171,8,-0.10205767,1.3691797,-0.08547017,1.0
171,9,0.003320494,1.4103458,-0.14648637,1.0
171,10,-0.033858404,1.3688188,-0.17003363,1.0
171,11,0.11250243,1.3205096,0.06296171,1.0
171,12,-0.09842906,1.2964234,0.012972698,1.0
171,13,0.16986403,1.4258007,0.043895073,1.0
171,14,-0.041956082,1.0618448,-0.044863105,1.0
171,15,0.019595796,1.41322,0.15126818,1.0
171,16,0.108041115,0.9941732,-0.116578236,1.0
171,17,-0.036184847,1.3863728,0.15521766,1.0
171,18,0.17605771,0.98645926,-0.16297938,1.0
171,19,-0.05482101,1.3810844,0.16599818,1.0
171,20,0.20210604,1.042208,-0.15319924,1.0
171,21,0.016473833,1.3891432,0.15494283,1.0
171,22,0.12571248,1.0119414,-0.11815631,1.0
171,23,0.07096191,0.77810144,0.057961226,1.0
171,24,-0.0732021,0.77414966,-0.055683374,1.0
171,25,0.17230622,0.40502375,0.013176184,1.0
171,26,0.017097682,0.47183087,-0.081912965,1.0
171,27,0.14040244,0.106224775,0.165618,1.0
171,28,-0.047825113,0.05028692,0.021913819,1.0
171,29,0.1093615,0.07706146,0.18205082,1.0
171,30,-0.05196989,0.012141265,-0.0036528725,1.0
171,31,0.12876543,0.034218326,0.19299848,1.0
171,32,-0.0030906424,0.0,-0.04075653,1.0
172,0,-0.044642504,1.4148015,-0.189311,1.0
172,1,-0.028890138,1.433219,-0.17923574,1.0
172,2,-0.032706846,1.4313793,-0.1688818,1.0
172,3,-0.03106259,1.4347975,-0.16979523,1.0
172,4,-0.059591383,1.4394583,-0.19222759,1.0
172,5,-0.05412001,1.4402156,-0.20849141,1.0
172,6,-0.04920306,1.4242418,-0.18557182,1.0
172,7,0.017331455,1.4362077,-0.08508973,1.0
172,8,-0.105874665,1.3657887,-0.08971987,1.0
172,9,-0.0014235566,1.4099069,-0.14385577,1.0
172,10,-0.040796347,1.3703783,-0.16866949,1.0
172,11,0.10602492,1.3267546,0.06633553,1.0
172,12,-0.101374075,1.298888,0.002467847,1.0
172,13,0.18185994,1.435001,0.048218295,1.0
172,14,-0.03408108,1.062676,-0.048105143,1.0
172,15,0.051598754,1.4167907,0.14727738,1.0
172,16,0.11035794,0.99923325,-0.09098323,1.0
172,17,-0.0022002917,1.3885471,0.16005221,1.0
172,18,0.17992261,0.9940648,-0.13623798,1.0
172,19,-0.019530095,1.3853717,0.16654235,1.0
172,20,0.20276988,1.0466404,-0.12868975,1.0
172,21,0.047065333,1.388108,0.15203011,1.0
172,22,0.12970836,1.0162191,-0.093199685,1.0
172,23,0.07056179,0.7764671,0.059934363,1.0
172,24,-0.067599654,0.7736913,-0.057742067,1.0
172,25,0.17201364,0.40226358,0.015392504,1.0
172,26,0.019895703,0.4698137,-0.07446123,1.0
172,27,0.13782574,0.106464446,0.15911107,1.0
172,28,-0.04460299,0.045235604,0.030605145,1.0
172,29,0.10607956,0.07952375,0.17580655,1.0
172,30,-0.048856765,0.007579822,0.0042522177,1.0
172,31,0.1238374,0.037189215,0.19918983,1.0
172,32,-0.0015898529,0.0,-0.028226983,1.0
173,0,-0.048843652,1.4157374,-0.18705691,1.0
173,1,-0.032285452,1.4318697,-0.17937115,1.0
173,2,-0.038937822,1.4336989,-0.16471668,1.0
173,3,-0.03644049,1.4352872,-0.16919021,1.0
173,4,-0.06531138,1.4415896,-0.19205186,1.0
173,5,-0.058147922,1.4397783,-0.20927903,1.0
173,6,-0.05303742,1.4250698,-0.18341577,1.0
173,7,0.011158741,1.4385564,-0.08220659,1.0
173,8,-0.11010473,1.3666177,-0.09166668,1.0
173,9,-0.0068874652,1.4143009,-0.14345951,1.0
173,10,-0.044178803,1.3734808,-0.16866206,1.0
173,11,0.10737315,1.3312247,0.06894343,1.0
173,12,-0.10011712,1.3027487,-0.0034791692,1.0
173,13,0.19698521,1.4403267,0.061193176,1.0
173,14,-0.028060203,1.0655118,-0.045037113,1.0
173,15,0.06999926,1.423887,0.16708016,1.0
173,16,0.10654007,0.99961364,-0.08086392,1.0
173,17,0.01620742,1.3984194,0.17990662,1.0
173,18,0.17779252,0.9983285,-0.12339687,1.0
173,19,-0.0041950895,1.3936183,0.19160584,1.0
173,20,0.20046674,1.0480635,-0.115938574,1.0
173,21,0.063737646,1.3973613,0.17205523,1.0
173,22,0.1279628,1.0166094,-0.0819928,1.0
173,23,0.07058876,0.78008574,0.058849167,1.0
173,24,-0.06693773,0.77720284,-0.05732306,1.0
173,25,0.17188922,0.40436548,0.015672531,1.0
173,26,0.017448053,0.4743754,-0.06620047,1.0
173,27,0.14605686,0.10789431,0.14918366,1.0
173,28,-0.045651533,0.06670299,0.052221835,1.0
173,29,0.11842893,0.07761929,0.16187422,1.0
173,30,-0.052529566,0.031696446,0.028244367,1.0
173,31,0.13574842,0.038386926,0.18386188,1.0
173,32,-0.004495959,0.0059231385,0.0056269937,1.0
174,0,-0.048287496,1.4144826,-0.19622192,1.0
174,1,-0.033766128,1.4327414,-0.19012676,1.0
174,2,-0.04064502,1.4353622,-0.17504513,1.0
174,3,-0.03860091,1.436726,-0.17943384,1.0
174,4,-0.06456792,1.4399588,-0.2032467,1.0
174,5,-0.059768736,1.4386814,-0.21786933,1.0
174,6,-0.05357531,1.4252374,-0.19169593,1.0
174,7,0.0113586355,1.4396592,-0.092256315,1.0
174,8,-0.11017404,1.3703766,-0.099302225,1.0
174,9,-0.007654207,1.4170052,-0.15527225,1.0
174,10,-0.042595692,1.3745139,-0.17869845,1.0
174,11,0.105413094,1.3338964,0.06974991,1.0
174,12,-0.100658715,1.3037393,-0.012106425,1.0
174,13,0.19682002,1.4550617,0.07880749,1.0
174,14,-0.025651904,1.069173,-0.04466877,1.0
174,15,0.08362073,1.4348415,0.20784713,1.0
174,16,0.10878154,1.0025889,-0.08149454,1.0
174,17,0.033544973,1.4115063,0.22411953,1.0
174,18,0.18064842,1.002701,-0.122328214,1.0
174,19,0.013881086,1.4072577,0.23174742,1.0
174,20,0.20094961,1.0502822,-0.11462715,1.0
174,21,0.08078416,1.4106828,0.21420068,1.0
174,22,0.12869659,1.0192409,-0.07983224,1.0
174,23,0.0684689,0.7829597,0.05916001,1.0
174,24,-0.06542002,0.777913,-0.057555728,1.0
174,25,0.17955884,0.4071427,0.025534257,1.0
174,26,0.023744702,0.47499156,-0.071886495,1.0
174,27,0.14475247,0.11286613,0.1537987,1.0
174,28,-0.040287867,0.067486405,0.038588025,1.0
174,29,0.117465764,0.083150804,0.16961099,1.0
174,30,-0.048605565,0.03277019,0.012710715,1.0
174,31,0.13437995,0.044587046,0.1904269,1.0
174,32,0.001479663,0.0061550923,-0.014137115,1.0
175,0,-0.048684657,1.4138136,-0.21522206,1.0
175,1,-0.037757993,1.4323285,-0.20859136,1.0
175,2,-0.037185695,1.438748,-0.19497411,1.0
175,3,-0.03810222,1.4332719,-0.20141198,1.0
175,4,-0.060424056,1.4385872,-0.22263186,1.0
175,5,-0.0581551,1.4363813,-0.234222,1.0
175,6,-0.054700494,1.4201081,-0.21031667,1.0
175,7,0.014991979,1.4369819,-0.1122471,1.0
175,8,-0.112163395,1.3655858,-0.11790783,1.0
175,9,-0.0062154145,1.4152205,-0.17375168,1.0
175,10,-0.03910221,1.3709142,-0.19480243,1.0
175,11,0.10532692,1.3341751,0.05736981,1.0
175,12,-0.09431842,1.300503,-0.024963815,1.0
175,13,0.19627115,1.4686257,0.08256115,1.0
175,14,-0.010860534,1.0711814,-0.0504791,1.0
175,15,0.090074345,1.4478126,0.24868125,1.0
175,16,0.115982905,1.0039495,-0.083924815,1.0
175,17,0.044908617,1.4236525,0.26550698,1.0
175,18,0.1841491,1.0045719,-0.12717627,1.0
175,19,0.0215723,1.4145856,0.27219185,1.0
175,20,0.200508,1.0486791,-0.11559926,1.0
175,21,0.087520845,1.4258631,0.25317353,1.0
175,22,0.13076912,1.0239525,-0.07971301,1.0
175,23,0.067517444,0.78435385,0.057105623,1.0
175,24,-0.06327458,0.7768516,-0.05682444,1.0
175,25,0.18833664,0.40858546,0.02604252,1.0
175,26,0.032793507,0.4746281,-0.075634405,1.0
175,27,0.14111438,0.13170761,0.15466613,1.0
175,28,-0.04059854,0.06832042,0.031744078,1.0
175,29,0.11722763,0.10465481,0.17641068,1.0
175,30,-0.04712456,0.03178159,0.006588867,1.0
175,31,0.12795585,0.06690574,0.19237237,1.0
175,32,0.0033413842,0.0044760033,-0.024318462,1.0
176,0,-0.046757177,1.4089907,-0.22103986,1.0
176,1,-0.039083794,1.427749,-0.21292354,1.0
176,2,-0.032769628,1.4295346,-0.20060185,1.0
176,3,-0.036337566,1.4250759,-0.20726867,1.0
176,4,-0.05966408,1.4350545,-0.22580619,1.0
176,5,-0.05827272,1.4313012,-0.23656581,1.0
176,6,-0.054000065,1.4137474,-0.21758834,1.0
176,7,0.013360022,1.4303998,-0.11491464,1.0
176,8,-0.10976136,1.3543752,-0.12746547,1.0
176,9,-0.004714963,1.4073668,-0.17429817,1.0
176,10,-0.0417775,1.3623637,-0.19993418,1.0
176,11,0.10737033,1.3282907,0.05353111,1.0
176,12,-0.08549325,1.2958578,-0.036367916,1.0
176,13,0.19913918,1.4703097,0.09675829,1.0
176,14,-0.0072067697,1.0659205,-0.054518983,1.0
176,15,0.095435254,1.4573586,0.28434104,1.0
176,16,0.113116406,0.99777704,-0.087266386,1.0
176,17,0.046684623,1.4316642,0.30141237,1.0
176,18,0.1801001,0.9994702,-0.1358138,1.0
176,19,0.023246862,1.4211646,0.3068144,1.0
176,20,0.1993329,1.0470392,-0.12251635,1.0
176,21,0.09281502,1.432732,0.2859503,1.0
176,22,0.12839003,1.0206914,-0.083956756,1.0
176,23,0.06493159,0.7783223,0.060339447,1.0
176,24,-0.060246468,0.77195174,-0.056869198,1.0
176,25,0.18971059,0.4086888,0.025333405,1.0
176,26,0.038193308,0.46951014,-0.07388717,1.0
176,27,0.11955525,0.20276713,0.16966969,1.0
176,28,-0.04594394,0.056097217,0.026489927,1.0
176,29,0.08710624,0.18652362,0.19491233,1.0
176,30,-0.046254802,0.015691247,0.002763607,1.0
176,31,0.084571935,0.15861124,0.21626112,1.0
176,32,0.0048314743,0.0,-0.031586003,1.0
177,0,-0.046184186,1.411269,-0.23036274,1.0
177,1,-0.038308453,1.4305623,-0.22507185,1.0
177,2,-0.037498374,1.4271693,-0.2113794,1.0
177,3,-0.040331442,1.4303093,-0.21538374,1.0
177,4,-0.065404795,1.4310274,-0.23603742,1.0
177,5,-0.06448266,1.4318128,-0.24214612,1.0
177,6,-0.05752624,1.4187651,-0.22520077,1.0
177,7,0.007954749,1.4374163,-0.13070929,1.0
177,8,-0.10759438,1.358504,-0.13523896,1.0
177,9,-0.0058582705,1.4160848,-0.18790302,1.0
177,10,-0.040555768,1.3678758,-0.20894903,1.0
177,11,0.10776861,1.3350701,0.036005802,1.0
177,12,-0.08296189,1.3000135,-0.03955514,1.0
177,13,0.19732738,1.4808412,0.10018462,1.0
177,14,-0.009459838,1.0747044,-0.05360342,1.0
177,15,0.095412716,1.4587847,0.2800579,1.0
177,16,0.11198012,1.0060381,-0.10143831,1.0
177,17,0.043555316,1.4322839,0.29840672,1.0
177,18,0.1757969,1.0010163,-0.15082918,1.0
177,19,0.026537362,1.4269934,0.29827693,1.0
177,20,0.1990349,1.0510881,-0.14263073,1.0
177,21,0.09717131,1.4340134,0.28326678,1.0
177,22,0.12936416,1.0227463,-0.10047252,1.0
177,23,0.06021521,0.78297347,0.064052664,1.0
177,24,-0.060738686,0.7759188,-0.058011696,1.0
177,25,0.19088899,0.4148033,0.025661513,1.0
177,26,0.03577208,0.47100282,-0.07461276,1.0
177,27,0.11945332,0.20971309,0.1835284,1.0
177,28,-0.04338688,0.055372477,0.020639867,1.0
177,29,0.08458177,0.19041388,0.20479229,1.0
177,30,-0.048878364,0.015613817,-0.0025376007,1.0
177,31,0.0942711,0.16363652,0.23270811,1.0
177,32,0.004822403,0.0,-0.030902486,1.0
178,0,-0.05166392,1.4021821,-0.24132174,1.0
178,1,-0.043280344,1.4220097,-0.23697063,1.0
178,2,-0.046124652,1.422859,-0.22105715,1.0
178,3,-0.045436997,1.4213867,-0.22656208,1.0
178,4,-0.07007159,1.4237251,-0.24617964,1.0
178,5,-0.06763891,1.4220257,-0.25390673,1.0
178,6,-0.06205173,1.4094048,-0.23299527,1.0
178,7,0.007197548,1.43366,-0.14801325,1.0
178,8,-0.108474195,1.347034,-0.1359643,1.0
178,9,-0.0068172533,1.4081782,-0.19889022,1.0
178,10,-0.039037485,1.3601539,-0.21813309,1.0
178,11,0.115995616,1.3374441,0.020253532,1.0
178,12,-0.08065042,1.297066,-0.034561418,1.0
178,13,0.2120465,1.4863696,0.09639245,1.0
178,14,-0.008488538,1.0746155,-0.051442884,1.0
178,15,0.1066865,1.4566028,0.27089596,1.0
178,16,0.10625806,1.000416,-0.10262273,1.0
178,17,0.055983942,1.4326254,0.28992504,1.0
178,18,0.1701389,0.9941716,-0.15542854,1.0
178,19,0.037065312,1.426938,0.2932793,1.0
178,20,0.19469938,1.0423685,-0.14494653,1.0
178,21,0.10609274,1.4346168,0.27433068,1.0
178,22,0.1269409,1.0157673,-0.1019909,1.0
178,23,0.062859155,0.78360355,0.061160292,1.0
178,24,-0.059483685,0.77644396,-0.056407128,1.0
178,25,0.1888591,0.41404402,0.0223062,1.0
178,26,0.031973206,0.46869114,-0.07853784,1.0
178,27,0.12207829,0.18483524,0.17880565,1.0
178,28,-0.04373177,0.059161216,0.020435415,1.0
178,29,0.08854602,0.16171955,0.19994132,1.0
178,30,-0.050528903,0.020631798,-0.0031766444,1.0
178,31,0.098786086,0.13146037,0.2280352,1.0
178,32,-0.0062585585,0.0,-0.033157274,1.0
179,0,-0.05078946,1.4005412,-0.24143277,1.0
179,1,-0.04443832,1.4187255,-0.23812924,1.0
179,2,-0.04626469,1.4221746,-0.22172475,1.0
179,3,-0.04581744,1.4181354,-0.2287082,1.0
179,4,-0.0694945,1.4240742,-0.24848862,1.0
179,5,-0.06650624,1.4191821,-0.26077688,1.0
179,6,-0.062318496,1.4069488,-0.23487109,1.0
179,7,0.008557646,1.4319739,-0.14652501,1.0
179,8,-0.10963596,1.3437933,-0.13836387,1.0
179,9,-0.0060586166,1.4061388,-0.19947235,1.0
179,10,-0.03826817,1.3563057,-0.22051142,1.0
179,11,0.11838147,1.3393521,0.023235664,1.0
179,12,-0.07553987,1.2978475,-0.035009988,1.0
179,13,0.22096045,1.4872477,0.090571105,1.0
179,14,-0.008636914,1.0762116,-0.052416757,1.0
179,15,0.114194274,1.4616165,0.25199914,1.0
179,16,0.10420259,0.9994965,-0.106542364,1.0
179,17,0.06529163,1.4379799,0.26901823,1.0
179,18,0.16957591,0.99621624,-0.16205375,1.0
179,19,0.04191852,1.4346526,0.27920035,1.0
179,20,0.19206688,1.0434186,-0.15099023,1.0
179,21,0.110386774,1.4399328,0.25673473,1.0
179,22,0.12668258,1.0186076,-0.10715769,1.0
179,23,0.064352594,0.7842689,0.059276924,1.0
179,24,-0.060578674,0.777748,-0.05626128,1.0
179,25,0.19377834,0.41592342,0.021096792,1.0
179,26,0.032911234,0.46861288,-0.08121333,1.0
179,27,0.12451931,0.17769432,0.17691393,1.0
179,28,-0.044447318,0.061886877,0.016557358,1.0
179,29,0.09121612,0.1522606,0.19766635,1.0
179,30,-0.053844523,0.025019586,-0.0076319966,1.0
179,31,0.10113675,0.12648292,0.22733831,1.0
179,32,-0.01033349,0.0,-0.03513676,1.0
180,0,-0.05178464,1.3990408,-0.23073494,1.0
180,1,-0.042999964,1.4147621,-0.22978528,1.0
180,2,-0.05190278,1.4227484,-0.21410847,1.0
180,3,-0.048729952,1.4196188,-0.21926643,1.0
180,4,-0.07246022,1.4204348,-0.24083954,1.0
180,5,-0.06849919,1.4165515,-0.25667995,1.0
180,6,-0.06435187,1.4056637,-0.22417997,1.0
180,7,0.0048794965,1.4320284,-0.14197096,1.0
180,8,-0.110987045,1.344869,-0.13287303,1.0
180,9,-0.008113325,1.40666,-0.19346601,1.0
180,10,-0.038440544,1.3555088,-0.21310292,1.0
180,11,0.11505507,1.3426942,0.032308094,1.0
180,12,-0.07694265,1.2968311,-0.03083277,1.0
180,13,0.22144957,1.4850564,0.07320596,1.0
180,14,-0.007974014,1.0797132,-0.052613497,1.0
180,15,0.11378552,1.4614158,0.20624915,1.0
180,16,0.10094062,1.0022382,-0.10571359,1.0
180,17,0.06322947,1.4371301,0.22137588,1.0
180,18,0.16450201,0.9979408,-0.15379643,1.0
180,19,0.040970955,1.435716,0.22701934,1.0
180,20,0.18369783,1.0439292,-0.14613765,1.0
180,21,0.10864699,1.4369744,0.21011102,1.0
180,22,0.12172544,1.0184678,-0.10548849,1.0
180,23,0.06455438,0.7846185,0.058613382,1.0
180,24,-0.06080474,0.7754946,-0.05692061,1.0
180,25,0.19398391,0.4140675,0.014523197,1.0
180,26,0.03310702,0.4671236,-0.08161043,1.0
180,27,0.13433859,0.1393716,0.1494635,1.0
180,28,-0.04247266,0.06533927,0.016310737,1.0
180,29,0.10694577,0.1086863,0.1670919,1.0
180,30,-0.053520422,0.030334283,-0.009000549,1.0
180,31,0.11321425,0.07983561,0.19221815,1.0
180,32,-0.009031993,0.0027952264,-0.036330216,1.0
181,0,-0.05038845,1.4002907,-0.23372403,1.0
181,1,-0.04559363,1.4198749,-0.23309025,1.0
181,2,-0.043468397,1.4185479,-0.21892668,1.0
181,3,-0.044996455,1.4187367,-0.22238939,1.0
181,4,-0.07151342,1.4243276,-0.24176158,1.0
181,5,-0.06750233,1.4191325,-0.25561112,1.0
181,6,-0.06197194,1.4039695,-0.23347037,1.0
181,7,0.0044088187,1.4306524,-0.13881695,1.0
181,8,-0.11010627,1.3408215,-0.13585083,1.0
181,9,-0.006355305,1.4051068,-0.19248164,1.0
181,10,-0.04255964,1.3526733,-0.21558139,1.0
181,11,0.11572531,1.3411187,0.028055474,1.0
181,12,-0.07148616,1.2994945,-0.03841976,1.0
181,13,0.21886101,1.4865242,0.08982077,1.0
181,14,0.00043761916,1.0822041,-0.059005246,1.0
181,15,0.11601705,1.4738281,0.2341209,1.0
181,16,0.09992786,1.0029283,-0.10886401,1.0
181,17,0.06794123,1.4536121,0.24772689,1.0
181,18,0.16213267,0.9980389,-0.1659401,1.0
181,19,0.044540614,1.4520874,0.24878852,1.0
181,20,0.18365118,1.0459261,-0.15779057,1.0
181,21,0.11375479,1.4519413,0.23514368,1.0
181,22,0.119071834,1.0217297,-0.110591814,1.0
181,23,0.05984758,0.78076833,0.06382872,1.0
181,24,-0.05955883,0.7753899,-0.06027624,1.0
181,25,0.2005968,0.43134066,0.01666642,1.0
181,26,0.045625933,0.46608302,-0.08652836,1.0
181,27,0.124641635,0.1927022,0.16143146,1.0
181,28,-0.046051607,0.061169863,-0.0017944723,1.0
181,29,0.08980234,0.17117171,0.18023023,1.0
181,30,-0.05103717,0.022731572,-0.024793312,1.0
181,31,0.09961702,0.14126098,0.2050068,1.0
181,32,-0.004761136,0.00096951844,-0.05140782,1.0
182,0,-0.05249302,1.3997073,-0.22927925,1.0
182,1,-0.051040247,1.4199924,-0.22884285,1.0
182,2,-0.04773011,1.4206905,-0.2158045,1.0
182,3,-0.050996035,1.418788,-0.21951139,1.0
182,4,-0.073955536,1.4204586,-0.23914103,1.0
182,5,-0.07106474,1.418242,-0.24990334,1.0
182,6,-0.06719455,1.4026017,-0.22859898,1.0
182,7,0.0012812957,1.4309721,-0.13842404,1.0
182,8,-0.11232459,1.3424702,-0.13600138,1.0
182,9,-0.0067867925,1.4041374,-0.19068398,1.0
182,10,-0.040993735,1.3518081,-0.2116256,1.0
182,11,0.115653634,1.3460426,0.025282878,1.0
182,12,-0.07127887,1.2980096,-0.037323244,1.0
182,13,0.2161657,1.499899,0.08827083,1.0
182,14,0.0023933444,1.0818788,-0.06151834,1.0
182,15,0.11430972,1.4879159,0.23765364,1.0
182,16,0.101910464,1.0032923,-0.11514961,1.0
182,17,0.06876159,1.4689538,0.25199708,1.0
182,18,0.16209312,0.99855494,-0.16961262,1.0
182,19,0.043760158,1.4632266,0.25330397,1.0
182,20,0.1808988,1.0445921,-0.16071534,1.0
182,21,0.11155597,1.465625,0.24059778,1.0
182,22,0.11919711,1.0222461,-0.11341227,1.0
182,23,0.06102227,0.7824364,0.062339142,1.0
182,24,-0.060810883,0.77408856,-0.059271634,1.0
182,25,0.20835973,0.4318135,0.0069413558,1.0
182,26,0.04312891,0.46412995,-0.09256463,1.0
182,27,0.12489433,0.18450965,0.14811102,1.0
182,28,-0.051327627,0.060873747,-0.00680843,1.0
182,29,0.091303125,0.16173865,0.16866837,1.0
182,30,-0.05922976,0.02326651,-0.029899841,1.0
182,31,0.10320845,0.12865786,0.18801196,1.0
182,32,-0.014189493,0.0016246736,-0.05444678,1.0
183,0,-0.05391999,1.3986979,-0.22611967,1.0
183,1,-0.052415144,1.4176056,-0.22538005,1.0
183,2,-0.053943273,1.4219866,-0.21277127,1.0
183,3,-0.054279625,1.4178302,-0.21529353,1.0
183,4,-0.076416284,1.4186335,-0.23611033,1.0
183,5,-0.07087041,1.4174387,-0.24801081,1.0
183,6,-0.06856828,1.400348,-0.22476307,1.0
183,7,-0.0041576275,1.4299786,-0.1389637,1.0
183,8,-0.11256806,1.3394988,-0.13494316,1.0
183,9,-0.006795894,1.4013186,-0.18778032,1.0
183,10,-0.03918013,1.3497591,-0.20849368,1.0
183,11,0.113068566,1.3448606,0.02884676,1.0
183,12,-0.072064444,1.2955668,-0.035069678,1.0
183,13,0.21796948,1.5008774,0.0887862,1.0
183,14,0.0059427563,1.0837635,-0.06462743,1.0
183,15,0.11648677,1.4979897,0.24419466,1.0
183,16,0.102878906,1.0049726,-0.11634338,1.0
183,17,0.06675416,1.4830518,0.2630568,1.0
183,18,0.1587089,0.9992437,-0.17024386,1.0
183,19,0.04302151,1.4786592,0.26019529,1.0
183,20,0.17468232,1.0421214,-0.16265361,1.0
183,21,0.10999718,1.4756954,0.24573669,1.0
183,22,0.11678411,1.0215864,-0.11684424,1.0
183,23,0.062471,0.7810595,0.062590525,1.0
183,24,-0.058358047,0.7721725,-0.06058786,1.0
183,25,0.20982243,0.42824495,0.0015867017,1.0
183,26,0.04439472,0.4585573,-0.09995301,1.0
183,27,0.12916717,0.14623371,0.1392056,1.0
183,28,-0.0507588,0.05355098,-0.023940505,1.0
183,29,0.09728349,0.11888833,0.1600807,1.0
183,30,-0.059832394,0.016776789,-0.05041063,1.0
183,31,0.11457927,0.08864005,0.177806,1.0
183,32,-0.013218607,0.0,-0.08033149,1.0
184,0,-0.055250507,1.3978615,-0.23024492,1.0
184,1,-0.056407854,1.4180737,-0.22862154,1.0
184,2,-0.0579143,1.4206402,-0.21564457,1.0
184,3,-0.057798762,1.4164989,-0.22027591,1.0
184,4,-0.080350116,1.4184601,-0.23967816,1.0
184,5,-0.0755118,1.417177,-0.25021097,1.0
184,6,-0.07183051,1.4009612,-0.22759819,1.0
184,7,-0.0060920496,1.4298751,-0.13942315,1.0
184,8,-0.11719876,1.3369777,-0.13709712,1.0
184,9,-0.0066289827,1.4007545,-0.19076234,1.0
184,10,-0.038332347,1.3496726,-0.21329041,1.0
184,11,0.113482684,1.3435984,0.026796255,1.0
184,12,-0.0722532,1.2916613,-0.034585934,1.0
184,13,0.21672435,1.5086749,0.08865931,1.0
184,14,0.0043923855,1.0823746,-0.06305614,1.0
184,15,0.11425424,1.508578,0.26246047,1.0
184,16,0.09769972,1.0056293,-0.114079624,1.0
184,17,0.068406984,1.4957671,0.28316706,1.0
184,18,0.15308006,0.999556,-0.16805637,1.0
184,19,0.041128222,1.4924364,0.28370193,1.0
184,20,0.17028345,1.0439773,-0.15977876,1.0
184,21,0.10835116,1.4874914,0.2669259,1.0
184,22,0.112685375,1.021003,-0.11541201,1.0
184,23,0.06286309,0.7795969,0.062592335,1.0
184,24,-0.05845569,0.77137643,-0.060317352,1.0
184,25,0.20831606,0.42702585,0.0028067417,1.0
184,26,0.036565058,0.4581632,-0.10345258,1.0
184,27,0.12929294,0.14374843,0.14138909,1.0
184,28,-0.06327205,0.059350938,-0.022649981,1.0
184,29,0.09625839,0.11632986,0.16067056,1.0
184,30,-0.07380375,0.023975186,-0.048922658,1.0
184,31,0.11470978,0.08617869,0.17877501,1.0
184,32,-0.029732224,0.0,-0.07892005,1.0
185,0,-0.05629997,1.3971822,-0.23436157,1.0
185,1,-0.056102753,1.4178897,-0.23248903,1.0
185,2,-0.054094225,1.4189203,-0.2193037,1.0
185,3,-0.05521929,1.4179184,-0.22333632,1.0
185,4,-0.077958405,1.4214957,-0.24301374,1.0
185,5,-0.076388866,1.4178946,-0.25357223,1.0
185,6,-0.070636675,1.4023365,-0.23112015,1.0
185,7,-0.003257684,1.4291435,-0.1412106,1.0
185,8,-0.11585736,1.33688,-0.14087644,1.0
185,9,-0.0057155197,1.4016211,-0.19363835,1.0
185,10,-0.04265898,1.3486302,-0.21420357,1.0
185,11,0.11559987,1.3468091,0.024993733,1.0
185,12,-0.06887473,1.2948968,-0.040048473,1.0
185,13,0.21491987,1.5077244,0.093665645,1.0
185,14,0.0017342884,1.0821048,-0.06366646,1.0
185,15,0.124683134,1.5029113,0.27466905,1.0
185,16,0.09483963,1.0060598,-0.11386426,1.0
185,17,0.08649182,1.4891803,0.29328775,1.0
185,18,0.15414418,1.0037713,-0.17056839,1.0
185,19,0.06345789,1.486562,0.29094023,1.0
185,20,0.17081451,1.0480199,-0.15817797,1.0
185,21,0.1264845,1.4835858,0.27764168,1.0
185,22,0.1120388,1.0261165,-0.11365391,1.0
185,23,0.060652297,0.7830844,0.06448567,1.0
185,24,-0.058623854,0.7742078,-0.061128274,1.0
185,25,0.20605657,0.43160453,0.0036852732,1.0
185,26,0.036332633,0.4624805,-0.105316535,1.0
185,27,0.12913477,0.1722849,0.14532533,1.0
185,28,-0.060679864,0.06196332,-0.023266964,1.0
185,29,0.09584704,0.1501474,0.16664858,1.0
185,30,-0.0694803,0.024715777,-0.047449656,1.0
185,31,0.10522713,0.11953245,0.18562877,1.0
185,32,-0.024999294,0.0,-0.076845266,1.0
186,0,-0.05935633,1.3993249,-0.23479433,1.0
186,1,-0.057572097,1.4167938,-0.23179752,1.0
186,2,-0.053430654,1.4215951,-0.21965949,1.0
186,3,-0.053942457,1.4190209,-0.22380777,1.0
186,4,-0.07827202,1.4254153,-0.24291462,1.0
186,5,-0.07666336,1.4189332,-0.2577546,1.0
186,6,-0.073047616,1.4032903,-0.2304497,1.0
186,7,-0.0020103715,1.4272472,-0.14345062,1.0
186,8,-0.1163332,1.3363734,-0.14363329,1.0
186,9,-0.006258676,1.4024501,-0.19399007,1.0
186,10,-0.045246046,1.3485031,-0.21315007,1.0
186,11,0.11445601,1.3488233,0.026440196,1.0
186,12,-0.065966785,1.2958531,-0.044189446,1.0
186,13,0.2100251,1.5085044,0.09780097,1.0
186,14,0.0021695662,1.0833715,-0.06585486,1.0
186,15,0.12245444,1.5053059,0.280388,1.0
186,16,0.094098836,1.007371,-0.115989745,1.0
186,17,0.085534036,1.4903238,0.29921067,1.0
186,18,0.15470915,1.0072535,-0.1727338,1.0
186,19,0.061352387,1.4860394,0.29580906,1.0
186,20,0.16898748,1.0513074,-0.15703689,1.0
186,21,0.12455118,1.4843134,0.28147587,1.0
186,22,0.11310294,1.0315889,-0.11304176,1.0
186,23,0.060722906,0.7850005,0.0635841,1.0
186,24,-0.05985157,0.7751418,-0.060974598,1.0
186,25,0.2008112,0.43248448,0.0043947436,1.0
186,26,0.033862248,0.46473795,-0.10560401,1.0
186,27,0.13348255,0.16135123,0.13251314,1.0
186,28,-0.0606711,0.0642063,-0.022873493,1.0
186,29,0.10328159,0.13665836,0.15250364,1.0
186,30,-0.069222406,0.026286978,-0.046108242,1.0
186,31,0.11307233,0.109100685,0.1676672,1.0
186,32,-0.024411958,0.0,-0.074869305,1.0
187,0,-0.057608612,1.401769,-0.2319077,1.0
187,1,-0.059859943,1.4205849,-0.22818172,1.0
187,2,-0.06099726,1.4210275,-0.21732724,1.0
187,3,-0.060546834,1.4213655,-0.21891916,1.0
187,4,-0.08233611,1.423312,-0.238961,1.0
187,5,-0.079977386,1.4205351,-0.25200418,1.0
187,6,-0.07346581,1.4067581,-0.2274276,1.0
187,7,-0.010658666,1.4319084,-0.14134565,1.0
187,8,-0.114865415,1.3385117,-0.13984299,1.0
187,9,-0.007886367,1.4050314,-0.18960044,1.0
187,10,-0.043368917,1.3517208,-0.21354067,1.0
187,11,0.112865955,1.3502033,0.02722536,1.0
187,12,-0.06773898,1.2955351,-0.04170336,1.0
187,13,0.20808929,1.5146413,0.10174823,1.0
187,14,3.4464523e-05,1.0844913,-0.06602837,1.0
187,15,0.12164396,1.5128679,0.28082913,1.0
187,16,0.09483361,1.0097471,-0.11072479,1.0
187,17,0.080370896,1.4998908,0.30260834,1.0
187,18,0.15377308,1.0067226,-0.16339447,1.0
187,19,0.06130198,1.498151,0.29757944,1.0
187,20,0.17107432,1.0541883,-0.15390038,1.0
187,21,0.12504837,1.4906828,0.28210828,1.0
187,22,0.11280159,1.0281513,-0.111552574,1.0
187,23,0.05991045,0.786192,0.06688025,1.0
187,24,-0.056947786,0.77503043,-0.06143851,1.0
187,25,0.1999864,0.4347645,0.0036567897,1.0
187,26,0.035925843,0.4634313,-0.10736787,1.0
187,27,0.13812293,0.16305232,0.13061242,1.0
187,28,-0.058096454,0.06341812,-0.023477314,1.0
187,29,0.107018314,0.13919704,0.14904001,1.0
187,30,-0.06577428,0.026820708,-0.048340145,1.0
187,31,0.11651985,0.113833755,0.16801059,1.0
187,32,-0.020437527,0.0,-0.07384725,1.0
188,0,-0.055740584,1.4055564,-0.2209605,1.0
188,1,-0.060601737,1.4275095,-0.22314294,1.0
188,2,-0.06891108,1.4269975,-0.21199058,1.0
188,3,-0.069583625,1.4273854,-0.2123962,1.0
188,4,-0.0841896,1.4151299,-0.23636046,1.0
188,5,-0.0826874,1.4236925,-0.23955236,1.0
188,6,-0.075692706,1.4123869,-0.21862975,1.0
188,7,-0.015474818,1.4405859,-0.13799223,1.0
188,8,-0.114745215,1.3517381,-0.13447446,1.0
188,9,-0.009445166,1.4124894,-0.18903627,1.0
188,10,-0.035664596,1.3594497,-0.21055993,1.0
188,11,0.11060427,1.356591,0.029037524,1.0
188,12,-0.07108803,1.295087,-0.03475502,1.0
188,13,0.2009336,1.5213424,0.10429631,1.0
188,14,-0.005194431,1.0936495,-0.07469337,1.0
188,15,0.11819857,1.5127819,0.2859841,1.0
188,16,0.09510356,1.0230192,-0.12895998,1.0
188,17,0.07909004,1.5054448,0.30803013,1.0
188,18,0.14999226,1.0143452,-0.17127836,1.0
188,19,0.06176877,1.5004723,0.30767876,1.0
188,20,0.1714455,1.0604525,-0.16830495,1.0
188,21,0.123332866,1.4911557,0.2952138,1.0
188,22,0.10956234,1.0323578,-0.12768176,1.0
188,23,0.060577586,0.79212886,0.06784106,1.0
188,24,-0.0558758,0.7749008,-0.061047457,1.0
188,25,0.19835943,0.43488622,0.0056338385,1.0
188,26,0.029727742,0.46213374,-0.10775602,1.0
188,27,0.14969477,0.14952293,0.12659536,1.0
188,28,-0.05618594,0.062404215,-0.019844867,1.0
188,29,0.1221651,0.12338467,0.14436524,1.0
188,30,-0.06910883,0.030361492,-0.048105102,1.0
188,31,0.13923538,0.10656525,0.16129744,1.0
188,32,-0.022659652,0.0025263354,-0.070009954,1.0
189,0,-0.06049636,1.4040717,-0.19651173,1.0
189,1,-0.06293259,1.424585,-0.19505416,1.0
189,2,-0.06277095,1.4329048,-0.18404669,1.0
189,3,-0.061540365,1.4265939,-0.18774682,1.0
189,4,-0.07946635,1.4283148,-0.21052319,1.0
189,5,-0.07797691,1.4262474,-0.2217906,1.0
189,6,-0.07589701,1.4060777,-0.19587097,1.0
189,7,-0.013395588,1.428872,-0.11451432,1.0
189,8,-0.11954095,1.3412997,-0.11951057,1.0
189,9,-0.0069955466,1.4042511,-0.16134171,1.0
189,10,-0.041706845,1.3514344,-0.18029916,1.0
189,11,0.10218642,1.3535856,0.052235197,1.0
189,12,-0.07131405,1.2971814,-0.032352015,1.0
189,13,0.1873002,1.5252237,0.119724676,1.0
189,14,0.0033560302,1.1008949,-0.07466605,1.0
189,15,0.11127708,1.5297363,0.29307234,1.0
189,16,0.09413198,1.0244957,-0.11288746,1.0
189,17,0.07810688,1.5210128,0.3143896,1.0
189,18,0.15270804,1.0232565,-0.16718929,1.0
189,19,0.052817926,1.5126868,0.30904433,1.0
189,20,0.16648538,1.0597054,-0.15307322,1.0
189,21,0.109642684,1.5090882,0.2953624,1.0
189,22,0.10706491,1.0446763,-0.109414235,1.0
189,23,0.06322875,0.7881269,0.06553927,1.0
189,24,-0.055057302,0.7766286,-0.06481874,1.0
189,25,0.20077091,0.422444,0.0029195696,1.0
189,26,0.03417991,0.4648986,-0.10521792,1.0
189,27,0.15857285,0.110010296,0.1044304,1.0
189,28,-0.049701154,0.0652813,-0.022224516,1.0
189,29,0.13505422,0.0836695,0.12562196,1.0
189,30,-0.05714754,0.02867534,-0.048922345,1.0
189,31,0.16628149,0.07049434,0.12723953,1.0
189,32,-0.0029470809,0.00054054335,-0.07689951,1.0
190,0,-0.06556573,1.3922877,-0.17656282,1.0
190,1,-0.06598977,1.409277,-0.17207631,1.0
190,2,-0.05947858,1.4167058,-0.1588441,1.0
190,3,-0.05824893,1.4105799,-0.16663563,1.0
190,4,-0.083849005,1.4244153,-0.18470082,1.0
190,5,-0.07808507,1.4148974,-0.2033369,1.0
190,6,-0.07693699,1.3911042,-0.17788413,1.0
190,7,-0.01667983,1.4094174,-0.08898343,1.0
190,8,-0.122314654,1.3168046,-0.10650778,1.0
190,9,-0.009068902,1.3860149,-0.1348041,1.0
190,10,-0.051623397,1.336504,-0.15740128,1.0
190,11,0.0974794,1.3347075,0.06717788,1.0
190,12,-0.0663394,1.2870742,-0.025682,1.0
190,13,0.16274476,1.5110568,0.12993911,1.0
190,14,-0.0011446476,1.1025608,-0.06149178,1.0
190,15,0.09035961,1.5217701,0.29169023,1.0
190,16,0.08590755,1.0149367,-0.089038685,1.0
190,17,0.059741758,1.5090978,0.31032848,1.0
190,18,0.14313765,1.0150604,-0.15028293,1.0
190,19,0.032587152,1.499645,0.30612683,1.0
190,20,0.15920378,1.0506034,-0.13011444,1.0
190,21,0.089949936,1.4986947,0.28990516,1.0
190,22,0.1033748,1.038877,-0.0858243,1.0
190,23,0.06268116,0.76892775,0.066662624,1.0
190,24,-0.054327913,0.7626365,-0.065460995,1.0
190,25,0.19846696,0.40134585,-0.0002008006,1.0
190,26,0.039077774,0.45264384,-0.10024311,1.0
190,27,0.15794227,0.09651402,0.106807604,1.0
190,28,-0.0475702,0.05761996,-0.0111692175,1.0
190,29,0.13122253,0.071407765,0.12621069,1.0
190,30,-0.049608286,0.01833031,-0.03213703,1.0
190,31,0.15916383,0.052780993,0.132709,1.0
190,32,0.0035140626,0.0,-0.058176108,1.0
191,0,-0.06530365,1.3944817,-0.17135683,1.0
191,1,-0.06826637,1.4113128,-0.1700985,1.0
191,2,-0.063390695,1.4123895,-0.15586028,1.0
191,3,-0.065775186,1.4100566,-0.16049998,1.0
191,4,-0.089946315,1.4174457,-0.18090834,1.0
191,5,-0.083644114,1.4107151,-0.1930174,1.0
191,6,-0.07972179,1.394975,-0.17382713,1.0
191,7,-0.020067506,1.4163053,-0.081723206,1.0
191,8,-0.122483805,1.3247523,-0.099885926,1.0
191,9,-0.015053787,1.3932207,-0.13204488,1.0
191,10,-0.0510528,1.3412466,-0.15713058,1.0
191,11,0.094836414,1.3365711,0.067925654,1.0
191,12,-0.06280646,1.285568,-0.01513673,1.0
191,13,0.14868626,1.5110329,0.12973827,1.0
191,14,-0.0036674123,1.0978421,-0.05450935,1.0
191,15,0.07977199,1.5227177,0.29459825,1.0
191,16,0.07761388,1.018065,-0.08935277,1.0
191,17,0.0486624,1.512018,0.3137315,1.0
191,18,0.1294304,1.0138023,-0.13878685,1.0
191,19,0.025767557,1.5053139,0.31618667,1.0
191,20,0.14857462,1.0570755,-0.12526536,1.0
191,21,0.084323995,1.5023098,0.29587302,1.0
191,22,0.09648968,1.0381932,-0.0850226,1.0
191,23,0.057905313,0.77106297,0.06985542,1.0
191,24,-0.055017684,0.7622675,-0.06539588,1.0
191,25,0.18225878,0.39786386,0.0028045103,1.0
191,26,0.022697847,0.45165578,-0.09371629,1.0
191,27,0.14652534,0.098496914,0.105764225,1.0
191,28,-0.0582636,0.06097602,-0.001698276,1.0
191,29,0.119589776,0.0714721,0.11943033,1.0
191,30,-0.061576553,0.024037816,-0.025683548,1.0
191,31,0.15432046,0.054886453,0.12711532,1.0
191,32,-0.0011356734,0.007913267,-0.04850661,1.0
192,0,-0.061244857,1.3975296,-0.15527616,1.0
192,1,-0.067844965,1.4177587,-0.15848169,1.0
192,2,-0.077649884,1.4139838,-0.14540988,1.0
192,3,-0.078317925,1.4176426,-0.14389825,1.0
192,4,-0.09412238,1.4040577,-0.17019771,1.0
192,5,-0.08833401,1.4106076,-0.17240228,1.0
192,6,-0.08067235,1.4027476,-0.15780325,1.0
192,7,-0.034946926,1.4283195,-0.08106526,1.0
192,8,-0.119201064,1.3364203,-0.091217384,1.0
192,9,-0.01964241,1.4034579,-0.12387063,1.0
192,10,-0.04270394,1.349247,-0.15221025,1.0
192,11,0.089062095,1.3424087,0.07278062,1.0
192,12,-0.06314812,1.2806914,-0.00618146,1.0
192,13,0.14854734,1.5168581,0.12784898,1.0
192,14,0.0018884409,1.0955547,-0.062136624,1.0
192,15,0.0595401,1.5329113,0.26382965,1.0
192,16,0.08139768,1.0220107,-0.099569246,1.0
192,17,0.011792893,1.5328214,0.28571767,1.0
192,18,0.12639341,1.0096784,-0.12833163,1.0
192,19,-0.0056908666,1.5323167,0.2840344,1.0
192,20,0.14798032,1.0555041,-0.12915608,1.0
192,21,0.063578844,1.5146139,0.2698224,1.0
192,22,0.09480923,1.0293779,-0.09714309,1.0
192,23,0.053468317,0.7761123,0.07560198,1.0
192,24,-0.049610287,0.7612279,-0.06583698,1.0
192,25,0.17130503,0.402546,0.004805669,1.0
192,26,0.012923434,0.44731963,-0.09457689,1.0
192,27,0.14172146,0.09280497,0.09854038,1.0
192,28,-0.060726926,0.053566724,-0.021727398,1.0
192,29,0.11747202,0.06362532,0.11221971,1.0
192,30,-0.07005826,0.021606177,-0.053815663,1.0
192,31,0.15653375,0.055852443,0.12225799,1.0
192,32,-0.0075368136,0.0016496778,-0.07819753,1.0
193,0,-0.06388279,1.3984599,-0.13752298,1.0
193,1,-0.07250541,1.4224267,-0.134544,1.0
193,2,-0.071754105,1.4227304,-0.12526694,1.0
193,3,-0.071780674,1.4208598,-0.12587911,1.0
193,4,-0.0871152,1.4159415,-0.14989667,1.0
193,5,-0.08412749,1.4179513,-0.15558939,1.0
193,6,-0.07976881,1.400424,-0.13978142,1.0
193,7,-0.029662251,1.4210823,-0.06109494,1.0
193,8,-0.12342796,1.3294291,-0.07446698,1.0
193,9,-0.01487814,1.3982894,-0.103781946,1.0
193,10,-0.045087505,1.3458953,-0.12980305,1.0
193,11,0.087050274,1.3420787,0.08101914,1.0
193,12,-0.062400866,1.2847304,0.0016273768,1.0
193,13,0.15142304,1.5240483,0.14737362,1.0
193,14,0.009463793,1.1016333,-0.06445217,1.0
193,15,0.06623175,1.5560842,0.30422395,1.0
193,16,0.08204272,1.0237067,-0.105975,1.0
193,17,0.02412255,1.5593343,0.32622182,1.0
193,18,0.13186987,1.0164754,-0.15346274,1.0
193,19,-0.0009926888,1.5538969,0.31646967,1.0
193,20,0.14750072,1.0539627,-0.14518325,1.0
193,21,0.06423839,1.5391538,0.30632004,1.0
193,22,0.09258651,1.0374396,-0.10308123,1.0
193,23,0.05533372,0.77435595,0.07282975,1.0
193,24,-0.05144223,0.7649281,-0.06691912,1.0
193,25,0.17291908,0.40258026,-0.009517267,1.0
193,26,0.0132353455,0.45568392,-0.11940001,1.0
193,27,0.13141875,0.09774229,0.079637356,1.0
193,28,-0.06697288,0.06293768,-0.05885389,1.0
193,29,0.10640898,0.07322274,0.10064334,1.0
193,30,-0.070032395,0.024586484,-0.08595389,1.0
193,31,0.15374961,0.05581609,0.10640173,1.0
193,32,-0.01211882,0.0041681393,-0.1103888,1.0
194,0,-0.06638327,1.3984973,-0.13375688,1.0
194,1,-0.07118694,1.4204838,-0.1289371,1.0
194,2,-0.07066987,1.4261775,-0.11889558,1.0
194,3,-0.06750606,1.421778,-0.1217414,1.0
194,4,-0.084890954,1.4247262,-0.14378797,1.0
194,5,-0.08222261,1.4211979,-0.15659077,1.0
194,6,-0.07880483,1.4001365,-0.1330924,1.0
194,7,-0.029278886,1.4169288,-0.058686443,1.0
194,8,-0.12272872,1.3236539,-0.066247776,1.0
194,9,-0.01215191,1.3947082,-0.09696156,1.0
194,10,-0.04859073,1.3433309,-0.12114926,1.0
194,11,0.085563764,1.3425257,0.08417851,1.0
194,12,-0.06102372,1.288068,0.012755018,1.0
194,13,0.1554882,1.5248381,0.14712739,1.0
194,14,0.018808689,1.1046382,-0.04344511,1.0
194,15,0.06802945,1.565603,0.30131108,1.0
194,16,0.08560212,1.022249,-0.075984284,1.0
194,17,0.02886444,1.5709274,0.32273006,1.0
194,18,0.13686657,1.016249,-0.12767436,1.0
194,19,-0.00060036685,1.5681021,0.3116126,1.0
194,20,0.14634414,1.0470986,-0.118714124,1.0
194,21,0.06330363,1.549356,0.30030042,1.0
194,22,0.09616417,1.0373728,-0.07456458,1.0
194,23,0.058100477,0.7736457,0.0702759,1.0
194,24,-0.05088798,0.7690256,-0.06798287,1.0
194,25,0.16822994,0.39902923,-0.026839845,1.0
194,26,-0.003679894,0.46158338,-0.13960758,1.0
194,27,0.11876054,0.085149705,0.043012872,1.0
194,28,-0.093102254,0.06961995,-0.079815984,1.0
194,29,0.09179555,0.060337912,0.06307985,1.0
194,30,-0.09762186,0.030734535,-0.10630441,1.0
194,31,0.12793143,0.032298356,0.0631655,1.0
194,32,-0.04730132,0.0040387996,-0.13551262,1.0
195,0,-0.06453711,1.4003639,-0.13040757,1.0
195,1,-0.0690666,1.4194748,-0.12753725,1.0
195,2,-0.071569845,1.4236887,-0.11550123,1.0
195,3,-0.07166311,1.4220784,-0.11867156,1.0
195,4,-0.08780789,1.417974,-0.14255305,1.0
195,5,-0.08335596,1.4197526,-0.15036741,1.0
195,6,-0.08060734,1.402945,-0.13073789,1.0
195,7,-0.0307576,1.4222491,-0.053359464,1.0
195,8,-0.12167677,1.3295491,-0.061836198,1.0
195,9,-0.013518714,1.3980093,-0.095928885,1.0
195,10,-0.047046408,1.3476017,-0.118342236,1.0
195,11,0.08906378,1.3444428,0.089513056,1.0
195,12,-0.05721557,1.2867135,0.020560868,1.0
195,13,0.16140167,1.5275941,0.15754202,1.0
195,14,0.022152696,1.1015007,-0.038798302,1.0
195,15,0.07375723,1.5830028,0.31488848,1.0
195,16,0.08882047,1.0214009,-0.07447834,1.0
195,17,0.035460986,1.5934539,0.33468089,1.0
195,18,0.1343037,1.0129726,-0.11905655,1.0
195,19,0.006788632,1.5956049,0.33250666,1.0
195,20,0.1489739,1.0485582,-0.11391687,1.0
195,21,0.07189721,1.571249,0.31691062,1.0
195,22,0.09647545,1.0337038,-0.0739386,1.0
195,23,0.05665164,0.7749138,0.0716675,1.0
195,24,-0.049950626,0.7697481,-0.06822156,1.0
195,25,0.15346465,0.3991094,-0.025642619,1.0
195,26,-0.011071108,0.4614302,-0.13507143,1.0
195,27,0.10201279,0.066021144,0.037866578,1.0
195,28,-0.09499941,0.06884906,-0.082490765,1.0
195,29,0.07445188,0.035203032,0.050448045,1.0
195,30,-0.10022254,0.03019473,-0.11125744,1.0
195,31,0.11814305,0.007490536,0.053387932,1.0
195,32,-0.04471322,0.0033897385,-0.13897921,1.0
196,0,-0.06738153,1.3995655,-0.1124795,1.0
196,1,-0.07198603,1.417562,-0.10802458,1.0
196,2,-0.06911609,1.4277978,-0.09484087,1.0
196,3,-0.06819747,1.4206142,-0.101851135,1.0
196,4,-0.08709311,1.4262617,-0.12171956,1.0
196,5,-0.08055006,1.420018,-0.13664573,1.0
196,6,-0.0811424,1.4004574,-0.112397455,1.0
196,7,-0.0275849,1.4176612,-0.030165248,1.0
196,8,-0.12534553,1.3241458,-0.040331084,1.0
196,9,-0.012911928,1.3925896,-0.0746693,1.0
196,10,-0.05053604,1.3415918,-0.09768818,1.0
196,11,0.08944251,1.3432622,0.10726081,1.0
196,12,-0.06020071,1.2892983,0.040783364,1.0
196,13,0.16549708,1.5316589,0.16086078,1.0
196,14,0.01735896,1.1032172,-0.020243458,1.0
196,15,0.0762241,1.599914,0.3236308,1.0
196,16,0.076911494,1.0217434,-0.049448147,1.0
196,17,0.039270785,1.6067572,0.343741,1.0
196,18,0.12302198,1.0171154,-0.10122072,1.0
196,19,0.0044279518,1.6050448,0.34389624,1.0
196,20,0.13339327,1.0525122,-0.089815326,1.0
196,21,0.0692335,1.5844126,0.32434246,1.0
196,22,0.08417993,1.0398088,-0.049246687,1.0
196,23,0.061204016,0.77268285,0.067417994,1.0
196,24,-0.05188092,0.7725284,-0.06725156,1.0
196,25,0.14439103,0.3964023,-0.03350185,1.0
196,26,-0.012348875,0.4647133,-0.13192603,1.0
196,27,0.10280828,0.058700413,0.009326022,1.0
196,28,-0.093045205,0.07209933,-0.07667211,1.0
196,29,0.07670747,0.02834875,0.020924296,1.0
196,30,-0.09490824,0.031968,-0.1057715,1.0
196,31,0.120833814,0.0036419835,0.013662135,1.0
196,32,-0.043146987,0.00065984204,-0.1409545,1.0
197,0,-0.064686894,1.3947756,-0.120267525,1.0
197,1,-0.07012645,1.4200237,-0.11764193,1.0
197,2,-0.07206282,1.4190769,-0.10407374,1.0
197,3,-0.07209038,1.4199483,-0.10646133,1.0
197,4,-0.091583334,1.4163582,-0.12902945,1.0
197,5,-0.0851285,1.4177971,-0.13518381,1.0
197,6,-0.0805991,1.4010501,-0.121366665,1.0
197,7,-0.029701382,1.4261987,-0.031584334,1.0
197,8,-0.12493673,1.3326056,-0.04141973,1.0
197,9,-0.016433693,1.3966677,-0.08352047,1.0
197,10,-0.050555572,1.3440478,-0.107256815,1.0
197,11,0.09204323,1.344021,0.10183007,1.0
197,12,-0.06475945,1.2901921,0.042977497,1.0
197,13,0.17766613,1.5299245,0.16282514,1.0
197,14,0.013143232,1.0936451,-0.021052796,1.0
197,15,0.09161902,1.5951462,0.32858607,1.0
197,16,0.083490804,1.0188217,-0.052661195,1.0
197,17,0.051007606,1.6065209,0.3506577,1.0
197,18,0.13030107,1.0087309,-0.095840566,1.0
197,19,0.023100358,1.6123157,0.347951,1.0
197,20,0.1454224,1.0523131,-0.09157162,1.0
197,21,0.089635074,1.5840452,0.33061296,1.0
197,22,0.0907084,1.0306921,-0.05426921,1.0
197,23,0.055725187,0.77277213,0.07222346,1.0
197,24,-0.050236978,0.7751641,-0.06649902,1.0
197,25,0.12650755,0.3985226,-0.031422615,1.0
197,26,-0.029627372,0.4631074,-0.11981459,1.0
197,27,0.0892441,0.05420685,0.019482467,1.0
197,28,-0.11140062,0.069480315,-0.0786763,1.0
197,29,0.06171541,0.022620786,0.027727459,1.0
197,30,-0.11532562,0.029763028,-0.105706856,1.0
197,31,0.111573674,0.0,0.020209767,1.0
197,32,-0.05782654,0.0,-0.1323969,1.0
198,0,-0.064390846,1.3918555,-0.11606008,1.0
198,1,-0.06769097,1.4185328,-0.10932587,1.0
198,2,-0.07091349,1.4181676,-0.095114045,1.0
198,3,-0.06835788,1.4210114,-0.09776075,1.0
198,4,-0.089005396,1.4191897,-0.12103492,1.0
198,5,-0.08463395,1.4173944,-0.12869696,1.0
198,6,-0.07780852,1.4006815,-0.113825664,1.0
198,7,-0.029767489,1.4237142,-0.021601107,1.0
198,8,-0.12501572,1.3293455,-0.035280272,1.0
198,9,-0.015829876,1.3952672,-0.07522925,1.0
198,10,-0.052130572,1.3413954,-0.102154166,1.0
198,11,0.09018749,1.3423347,0.107496634,1.0
198,12,-0.070457,1.291302,0.044592682,1.0
198,13,0.19905105,1.5271467,0.16717914,1.0
198,14,0.011846991,1.0906385,-0.021337818,1.0
198,15,0.10981382,1.6009291,0.3232512,1.0
198,16,0.08700381,1.0182546,-0.05059746,1.0
198,17,0.068942495,1.6174543,0.3440281,1.0
198,18,0.1394133,1.0095174,-0.097077735,1.0
198,19,0.037791386,1.6277745,0.33820087,1.0
198,20,0.15246964,1.0528686,-0.08888136,1.0
198,21,0.10731767,1.591469,0.32285288,1.0
198,22,0.09508612,1.0303566,-0.052112497,1.0
198,23,0.057123557,0.7709936,0.0726933,1.0
198,24,-0.049267948,0.77615374,-0.06620288,1.0
198,25,0.124251425,0.3977701,-0.032688,1.0
198,26,-0.03646186,0.4630752,-0.11829772,1.0
198,27,0.07686707,0.05777487,0.021531276,1.0
198,28,-0.11981968,0.06935078,-0.07342546,1.0
198,29,0.04726726,0.028046874,0.03312845,1.0
198,30,-0.12293878,0.029137116,-0.10110779,1.0
198,31,0.0897519,0.0,0.02804278,1.0
198,32,-0.0690844,0.0,-0.13504593,1.0
199,0,-0.06623508,1.39382,-0.12246731,1.0
199,1,-0.068037234,1.4174314,-0.116848156,1.0
199,2,-0.06886361,1.4214573,-0.104826786,1.0
199,3,-0.0677345,1.421087,-0.10784158,1.0
199,4,-0.08552503,1.41832,-0.12974523,1.0
199,5,-0.08303921,1.4177735,-0.13697045,1.0
199,6,-0.07953489,1.4000704,-0.12108461,1.0
199,7,-0.026591714,1.4193764,-0.029697787,1.0
199,8,-0.12679379,1.3301058,-0.042835757,1.0
199,9,-0.014120077,1.3932142,-0.08515334,1.0
199,10,-0.049666796,1.3403223,-0.10748585,1.0
199,11,0.09230696,1.3397305,0.10410268,1.0
199,12,-0.07483423,1.2919493,0.03875685,1.0
199,13,0.2172009,1.5195138,0.16132076,1.0
199,14,0.017350439,1.0853415,-0.023303436,1.0
199,15,0.13309216,1.6002259,0.31024438,1.0
199,16,0.09531225,1.0110307,-0.047561347,1.0
199,17,0.0966939,1.6209986,0.32418567,1.0
199,18,0.14748125,1.0077884,-0.09781836,1.0
199,19,0.05965118,1.6279008,0.32363167,1.0
199,20,0.15689555,1.0496023,-0.08660081,1.0
199,21,0.12532791,1.5911813,0.31146413,1.0
199,22,0.10234181,1.0268948,-0.049394254,1.0
199,23,0.059972994,0.77060455,0.06927775,1.0
199,24,-0.05403007,0.77710515,-0.06579508,1.0
199,25,0.13062838,0.40336758,-0.03774839,1.0
199,26,-0.041953962,0.46460947,-0.11292591,1.0
199,27,0.061691277,0.060513943,0.03355232,1.0
199,28,-0.14103569,0.0802882,-0.05718614,1.0
199,29,0.030281592,0.0285034,0.047760867,1.0
199,30,-0.1476341,0.04128199,-0.082788676,1.0
199,31,0.054441467,0.0,0.038781345,1.0
199,32,-0.09821252,0.015681896,-0.1285108,1.0
200,0,-0.060214058,1.3827066,-0.12572725,1.0
200,1,-0.06305863,1.4052608,-0.121441424,1.0
200,2,-0.060889374,1.4117005,-0.11162213,1.0
200,3,-0.06195399,1.4049582,-0.116000645,1.0
200,4,-0.074977614,1.4051843,-0.13277999,1.0
200,5,-0.073529065,1.4073963,-0.13794221,1.0
200,6,-0.0726884,1.3860071,-0.126252,1.0
200,7,-0.019809363,1.4003594,-0.03527028,1.0
200,8,-0.12601323,1.3248057,-0.044801652,1.0
200,9,-0.009204596,1.3754988,-0.092070766,1.0
200,10,-0.042617545,1.3282392,-0.111928664,1.0
200,11,0.09243804,1.3243484,0.100558415,1.0
200,12,-0.07705392,1.2831124,0.039315633,1.0
200,13,0.23749298,1.4932305,0.15428022,1.0
200,14,0.02175901,1.0752076,-0.024135364,1.0
200,15,0.16224286,1.5862899,0.30589378,1.0
200,16,0.104873314,0.9977622,-0.037165448,1.0
200,17,0.1299302,1.608115,0.3164848,1.0
200,18,0.15659513,0.9959689,-0.08705918,1.0
200,19,0.086130366,1.6095755,0.31789926,1.0
200,20,0.1663851,1.0392535,-0.07595427,1.0
200,21,0.14779735,1.5746126,0.30690926,1.0
200,22,0.109303236,1.0136516,-0.039253082,1.0
200,23,0.06512947,0.76337504,0.06812227,1.0
200,24,-0.054057434,0.7699796,-0.06447646,1.0
200,25,0.13239133,0.3980069,-0.0399891,1.0
200,26,-0.047547206,0.455845,-0.10796235,1.0
200,27,0.05378545,0.05427137,0.031049855,1.0
200,28,-0.14067084,0.0720844,-0.05486681,1.0
200,29,0.019932643,0.025458125,0.04587815,1.0
200,30,-0.14482445,0.03249479,-0.081082344,1.0
200,31,0.043035474,0.0,0.032387614,1.0
200,32,-0.097461805,0.007862154,-0.1305407,1.0
201,0,-0.048392627,1.3722849,-0.1564375,1.0
201,1,-0.048451297,1.400837,-0.14794096,1.0
201,2,-0.06280493,1.387294,-0.13742688,1.0
201,3,-0.06295063,1.3974471,-0.13273011,1.0
201,4,-0.08060938,1.3861768,-0.15715766,1.0
201,5,-0.074634925,1.3996248,-0.15323511,1.0
201,6,-0.061583884,1.3874645,-0.15500058,1.0
201,7,-0.018703528,1.4072671,-0.045529667,1.0
201,8,-0.117018305,1.3341627,-0.0661794,1.0
201,9,-0.012996627,1.3769176,-0.11378729,1.0
201,10,-0.040139403,1.330132,-0.14571966,1.0
201,11,0.10027513,1.3108959,0.07629804,1.0
201,12,-0.08343482,1.2767005,0.025381118,1.0
201,13,0.26027954,1.4348525,0.12925196,1.0
201,14,0.008416748,1.0602192,-0.038263943,1.0
201,15,0.17376536,1.548949,0.24848749,1.0
201,16,0.10108587,0.99226135,-0.036889702,1.0
201,17,0.1313311,1.5946488,0.2577632,1.0
201,18,0.14997941,0.97969407,-0.06494425,1.0
201,19,0.10667704,1.6116259,0.2637398,1.0
201,20,0.17384823,1.0357347,-0.06948204,1.0
201,21,0.17405334,1.557502,0.25030935,1.0
201,22,0.11134615,0.9908974,-0.04624201,1.0
201,23,0.05816242,0.75655526,0.08158736,1.0
201,24,-0.048232935,0.7614266,-0.06472562,1.0
201,25,0.12763941,0.40802452,-0.026167981,1.0
201,26,-0.057498176,0.45278245,-0.0960225,1.0
201,27,0.054945216,0.09431034,0.08480776,1.0
201,28,-0.14577147,0.07326071,-0.025138052,1.0
201,29,0.018534176,0.06615773,0.09152542,1.0
201,30,-0.15383932,0.039721474,-0.0537471,1.0
201,31,0.04257093,0.012702826,0.09952362,1.0
201,32,-0.09870929,0.018327178,-0.10032308,1.0
202,0,-0.056866564,1.3739471,-0.16877621,1.0
202,1,-0.04797146,1.3918228,-0.14974456,1.0
202,2,-0.04854929,1.3928957,-0.13602312,1.0
202,3,-0.045195866,1.394446,-0.1411906,1.0
202,4,-0.07160397,1.4146452,-0.15939325,1.0
202,5,-0.068748385,1.4029677,-0.1786899,1.0
202,6,-0.058646433,1.3857965,-0.15698108,1.0
202,7,-0.0047016833,1.3870845,-0.042832207,1.0
202,8,-0.122773774,1.3144379,-0.063284144,1.0
202,9,-0.008159039,1.3682197,-0.110338636,1.0
202,10,-0.05603664,1.3204372,-0.1408355,1.0
202,11,0.10449074,1.2925296,0.076594315,1.0
202,12,-0.09860148,1.2863793,0.028902244,1.0
202,13,0.27455127,1.359161,0.107460886,1.0
202,14,-0.01094223,1.0626309,-0.021261994,1.0
202,15,0.19916591,1.4820569,0.19513904,1.0
202,16,0.084525414,0.98131377,-0.013280187,1.0
202,17,0.15114759,1.5496482,0.22490737,1.0
202,18,0.14562531,0.99113655,-0.06255278,1.0
202,19,0.1280877,1.544074,0.18545109,1.0
202,20,0.16363485,1.0371001,-0.046790853,1.0
202,21,0.17204355,1.5148451,0.23102188,1.0
202,22,0.102993,1.004358,-0.019726831,1.0
202,23,0.06916647,0.75337934,0.0688374,1.0
202,24,-0.062366504,0.76808053,-0.06444445,1.0
202,25,0.13314787,0.40963683,-0.051003143,1.0
202,26,-0.04515244,0.4571039,-0.0961093,1.0
202,27,0.053930722,0.11226624,0.0860215,1.0
202,28,-0.13199654,0.083919585,-0.0070460215,1.0
202,29,0.020106569,0.082676515,0.09490273,1.0
202,30,-0.13849802,0.04882589,-0.031740166,1.0
202,31,0.03345619,0.016793475,0.1061891,1.0
202,32,-0.09277971,0.020540329,-0.08006601,1.0
203,0,-0.062799245,1.3786614,-0.18238947,1.0
203,1,-0.054059707,1.3889741,-0.15595408,1.0
203,2,-0.027566968,1.406389,-0.14791548,1.0
203,3,-0.027339589,1.3870158,-0.16136183,1.0
203,4,-0.056249846,1.4376447,-0.1690636,1.0
203,5,-0.055679902,1.4101307,-0.20047727,1.0
203,6,-0.06002517,1.3782575,-0.16979176,1.0
203,7,0.013802235,1.3647892,-0.046863347,1.0
203,8,-0.1297923,1.3052943,-0.077079594,1.0
203,9,-0.0032778364,1.358494,-0.12125814,1.0
203,10,-0.058454007,1.307744,-0.14528868,1.0
203,11,0.10544942,1.2688961,0.07996024,1.0
203,12,-0.1014507,1.2897329,0.022574048,1.0
203,13,0.27501154,1.2894636,0.08423463,1.0
203,14,-0.018889591,1.0582025,-0.031863205,1.0
203,15,0.23836905,1.3979185,0.13161676,1.0
203,16,0.08031864,0.9697097,-0.03608092,1.0
203,17,0.20727636,1.4371661,0.09974263,1.0
203,18,0.1504065,0.99623394,-0.11806527,1.0
203,19,0.1451573,1.5164634,0.17566809,1.0
203,20,0.15234542,1.0275351,-0.082488,1.0
203,21,0.2095557,1.394175,0.120921716,1.0
203,22,0.09812444,1.0184883,-0.043531936,1.0
203,23,0.08179584,0.7526217,0.05551274,1.0
203,24,-0.06984371,0.77161163,-0.06002184,1.0
203,25,0.13733524,0.41251794,-0.05924552,1.0
203,26,-0.03952464,0.4582243,-0.10131736,1.0
203,27,0.031125933,0.116410285,0.096027784,1.0
203,28,-0.14165188,0.07243332,-0.020254537,1.0
203,29,-0.00022390857,0.088417046,0.12235382,1.0
203,30,-0.1470241,0.03347449,-0.04385148,1.0
203,31,0.010074379,0.022139996,0.12160967,1.0
203,32,-0.11161633,0.0073200874,-0.10968587,1.0
204,0,-0.046126667,1.3934025,-0.17508973,1.0
204,1,-0.05221741,1.416515,-0.1708743,1.0
204,2,-0.054192055,1.4017901,-0.16256869,1.0
204,3,-0.06254077,1.404935,-0.1624949,1.0
204,4,-0.0700368,1.3916999,-0.18797894,1.0
204,5,-0.073300876,1.4131796,-0.17391391,1.0
204,6,-0.066424355,1.4045738,-0.17771645,1.0
204,7,-0.0067000203,1.4140936,-0.057574116,1.0
204,8,-0.12131664,1.3598664,-0.089365914,1.0
204,9,-0.016835634,1.3953453,-0.14580435,1.0
204,10,-0.031696506,1.3451874,-0.17611976,1.0
204,11,0.10641123,1.2824908,0.06079238,1.0
204,12,-0.12570554,1.2789607,0.02300231,1.0
204,13,0.26826543,1.2371203,0.020827558,1.0
204,14,-0.06875636,1.0322411,-0.08393,1.0
204,15,0.2607635,1.3051465,0.03174812,1.0
204,16,0.061442707,0.9780659,-0.101756625,1.0
204,17,0.2646598,1.3142253,-0.018413918,1.0
204,18,0.14550936,0.9655926,-0.2081994,1.0
204,19,0.21221529,1.3913857,0.06223065,1.0
204,20,0.15440013,1.0363518,-0.14818846,1.0
204,21,0.2424755,1.3199295,0.053931378,1.0
204,22,0.082387395,1.0051289,-0.11285369,1.0
204,23,0.0709822,0.76717806,0.0727482,1.0
204,24,-0.074039996,0.7623297,-0.058694705,1.0
204,25,0.14042166,0.44328547,-0.03306012,1.0
204,26,-0.06383516,0.43825537,-0.10108487,1.0
204,27,0.06572972,0.20254909,0.16740039,1.0
204,28,-0.14498267,0.05703815,-0.01913411,1.0
204,29,0.035423886,0.17468295,0.19394198,1.0
204,30,-0.15877989,0.026585627,-0.04653563,1.0
204,31,0.03739034,0.10052857,0.19140634,1.0
204,32,-0.1138999,0.0,-0.106424406,1.0
205,0,-0.046292774,1.4168584,-0.1679317,1.0
205,1,-0.046418857,1.4367236,-0.1696011,1.0
205,2,-0.059975576,1.4227942,-0.15166658,1.0
205,3,-0.06498613,1.4302692,-0.15161778,1.0
205,4,-0.07214783,1.4149867,-0.18617798,1.0
205,5,-0.07282141,1.4318789,-0.1774515,1.0
205,6,-0.06396369,1.4364866,-0.16856028,1.0
205,7,-0.015532143,1.4422687,-0.057296634,1.0
205,8,-0.11651911,1.381039,-0.08367562,1.0
205,9,-0.024851277,1.4226772,-0.14221972,1.0
205,10,-0.0408264,1.3728255,-0.17450024,1.0
205,11,0.103022456,1.2894355,0.06876075,1.0
205,12,-0.14520386,1.3028638,0.021749452,1.0
205,13,0.25576973,1.1803946,0.04019985,1.0
205,14,-0.10744792,1.0267651,-0.07443345,1.0
205,15,0.28686517,1.2594032,-0.04729169,1.0
205,16,0.0654596,0.9772196,-0.17761299,1.0
205,17,0.2735241,1.3103408,-0.06218586,1.0
205,18,0.13165955,0.9666717,-0.21116033,1.0
205,19,0.2836685,1.2560931,-0.028649487,1.0
205,20,0.17262009,1.032857,-0.22464687,1.0
205,21,0.2884329,1.195925,-0.023854908,1.0
205,22,0.08397308,0.9825231,-0.19327119,1.0
205,23,0.0698971,0.7999544,0.07115157,1.0
205,24,-0.07823023,0.78830767,-0.057562407,1.0
205,25,0.1532357,0.48223877,-0.036862083,1.0
205,26,-0.06695129,0.44814673,-0.108745,1.0
205,27,0.08018972,0.25382376,0.2435981,1.0
205,28,-0.12478688,0.06327838,-0.012215108,1.0
205,29,0.046318095,0.21583289,0.2670728,1.0
205,30,-0.14212643,0.036524344,-0.037850764,1.0
205,31,0.046334714,0.16866381,0.2679062,1.0
205,32,-0.11294399,0.00030605868,-0.09635579,1.0
206,0,-0.064793065,1.4286096,-0.18085971,1.0
206,1,-0.052410796,1.4328375,-0.1735316,1.0
206,2,-0.05132419,1.4420424,-0.1526627,1.0
206,3,-0.05036751,1.4368043,-0.16549826,1.0
206,4,-0.07134314,1.4581223,-0.19050623,1.0
206,5,-0.068006665,1.446943,-0.21014082,1.0
206,6,-0.07082957,1.4433968,-0.17335221,1.0
206,7,-0.006368991,1.4290357,-0.067767285,1.0
206,8,-0.12635528,1.3709533,-0.09359099,1.0
206,9,-0.028349722,1.4212356,-0.13918601,1.0
206,10,-0.0639591,1.3734367,-0.16567469,1.0
206,11,0.1022617,1.2819339,0.060888756,1.0
206,12,-0.15351927,1.3137562,0.032437652,1.0
206,13,0.2174941,1.1410388,0.013383623,1.0
206,14,-0.13706248,1.0233302,-0.052347932,1.0
206,15,0.28541425,1.183376,-0.087535426,1.0
206,16,0.022811126,0.9772783,-0.17148241,1.0
206,17,0.29755253,1.2253408,-0.111789,1.0
206,18,0.1027082,0.9869093,-0.23757854,1.0
206,19,0.28963053,1.2412465,-0.10355799,1.0
206,20,0.14014722,1.0428927,-0.22819956,1.0
206,21,0.2913547,1.1789129,-0.09802853,1.0
206,22,0.05349374,1.0121679,-0.18654016,1.0
206,23,0.081394635,0.8104985,0.046133358,1.0
206,24,-0.08424095,0.8006722,-0.039980587,1.0
206,25,0.16159388,0.490017,-0.11404525,1.0
206,26,-0.059678756,0.45196843,-0.10853563,1.0
206,27,0.092272565,0.33163458,0.22964379,1.0
206,28,-0.11846976,0.05434367,0.0039806142,1.0
206,29,0.06716867,0.30781332,0.2757001,1.0
206,30,-0.13411489,0.022767972,-0.020740725,1.0
206,31,0.056872465,0.24558857,0.32814634,1.0
206,32,-0.13734894,0.0,-0.0913889,1.0
207,0,-0.07230765,1.4327638,-0.18905589,1.0
207,1,-0.05485425,1.4404469,-0.17383729,1.0
207,2,-0.04047148,1.4493659,-0.16028374,1.0
207,3,-0.03894593,1.4427888,-0.17327529,1.0
207,4,-0.06628473,1.4779444,-0.18743175,1.0
207,5,-0.06479238,1.4603615,-0.21632606,1.0
207,6,-0.07132122,1.4441762,-0.17990237,1.0
207,7,0.0045240205,1.4179611,-0.067503385,1.0
207,8,-0.12917171,1.3667223,-0.09206608,1.0
207,9,-0.027099978,1.4132118,-0.14012097,1.0
207,10,-0.076863006,1.3738632,-0.15958306,1.0
207,11,0.10178988,1.2668686,0.051163953,1.0
207,12,-0.15689367,1.3200154,0.034852028,1.0
207,13,0.19898486,1.1122684,0.014670576,1.0
207,14,-0.16002807,1.0264418,-0.04939446,1.0
207,15,0.30747962,1.1296467,-0.06760417,1.0
207,16,-0.0032542758,0.97899514,-0.1712631,1.0
207,17,0.33640286,1.1600833,-0.082547046,1.0
207,18,0.08008422,1.0009928,-0.256579,1.0
207,19,0.3267033,1.1677465,-0.082520895,1.0
207,20,0.1093124,1.0518734,-0.23389427,1.0
207,21,0.31156495,1.1218879,-0.07381405,1.0
207,22,0.029833913,1.0294957,-0.1831944,1.0
207,23,0.08389862,0.8120056,0.041325614,1.0
207,24,-0.081625745,0.80816406,-0.04061991,1.0
207,25,0.14868754,0.48855984,-0.08448915,1.0
207,26,-0.05496072,0.45280546,-0.104916796,1.0
207,27,0.097143345,0.32877928,0.2658568,1.0
207,28,-0.11979599,0.041041724,0.00089030154,1.0
207,29,0.07991749,0.3186081,0.3163148,1.0
207,30,-0.12528953,0.0024772547,-0.020585943,1.0
207,31,0.06611104,0.2633649,0.35418543,1.0
207,32,-0.1427094,0.0,-0.0916551,1.0
208,0,-0.060391106,1.4394891,-0.1814458,1.0
208,1,-0.047365796,1.4626284,-0.16789445,1.0
208,2,-0.043167397,1.4453907,-0.15445058,1.0
208,3,-0.044188995,1.4599972,-0.155114,1.0
208,4,-0.06869554,1.4690399,-0.17949507,1.0
208,5,-0.07050745,1.4669702,-0.18736626,1.0
208,6,-0.06356219,1.4615355,-0.1768531,1.0
208,7,-0.0007856979,1.4432256,-0.05818619,1.0
208,8,-0.12232287,1.388814,-0.08558851,1.0
208,9,-0.030260773,1.4295294,-0.13104747,1.0
208,10,-0.07000347,1.393749,-0.16237347,1.0
208,11,0.10207636,1.274523,0.048023023,1.0
208,12,-0.15692946,1.3274834,0.024750233,1.0
208,13,0.18855262,1.1013366,0.031866997,1.0
208,14,-0.18868929,1.044009,-0.05628293,1.0
208,15,0.33514956,1.075172,-0.0029921792,1.0
208,16,-0.017664716,0.9924173,-0.16666925,1.0
208,17,0.36161977,1.097966,-0.0033172567,1.0
208,18,0.06434719,0.9981272,-0.24060838,1.0
208,19,0.36994544,1.1156013,-0.021104518,1.0
208,20,0.11105618,1.0645947,-0.23212588,1.0
208,21,0.35691613,1.064332,-0.0019309625,1.0
208,22,0.02119989,1.0234343,-0.18139294,1.0
208,23,0.07235446,0.82053596,0.057117335,1.0
208,24,-0.08445484,0.81582355,-0.049706645,1.0
208,25,0.13431786,0.46855217,-0.028884146,1.0
208,26,-0.06455638,0.46279323,-0.10666185,1.0
208,27,0.09317961,0.32391858,0.34599662,1.0
208,28,-0.13088214,0.049872696,-0.009232901,1.0
208,29,0.06001488,0.30790097,0.38200098,1.0
208,30,-0.13371529,0.011210874,-0.031346656,1.0
208,31,0.060116414,0.23578164,0.389166,1.0
208,32,-0.15207994,0.0,-0.11663714,1.0
209,0,-0.05860893,1.4391332,-0.16257817,1.0
209,1,-0.042937674,1.4663782,-0.15550618,1.0
209,2,-0.063477516,1.4528363,-0.14279997,1.0
209,3,-0.057366222,1.4665825,-0.14064531,1.0
209,4,-0.07286964,1.4555438,-0.16991311,1.0
209,5,-0.073520176,1.4653959,-0.17178658,1.0
209,6,-0.06516181,1.468735,-0.15594803,1.0
209,7,-0.014286645,1.4559352,-0.05764657,1.0
209,8,-0.12241568,1.4061105,-0.06789528,1.0
209,9,-0.03434265,1.4400845,-0.1235024,1.0
209,10,-0.052924395,1.4054785,-0.15802419,1.0
209,11,0.0929853,1.2825124,0.0630734,1.0
209,12,-0.17308052,1.3263996,0.041816965,1.0
209,13,0.17145324,1.0903274,0.05396741,1.0
209,14,-0.19874227,1.0493689,-0.042982303,1.0
209,15,0.30811912,0.9953397,0.021556925,1.0
209,16,-0.038941767,0.99980915,-0.13909307,1.0
209,17,0.3345222,1.006089,0.017088179,1.0
209,18,0.031314284,0.99040955,-0.18461025,1.0
209,19,0.34281415,1.0237005,-0.010267334,1.0
209,20,0.076624736,1.0601263,-0.18973468,1.0
209,21,0.33193251,0.98025805,0.0080237165,1.0
209,22,-0.005818225,1.0114517,-0.14997229,1.0
209,23,0.07749238,0.8295055,0.056487884,1.0
209,24,-0.08535855,0.8183252,-0.04840334,1.0
209,25,0.120066635,0.46889895,0.0470453,1.0
209,26,-0.08162917,0.46603262,-0.10874352,1.0
209,27,0.09777605,0.24930818,0.26215705,1.0
209,28,-0.13263881,0.046795666,-0.010012977,1.0
209,29,0.07228761,0.22497503,0.2959882,1.0
209,30,-0.14562172,0.011280259,-0.03823571,1.0
209,31,0.07292138,0.17032826,0.30406436,1.0
209,32,-0.15524213,0.0,-0.12681219,1.0
210,0,-0.05842819,1.4342558,-0.13817611,1.0
210,1,-0.047354646,1.4597454,-0.12559226,1.0
210,2,-0.053371683,1.4514534,-0.114879444,1.0
210,3,-0.053643245,1.459763,-0.11865112,1.0
210,4,-0.07244244,1.4633934,-0.13990416,1.0
210,5,-0.06992651,1.4670472,-0.14698048,1.0
210,6,-0.06443764,1.4608176,-0.13183159,1.0
210,7,-0.0036700529,1.4488604,-0.031349882,1.0
210,8,-0.12110352,1.4024737,-0.034970216,1.0
210,9,-0.030048639,1.435921,-0.096916355,1.0
210,10,-0.058594134,1.3999479,-0.12374987,1.0
210,11,0.10110302,1.2827535,0.07552483,1.0
210,12,-0.16117896,1.3420928,0.073965505,1.0
210,13,0.17332008,1.0784607,0.089361265,1.0
210,14,-0.20014586,1.0606709,0.0032469109,1.0
210,15,0.29874998,0.9397409,0.084743686,1.0
210,16,-0.06252028,1.0000491,-0.10557699,1.0
210,17,0.3192859,0.9308714,0.08849216,1.0
210,18,0.005197148,0.99019367,-0.16612846,1.0
210,19,0.29401395,0.9782487,0.022695348,1.0
210,20,0.048234265,1.0564339,-0.1664781,1.0
210,21,0.3134262,0.92385453,0.07124627,1.0
210,22,-0.033649296,1.0170677,-0.12144852,1.0
210,23,0.082564466,0.83257246,0.052528303,1.0
210,24,-0.08394069,0.8270761,-0.046148058,1.0
210,25,0.10801031,0.44334418,0.029716523,1.0
210,26,-0.07814635,0.47485724,-0.107362956,1.0
210,27,0.095880285,0.15369216,0.27642566,1.0
210,28,-0.13283104,0.056258336,-0.012385782,1.0
210,29,0.06909242,0.11820179,0.2998555,1.0
210,30,-0.14224046,0.018863961,-0.038829893,1.0
210,31,0.08227749,0.080323964,0.27791265,1.0
210,32,-0.15296559,0.0,-0.12074077,1.0
211,0,-0.0683707,1.4264891,-0.10407655,1.0
211,1,-0.0521532,1.442903,-0.088346355,1.0
211,2,-0.046069816,1.4581852,-0.08318017,1.0
211,3,-0.044533152,1.4512131,-0.09242645,1.0
211,4,-0.06216029,1.4746857,-0.10197847,1.0
211,5,-0.06439532,1.4641211,-0.13009785,1.0
211,6,-0.06668562,1.4442995,-0.091951825,1.0
211,7,0.0090108365,1.4203162,-0.007917745,1.0
211,8,-0.12487221,1.3890448,-0.00018296717,1.0
211,9,-0.024038002,1.420872,-0.065125145,1.0
211,10,-0.065790266,1.3822918,-0.07923454,1.0
211,11,0.09737123,1.2755456,0.097745284,1.0
211,12,-0.16092248,1.3506421,0.117292434,1.0
211,13,0.17030028,1.0709248,0.09118899,1.0
211,14,-0.18989567,1.0693512,0.065397546,1.0
211,15,0.21975246,0.8865083,0.07134753,1.0
211,16,-0.10962897,0.95394903,-0.00961666,1.0
211,17,0.26962978,0.8939879,0.085880354,1.0
211,18,-0.03942672,0.9609605,-0.073602945,1.0
211,19,0.24387045,0.8833816,0.07280021,1.0
211,20,-0.015974388,0.99439704,-0.06373359,1.0
211,21,0.26113153,0.89408785,0.07484504,1.0
211,22,-0.08341254,0.96986043,-0.025574485,1.0
211,23,0.091557726,0.839742,0.037669737,1.0
211,24,-0.083613336,0.83991474,-0.04081473,1.0
211,25,0.11387184,0.41914764,-0.026141185,1.0
211,26,-0.06508326,0.4879055,-0.10629103,1.0
211,27,0.11232504,0.14581926,0.16237885,1.0
211,28,-0.11724834,0.07160415,-0.016138846,1.0
211,29,0.08907888,0.11158311,0.18099104,1.0
211,30,-0.12474011,0.029851962,-0.040144093,1.0
211,31,0.09253886,0.06648386,0.16310766,1.0
211,32,-0.13348977,0.0025642337,-0.116602026,1.0
212,0,-0.06797071,1.411893,-0.07048379,1.0
212,1,-0.04725378,1.4275724,-0.053122275,1.0
212,2,-0.038416237,1.4328256,-0.04471558,1.0
212,3,-0.04154647,1.435032,-0.049747285,1.0
212,4,-0.067971624,1.4607085,-0.063595384,1.0
212,5,-0.06484857,1.448399,-0.08745823,1.0
212,6,-0.06295495,1.4308766,-0.06070341,1.0
212,7,0.01730626,1.4060608,0.03646876,1.0
212,8,-0.11427413,1.373013,0.035910547,1.0
212,9,-0.024910023,1.4056693,-0.031298604,1.0
212,10,-0.07572679,1.3696098,-0.042119138,1.0
212,11,0.10968263,1.2492502,0.11422184,1.0
212,12,-0.14753807,1.3399427,0.15790744,1.0
212,13,0.16958055,1.0319725,0.11996119,1.0
212,14,-0.21121809,1.064758,0.13878079,1.0
212,15,0.21945307,0.8226056,0.10962912,1.0
212,16,-0.15824205,0.9368057,0.07531592,1.0
212,17,0.23011327,0.78934,0.1214756,1.0
212,18,-0.062256318,0.9332012,-0.030936962,1.0
212,19,0.20704913,0.779393,0.11562177,1.0
212,20,-0.06716746,0.967684,0.017053006,1.0
212,21,0.21371537,0.80777276,0.10917614,1.0
212,22,-0.13049221,0.95651174,0.056570884,1.0
212,23,0.0867561,0.8255702,0.03702472,1.0
212,24,-0.087571435,0.8299622,-0.03907671,1.0
212,25,0.10961151,0.403494,-0.0553345,1.0
212,26,-0.06058176,0.47752377,-0.10506127,1.0
212,27,0.11710754,0.103031605,0.093521066,1.0
212,28,-0.10781963,0.07170528,0.00045407563,1.0
212,29,0.0981692,0.0649873,0.109414026,1.0
212,30,-0.1156437,0.031124134,-0.018794533,1.0
212,31,0.104948476,0.0201209,0.095254466,1.0
212,32,-0.12572822,0.0058630724,-0.07914862,1.0
213,0,-0.061775275,1.403832,-0.071427375,1.0
213,1,-0.043619387,1.4250073,-0.06673307,1.0
213,2,-0.048885223,1.4228725,-0.05758828,1.0
213,3,-0.053697422,1.4297535,-0.055965744,1.0
213,4,-0.07043265,1.4304779,-0.08126288,1.0
213,5,-0.06545351,1.4330158,-0.08643415,1.0
213,6,-0.06126079,1.4288149,-0.07264679,1.0
213,7,0.020223364,1.4107146,0.03512197,1.0
213,8,-0.10608719,1.3851638,0.023716275,1.0
213,9,-0.029625295,1.4049823,-0.042303205,1.0
213,10,-0.06296685,1.3707595,-0.06035626,1.0
213,11,0.11216682,1.2417758,0.09629141,1.0
213,12,-0.14947921,1.321021,0.15169099,1.0
213,13,0.14946477,1.022856,0.109886214,1.0
213,14,-0.1976926,1.0514245,0.14508769,1.0
213,15,0.17946586,0.81446457,0.1293009,1.0
213,16,-0.18359071,0.888904,0.111267194,1.0
213,17,0.19693385,0.78859663,0.13168591,1.0
213,18,-0.11312221,0.89085567,0.05842952,1.0
213,19,0.1784352,0.7798517,0.12833488,1.0
213,20,-0.12161754,0.90144736,0.073555164,1.0
213,21,0.18863665,0.8063444,0.1258331,1.0
213,22,-0.16621365,0.8953114,0.09515489,1.0
213,23,0.08531976,0.82629514,0.033582773,1.0
213,24,-0.09162037,0.82339424,-0.030469228,1.0
213,25,0.10603998,0.4110958,-0.062283788,1.0
213,26,-0.07103596,0.4739372,-0.105736494,1.0
213,27,0.12181577,0.10287245,0.06687492,1.0
213,28,-0.1061097,0.073280245,0.0045789033,1.0
213,29,0.09865324,0.065737695,0.075075746,1.0
213,30,-0.121497735,0.03797809,-0.018508628,1.0
213,31,0.10106114,0.021562142,0.04869345,1.0
213,32,-0.12418922,0.0075157452,-0.074946806,1.0
214,0,-0.06335225,1.4004158,-0.040236786,1.0
214,1,-0.044293724,1.4186912,-0.023800982,1.0
214,2,-0.042272102,1.4273857,-0.014618363,1.0
214,3,-0.04208006,1.4266356,-0.013955521,1.0
214,4,-0.06214129,1.4451299,-0.035326783,1.0
214,5,-0.05639207,1.4305214,-0.05111807,1.0
214,6,-0.053945668,1.4193077,-0.032191414,1.0
214,7,0.029675826,1.3931984,0.064741485,1.0
214,8,-0.10284278,1.3653398,0.07721362,1.0
214,9,-0.028358215,1.3933403,-7.760478e-05,1.0
214,10,-0.06879791,1.3601098,-0.013213263,1.0
214,11,0.108971916,1.232366,0.1291276,1.0
214,12,-0.1445395,1.3152823,0.20174575,1.0
214,13,0.14977854,1.0349333,0.11124271,1.0
214,14,-0.18774956,1.0487514,0.1981793,1.0
214,15,0.16337863,0.8468323,0.12044622,1.0
214,16,-0.19421837,0.88314736,0.18094817,1.0
214,17,0.1677653,0.8165923,0.12931266,1.0
214,18,-0.16117889,0.8607924,0.14645058,1.0
214,19,0.14676018,0.8100874,0.11777235,1.0
214,20,-0.15164408,0.88984585,0.13352428,1.0
214,21,0.15784843,0.8390383,0.11126741,1.0
214,22,-0.18644977,0.89251304,0.16259253,1.0
214,23,0.08788879,0.82004017,0.022136657,1.0
214,24,-0.0900078,0.82616276,-0.027002381,1.0
214,25,0.10962506,0.40586084,-0.07944765,1.0
214,26,-0.060879804,0.47411457,-0.10316383,1.0
214,27,0.14214069,0.09481192,0.015721537,1.0
214,28,-0.08749113,0.07796198,0.0030363724,1.0
214,29,0.12716937,0.056346755,0.026626542,1.0
214,30,-0.09058751,0.038266744,-0.021941936,1.0
214,31,0.10930181,0.022127446,-0.0043019205,1.0
214,32,-0.12164161,0.012709735,-0.06677741,1.0
215,0,-0.0680605,1.408176,-0.039550938,1.0
215,1,-0.042181652,1.4267182,-0.035228662,1.0
215,2,-0.05668634,1.4291945,-0.022226363,1.0
215,3,-0.048575215,1.4372561,-0.015947679,1.0
215,4,-0.06326481,1.4391527,-0.04107969,1.0
215,5,-0.06444781,1.4384499,-0.053339735,1.0
215,6,-0.061618462,1.4344668,-0.033697587,1.0
215,7,0.020994915,1.4127858,0.04864801,1.0
215,8,-0.09647981,1.3868253,0.06463142,1.0
215,9,-0.03340272,1.4097092,-0.012594239,1.0
215,10,-0.06164241,1.3747435,-0.024023343,1.0
215,11,0.10217464,1.2511141,0.13309278,1.0
215,12,-0.15011977,1.3225645,0.19023836,1.0
215,13,0.13804333,1.0516671,0.12320634,1.0
215,14,-0.17550927,1.0477965,0.18831304,1.0
215,15,0.13443263,0.8619932,0.1326408,1.0
215,16,-0.19324319,0.86814976,0.1740103,1.0
215,17,0.13974628,0.8394034,0.14094575,1.0
215,18,-0.15952732,0.8410292,0.15180689,1.0
215,19,0.12913479,0.83210593,0.12942669,1.0
215,20,-0.1579883,0.8668515,0.1304289,1.0
215,21,0.13638607,0.84349024,0.13044149,1.0
215,22,-0.18192725,0.87473655,0.15463533,1.0
215,23,0.08709124,0.8365959,0.029322933,1.0
215,24,-0.08880611,0.83975023,-0.025920141,1.0
215,25,0.10920452,0.41893014,-0.06746116,1.0
215,26,-0.07362305,0.48298445,-0.11072621,1.0
215,27,0.13748968,0.089119375,0.020071879,1.0
215,28,-0.074734405,0.07252294,-0.02241756,1.0
215,29,0.12272799,0.050497167,0.033990867,1.0
215,30,-0.08467682,0.03259859,-0.051464297,1.0
215,31,0.09999661,0.009794921,0.005388664,1.0
215,32,-0.11205752,0.0,-0.11062935,1.0
216,0,-0.061466787,1.411768,-0.024045208,1.0
216,1,-0.04206233,1.435354,-0.030171514,1.0
216,2,-0.058969095,1.4229858,-0.0070186453,1.0
216,3,-0.05781336,1.4396758,-0.004611427,1.0
216,4,-0.06928718,1.4298806,-0.026367113,1.0
216,5,-0.06875318,1.4363894,-0.028830644,1.0
216,6,-0.060315594,1.444767,-0.02281399,1.0
216,7,0.016960895,1.4322848,0.053850863,1.0
216,8,-0.08933275,1.3956985,0.07879445,1.0
216,9,-0.0401977,1.4180584,0.0018250374,1.0
216,10,-0.059443463,1.3838813,-0.018827248,1.0
216,11,0.107816055,1.2598305,0.1341986,1.0
216,12,-0.13752721,1.3266492,0.19819644,1.0
216,13,0.12783128,1.0694094,0.13114114,1.0
216,14,-0.16745314,1.0469997,0.20068406,1.0
216,15,0.100366905,0.9098939,0.12998603,1.0
216,16,-0.19432463,0.86322623,0.17084107,1.0
216,17,0.093827285,0.8915146,0.13252822,1.0
216,18,-0.1717154,0.82460636,0.15848552,1.0
216,19,0.0939887,0.89212966,0.1276845,1.0
216,20,-0.15264452,0.8679419,0.1182184,1.0
216,21,0.1125499,0.88701373,0.1263271,1.0
216,22,-0.18671085,0.8590765,0.1443776,1.0
216,23,0.08520046,0.8388965,0.033986926,1.0
216,24,-0.08919191,0.84462506,-0.021556646,1.0
216,25,0.098262064,0.41734165,-0.06506996,1.0
216,26,-0.07688644,0.48723945,-0.10792086,1.0
216,27,0.11739014,0.08345553,0.022532508,1.0
216,28,-0.089510456,0.07691878,-0.0013597235,1.0
216,29,0.093730405,0.046855982,0.0331456,1.0
216,30,-0.100984626,0.03986002,-0.026116489,1.0
216,31,0.08328898,0.0057417937,0.0132477395,1.0
216,32,-0.12562186,0.0009970665,-0.07634477,1.0
217,0,-0.06434077,1.3933709,-0.019419715,1.0
217,1,-0.051598236,1.4124365,-0.011458081,1.0
217,2,-0.036660746,1.4059274,0.0009386558,1.0
217,3,-0.04700859,1.4055648,-0.0061282027,1.0
217,4,-0.072000824,1.4242406,-0.0064699217,1.0
217,5,-0.056356713,1.4152391,-0.014588971,1.0
217,6,-0.0603173,1.4020917,-0.016633436,1.0
217,7,0.03135795,1.387886,0.073152214,1.0
217,8,-0.09441107,1.3470805,0.10585179,1.0
217,9,-0.027701937,1.3824294,0.018803084,1.0
217,10,-0.060110185,1.3425019,0.001964021,1.0
217,11,0.115953915,1.220021,0.11698813,1.0
217,12,-0.09928936,1.2955443,0.23038709,1.0
217,13,0.106975876,1.0457627,0.10540246,1.0
217,14,-0.08483096,1.0398276,0.19763185,1.0
217,15,0.08159285,0.8748949,0.14815208,1.0
217,16,-0.16045745,0.8652957,0.16327259,1.0
217,17,0.07013705,0.8518423,0.14930648,1.0
217,18,-0.1215372,0.8337406,0.1415007,1.0
217,19,0.06589699,0.85812503,0.14022663,1.0
217,20,-0.102750435,0.86865056,0.11648528,1.0
217,21,0.08308146,0.8604898,0.14311823,1.0
217,22,-0.15022591,0.86875415,0.14301075,1.0
217,23,0.09037995,0.8122044,0.006106786,1.0
217,24,-0.087376,0.82985234,-0.008594051,1.0
217,25,0.08729087,0.38515928,-0.09547038,1.0
217,26,-0.06339944,0.4637555,-0.09680262,1.0
217,27,0.11770241,0.06688321,-0.0049374327,1.0
217,28,-0.100134164,0.06329134,-0.039689843,1.0
217,29,0.090296715,0.035540532,0.0012756102,1.0
217,30,-0.09969887,0.024876017,-0.07252364,1.0
217,31,0.08793449,0.0075165313,-0.039060593,1.0
217,32,-0.13542947,0.001978966,-0.14086872,1.0
218,0,-0.055678476,1.3822021,-0.04099251,1.0
218,1,-0.04369608,1.4061861,-0.024643376,1.0
218,2,-0.03500456,1.4002564,-0.017414918,1.0
218,3,-0.042899884,1.3976512,-0.02171045,1.0
218,4,-0.066274956,1.4171097,-0.027186967,1.0
218,5,-0.050976224,1.4091299,-0.033226036,1.0
218,6,-0.049981304,1.3938761,-0.03548247,1.0
218,7,0.03037174,1.3831861,0.060360275,1.0
218,8,-0.09118743,1.3351638,0.0882572,1.0
218,9,-0.01726744,1.3685079,0.0048924135,1.0
218,10,-0.055674307,1.3337243,-0.02006423,1.0
218,11,0.11487116,1.217299,0.11378187,1.0
218,12,-0.099620804,1.284909,0.21158345,1.0
218,13,0.11473307,1.0363466,0.10429542,1.0
218,14,-0.068574324,1.0325363,0.16341792,1.0
218,15,0.02057729,0.9149673,0.16902846,1.0
218,16,-0.1063188,0.85794157,0.14143981,1.0
218,17,-0.013428467,0.8939782,0.16988367,1.0
218,18,-0.054840975,0.8254939,0.11543544,1.0
218,19,-0.029851427,0.89479595,0.16133566,1.0
218,20,-0.02543665,0.8607976,0.09522067,1.0
218,21,0.011669152,0.90559846,0.15365176,1.0
218,22,-0.09558684,0.86231947,0.12366445,1.0
218,23,0.08982214,0.8092114,0.006898396,1.0
218,24,-0.08724573,0.82348204,-0.015355064,1.0
218,25,0.08543371,0.38531667,-0.099882565,1.0
218,26,-0.063600115,0.45603946,-0.099562496,1.0
218,27,0.112866275,0.06614983,-0.0035990924,1.0
218,28,-0.09450869,0.057273388,-0.05791372,1.0
218,29,0.08405109,0.03562162,0.0049541276,1.0
218,30,-0.08770937,0.019752592,-0.0920732,1.0
218,31,0.07539155,0.00527226,-0.03243079,1.0
218,32,-0.12967975,0.0071479157,-0.16090018,1.0
219,0,-0.060477965,1.3855343,-0.06781039,1.0
219,1,-0.04321398,1.4052973,-0.062401656,1.0
219,2,-0.044869788,1.4121327,-0.054264568,1.0
219,3,-0.0479619,1.4145958,-0.054607917,1.0
219,4,-0.055345155,1.4132795,-0.06853773,1.0
219,5,-0.059112832,1.4121602,-0.0758113,1.0
219,6,-0.056982525,1.4115336,-0.05739379,1.0
219,7,0.03519058,1.3965676,0.022010317,1.0
219,8,-0.09237117,1.35957,0.05412417,1.0
219,9,-0.022036383,1.3877668,-0.03928393,1.0
219,10,-0.050086096,1.34781,-0.050768726,1.0
219,11,0.10609471,1.2411518,0.08941504,1.0
219,12,-0.11615831,1.2924974,0.19944689,1.0
219,13,0.1086112,1.0266435,0.086910725,1.0
219,14,-0.068458594,1.0284059,0.16499913,1.0
219,15,0.044082098,0.82919574,0.17084992,1.0
219,16,-0.054001063,0.8515847,0.11875638,1.0
219,17,0.030394863,0.80368423,0.1629836,1.0
219,18,0.01029578,0.81892353,0.08486269,1.0
219,19,0.042881902,0.83620965,0.14928406,1.0
219,20,0.048972636,0.85488755,0.0720858,1.0
219,21,0.046401452,0.81691384,0.17483158,1.0
219,22,-0.042366695,0.8573717,0.1035754,1.0
219,23,0.09087506,0.83950746,0.0093409605,1.0
219,24,-0.08597894,0.8327551,-0.0060892235,1.0
219,25,0.09348485,0.4129203,-0.081671044,1.0
219,26,-0.07312903,0.47041595,-0.11097934,1.0
219,27,0.099571355,0.07770485,-0.026504874,1.0
219,28,-0.0826335,0.071119964,-0.051589273,1.0
219,29,0.081582785,0.042768657,-0.0074988883,1.0
219,30,-0.08938361,0.03195579,-0.08133413,1.0
219,31,0.06075432,0.010592163,-0.056808494,1.0
219,32,-0.12831983,0.0060824454,-0.14824456,1.0
220,0,-0.060184468,1.3843107,-0.0885387,1.0
220,1,-0.0428026,1.4016569,-0.08077508,1.0
220,2,-0.04392516,1.4030275,-0.07030745,1.0
220,3,-0.049131263,1.4130914,-0.0698007,1.0
220,4,-0.058443807,1.4090674,-0.089933135,1.0
220,5,-0.06494801,1.4096227,-0.09303219,1.0
220,6,-0.058204286,1.4115345,-0.076842636,1.0
220,7,0.030172948,1.3946326,0.0040592677,1.0
220,8,-0.09035178,1.3611653,0.030889995,1.0
220,9,-0.020311225,1.3900318,-0.057254758,1.0
220,10,-0.05133127,1.3475239,-0.06828762,1.0
220,11,0.10623557,1.2412529,0.06821261,1.0
220,12,-0.11920181,1.2910205,0.18108904,1.0
220,13,0.111858495,1.0291061,0.07523569,1.0
220,14,-0.077281475,1.0253819,0.16325635,1.0
220,15,0.06385139,0.83094954,0.1608553,1.0
220,16,-0.015247855,0.8477777,0.11614311,1.0
220,17,0.05243664,0.804272,0.15461397,1.0
220,18,0.06911437,0.815239,0.08883961,1.0
220,19,0.036030147,0.7995039,0.15994701,1.0
220,20,0.11958184,0.85127133,0.077388555,1.0
220,21,0.070036136,0.81944346,0.16210207,1.0
220,22,0.0012362581,0.8563742,0.10519584,1.0
220,23,0.08604114,0.8349971,0.011002509,1.0
220,24,-0.08923888,0.82842237,-0.0041825473,1.0
220,25,0.087413825,0.41084293,-0.08179313,1.0
220,26,-0.0745532,0.46755213,-0.10408049,1.0
220,27,0.09236096,0.07057488,-0.022608358,1.0
220,28,-0.08102388,0.06867924,-0.019984215,1.0
220,29,0.070676334,0.03373263,-0.007412196,1.0
220,30,-0.092708975,0.0353766,-0.051301822,1.0
220,31,0.041196883,0.0,-0.056171462,1.0
220,32,-0.12844437,0.0018779971,-0.11215341,1.0
221,0,-0.06509788,1.3858564,-0.09807987,1.0
221,1,-0.046224423,1.4072816,-0.0894351,1.0
221,2,-0.048247475,1.4081264,-0.074820235,1.0
221,3,-0.046431333,1.4156675,-0.07718188,1.0
221,4,-0.06479441,1.422255,-0.09614548,1.0
221,5,-0.064030066,1.4188666,-0.10372106,1.0
221,6,-0.059276357,1.4078121,-0.090186074,1.0
221,7,0.0249232,1.392149,-0.0013177411,1.0
221,8,-0.09624765,1.3511369,0.025735645,1.0
221,9,-0.020851586,1.3807867,-0.058686577,1.0
221,10,-0.05940482,1.3455784,-0.0718806,1.0
221,11,0.10303995,1.2362938,0.064661056,1.0
221,12,-0.11631942,1.296143,0.17295451,1.0
221,13,0.120778844,1.0331044,0.067102306,1.0
221,14,-0.079516284,1.0274098,0.14565194,1.0
221,15,0.10143787,0.8352984,0.1484968,1.0
221,16,-0.023481235,0.85423905,0.10339655,1.0
221,17,0.101657875,0.80238426,0.1524485,1.0
221,18,0.040404133,0.8248151,0.057124972,1.0
221,19,0.08282207,0.7945685,0.14446948,1.0
221,20,0.0833675,0.8579196,0.05312498,1.0
221,21,0.10182552,0.81172967,0.14609674,1.0
221,22,-0.016845208,0.86215353,0.089700855,1.0
221,23,0.08927803,0.8280544,0.011745991,1.0
221,24,-0.08502939,0.83266115,-0.011780921,1.0
221,25,0.08682143,0.4099685,-0.096883796,1.0
221,26,-0.06747365,0.47325674,-0.096032426,1.0
221,27,0.0839375,0.07498419,-0.025093965,1.0
221,28,-0.0871112,0.07455656,-0.016418763,1.0
221,29,0.057576016,0.042461403,-0.008541871,1.0
221,30,-0.09057278,0.039488684,-0.04922198,1.0
221,31,0.034741715,0.005618278,-0.051773097,1.0
221,32,-0.13186982,0.009769797,-0.11299573,1.0
222,0,-0.07038679,1.3884501,-0.10259667,1.0
222,1,-0.047032684,1.4098845,-0.09240551,1.0
222,2,-0.047475796,1.4080856,-0.07915732,1.0
222,3,-0.040945888,1.4184575,-0.08180616,1.0
222,4,-0.068895765,1.4318085,-0.097101234,1.0
222,5,-0.065324716,1.4242404,-0.11258482,1.0
222,6,-0.062428657,1.4095142,-0.09573156,1.0
222,7,0.026688125,1.3929722,-0.0040010074,1.0
222,8,-0.09583445,1.3475544,0.017672202,1.0
222,9,-0.02283363,1.38185,-0.060815036,1.0
222,10,-0.06717384,1.3452458,-0.07592389,1.0
222,11,0.10271095,1.2368133,0.060559794,1.0
222,12,-0.116841316,1.3026974,0.16215657,1.0
222,13,0.12533358,1.0281419,0.06529323,1.0
222,14,-0.08494814,1.0219114,0.13847753,1.0
222,15,0.116649404,0.83011097,0.13500072,1.0
222,16,-0.03187702,0.84401786,0.09237803,1.0
222,17,0.11583428,0.80037564,0.1450735,1.0
222,18,0.0345253,0.8127545,0.040269636,1.0
222,19,0.09769171,0.79204994,0.13187401,1.0
222,20,0.063511565,0.84502304,0.040628783,1.0
222,21,0.11640676,0.80522346,0.13613985,1.0
222,22,-0.019257093,0.851286,0.07803172,1.0
222,23,0.08978475,0.8258439,0.013097114,1.0
222,24,-0.083873145,0.83478904,-0.012065996,1.0
222,25,0.0848456,0.40970495,-0.0985912,1.0
222,26,-0.06643102,0.47513738,-0.089624256,1.0
222,27,0.07803087,0.07589829,-0.014587373,1.0
222,28,-0.0927414,0.07599372,-0.010275312,1.0
222,29,0.04787053,0.04583347,0.0028831237,1.0
222,30,-0.09289489,0.039527427,-0.04123303,1.0
222,31,0.021777075,0.002404593,-0.034668148,1.0
222,32,-0.13501275,0.015675452,-0.10619767,1.0
223,0,-0.068930805,1.3992875,-0.1328337,1.0
223,1,-0.049040884,1.4176965,-0.12994112,1.0
223,2,-0.051935785,1.415477,-0.114647165,1.0
223,3,-0.052283715,1.4223928,-0.11764387,1.0
223,4,-0.072649136,1.4245398,-0.1369833,1.0
223,5,-0.06789113,1.4229312,-0.14163694,1.0
223,6,-0.0649258,1.4217494,-0.12879336,1.0
223,7,0.028106637,1.4155884,-0.03127925,1.0
223,8,-0.09807597,1.3744819,-0.014601137,1.0
223,9,-0.028964743,1.3999405,-0.09725084,1.0
223,10,-0.056909986,1.3624806,-0.11588064,1.0
223,11,0.10727875,1.2539461,0.047973692,1.0
223,12,-0.12012019,1.3096758,0.13099207,1.0
223,13,0.12069248,1.0426798,0.06176027,1.0
223,14,-0.08543779,1.0267144,0.12092477,1.0
223,15,0.120451346,0.8480406,0.14151245,1.0
223,16,-0.045421857,0.8556723,0.0897637,1.0
223,17,0.13296248,0.8209384,0.14153995,1.0
223,18,0.005623524,0.82198447,0.06324276,1.0
223,19,0.11452973,0.80839974,0.14384238,1.0
223,20,0.034273375,0.8635882,0.053554635,1.0
223,21,0.13294335,0.82958424,0.1418834,1.0
223,22,-0.026625544,0.8595168,0.07772009,1.0
223,23,0.08743854,0.83804834,0.0120765995,1.0
223,24,-0.087157845,0.838603,-0.005215045,1.0
223,25,0.08034298,0.41984472,-0.08458181,1.0
223,26,-0.070606545,0.48769903,-0.086352095,1.0
223,27,0.060610555,0.0789046,-0.008707918,1.0
223,28,-0.092971966,0.10948065,0.040127784,1.0
223,29,0.03050439,0.042726945,0.0014031092,1.0
223,30,-0.10090397,0.07830426,0.0115329735,1.0
223,31,-0.0014202297,0.0,-0.045927383,1.0
223,32,-0.13093442,0.03642797,-0.04184067,1.0
224,0,-0.063887484,1.4069958,-0.11812703,1.0
224,1,-0.047765825,1.4289312,-0.1166898,1.0
224,2,-0.0555987,1.427064,-0.10392415,1.0
224,3,-0.055895537,1.4334667,-0.10235275,1.0
224,4,-0.071759574,1.4294386,-0.12267798,1.0
224,5,-0.06632336,1.4313049,-0.12473365,1.0
224,6,-0.06261542,1.4297538,-0.11512425,1.0
224,7,0.022276431,1.4330385,-0.02601082,1.0
224,8,-0.09528607,1.3859882,-0.0008630939,1.0
224,9,-0.029686136,1.4091673,-0.08460274,1.0
224,10,-0.05289452,1.3703716,-0.106279805,1.0
224,11,0.10711963,1.2670355,0.056004427,1.0
224,12,-0.12119885,1.3141177,0.14017442,1.0
224,13,0.13049819,1.04597,0.064994335,1.0
224,14,-0.08320894,1.0248663,0.11724268,1.0
224,15,0.13300207,0.86324656,0.14156848,1.0
224,16,-0.0467268,0.86002403,0.08307044,1.0
224,17,0.13981462,0.83055705,0.14186865,1.0
224,18,0.005905574,0.8294928,0.06273028,1.0
224,19,0.124508776,0.82065445,0.13576865,1.0
224,20,0.0349449,0.87373376,0.04425872,1.0
224,21,0.14523667,0.83742976,0.1353925,1.0
224,22,-0.0321486,0.86438024,0.0687181,1.0
224,23,0.087731205,0.83952695,0.011877381,1.0
224,24,-0.08437228,0.8375638,-0.005317451,1.0
224,25,0.080584526,0.42237157,-0.07962276,1.0
224,26,-0.06790073,0.49054956,-0.07988241,1.0
224,27,0.06527962,0.0812726,-0.007892266,1.0
224,28,-0.07156178,0.113663524,0.04119043,1.0
224,29,0.036220588,0.04573646,0.005274659,1.0
224,30,-0.07545392,0.082839444,0.010408813,1.0
224,31,0.0106310155,0.0003896542,-0.039293267,1.0
224,32,-0.102615535,0.042059947,-0.04207541,1.0
225,0,-0.060244296,1.4168859,-0.1185197,1.0
225,1,-0.043036804,1.4371071,-0.11288408,1.0
225,2,-0.049774475,1.4390945,-0.10554502,1.0
225,3,-0.047411144,1.4459522,-0.10270712,1.0
225,4,-0.064403795,1.4429808,-0.12021896,1.0
225,5,-0.06034594,1.4458508,-0.12993369,1.0
225,6,-0.058737785,1.4377894,-0.112323776,1.0
225,7,0.024385542,1.4384961,-0.026691318,1.0
225,8,-0.0924552,1.3922193,-0.0026011276,1.0
225,9,-0.022408415,1.4168968,-0.08691345,1.0
225,10,-0.051414136,1.3781734,-0.103873685,1.0
225,11,0.10615493,1.2778294,0.05828058,1.0
225,12,-0.11517563,1.3270799,0.14222501,1.0
225,13,0.14060685,1.0533931,0.06645408,1.0
225,14,-0.076319724,1.0379038,0.11891599,1.0
225,15,0.13850138,0.868358,0.13830017,1.0
225,16,-0.043981574,0.87110484,0.09326129,1.0
225,17,0.14351155,0.8368694,0.14376755,1.0
225,18,0.005635336,0.8428184,0.06529027,1.0
225,19,0.12688693,0.8236044,0.13440421,1.0
225,20,0.02435529,0.8813889,0.049790975,1.0
225,21,0.14502974,0.8412114,0.13524863,1.0
225,22,-0.031443104,0.8767129,0.07705926,1.0
225,23,0.08580148,0.84435505,0.0065472624,1.0
225,24,-0.0796586,0.84404194,-0.002732202,1.0
225,25,0.08533139,0.42840818,-0.08237416,1.0
225,26,-0.059500307,0.5027169,-0.073855996,1.0
225,27,0.069178045,0.08373496,-0.023334973,1.0
225,28,-0.025174484,0.13348722,0.044656254,1.0
225,29,0.040380873,0.047780808,-0.011918545,1.0
225,30,-0.024507426,0.100794286,0.015784375,1.0
225,31,0.01735588,0.0030904561,-0.05403827,1.0
225,32,-0.053243645,0.05763042,-0.031533264,1.0
226,0,-0.06090053,1.4234028,-0.12022226,1.0
226,1,-0.04102195,1.4385161,-0.11070142,1.0
226,2,-0.036237415,1.4432418,-0.101067215,1.0
226,3,-0.034256868,1.4464939,-0.10404238,1.0
226,4,-0.059286073,1.4655402,-0.1134215,1.0
226,5,-0.05506717,1.4530399,-0.13530377,1.0
226,6,-0.054243185,1.4393454,-0.1120933,1.0
226,7,0.034204863,1.4333522,-0.022902034,1.0
226,8,-0.09227084,1.3853104,0.0017494536,1.0
226,9,-0.016670374,1.4158332,-0.07802798,1.0
226,10,-0.058861196,1.3752394,-0.09375704,1.0
226,11,0.11424348,1.2788349,0.05178098,1.0
226,12,-0.108279616,1.3373837,0.1458746,1.0
226,13,0.14887725,1.0554936,0.06904782,1.0
226,14,-0.08056337,1.0473315,0.14579514,1.0
226,15,0.13890472,0.8689801,0.16404161,1.0
226,16,-0.05263375,0.88212544,0.1422856,1.0
226,17,0.1373829,0.8369553,0.17392845,1.0
226,18,-0.0020695252,0.85636055,0.10319801,1.0
226,19,0.11250347,0.8269564,0.16720666,1.0
226,20,0.015680075,0.8929609,0.100260146,1.0
226,21,0.13923803,0.848611,0.15670855,1.0
226,22,-0.037109435,0.89539737,0.12764613,1.0
226,23,0.08742067,0.8443182,-0.0009587065,1.0
226,24,-0.07632682,0.8509527,-0.0014006214,1.0
226,25,0.082445346,0.42866954,-0.08762064,1.0
226,26,-0.0486098,0.50785995,-0.04733271,1.0
226,27,0.07530461,0.08205783,-0.033630747,1.0
226,28,-0.02742283,0.1347104,0.063688755,1.0
226,29,0.04757844,0.046330605,-0.023792095,1.0
226,30,-0.019334551,0.10218029,0.035414457,1.0
226,31,0.022696165,0.0,-0.06747985,1.0
226,32,-0.06520033,0.064185694,-0.0055833086,1.0
227,0,-0.05661788,1.431783,-0.11112379,1.0
227,1,-0.037106976,1.4485562,-0.10395804,1.0
227,2,-0.037306402,1.4540081,-0.09362768,1.0
227,3,-0.037856493,1.4600348,-0.095896974,1.0
227,4,-0.054417122,1.4632044,-0.11153785,1.0
227,5,-0.05587189,1.4609506,-0.12308027,1.0
227,6,-0.05092123,1.4513974,-0.102462545,1.0
227,7,0.036675368,1.4487233,-0.016385555,1.0
227,8,-0.08673094,1.4054997,0.010301148,1.0
227,9,-0.014469384,1.4313757,-0.07757509,1.0
227,10,-0.050118152,1.3920496,-0.088014096,1.0
227,11,0.11796631,1.2916515,0.058809936,1.0
227,12,-0.10461071,1.3457725,0.15311195,1.0
227,13,0.15801886,1.0700135,0.07965508,1.0
227,14,-0.07934548,1.0563691,0.15137467,1.0
227,15,0.13583454,0.88570035,0.1701482,1.0
227,16,-0.050403394,0.9048661,0.13871089,1.0
227,17,0.13731755,0.8585248,0.17633809,1.0
227,18,-0.0025266043,0.88247496,0.10925515,1.0
227,19,0.11583192,0.84981847,0.17406018,1.0
227,20,0.01793911,0.9220479,0.0996586,1.0
227,21,0.14244471,0.86781466,0.16945353,1.0
227,22,-0.036690954,0.91522145,0.12591304,1.0
227,23,0.08447387,0.85737175,0.0012741389,1.0
227,24,-0.07857298,0.8597694,0.0012466217,1.0
227,25,0.083458826,0.4388965,-0.07717927,1.0
227,26,-0.051909864,0.5114156,-0.052769504,1.0
227,27,0.07580428,0.09416151,-0.034335993,1.0
227,28,-0.02824555,0.14189634,0.061030637,1.0
227,29,0.05017991,0.0572069,-0.025553212,1.0
227,30,-0.028579148,0.10819599,0.03314119,1.0
227,31,0.02153885,0.0039867833,-0.06829664,1.0
227,32,-0.06746066,0.06338841,-0.008619872,1.0
228,0,-0.050184757,1.4253142,-0.0876303,1.0
228,1,-0.032470845,1.4481812,-0.084378295,1.0
228,2,-0.0317474,1.4507856,-0.07047396,1.0
228,3,-0.033492718,1.4547231,-0.0744715,1.0
228,4,-0.04776807,1.456866,-0.089153275,1.0
228,5,-0.050287765,1.4538012,-0.094384946,1.0
228,6,-0.04321237,1.447547,-0.08263784,1.0
228,7,0.04507742,1.4459019,0.0025221817,1.0
228,8,-0.082904644,1.4030793,0.035320394,1.0
228,9,-0.009227843,1.4280775,-0.05702371,1.0
228,10,-0.040656257,1.3892498,-0.06796888,1.0
228,11,0.12417306,1.2840108,0.06897043,1.0
228,12,-0.096441224,1.3431187,0.17205402,1.0
228,13,0.15490523,1.0632269,0.090462185,1.0
228,14,-0.0790103,1.0640888,0.15493613,1.0
228,15,0.12686475,0.88082814,0.18119419,1.0
228,16,-0.047439,1.0042644,0.13543543,1.0
228,17,0.12322403,0.8553358,0.18517432,1.0
228,18,0.0044118934,0.9448728,0.10025253,1.0
228,19,0.106995024,0.8480774,0.18218635,1.0
228,20,0.029620491,0.99459875,0.09399338,1.0
228,21,0.13387139,0.8629911,0.18100998,1.0
228,22,-0.038335707,1.0243084,0.12398272,1.0
228,23,0.08287845,0.8486435,0.0022436136,1.0
228,24,-0.07970645,0.85741746,-0.00038291793,1.0
228,25,0.080041714,0.43075255,-0.07522211,1.0
228,26,-0.054367498,0.5061616,-0.05642665,1.0
228,27,0.08326107,0.08397749,-0.03176436,1.0
228,28,-0.02380341,0.14005253,0.058144018,1.0
228,29,0.056355257,0.048280533,-0.022331256,1.0
228,30,-0.02293062,0.104808,0.031383332,1.0
228,31,0.026552971,0.0010357164,-0.06713775,1.0
228,32,-0.060004704,0.05960754,-0.011954341,1.0
229,0,-0.049839016,1.4295137,-0.092787735,1.0
229,1,-0.028345454,1.4515622,-0.08943174,1.0
229,2,-0.026691003,1.4518518,-0.07348935,1.0
229,3,-0.028350307,1.4573815,-0.079494394,1.0
229,4,-0.049704444,1.461118,-0.09342353,1.0
229,5,-0.047073662,1.4577496,-0.097637,1.0
229,6,-0.04223503,1.4498448,-0.08865106,1.0
229,7,0.049298972,1.450098,0.003750449,1.0
229,8,-0.08246034,1.4065595,0.030801373,1.0
229,9,-0.006404499,1.4333518,-0.060767118,1.0
229,10,-0.040222272,1.3946993,-0.06946799,1.0
229,11,0.13042548,1.2861319,0.064777456,1.0
229,12,-0.091870025,1.3501165,0.16755804,1.0
229,13,0.1569454,1.066128,0.08944576,1.0
229,14,-0.08758761,1.0732124,0.16052496,1.0
229,15,0.12609977,0.8947494,0.17411655,1.0
229,16,-0.043207906,1.0059916,0.14288628,1.0
229,17,0.123020254,0.87805206,0.1757463,1.0
229,18,0.0052554407,0.99663836,0.10974429,1.0
229,19,0.10826599,0.8735234,0.17630586,1.0
229,20,0.038075745,1.0562067,0.104795694,1.0
229,21,0.13463044,0.8859904,0.17466508,1.0
229,22,-0.028341442,1.0222957,0.13381416,1.0
229,23,0.08141153,0.84977746,-0.0010691321,1.0
229,24,-0.080356024,0.8619616,0.0038332408,1.0
229,25,0.0751589,0.43284926,-0.07736097,1.0
229,26,-0.05267346,0.51066625,-0.04295258,1.0
229,27,0.08404344,0.086710215,-0.033801984,1.0
229,28,-0.023730114,0.14558914,0.068000525,1.0
229,29,0.055116534,0.051974215,-0.028261283,1.0
229,30,-0.026211306,0.11048864,0.04234392,1.0
229,31,0.022261295,0.0041100867,-0.07160797,1.0
229,32,-0.06643899,0.066279784,0.0070967786,1.0
230,0,-0.049134348,1.4304435,-0.105684064,1.0
230,1,-0.025217531,1.4514139,-0.099777505,1.0
230,2,-0.025144344,1.4574025,-0.080737256,1.0
230,3,-0.023740903,1.4612362,-0.0884558,1.0
230,4,-0.048035417,1.4718864,-0.102351174,1.0
230,5,-0.044774715,1.461005,-0.11370836,1.0
230,6,-0.039002918,1.452127,-0.09876047,1.0
230,7,0.051170245,1.449853,-0.007421742,1.0
230,8,-0.08496122,1.404443,0.024601506,1.0
230,9,-0.004694618,1.4318426,-0.0664044,1.0
230,10,-0.042276558,1.3952086,-0.07842946,1.0
230,11,0.12741558,1.2863874,0.05993529,1.0
230,12,-0.096073665,1.3519421,0.16560198,1.0
230,13,0.15525272,1.0746485,0.07102997,1.0
230,14,-0.09825695,1.086752,0.15338883,1.0
230,15,0.12140873,0.93516785,0.1528649,1.0
230,16,-0.042824313,1.0564109,0.13937342,1.0
230,17,0.11896582,0.9246124,0.15710084,1.0
230,18,0.009735944,1.0636172,0.099947676,1.0
230,19,0.10317202,0.9283538,0.1545276,1.0
230,20,0.041330025,1.1272178,0.09833045,1.0
230,21,0.12847753,0.92744493,0.14989904,1.0
230,22,-0.028506173,1.081913,0.13089368,1.0
230,23,0.08264507,0.8488103,-0.0062537524,1.0
230,24,-0.077080116,0.862955,0.0054552867,1.0
230,25,0.07106005,0.43377748,-0.07874821,1.0
230,26,-0.04504434,0.5086833,-0.034906648,1.0
230,27,0.078608915,0.08164191,-0.03861052,1.0
230,28,-0.017999897,0.13413659,0.0672828,1.0
230,29,0.04961857,0.04712478,-0.02931136,1.0
230,30,-0.019403476,0.098421074,0.039923515,1.0
230,31,0.0037895814,0.0030197091,-0.06808312,1.0
230,32,-0.064042225,0.063517466,0.0017345436,1.0
231,0,-0.048165433,1.4372139,-0.13424282,1.0
231,1,-0.02399426,1.4542294,-0.13091491,1.0
231,2,-0.028970076,1.4621234,-0.11518739,1.0
231,3,-0.024753783,1.4679141,-0.11801009,1.0
231,4,-0.049802195,1.4752197,-0.13175412,1.0
231,5,-0.043997325,1.4660738,-0.15099746,1.0
231,6,-0.040524,1.4580014,-0.12741597,1.0
231,7,0.04567499,1.4544895,-0.04173302,1.0
231,8,-0.08187914,1.4071901,-0.008592406,1.0
231,9,-0.006123616,1.4367177,-0.09660232,1.0
231,10,-0.044732194,1.3988142,-0.10806224,1.0
231,11,0.12603228,1.2941008,0.039809242,1.0
231,12,-0.10170753,1.3567069,0.15462661,1.0
231,13,0.15966792,1.0840524,0.04886165,1.0
231,14,-0.10154548,1.0901554,0.15089187,1.0
231,15,0.12268333,0.94649976,0.1273245,1.0
231,16,-0.041539155,1.0297657,0.13759187,1.0
231,17,0.11111315,0.93162,0.13744946,1.0
231,18,0.016921509,1.0278821,0.09470523,1.0
231,19,0.10053607,0.9362696,0.12933674,1.0
231,20,0.044312462,1.088386,0.09112227,1.0
231,21,0.12709533,0.93174595,0.1244902,1.0
231,22,-0.021200454,1.0497603,0.12619047,1.0
231,23,0.08166454,0.8546298,-0.008897773,1.0
231,24,-0.0768526,0.8671104,0.009892958,1.0
231,25,0.06548296,0.43974242,-0.08529416,1.0
231,26,-0.03740956,0.51176643,-0.025457352,1.0
231,27,0.05725553,0.075107455,-0.038387455,1.0
231,28,-0.004069373,0.1301888,0.07503335,1.0
231,29,0.027473105,0.03888612,-0.031727552,1.0
231,30,-0.0047741164,0.093033075,0.048236042,1.0
231,31,-0.025580304,0.0,-0.07235963,1.0
231,32,-0.0503956,0.061790224,0.0023289435,1.0
232,0,-0.045784585,1.4356143,-0.16168727,1.0
232,1,-0.025917716,1.4521132,-0.15778734,1.0
232,2,-0.02650336,1.4518752,-0.14485477,1.0
232,3,-0.02651814,1.4620032,-0.14502947,1.0
232,4,-0.05180704,1.4678719,-0.1549373,1.0
232,5,-0.04677199,1.4609632,-0.17092136,1.0
232,6,-0.041244045,1.4545004,-0.15507782,1.0
232,7,0.04621121,1.4524026,-0.06471227,1.0
232,8,-0.08083584,1.4066157,-0.03391218,1.0
232,9,-0.008475786,1.4363375,-0.11912903,1.0
232,10,-0.04464478,1.3951814,-0.13414797,1.0
232,11,0.12965566,1.2911652,0.011362262,1.0
232,12,-0.100432694,1.3529088,0.1392093,1.0
232,13,0.16650322,1.0836117,0.029803317,1.0
232,14,-0.10756456,1.0842574,0.14702223,1.0
232,15,0.12119618,0.9385288,0.11719252,1.0
232,16,-0.05044685,0.99250126,0.12007545,1.0
232,17,0.10018727,0.91708726,0.12431632,1.0
232,18,0.003681031,0.9692071,0.08064678,1.0
232,19,0.0923072,0.9243959,0.11603385,1.0
232,20,0.034455985,1.0317593,0.0706919,1.0
232,21,0.12855719,0.92322075,0.1111448,1.0
232,22,-0.027031802,1.0054634,0.10286478,1.0
232,23,0.07769083,0.8499761,-0.009190232,1.0
232,24,-0.07830285,0.8612368,0.016753186,1.0
232,25,0.062042773,0.43669373,-0.08682677,1.0
232,26,-0.030662253,0.5060034,-0.026981816,1.0
232,27,0.037568916,0.07225302,-0.042388637,1.0
232,28,0.0018004514,0.12037653,0.06570043,1.0
232,29,0.0063186362,0.036199875,-0.0380442,1.0
232,30,0.0036980486,0.08411819,0.037696555,1.0
232,31,-0.05064552,0.0,-0.08203775,1.0
232,32,-0.049754485,0.05490005,-0.006773389,1.0
233,0,-0.04090877,1.418057,-0.1930857,1.0
233,1,-0.027071677,1.4425085,-0.18840338,1.0
233,2,-0.023099326,1.4262568,-0.17412166,1.0
233,3,-0.02974719,1.4401691,-0.17451474,1.0
233,4,-0.0568664,1.4437253,-0.18712272,1.0
233,5,-0.04732259,1.4417865,-0.18537122,1.0
233,6,-0.038315956,1.4371262,-0.19111928,1.0
233,7,0.048788987,1.4427364,-0.07923855,1.0
233,8,-0.07836864,1.3951588,-0.062238764,1.0
233,9,-0.009168223,1.4217182,-0.14647874,1.0
233,10,-0.040322877,1.3805559,-0.16585031,1.0
233,11,0.1411295,1.2761776,-0.0055257077,1.0
233,12,-0.09152484,1.3363209,0.09692847,1.0
233,13,0.17096439,1.0726604,0.027768299,1.0
233,14,-0.11151739,1.0660009,0.11329968,1.0
233,15,0.1281365,0.9298793,0.12044631,1.0
233,16,-0.04879126,0.9659834,0.078079924,1.0
233,17,0.1104595,0.9107106,0.11910379,1.0
233,18,-0.0013464326,0.929693,0.043355573,1.0
233,19,0.10437977,0.9190896,0.11915448,1.0
233,20,0.03791613,0.99780595,0.030447118,1.0
233,21,0.14319098,0.9252959,0.11391682,1.0
233,22,-0.0266501,0.9691552,0.058936328,1.0
233,23,0.072114244,0.8444057,-0.0050760238,1.0
233,24,-0.08417453,0.85702735,0.017433688,1.0
233,25,0.05003634,0.43050486,-0.08274531,1.0
233,26,-0.03147541,0.50164545,-0.03258975,1.0
233,27,0.04036977,0.06758792,-0.033700246,1.0
233,28,-0.0049700476,0.11212441,0.056064002,1.0
233,29,0.0064202324,0.034771256,-0.03516458,1.0
233,30,-0.0043364903,0.077612385,0.025919326,1.0
233,31,-0.036583863,0.0,-0.08728279,1.0
233,32,-0.05916253,0.04859797,-0.014937557,1.0
234,0,-0.0476738,1.4019878,-0.19125901,1.0
234,1,-0.027725127,1.426933,-0.18670864,1.0
234,2,-0.02461703,1.4234855,-0.1700523,1.0
234,3,-0.026980532,1.4329062,-0.17413963,1.0
234,4,-0.050070997,1.434768,-0.19112943,1.0
234,5,-0.048092455,1.4295359,-0.1930507,1.0
234,6,-0.040369354,1.4214604,-0.18625182,1.0
234,7,0.052225035,1.4319422,-0.084000185,1.0
234,8,-0.085029386,1.3769388,-0.06277519,1.0
234,9,-0.0065815933,1.4086971,-0.14849359,1.0
234,10,-0.04122594,1.3652902,-0.16161373,1.0
234,11,0.14018938,1.274595,-0.006897726,1.0
234,12,-0.09842545,1.3204441,0.100803,1.0
234,13,0.18474579,1.0649793,0.020994227,1.0
234,14,-0.102066785,1.0382211,0.10113092,1.0
234,15,0.18238012,0.87414,0.0978909,1.0
234,16,-0.055082396,0.9220435,0.052162103,1.0
234,17,0.18933043,0.85311496,0.09796944,1.0
234,18,-0.012431055,0.8925453,0.015012886,1.0
234,19,0.16705307,0.8482438,0.09441786,1.0
234,20,0.015296561,0.94041115,0.0077652456,1.0
234,21,0.19370954,0.867343,0.09743279,1.0
234,22,-0.037613202,0.9291122,0.039580602,1.0
234,23,0.07487094,0.84655213,-0.009436836,1.0
234,24,-0.08119125,0.85596216,0.016008709,1.0
234,25,0.052977763,0.44938105,-0.09495926,1.0
234,26,-0.030882113,0.50242317,-0.039225027,1.0
234,27,0.038191848,0.06950414,-0.05793506,1.0
234,28,-0.0028540306,0.109653294,0.030760303,1.0
234,29,0.008736908,0.03298493,-0.051096376,1.0
234,30,-0.0057163592,0.07338865,-0.0021395683,1.0
234,31,-0.031503793,0.0,-0.111115895,1.0
234,32,-0.05606235,0.03961531,-0.052758057,1.0
235,0,-0.056196082,1.3984377,-0.17303993,1.0
235,1,-0.03336171,1.4132513,-0.17076965,1.0
235,2,-0.03505904,1.4379491,-0.16024564,1.0
235,3,-0.026794935,1.4331628,-0.16576152,1.0
235,4,-0.03986111,1.4381157,-0.18131283,1.0
235,5,-0.04491005,1.4311192,-0.20408702,1.0
235,6,-0.049123175,1.4126832,-0.16553737,1.0
235,7,0.047906116,1.4191929,-0.09429185,1.0
235,8,-0.09343143,1.3648442,-0.057172827,1.0
235,9,-0.0020345217,1.3975099,-0.14234413,1.0
235,10,-0.037904877,1.3534108,-0.14851329,1.0
235,11,0.125164,1.2789726,0.004970599,1.0
235,12,-0.116010755,1.3070813,0.12162668,1.0
235,13,0.19805986,1.0716915,0.0048925197,1.0
235,14,-0.08656761,1.0211916,0.08857907,1.0
235,15,0.20803212,0.86335754,0.049292143,1.0
235,16,-0.07284414,0.8695055,0.03623487,1.0
235,17,0.22804599,0.827937,0.053367324,1.0
235,18,-0.02708081,0.8518599,-0.0054744277,1.0
235,19,0.18688455,0.8058678,0.03939097,1.0
235,20,-0.024364118,0.8719617,-0.010436475,1.0
235,21,0.20355399,0.8286397,0.049631245,1.0
235,22,-0.06147354,0.8902044,0.026850812,1.0
235,23,0.088368304,0.8468944,-0.019333815,1.0
235,24,-0.06667007,0.84712875,0.012832744,1.0
235,25,0.061805878,0.47896016,-0.14224948,1.0
235,26,-0.032348245,0.49771288,-0.05574838,1.0
235,27,0.03340453,0.07722622,-0.13487442,1.0
235,28,-0.0057302993,0.0881494,-0.023399197,1.0
235,29,0.01432948,0.038097374,-0.115117386,1.0
235,30,-0.006165098,0.049696136,-0.062537625,1.0
235,31,-0.028962268,0.0,-0.17396355,1.0
235,32,-0.05103733,0.011852425,-0.124899365,1.0
236,0,-0.04842251,1.3947828,-0.17421304,1.0
236,1,-0.03230797,1.4119637,-0.17508024,1.0
236,2,-0.04293159,1.4187751,-0.16604163,1.0
236,3,-0.035741057,1.4261012,-0.16699308,1.0
236,4,-0.04947375,1.4190683,-0.18379603,1.0
236,5,-0.050352547,1.4240289,-0.19812854,1.0
236,6,-0.047374837,1.4137518,-0.1711446,1.0
236,7,0.03478139,1.4272256,-0.09780698,1.0
236,8,-0.085706554,1.3659918,-0.065542586,1.0
236,9,-0.005663484,1.3986232,-0.14436576,1.0
236,10,-0.035064545,1.3543739,-0.16071582,1.0
236,11,0.12895022,1.2750162,-0.006197907,1.0
236,12,-0.116599604,1.300396,0.1198606,1.0
236,13,0.20143104,1.063823,-0.0066932896,1.0
236,14,-0.096614614,1.00556,0.08822309,1.0
236,15,0.22836776,0.85283375,0.025033277,1.0
236,16,-0.08680912,0.84641564,0.03204693,1.0
236,17,0.24250996,0.81578714,0.027143192,1.0
236,18,-0.052017186,0.8203024,0.0051559834,1.0
236,19,0.21591356,0.799434,0.012227864,1.0
236,20,-0.03982154,0.85280377,-0.01760403,1.0
236,21,0.23531161,0.8088382,0.023988774,1.0
236,22,-0.07627831,0.85279953,0.011773555,1.0
236,23,0.08212161,0.84077424,-0.008525536,1.0
236,24,-0.074240595,0.8380475,0.01610268,1.0
236,25,0.061316974,0.49194276,-0.15162186,1.0
236,26,-0.038502138,0.49192798,-0.061881997,1.0
236,27,0.033253994,0.09730077,-0.11662018,1.0
236,28,-0.007999124,0.077010095,-0.029912062,1.0
236,29,0.008118479,0.058797274,-0.105171025,1.0
236,30,-0.007266007,0.039802205,-0.06817661,1.0
236,31,-0.03245485,0.012346771,-0.14970894,1.0
236,32,-0.0559452,0.007207375,-0.12481912,1.0
237,0,-0.045996986,1.3963339,-0.16329256,1.0
237,1,-0.02727635,1.4168091,-0.15995635,1.0
237,2,-0.030586403,1.4186661,-0.1463927,1.0
237,3,-0.02757363,1.4267621,-0.15042332,1.0
237,4,-0.04985608,1.4235747,-0.16828227,1.0
237,5,-0.044914298,1.4237498,-0.17716958,1.0
237,6,-0.04307159,1.413156,-0.16202441,1.0
237,7,0.044010513,1.4298458,-0.06885116,1.0
237,8,-0.08409599,1.3652232,-0.046922855,1.0
237,9,-0.000789873,1.3973019,-0.12794848,1.0
237,10,-0.035389207,1.3555099,-0.14348876,1.0
237,11,0.14076713,1.2684314,-0.0034995573,1.0
237,12,-0.10748699,1.2999067,0.13711819,1.0
237,13,0.2210025,1.0610269,-0.003908098,1.0
237,14,-0.09040193,1.0043201,0.100358054,1.0
237,15,0.26371148,0.84390867,0.037312455,1.0
237,16,-0.08335367,0.85810983,0.038706414,1.0
237,17,0.28578213,0.814761,0.036953222,1.0
237,18,-0.050907385,0.82434195,0.004100954,1.0
237,19,0.2581271,0.79666805,0.026461333,1.0
237,20,-0.03014835,0.8615702,-0.009872144,1.0
237,21,0.27233496,0.8156277,0.037683554,1.0
237,22,-0.073313706,0.8617762,0.022283552,1.0
237,23,0.08016863,0.82906854,-0.009774946,1.0
237,24,-0.076539315,0.83197594,0.013867438,1.0
237,25,0.05206337,0.47370648,-0.14703119,1.0
237,26,-0.03566394,0.4883235,-0.06019239,1.0
237,27,0.06753923,0.09033671,-0.1059444,1.0
237,28,-0.004015725,0.07222134,-0.021223087,1.0
237,29,0.04280205,0.053470038,-0.09882122,1.0
237,30,0.000398166,0.035496287,-0.05798855,1.0
237,31,0.013161799,0.002609603,-0.1430427,1.0
237,32,-0.05129665,0.003120035,-0.11156888,1.0
238,0,-0.04755733,1.400698,-0.15308256,1.0
238,1,-0.029222256,1.4206958,-0.14409487,1.0
238,2,-0.027956616,1.4261475,-0.13082607,1.0
238,3,-0.025010785,1.4294274,-0.13852845,1.0
238,4,-0.047277883,1.430767,-0.15317568,1.0
238,5,-0.043754257,1.4299295,-0.16362184,1.0
238,6,-0.044444382,1.4157124,-0.1467575,1.0
238,7,0.04584583,1.4295397,-0.05520492,1.0
238,8,-0.085776515,1.3654282,-0.028716048,1.0
238,9,0.00019912492,1.3975124,-0.1145068,1.0
238,10,-0.036127627,1.3582141,-0.12815118,1.0
238,11,0.1403259,1.2703005,0.0020572762,1.0
238,12,-0.10696164,1.2965727,0.1546247,1.0
238,13,0.2344639,1.0687,-0.0011747814,1.0
238,14,-0.0866597,1.0016078,0.11365628,1.0
238,15,0.28485745,0.84508836,0.034697242,1.0
238,16,-0.08112223,0.85713387,0.044212252,1.0
238,17,0.3094274,0.81409067,0.03156,1.0
238,18,-0.04669419,0.82550013,0.0037702117,1.0
238,19,0.2771665,0.7909018,0.022954764,1.0
238,20,-0.025676634,0.8593743,-0.0064205774,1.0
238,21,0.28852278,0.8131339,0.03404168,1.0
238,22,-0.070531145,0.8641467,0.02925658,1.0
238,23,0.083278075,0.82619953,-0.013662256,1.0
238,24,-0.073021874,0.82788813,0.013522804,1.0
238,25,0.051556304,0.4642424,-0.13818657,1.0
238,26,-0.03775347,0.48482195,-0.054370075,1.0
238,27,0.08865494,0.08797145,-0.09521514,1.0
238,28,-0.0050580315,0.068268925,-0.0116576515,1.0
238,29,0.06876153,0.050256647,-0.084693514,1.0
238,30,0.001664666,0.031471387,-0.046865065,1.0
238,31,0.02789719,0.001573246,-0.12979537,1.0
238,32,-0.052441552,0.0,-0.10157999,1.0
239,0,-0.045724697,1.4038724,-0.14316012,1.0
239,1,-0.030123841,1.4261924,-0.12942775,1.0
239,2,-0.028167292,1.4252461,-0.1177248,1.0
239,3,-0.023871081,1.4321908,-0.12612993,1.0
239,4,-0.047897868,1.4378654,-0.1373192,1.0
239,5,-0.046398513,1.4367229,-0.1507996,1.0
239,6,-0.04085908,1.4211012,-0.13266122,1.0
239,7,0.04243347,1.4312979,-0.045795385,1.0
239,8,-0.08224712,1.3638624,-0.015694868,1.0
239,9,-0.00046597305,1.4013923,-0.098112054,1.0
239,10,-0.040100202,1.3615485,-0.116333805,1.0
239,11,0.13948321,1.2726855,0.0048233597,1.0
239,12,-0.10490647,1.3007619,0.16373985,1.0
239,13,0.2413108,1.0792439,0.004398143,1.0
239,14,-0.08254705,1.0149255,0.13737415,1.0
239,15,0.30455202,0.84458315,0.03252556,1.0
239,16,-0.07525943,0.86082554,0.064992,1.0
239,17,0.3220924,0.8085909,0.033300955,1.0
239,18,-0.04512092,0.83165497,0.02393206,1.0
239,19,0.29430136,0.79055387,0.022661174,1.0
239,20,-0.024149215,0.8656937,0.0065410854,1.0
239,21,0.30829853,0.806158,0.03177239,1.0
239,22,-0.06541715,0.8656411,0.042586423,1.0
239,23,0.08083011,0.82253677,-0.010339212,1.0
239,24,-0.0747942,0.82458955,0.0133595895,1.0
239,25,0.054454513,0.4615673,-0.13450128,1.0
239,26,-0.04128986,0.48264572,-0.040916108,1.0
239,27,0.11026193,0.09100687,-0.065470934,1.0
239,28,-0.0059261546,0.06848964,0.014439855,1.0
239,29,0.0924004,0.054147504,-0.051846296,1.0
239,30,0.0051844716,0.03185592,-0.018011149,1.0
239,31,0.051853858,0.0057265423,-0.082445875,1.0
239,32,-0.05090637,0.0,-0.060931478,1.0
240,0,-0.045960248,1.403584,-0.1357253,1.0
240,1,-0.031633437,1.4306684,-0.1247907,1.0
240,2,-0.033198103,1.4290292,-0.113812484,1.0
240,3,-0.028724592,1.4365041,-0.11999126,1.0
240,4,-0.046584524,1.4327843,-0.13557266,1.0
240,5,-0.04985434,1.4383624,-0.1417592,1.0
240,6,-0.042395286,1.424659,-0.12519388,1.0
240,7,0.04117584,1.4351594,-0.040656082,1.0
240,8,-0.08401258,1.373368,-0.00995207,1.0
240,9,-0.0017022073,1.4064426,-0.09773892,1.0
240,10,-0.035084765,1.3657935,-0.11358284,1.0
240,11,0.13628682,1.2760078,0.013656596,1.0
240,12,-0.10694581,1.3002441,0.16613555,1.0
240,13,0.23906589,1.0867076,0.010001268,1.0
240,14,-0.07795532,1.017077,0.13404259,1.0
240,15,0.31149423,0.8500939,0.041458398,1.0
240,16,-0.06334952,0.85590386,0.056473233,1.0
240,17,0.336332,0.8132312,0.040786676,1.0
240,18,-0.031821232,0.82782763,0.023868058,1.0
240,19,0.31174758,0.7932254,0.029603347,1.0
240,20,-0.013994986,0.8604306,0.0035389718,1.0
240,21,0.31982934,0.8082356,0.043973178,1.0
240,22,-0.054426473,0.8611752,0.038420483,1.0
240,23,0.079750896,0.8198463,-0.008073956,1.0
240,24,-0.07589334,0.81777465,0.014756337,1.0
240,25,0.063783,0.45450622,-0.12392453,1.0
240,26,-0.04859616,0.47970647,-0.042004135,1.0
240,27,0.13842657,0.09110683,-0.04832451,1.0
240,28,-0.013615347,0.0682362,0.026340608,1.0
240,29,0.12344873,0.055654105,-0.030580612,1.0
240,30,-0.009248197,0.030640025,-0.005155212,1.0
240,31,0.09314358,0.018833015,-0.06880361,1.0
240,32,-0.05153266,0.0,-0.05095353,1.0
241,0,-0.046979558,1.4002728,-0.13566656,1.0
241,1,-0.032335963,1.4255967,-0.12502983,1.0
241,2,-0.032407507,1.4273725,-0.11294917,1.0
241,3,-0.029424094,1.4307501,-0.12084452,1.0
241,4,-0.04687299,1.4289434,-0.13739896,1.0
241,5,-0.048861407,1.4331965,-0.1427386,1.0
241,6,-0.044711,1.4194055,-0.12556872,1.0
241,7,0.043189768,1.4280262,-0.038229752,1.0
241,8,-0.08841086,1.3703272,-0.008612856,1.0
241,9,-0.001829958,1.3999863,-0.0981108,1.0
241,10,-0.03298763,1.3618989,-0.111891754,1.0
241,11,0.1362917,1.268284,0.023827298,1.0
241,12,-0.10781306,1.2956955,0.1689229,1.0
241,13,0.24640852,1.0816653,0.015333176,1.0
241,14,-0.07603654,1.0149213,0.13132103,1.0
241,15,0.33667397,0.8577351,0.045036726,1.0
241,16,-0.06582236,0.8500887,0.05534169,1.0
241,17,0.3709193,0.8249392,0.0411223,1.0
241,18,-0.034990028,0.8232314,0.02372833,1.0
241,19,0.34574655,0.80171067,0.03499284,1.0
241,20,-0.01810655,0.8557689,0.005776612,1.0
241,21,0.34556442,0.8202806,0.04576117,1.0
241,22,-0.056586314,0.85844916,0.040554244,1.0
241,23,0.081568085,0.8124053,-0.008416628,1.0
241,24,-0.07387995,0.8103819,0.011697872,1.0
241,25,0.07903322,0.43582568,-0.09700918,1.0
241,26,-0.04575879,0.4742275,-0.041009545,1.0
241,27,0.15513039,0.0809579,-0.029882634,1.0
241,28,-0.014531277,0.07553321,0.058894277,1.0
241,29,0.14118199,0.045021195,-0.012665171,1.0
241,30,-0.012721955,0.04058746,0.028812386,1.0
241,31,0.11701307,0.01395102,-0.06233918,1.0
241,32,-0.047669724,0.008863568,-0.020316355,1.0
242,0,-0.045971043,1.4051158,-0.13412607,1.0
242,1,-0.031309776,1.4271145,-0.123175785,1.0
242,2,-0.030407328,1.425952,-0.11177412,1.0
242,3,-0.029304463,1.4305398,-0.11845786,1.0
242,4,-0.051218655,1.4319646,-0.13260591,1.0
242,5,-0.048409857,1.4354634,-0.14078887,1.0
242,6,-0.045563087,1.4216182,-0.12561214,1.0
242,7,0.042765036,1.4265327,-0.03597969,1.0
242,8,-0.08611531,1.3708322,-0.0104186665,1.0
242,9,-0.003112543,1.4001086,-0.09452707,1.0
242,10,-0.03495204,1.3643034,-0.11087783,1.0
242,11,0.13818508,1.264271,0.025325086,1.0
242,12,-0.10592505,1.2984326,0.16410398,1.0
242,13,0.25654525,1.0928026,0.016685393,1.0
242,14,-0.066248514,1.0194359,0.13242197,1.0
242,15,0.3600518,0.88072515,0.03896769,1.0
242,16,-0.058066294,0.85156506,0.05548068,1.0
242,17,0.3935312,0.8463064,0.036771063,1.0
242,18,-0.029718963,0.82089883,0.027506402,1.0
242,19,0.3724406,0.8211087,0.029462963,1.0
242,20,-0.017244771,0.8576913,0.0052915653,1.0
242,21,0.36874416,0.8421018,0.035006862,1.0
242,22,-0.048429232,0.8581661,0.038318478,1.0
242,23,0.082227945,0.8091732,-0.0062549366,1.0
242,24,-0.07361218,0.8091116,0.010094975,1.0
242,25,0.0920163,0.42511106,-0.08994367,1.0
242,26,-0.04209485,0.47424984,-0.03443722,1.0
242,27,0.15863124,0.07866281,-0.015720956,1.0
242,28,-0.021836657,0.08196962,0.07986653,1.0
242,29,0.1407184,0.042410553,-0.0016114898,1.0
242,30,-0.019773569,0.048846204,0.050448015,1.0
242,31,0.11494179,0.014161149,-0.05271352,1.0
242,32,-0.05067637,0.025406154,0.0025392883,1.0
243,0,-0.04509819,1.411802,-0.14609289,1.0
243,1,-0.03171736,1.4333162,-0.13193256,1.0
243,2,-0.02764121,1.4287357,-0.12471426,1.0
243,3,-0.029250808,1.4334803,-0.12907381,1.0
243,4,-0.051979702,1.4391193,-0.14123417,1.0
243,5,-0.047628175,1.4429405,-0.14894173,1.0
243,6,-0.043601178,1.4269023,-0.1380811,1.0
243,7,0.041818,1.4244764,-0.045515224,1.0
243,8,-0.08382049,1.3752799,-0.02271314,1.0
243,9,-0.0033506206,1.4012673,-0.10388369,1.0
243,10,-0.037402183,1.3678949,-0.123138934,1.0
243,11,0.13830534,1.2603087,0.016905276,1.0
243,12,-0.10349457,1.3061724,0.14585644,1.0
243,13,0.26630163,1.1114657,0.011190955,1.0
243,14,-0.060247097,1.0348368,0.12345262,1.0
243,15,0.38388696,0.91840965,0.03507913,1.0
243,16,-0.05316613,0.85144687,0.054634735,1.0
243,17,0.41538206,0.88443047,0.03719845,1.0
243,18,-0.025948344,0.8164988,0.027513381,1.0
243,19,0.39997303,0.8615504,0.024052447,1.0
243,20,-0.015337196,0.85741925,0.00094827684,1.0
243,21,0.3934013,0.87998295,0.027044838,1.0
243,22,-0.046119187,0.85481113,0.033648953,1.0
243,23,0.08193912,0.8031254,-0.004201316,1.0
243,24,-0.07399557,0.8050599,0.0060537667,1.0
243,25,0.10868923,0.4110975,-0.08151307,1.0
243,26,-0.03289926,0.47331858,-0.022875642,1.0
243,27,0.16748673,0.06617567,-0.0007029772,1.0
243,28,-0.025877751,0.08461371,0.09437719,1.0
243,29,0.14766717,0.030004818,0.011430192,1.0
243,30,-0.019292442,0.051814176,0.066384174,1.0
243,31,0.12331532,0.005030906,-0.041702185,1.0
243,32,-0.04669711,0.042312153,0.014953192,1.0
244,0,-0.045749746,1.4194233,-0.17161778,1.0
244,1,-0.028508954,1.4380894,-0.15640728,1.0
244,2,-0.027251184,1.4423313,-0.15112492,1.0
244,3,-0.027238758,1.4426847,-0.15537548,1.0
244,4,-0.045118436,1.4478204,-0.16950278,1.0
244,5,-0.04518155,1.4508157,-0.18035845,1.0
244,6,-0.042967357,1.4347894,-0.16068584,1.0
244,7,0.047027133,1.4249711,-0.06971694,1.0
244,8,-0.085801676,1.3846657,-0.047523897,1.0
244,9,-0.0027605123,1.4070837,-0.13100441,1.0
244,10,-0.035127364,1.3746712,-0.14791039,1.0
244,11,0.13528398,1.266309,0.0054149227,1.0
244,12,-0.10797666,1.3112732,0.13056114,1.0
244,13,0.29337323,1.1244218,-0.0015644794,1.0
244,14,-0.055532757,1.0431724,0.11830233,1.0
244,15,0.4239934,0.9303813,0.029719228,1.0
244,16,-0.05578501,0.8546362,0.05988762,1.0
244,17,0.46441388,0.89876974,0.033442453,1.0
244,18,-0.021029655,0.82447094,0.03897383,1.0
244,19,0.44327557,0.8750326,0.019647278,1.0
244,20,-0.016661596,0.8594796,0.013925614,1.0
244,21,0.43344808,0.89296275,0.021572838,1.0
244,22,-0.044972546,0.8609977,0.042165346,1.0
244,23,0.08479693,0.80841696,-0.007844774,1.0
244,24,-0.07131686,0.8075402,0.0065165022,1.0
244,25,0.12558155,0.4126993,-0.07723889,1.0
244,26,-0.03397125,0.47742328,-0.01152679,1.0
244,27,0.17206115,0.064430445,-0.0011615604,1.0
244,28,-0.031229356,0.09111521,0.10944939,1.0
244,29,0.15794179,0.026982691,0.016056944,1.0
244,30,-0.028567586,0.05727653,0.08288881,1.0
244,31,0.12869358,0.010321282,-0.039469358,1.0
244,32,-0.053989764,0.04666618,0.026077364,1.0
245,0,-0.046163477,1.4250517,-0.18998072,1.0
245,1,-0.027233277,1.443613,-0.17327397,1.0
245,2,-0.025455093,1.4504879,-0.16917506,1.0
245,3,-0.024913508,1.4489706,-0.17219144,1.0
245,4,-0.039969467,1.4562964,-0.18829615,1.0
245,5,-0.042806707,1.4585721,-0.2009035,1.0
245,6,-0.039556906,1.4415207,-0.17838565,1.0
245,7,0.050981097,1.4241626,-0.088709965,1.0
245,8,-0.08336845,1.3904352,-0.06653159,1.0
245,9,-0.0022230018,1.4102037,-0.14943966,1.0
245,10,-0.036726046,1.3805244,-0.16427332,1.0
245,11,0.13481677,1.2687995,-0.008413418,1.0
245,12,-0.110731825,1.3163962,0.11747658,1.0
245,13,0.30452704,1.1389046,-0.0069448,1.0
245,14,-0.055435896,1.0483592,0.112675935,1.0
245,15,0.44184184,0.9545385,0.026134912,1.0
245,16,-0.06171585,0.8567716,0.066469215,1.0
245,17,0.48406228,0.92528313,0.03370879,1.0
245,18,-0.02743638,0.82676154,0.046432223,1.0
245,19,0.46347246,0.9032945,0.014844902,1.0
245,20,-0.024296261,0.8589674,0.01875556,1.0
245,21,0.45167193,0.91643673,0.018247524,1.0
245,22,-0.052248124,0.86267895,0.04736683,1.0
245,23,0.08522818,0.8076251,-0.007295506,1.0
245,24,-0.073359065,0.80736154,0.003877338,1.0
245,25,0.14005414,0.41293854,-0.080064714,1.0
245,26,-0.036804307,0.4860207,-0.014134286,1.0
245,27,0.19075295,0.06475356,0.003314361,1.0
245,28,-0.028480519,0.09888372,0.10497946,1.0
245,29,0.18219803,0.02746446,0.024247734,1.0
245,30,-0.025773786,0.06325306,0.08168093,1.0
245,31,0.15211396,0.011128914,-0.030700827,1.0
245,32,-0.053467523,0.049736243,0.030645553,1.0
246,0,-0.042046,1.4241982,-0.2355831,1.0
246,1,-0.020734489,1.4443467,-0.21866499,1.0
246,2,-0.02417637,1.440069,-0.2108157,1.0
246,3,-0.024520766,1.4441345,-0.21043707,1.0
246,4,-0.04255427,1.4511535,-0.23105548,1.0
246,5,-0.040915802,1.4547045,-0.23692577,1.0
246,6,-0.031037316,1.4458611,-0.223989,1.0
246,7,0.05210223,1.4272192,-0.12308387,1.0
246,8,-0.07612322,1.3961523,-0.10740343,1.0
246,9,-0.0049932757,1.4112651,-0.18670592,1.0
246,10,-0.036932655,1.3867846,-0.2089206,1.0
246,11,0.140459,1.2637565,-0.04082019,1.0
246,12,-0.10911435,1.3214927,0.08065057,1.0
246,13,0.31725478,1.1381958,-0.02852944,1.0
246,14,-0.06556223,1.0653749,0.11616199,1.0
246,15,0.46522862,0.96435165,0.027880508,1.0
246,16,-0.08421571,0.8875277,0.1034485,1.0
246,17,0.507562,0.9501547,0.036925472,1.0
246,18,-0.05928128,0.85507226,0.09492586,1.0
246,19,0.49704832,0.9349779,0.019400679,1.0
246,20,-0.04635989,0.89076704,0.060723003,1.0
246,21,0.4828631,0.938125,0.015024405,1.0
246,22,-0.07487131,0.88425505,0.08016268,1.0
246,23,0.07944379,0.8021476,8.9026056e-05,1.0
246,24,-0.08013333,0.8027903,0.002512301,1.0
246,25,0.14121412,0.40924424,-0.06986485,1.0
246,26,-0.045471475,0.48265707,-0.0164035,1.0
246,27,0.2019434,0.060887426,0.01712174,1.0
246,28,-0.025011666,0.09948334,0.1306155,1.0
246,29,0.1842035,0.022234581,0.02676081,1.0
246,30,-0.024249904,0.066591084,0.107352495,1.0
246,31,0.15299818,0.0,-0.018350977,1.0
246,32,-0.062495105,0.046310812,0.07048154,1.0
247,0,-0.03972379,1.4267659,-0.23131104,1.0
247,1,-0.018158574,1.4455602,-0.2172625,1.0
247,2,-0.01966635,1.4415126,-0.20735149,1.0
247,3,-0.023974963,1.4448769,-0.21003537,1.0
247,4,-0.04308995,1.4502437,-0.22852898,1.0
247,5,-0.038938396,1.4541962,-0.2328322,1.0
247,6,-0.03190242,1.4468687,-0.22283605,1.0
247,7,0.057617243,1.4288125,-0.11691627,1.0
247,8,-0.07756889,1.4041507,-0.104472004,1.0
247,9,-0.004334433,1.4142556,-0.1840412,1.0
247,10,-0.03500499,1.389894,-0.20420162,1.0
247,11,0.14399779,1.2649586,-0.034265276,1.0
247,12,-0.10587126,1.3279414,0.08270075,1.0
247,13,0.31843925,1.1399734,-0.023192406,1.0
247,14,-0.066368684,1.0740087,0.11979973,1.0
247,15,0.4681614,0.96775126,0.032825306,1.0
247,16,-0.085673116,0.90151113,0.10135331,1.0
247,17,0.5115919,0.9548594,0.033868425,1.0
247,18,-0.059626136,0.8679497,0.09197065,1.0
247,19,0.50384265,0.93753463,0.02377887,1.0
247,20,-0.04666897,0.90532744,0.061104655,1.0
247,21,0.48603284,0.94606656,0.018392354,1.0
247,22,-0.07463491,0.9000993,0.08086309,1.0
247,23,0.0811738,0.8000613,-0.0023958706,1.0
247,24,-0.07837603,0.80084616,0.005851122,1.0
247,25,0.13999878,0.40453216,-0.063934535,1.0
247,26,-0.0494572,0.47981882,-0.013179038,1.0
247,27,0.2031442,0.05713722,0.022040792,1.0
247,28,-0.032950036,0.096198946,0.13779041,1.0
247,29,0.18365791,0.018676624,0.029146936,1.0
247,30,-0.03494356,0.0659039,0.11146578,1.0
247,31,0.16535984,0.0,-0.020022657,1.0
247,32,-0.07624206,0.048153162,0.073674716,1.0
248,0,-0.045138277,1.4293612,-0.23434816,1.0
248,1,-0.022194033,1.4442722,-0.21732508,1.0
248,2,-0.015658997,1.45202,-0.21002294,1.0
248,3,-0.018424682,1.4484276,-0.21745878,1.0
248,4,-0.037136056,1.462272,-0.2296262,1.0
248,5,-0.036321398,1.4592669,-0.24518457,1.0
248,6,-0.03603039,1.4449444,-0.22422312,1.0
248,7,0.0629973,1.4216515,-0.11946808,1.0
248,8,-0.08280687,1.399061,-0.10740371,1.0
248,9,-0.0019785939,1.4123114,-0.18690446,1.0
248,10,-0.037947476,1.3840625,-0.20192671,1.0
248,11,0.13630852,1.2685714,-0.02996526,1.0
248,12,-0.10401116,1.329169,0.10291873,1.0
248,13,0.31007612,1.1408141,-0.030095669,1.0
248,14,-0.051599693,1.070842,0.13297224,1.0
248,15,0.4515496,0.96246475,0.016046682,1.0
248,16,-0.08154355,0.9037595,0.11759962,1.0
248,17,0.5020313,0.94687426,0.019096598,1.0
248,18,-0.050026774,0.8813502,0.09405422,1.0
248,19,0.48446608,0.9237584,0.008470299,1.0
248,20,-0.049504012,0.910108,0.07209162,1.0
248,21,0.46225893,0.9374099,0.0049359603,1.0
248,22,-0.07536564,0.9143088,0.09815039,1.0
248,23,0.08587971,0.8025557,-0.011891845,1.0
248,24,-0.072304055,0.8045968,0.0068715634,1.0
248,25,0.14624074,0.40587562,-0.06490916,1.0
248,26,-0.050351817,0.48244375,-0.012418996,1.0
248,27,0.19536033,0.05675397,0.0053659435,1.0
248,28,-0.041472778,0.08687955,0.1123009,1.0
248,29,0.18121298,0.017797662,0.016958795,1.0
248,30,-0.04046696,0.053658932,0.08221485,1.0
248,31,0.15902394,0.0016474328,-0.039599165,1.0
248,32,-0.08553457,0.045116946,0.03691723,1.0
249,0,-0.050902065,1.4269968,-0.2342652,1.0
249,1,-0.023521254,1.4435911,-0.20885038,1.0
249,2,-0.019882085,1.4543079,-0.20177844,1.0
249,3,-0.01886191,1.4510231,-0.20980245,1.0
249,4,-0.03578654,1.4665787,-0.22430257,1.0
249,5,-0.038832694,1.4607413,-0.2464157,1.0
249,6,-0.034431674,1.4448457,-0.2189208,1.0
249,7,0.061769344,1.4170191,-0.116289765,1.0
249,8,-0.08016006,1.3943104,-0.105616696,1.0
249,9,-0.008828193,1.4136457,-0.17751503,1.0
249,10,-0.0467083,1.3844755,-0.20079967,1.0
249,11,0.121202886,1.2623863,-0.032228544,1.0
249,12,-0.096195266,1.3303423,0.11844589,1.0
249,13,0.28515297,1.1382124,-0.04087124,1.0
249,14,-0.03551855,1.0703626,0.14982569,1.0
249,15,0.43309933,0.9549889,-0.008105182,1.0
249,16,-0.053127863,0.90470934,0.1348007,1.0
249,17,0.47431466,0.9367152,0.0014537259,1.0
249,18,-0.013536885,0.88883,0.112660944,1.0
249,19,0.45876512,0.9203047,-0.013712235,1.0
249,20,-0.020523615,0.912993,0.08770435,1.0
249,21,0.4424994,0.92828345,-0.01750043,1.0
249,22,-0.046159197,0.91635317,0.115963124,1.0
249,23,0.08383571,0.80471694,-0.013117993,1.0
249,24,-0.07221631,0.80767137,0.007975394,1.0
249,25,0.15507816,0.40308082,-0.06890025,1.0
249,26,-0.05807247,0.48121846,-0.012865728,1.0
249,27,0.20817186,0.05169928,0.0048957765,1.0
249,28,-0.04485181,0.06692514,0.08442617,1.0
249,29,0.19827288,0.012727309,0.01968539,1.0
249,30,-0.04164843,0.030479014,0.05425948,1.0
249,31,0.16700745,0.0,-0.033378802,1.0
249,32,-0.08708179,0.01951855,0.006081123,1.0
250,0,-0.052842304,1.4271188,-0.20957693,1.0
250,1,-0.027502779,1.4486468,-0.19037612,1.0
250,2,-0.025206082,1.4484725,-0.18409002,1.0
250,3,-0.027738001,1.450145,-0.18668112,1.0
250,4,-0.04088783,1.4573517,-0.19890675,1.0
250,5,-0.044311076,1.4570749,-0.212818,1.0
250,6,-0.03449517,1.4463861,-0.19497801,1.0
250,7,0.05907911,1.418633,-0.10730873,1.0
250,8,-0.07455478,1.4006822,-0.07225738,1.0
250,9,-0.018159574,1.4169314,-0.16017239,1.0
250,10,-0.049446568,1.3863583,-0.18089564,1.0
250,11,0.108150125,1.2513809,-0.030510325,1.0
250,12,-0.09184994,1.3303983,0.13885379,1.0
250,13,0.24432746,1.1154652,-0.040481083,1.0
250,14,-0.034606196,1.0694686,0.15591243,1.0
250,15,0.38607195,0.9483659,-0.023212103,1.0
250,16,-0.04337882,0.9021095,0.12924576,1.0
250,17,0.42583308,0.9307877,-0.018229056,1.0
250,18,-0.00640511,0.8820446,0.11420876,1.0
250,19,0.4298994,0.91965765,-0.03799784,1.0
250,20,-0.0067573646,0.9095213,0.08078679,1.0
250,21,0.4074785,0.9208811,-0.035057575,1.0
250,22,-0.038377058,0.9101283,0.108062014,1.0
250,23,0.07661021,0.8040013,-0.009724027,1.0
250,24,-0.077566355,0.807632,0.011776267,1.0
250,25,0.16115385,0.4033808,-0.07511096,1.0
250,26,-0.06295002,0.47828588,-0.021891894,1.0
250,27,0.22114758,0.05016566,-0.006331818,1.0
250,28,-0.046318494,0.05605918,0.061866224,1.0
250,29,0.20904854,0.01107236,0.0061466955,1.0
250,30,-0.043760546,0.019972675,0.029014986,1.0
250,31,0.1817235,0.00040247804,-0.04894992,1.0
250,32,-0.09128274,0.009884921,-0.021153815,1.0
251,0,-0.054042723,1.4329605,-0.20109034,1.0
251,1,-0.032707676,1.4595516,-0.18530962,1.0
251,2,-0.032397285,1.4415021,-0.17705688,1.0
251,3,-0.041380346,1.4517024,-0.17368339,1.0
251,4,-0.05605675,1.449158,-0.1917801,1.0
251,5,-0.05367689,1.4555407,-0.19093764,1.0
251,6,-0.039609756,1.4528193,-0.1927698,1.0
251,7,0.05571624,1.4299345,-0.091987185,1.0
251,8,-0.06843068,1.4158585,-0.06194158,1.0
251,9,-0.029013932,1.4297981,-0.15250586,1.0
251,10,-0.049209137,1.3964586,-0.17874824,1.0
251,11,0.103196874,1.2454164,-0.032414153,1.0
251,12,-0.07930571,1.3366816,0.1415436,1.0
251,13,0.20920043,1.0826442,-0.057345968,1.0
251,14,-0.033473477,1.0741761,0.16585247,1.0
251,15,0.3376844,0.92695117,-0.047068775,1.0
251,16,-0.0417587,0.88931763,0.1330402,1.0
251,17,0.3614457,0.9189952,-0.051093534,1.0
251,18,-0.011647059,0.84723973,0.13597229,1.0
251,19,0.37929672,0.9180142,-0.068391874,1.0
251,20,-0.0017781626,0.8839485,0.08497901,1.0
251,21,0.36267665,0.9132578,-0.06429587,1.0
251,22,-0.037206568,0.885381,0.11013574,1.0
251,23,0.064239845,0.8052181,-0.007512588,1.0
251,24,-0.081321836,0.811939,0.023644924,1.0
251,25,0.15419194,0.3968608,-0.07731637,1.0
251,26,-0.06529185,0.47308296,-0.024643157,1.0
251,27,0.23337576,0.052618623,-0.0035665631,1.0
251,28,-0.044673353,0.03809029,0.04959018,1.0
251,29,0.21243872,0.016075596,-0.0019452771,1.0
251,30,-0.04976009,0.0041192705,0.013329047,1.0
251,31,0.17801933,0.0072669694,-0.05527392,1.0
251,32,-0.100606054,0.0,-0.03440097,1.0
252,0,-0.06341373,1.4282687,-0.14560331,1.0
252,1,-0.042657293,1.4509478,-0.13554059,1.0
252,2,-0.023939926,1.4442389,-0.12714466,1.0
252,3,-0.036593303,1.4442668,-0.13337871,1.0
252,4,-0.05068201,1.4600537,-0.13941312,1.0
252,5,-0.04940693,1.4562538,-0.14623922,1.0
252,6,-0.045421824,1.4424026,-0.14171758,1.0
252,7,0.066639155,1.4093058,-0.05968213,1.0
252,8,-0.07270969,1.4023132,-0.019887634,1.0
252,9,-0.02358648,1.4134858,-0.107190244,1.0
252,10,-0.055751998,1.3820024,-0.115871355,1.0
252,11,0.099809736,1.2381513,-0.026430333,1.0
252,12,-0.064186655,1.3354659,0.17454946,1.0
252,13,0.19191325,1.0641723,-0.07951033,1.0
252,14,-0.011417249,1.0705034,0.18899195,1.0
252,15,0.28405172,0.8928752,-0.060560517,1.0
252,16,-0.024378207,0.88867915,0.13482593,1.0
252,17,0.30955818,0.8786369,-0.062285393,1.0
252,18,0.007199699,0.8535286,0.10778294,1.0
252,19,0.30193335,0.86262083,-0.08041408,1.0
252,20,0.007440995,0.8784838,0.079007745,1.0
252,21,0.29270467,0.88171345,-0.07535113,1.0
252,22,-0.02618534,0.89737636,0.112828605,1.0
252,23,0.06829067,0.7969375,-0.022431163,1.0
252,24,-0.06939327,0.8079708,0.022684848,1.0
252,25,0.15092155,0.38616937,-0.09749462,1.0
252,26,-0.06044305,0.4660435,-0.02404021,1.0
252,27,0.22520024,0.030047089,-0.032162465,1.0
252,28,-0.052377168,0.032332003,0.04915464,1.0
252,29,0.20749633,0.0,-0.0277901,1.0
252,30,-0.051835485,0.0,0.014364272,1.0
252,31,0.1798698,0.0,-0.087507665,1.0
252,32,-0.118355274,0.0009402924,-0.0241752,1.0
253,0,-0.07947957,1.3981352,-0.120135516,1.0
253,1,-0.04133814,1.4142659,-0.12211433,1.0
253,2,-0.040101588,1.4298227,-0.10510266,1.0
253,3,-0.039814003,1.4264007,-0.118720844,1.0
253,4,-0.05425307,1.4429624,-0.122378305,1.0
253,5,-0.05168541,1.4344971,-0.14366037,1.0
253,6,-0.0558749,1.4145858,-0.1136105,1.0
253,7,0.064347856,1.3873887,-0.06452992,1.0
253,8,-0.072362706,1.378063,0.003762329,1.0
253,9,-0.020157313,1.3815784,-0.09326534,1.0
253,10,-0.05712244,1.3572049,-0.08297546,1.0
253,11,0.07728396,1.2279043,-0.028557412,1.0
253,12,-0.03561332,1.3074943,0.21909986,1.0
253,13,0.15577108,1.046183,-0.11493106,1.0
253,14,0.019597467,1.0360253,0.2206828,1.0
253,15,0.25176218,0.8768606,-0.06968412,1.0
253,16,-0.014969164,0.8540734,0.14574695,1.0
253,17,0.35235623,0.90308964,-0.048674896,1.0
253,18,0.013169492,0.8294162,0.11167327,1.0
253,19,0.3552681,0.8928273,-0.066926576,1.0
253,20,0.0029194634,0.8327077,0.09882009,1.0
253,21,0.2672084,0.8545375,-0.08151193,1.0
253,22,-0.02006738,0.8688306,0.13128667,1.0
253,23,0.062275603,0.7879259,-0.05202251,1.0
253,24,-0.036993153,0.7923612,0.034948587,1.0
253,25,0.1273786,0.3834819,-0.12918893,1.0
253,26,-0.054373898,0.4488409,-0.0060713105,1.0
253,27,0.22968793,0.011081308,-0.10699618,1.0
253,28,-0.027035054,0.0066155195,0.054691527,1.0
253,29,0.20550469,0.0,-0.08205095,1.0
253,30,-0.039134473,0.0,0.005288195,1.0
253,31,0.16513193,0.0,-0.14491835,1.0
253,32,-0.118367836,0.0029780287,-0.029194448,1.0
254,0,-0.08054428,1.367231,-0.09993613,1.0
254,1,-0.04006832,1.3939227,-0.10621709,1.0
254,2,-0.061049663,1.3990428,-0.08025706,1.0
254,3,-0.05081029,1.4122157,-0.08882728,1.0
254,4,-0.064743996,1.4204713,-0.100939795,1.0
254,5,-0.0631474,1.411818,-0.12023278,1.0
254,6,-0.052434027,1.4035012,-0.09075431,1.0
254,7,0.045229718,1.3841642,-0.05899886,1.0
254,8,-0.062316593,1.3576685,0.026340213,1.0
254,9,-0.02846989,1.3622432,-0.070237145,1.0
254,10,-0.067788556,1.3392648,-0.06955379,1.0
254,11,0.053306997,1.2202502,-0.038425267,1.0
254,12,-0.028721165,1.2934122,0.23815617,1.0
254,13,0.089530036,1.024453,-0.12304303,1.0
254,14,0.01834593,1.0107615,0.2184762,1.0
254,15,0.095036305,0.79169977,-0.11712062,1.0
254,16,-0.0047531757,0.81806946,0.14225309,1.0
254,17,0.3317957,0.8959333,-0.05748888,1.0
254,18,0.014813302,0.780301,0.117325604,1.0
254,19,0.3350891,0.8863608,-0.075261705,1.0
254,20,0.019832253,0.7886591,0.090794444,1.0
254,21,0.10793155,0.7550428,-0.12237729,1.0
254,22,-0.021272039,0.81585985,0.11969325,1.0
254,23,0.047782823,0.77709514,-0.050574377,1.0
254,24,-0.032119684,0.7749733,0.061509416,1.0
254,25,0.051966764,0.38408285,-0.13845572,1.0
254,26,-0.060762547,0.4306585,0.0011143535,1.0
254,27,0.22712654,0.032004952,-0.11254346,1.0
254,28,-0.04025907,0.0,0.059779573,1.0
254,29,0.20352459,1.7516315e-05,-0.09341948,1.0
254,30,-0.053160124,0.0012907535,0.012298591,1.0
254,31,0.12141365,5.650295e-07,-0.1313057,1.0
254,32,-0.1483919,7.414751e-05,-0.012893533,1.0
255,0,-0.09861286,1.3391596,-0.116189845,1.0
255,1,-0.06670312,1.3671324,-0.12539168,1.0
255,2,-0.09618752,1.3555287,-0.11193213,1.0
255,3,-0.09657753,1.3796973,-0.10073055,1.0
255,4,-0.10405423,1.3612831,-0.114913866,1.0
255,5,-0.10632409,1.3672017,-0.12205818,1.0
255,6,-0.08509004,1.3863748,-0.10201784,1.0
255,7,0.0029702447,1.3851486,-0.08973931,1.0
255,8,-0.0697886,1.3459624,0.014096681,1.0
255,9,-0.06447405,1.3515588,-0.09439645,1.0
255,10,-0.08878939,1.3184265,-0.09341338,1.0
255,11,0.015375028,1.2125113,-0.079211,1.0
255,12,-0.041170225,1.2634017,0.2396859,1.0
255,13,-0.0017258697,0.9847063,-0.14164996,1.0
255,14,0.0076488694,0.9726006,0.21942043,1.0
255,15,0.15804145,0.8254249,-0.09826725,1.0
255,16,-0.04795468,0.7629107,0.15071052,1.0
255,17,0.30955818,0.87863684,-0.06228539,1.0
255,18,-0.033376854,0.7057556,0.16786176,1.0
255,19,0.30193335,0.8626208,-0.08041408,1.0
255,20,-0.017715126,0.73778564,0.11603475,1.0
255,21,0.16952258,0.7972663,-0.1067019,1.0
255,22,-0.047643095,0.74027646,0.12364283,1.0
255,23,0.016811188,0.76883066,-0.046966836,1.0
255,24,-0.0069857985,0.7483744,0.08494949,1.0
255,25,0.09800612,0.38437945,-0.12615183,1.0
255,26,-0.114010096,0.4269422,0.015531689,1.0
255,27,0.22747013,0.025115093,-0.092287146,1.0
255,28,-0.049268425,0.008144647,0.08465884,1.0
255,29,0.20505041,0.0,-0.074776225,1.0
255,30,-0.065460816,0.0,0.04643072,1.0
255,31,0.060936473,0.012109247,-0.043070227,1.0
255,32,-0.15418473,0.0,0.07575679,1.0
256,0,-0.1388825,1.321679,-0.088321134,1.0
256,1,-0.13016316,1.3446218,-0.090982035,1.0
256,2,-0.13177332,1.3376008,-0.09943776,1.0
256,3,-0.14514211,1.3492659,-0.083054364,1.0
256,4,-0.14672302,1.3415624,-0.08363432,1.0
256,5,-0.14853269,1.3369335,-0.08678739,1.0
256,6,-0.14571758,1.3493879,-0.083562106,1.0
256,7,-0.0487972,1.36,-0.068168834,1.0
256,8,-0.122574925,1.3113927,0.027547432,1.0
256,9,-0.1029169,1.3273071,-0.0650661,1.0
256,10,-0.122532696,1.2774385,-0.0638405,1.0
256,11,-0.053069796,1.2108824,-0.08249387,1.0
256,12,-0.0046305656,1.249073,0.23573023,1.0
256,13,-0.09169796,0.9803163,-0.13292679,1.0
256,14,0.031431504,0.9584713,0.20131049,1.0
256,15,-0.07550962,0.81107134,-0.03821556,1.0
256,16,-0.08100703,0.771683,0.14417914,1.0
256,17,-0.35059983,0.8112808,0.08604114,1.0
256,18,-0.051056474,0.7103224,0.14812079,1.0
256,19,-0.36386624,0.82668436,0.081152864,1.0
256,20,-0.05265491,0.747692,0.11490388,1.0
256,21,-0.06926579,0.7788441,-0.04877324,1.0
256,22,-0.070415035,0.76160425,0.11607768,1.0
256,23,-0.014239583,0.76854926,-0.054470144,1.0
256,24,0.016175343,0.7535946,0.06436451,1.0
256,25,-0.056805912,0.48207146,-0.12085371,1.0
256,26,-0.123793334,0.44796178,0.03220992,1.0
256,27,0.105229355,0.14773682,-0.0953752,1.0
256,28,-0.122076474,0.03082636,0.08008253,1.0
256,29,0.08628,0.11690053,-0.08158838,1.0
256,30,-0.11107235,0.0,0.052642956,1.0
256,31,0.037435714,0.06889213,-0.075718746,1.0
256,32,-0.18411502,0.0,0.061809625,1.0
257,0,-0.12630504,1.3008872,-0.07831806,1.0
257,1,-0.10974093,1.3286477,-0.08586968,1.0
257,2,-0.1237924,1.3208665,-0.075965434,1.0
257,3,-0.12761669,1.3357915,-0.067097425,1.0
257,4,-0.13937646,1.3330226,-0.07087115,1.0
257,5,-0.13316606,1.3232245,-0.07954452,1.0
257,6,-0.12564874,1.3320888,-0.07372062,1.0
257,7,-0.030890273,1.346631,-0.05157085,1.0
257,8,-0.10837761,1.2926904,0.04520089,1.0
257,9,-0.09119782,1.307439,-0.049476165,1.0
257,10,-0.10973635,1.2651994,-0.051251978,1.0
257,11,-0.017891858,1.1926655,-0.05421496,1.0
257,12,-0.01859276,1.2383943,0.2492292,1.0
257,13,-0.048078556,0.978422,-0.12195241,1.0
257,14,0.024845717,0.95374215,0.22484718,1.0
257,15,-0.13235825,0.81752855,-0.0119138695,1.0
257,16,-0.06320563,0.7741869,0.17175698,1.0
257,17,-0.35059983,0.81128085,0.08604114,1.0
257,18,-0.049039185,0.7210724,0.16720234,1.0
257,19,-0.36386624,0.8266844,0.081152864,1.0
257,20,-0.047566526,0.7585921,0.13465254,1.0
257,21,-0.12833157,0.7867779,-0.024238558,1.0
257,22,-0.06888024,0.7662633,0.14361183,1.0
257,23,0.0049665156,0.7525571,-0.054529335,1.0
257,24,0.00551317,0.7384801,0.071265586,1.0
257,25,-0.19831176,0.5710712,-0.11022339,1.0
257,26,-0.10623754,0.43750113,0.019902257,1.0
257,27,-0.006522221,0.264403,-0.08301189,1.0
257,28,-0.08079306,0.012140313,0.07680532,1.0
257,29,-0.020929916,0.23026252,-0.07738036,1.0
257,30,-0.08367367,0.0,0.04142126,1.0
257,31,-0.035358503,0.12965886,-0.050636273,1.0
257,32,-0.1666619,0.0,0.04886187,1.0
258,0,-0.15224226,1.2606602,-0.053604856,1.0
258,1,-0.14078388,1.2862707,-0.06615635,1.0
258,2,-0.15407652,1.2808537,-0.049897026,1.0
258,3,-0.15631288,1.2929393,-0.039047394,1.0
258,4,-0.17544995,1.2993836,-0.038463347,1.0
258,5,-0.1610049,1.2707976,-0.052109662,1.0
258,6,-0.16070579,1.2861427,-0.055852726,1.0
258,7,-0.064776756,1.319488,-0.024735788,1.0
258,8,-0.13945518,1.2417771,0.07186578,1.0
258,9,-0.12291456,1.2692059,-0.015780846,1.0
258,10,-0.13217756,1.2192085,-0.020555383,1.0
258,11,-0.037225336,1.1804062,-0.02937498,1.0
258,12,-0.022153465,1.2197684,0.2688052,1.0
258,13,-0.09818915,0.98374444,-0.10960743,1.0
258,14,0.018921247,0.94853795,0.2501854,1.0
258,15,-0.32323456,0.8922583,0.049889263,1.0
258,16,-0.088311,0.8035987,0.22981417,1.0
258,17,-0.36694372,0.8601692,0.06957968,1.0
258,18,-0.085564554,0.751631,0.21933481,1.0
258,19,-0.38889512,0.87108517,0.061987355,1.0
258,20,-0.08764307,0.80503255,0.19789235,1.0
258,21,-0.32837185,0.86270905,0.032844584,1.0
258,22,-0.10122899,0.80531335,0.20272674,1.0
258,23,-0.006899174,0.7433623,-0.060556717,1.0
258,24,0.016235322,0.7304804,0.07504394,1.0
258,25,-0.37079066,0.75987804,-0.092420064,1.0
258,26,-0.14370249,0.46870798,0.030940162,1.0
258,27,-0.19866627,0.47219053,-0.07390665,1.0
258,28,-0.108190455,0.04113669,0.07467941,1.0
258,29,-0.2040156,0.43588328,-0.073734455,1.0
258,30,-0.10305049,0.0109348325,0.038231086,1.0
258,31,-0.19273685,0.2843719,-0.018236013,1.0
258,32,-0.18138346,0.0,0.052594878,1.0
259,0,-0.16945162,1.1816695,-0.009228108,1.0
259,1,-0.17439984,1.2172458,-0.02341859,1.0
259,2,-0.18648297,1.2024705,-0.0015715393,1.0
259,3,-0.18997255,1.2143557,0.006768514,1.0
259,4,-0.21965323,1.2263658,0.014867798,1.0
259,5,-0.1894721,1.192239,0.004349636,1.0
259,6,-0.19101523,1.1982949,-0.017885897,1.0
259,7,-0.09498039,1.2599101,0.017065583,1.0
259,8,-0.16021644,1.1626313,0.1169308,1.0
259,9,-0.1473889,1.1924138,0.034399748,1.0
259,10,-0.14294964,1.1380649,0.023518568,1.0
259,11,-0.051790975,1.1248057,0.0013571605,1.0
259,12,-0.009362286,1.1561053,0.28732574,1.0
259,13,-0.13220859,0.9347731,-0.08497532,1.0
259,14,0.037038725,0.8850256,0.2703572,1.0
259,15,-0.3029042,0.8369002,0.066991195,1.0
259,16,-0.09559382,0.756307,0.25629812,1.0
259,17,-0.35059983,0.81128085,0.08604114,1.0
259,18,-0.109564945,0.7080927,0.23257276,1.0
259,19,-0.36386624,0.8266844,0.081152864,1.0
259,20,-0.12033444,0.77319854,0.21578686,1.0
259,21,-0.3055289,0.8105793,0.04936549,1.0
259,22,-0.12352135,0.7620413,0.22282103,1.0
259,23,-0.01018124,0.6938917,-0.06514685,1.0
259,24,0.03024352,0.6785443,0.07525042,1.0
259,25,-0.38602066,0.71131253,-0.089049146,1.0
259,26,-0.17196761,0.5100316,0.043018527,1.0
259,27,-0.18175879,0.4387015,-0.060863204,1.0
259,28,-0.14040321,0.07362763,0.05858941,1.0
259,29,-0.1892708,0.40294626,-0.06535102,1.0
259,30,-0.12971263,0.04056084,0.018677054,1.0
259,31,-0.24923259,0.3444522,0.002299741,1.0
259,32,-0.20187886,0.0,0.029522534,1.0
260,0,-0.18293361,1.2375529,-0.01481892,1.0
260,1,-0.16939585,1.2563194,-0.04540197,1.0
260,2,-0.18340454,1.2594326,-0.0056916717,1.0
260,3,-0.17872566,1.2672082,0.0030234444,1.0
260,4,-0.21149085,1.2878897,-0.002907671,1.0
260,5,-0.18347076,1.230552,-0.019888716,1.0
260,6,-0.19786236,1.2527571,-0.03399937,1.0
260,7,-0.09584453,1.3099544,0.024167372,1.0
260,8,-0.17817703,1.2014933,0.108905815,1.0
260,9,-0.15474528,1.2478404,0.032247193,1.0
260,10,-0.15642077,1.1882699,0.02905231,1.0
260,11,-0.03821395,1.200503,0.023309806,1.0
260,12,-0.05590565,1.2263958,0.29921424,1.0
260,13,-0.13401198,1.049454,-0.08612723,1.0
260,14,-0.021311762,0.9880258,0.2940961,1.0
260,15,-0.33911923,0.95172894,0.03428694,1.0
260,16,-0.117717214,0.8943343,0.31639096,1.0
260,17,-0.3815153,0.91449827,0.050640088,1.0
260,18,-0.12803507,0.84647435,0.29430568,1.0
260,19,-0.41069162,0.9185094,0.04735206,1.0
260,20,-0.13469163,0.913235,0.29659206,1.0
260,21,-0.34522542,0.9183038,0.024406027,1.0
260,22,-0.14307508,0.9156412,0.29372513,1.0
260,23,-0.013626963,0.7664291,-0.06678807,1.0
260,24,0.023125188,0.7516414,0.07904485,1.0
260,25,-0.35378477,0.81432104,-0.094679125,1.0
260,26,-0.189684,0.53417265,0.04955918,1.0
260,27,-0.22184579,0.52146524,-0.08703115,1.0
260,28,-0.14682406,0.088439696,0.04433136,1.0
260,29,-0.22653402,0.48505944,-0.08295044,1.0
260,30,-0.141095,0.055953894,0.0002135292,1.0
260,31,-0.31266803,0.42375216,-0.02517734,1.0
260,32,-0.2145521,0.0038309025,0.016299019,1.0
261,0,-0.18926594,1.258784,-0.03348499,1.0
261,1,-0.16179368,1.2656577,-0.059295636,1.0
261,2,-0.17689024,1.2872827,-0.01845858,1.0
261,3,-0.16362324,1.2882464,-0.010320094,1.0
261,4,-0.1967417,1.3272815,-0.008447157,1.0
261,5,-0.17538098,1.2433295,-0.04884278,1.0
261,6,-0.19568694,1.2772794,-0.048675433,1.0
261,7,-0.09342255,1.3189673,0.014575718,1.0
261,8,-0.1901063,1.2030628,0.09859597,1.0
261,9,-0.15906994,1.262969,0.02818724,1.0
261,10,-0.16688141,1.204638,0.02186821,1.0
261,11,-0.03956847,1.2188673,0.029821947,1.0
261,12,-0.052082926,1.2643886,0.30498344,1.0
261,13,-0.13526848,1.0852963,-0.09573664,1.0
261,14,-0.022721678,1.0382556,0.30577332,1.0
261,15,-0.36389533,1.0029746,0.015685402,1.0
261,16,-0.12384033,0.98142445,0.37012994,1.0
261,17,-0.3996315,0.95794594,0.036656782,1.0
261,18,-0.13576224,0.93966144,0.339284,1.0
261,19,-0.43895295,0.95988667,0.023656344,1.0
261,20,-0.13883917,1.0124016,0.35461223,1.0
261,21,-0.3740577,0.9669686,-0.00019722804,1.0
261,22,-0.15131542,1.0151732,0.35715413,1.0
261,23,-0.014258192,0.7832526,-0.07308178,1.0
261,24,0.011520018,0.78563946,0.07896468,1.0
261,25,-0.3403307,0.85700905,-0.09916191,1.0
261,26,-0.19994043,0.5381354,0.04465562,1.0
261,27,-0.23248127,0.5391686,-0.09999354,1.0
261,28,-0.1485978,0.08787584,0.05749583,1.0
261,29,-0.2335052,0.5017574,-0.09050134,1.0
261,30,-0.12994437,0.059063204,0.010815628,1.0
261,31,-0.33341873,0.43647403,-0.03447331,1.0
261,32,-0.20494014,0.0068766177,0.017146634,1.0
262,0,-0.188881,1.2735884,-0.0054083066,1.0
262,1,-0.1725358,1.2811205,-0.050946727,1.0
262,2,-0.18472447,1.2918024,-0.003486064,1.0
262,3,-0.17952313,1.2946665,0.0059871725,1.0
262,4,-0.21283895,1.3147392,-0.009667266,1.0
262,5,-0.18297173,1.2540448,-0.021092134,1.0
262,6,-0.20579323,1.2798164,-0.03423844,1.0
262,7,-0.095701925,1.3466909,0.034998655,1.0
262,8,-0.18406396,1.2339392,0.10906653,1.0
262,9,-0.15833002,1.2832661,0.031921968,1.0
262,10,-0.15627871,1.2181666,0.038483452,1.0
262,11,-0.024680678,1.251699,0.039559618,1.0
262,12,-0.084230915,1.2636068,0.30807507,1.0
262,13,-0.12604052,1.1237218,-0.08359691,1.0
262,14,-0.043688696,1.040535,0.30510774,1.0
262,15,-0.34536317,1.0186776,0.014088713,1.0
262,16,-0.14171764,0.97074,0.32592177,1.0
262,17,-0.38552523,0.97763926,0.027732858,1.0
262,18,-0.14414951,0.91426617,0.31943762,1.0
262,19,-0.42615193,0.97016114,0.035307605,1.0
262,20,-0.15000607,0.97453994,0.33076957,1.0
262,21,-0.35389182,0.9851943,0.015680796,1.0
262,22,-0.16004515,0.99674314,0.30493778,1.0
262,23,-0.014465684,0.81669325,-0.069153376,1.0
262,24,0.018077703,0.7920208,0.07949888,1.0
262,25,-0.334105,0.8659029,-0.09724243,1.0
262,26,-0.18284479,0.5346296,0.051644344,1.0
262,27,-0.24425668,0.5770626,-0.10666499,1.0
262,28,-0.14780381,0.09743127,0.038554404,1.0
262,29,-0.24912736,0.5418026,-0.09596792,1.0
262,30,-0.14804392,0.06297876,-0.0048069432,1.0
262,31,-0.34219486,0.4742321,-0.049909107,1.0
262,32,-0.215561,0.004866884,0.013736643,1.0
263,0,-0.1893031,1.2588098,-0.0012158831,1.0
263,1,-0.17040563,1.282722,-0.05418841,1.0
263,2,-0.18851632,1.2744968,0.008661072,1.0
263,3,-0.18537343,1.2942262,0.018268745,1.0
263,4,-0.22286698,1.2963548,-0.018366843,1.0
263,5,-0.18831305,1.250299,-0.008852738,1.0
263,6,-0.20533292,1.2765582,-0.03655543,1.0
263,7,-0.10260694,1.3430352,0.043112546,1.0
263,8,-0.18239039,1.2328174,0.11326126,1.0
263,9,-0.15602906,1.2812023,0.03649563,1.0
263,10,-0.16263112,1.2160814,0.041913137,1.0
263,11,-0.026395235,1.2469075,0.0325244,1.0
263,12,-0.11887081,1.2413771,0.29963845,1.0
263,13,-0.14573446,1.1081072,-0.072585985,1.0
263,14,-0.10535699,1.0235543,0.3035374,1.0
263,15,-0.3536719,0.9896304,0.033012465,1.0
263,16,-0.1496339,0.979276,0.34940276,1.0
263,17,-0.40176728,0.9498499,0.03834758,1.0
263,18,-0.17033738,0.9463957,0.3045725,1.0
263,19,-0.42720604,0.9505361,0.043201156,1.0
263,20,-0.16725358,1.0033599,0.32836455,1.0
263,21,-0.35539863,0.9472359,0.03532725,1.0
263,22,-0.1807512,1.0237874,0.3243656,1.0
263,23,-0.018137656,0.81083834,-0.054329365,1.0
263,24,0.038828846,0.77600044,0.08618869,1.0
263,25,-0.34246075,0.8661864,-0.09355579,1.0
263,26,-0.17829013,0.5256379,0.05658608,1.0
263,27,-0.2508677,0.5774563,-0.08726377,1.0
263,28,-0.14197026,0.077578634,0.025705038,1.0
263,29,-0.2569937,0.5402324,-0.085690886,1.0
263,30,-0.15413101,0.040368788,-0.014296705,1.0
263,31,-0.35866836,0.4896017,-0.028563865,1.0
263,32,-0.23243082,0.0,0.018020293,1.0
264,0,-0.19916862,1.2475381,-0.03868943,1.0
264,1,-0.17833933,1.277313,-0.07007506,1.0
264,2,-0.17678352,1.2684016,-0.0038191248,1.0
264,3,-0.17471384,1.2872169,-0.0008248128,1.0
264,4,-0.22131073,1.3191547,-0.036822423,1.0
264,5,-0.1792283,1.252378,-0.040808666,1.0
264,6,-0.1954139,1.2751331,-0.062382106,1.0
264,7,-0.10083039,1.3114166,0.028696079,1.0
264,8,-0.1842592,1.1961586,0.10159501,1.0
264,9,-0.14883581,1.2542033,0.033922594,1.0
264,10,-0.18857427,1.2015605,0.032562796,1.0
264,11,-0.04038862,1.2282043,0.019207766,1.0
264,12,-0.11708606,1.2428557,0.29486927,1.0
264,13,-0.13732848,1.0653425,-0.08439523,1.0
264,14,-0.07772553,1.045253,0.32294708,1.0
264,15,-0.323927,0.96189046,0.043551624,1.0
264,16,-0.18362112,0.9865397,0.3746759,1.0
264,17,-0.36967653,0.90952796,0.048673585,1.0
264,18,-0.21567371,0.98308825,0.30650914,1.0
264,19,-0.40172607,0.9196562,0.04316605,1.0
264,20,-0.1950738,1.0402577,0.33825412,1.0
264,21,-0.33987027,0.9116955,0.03516791,1.0
264,22,-0.21567982,1.0577028,0.3445852,1.0
264,23,-0.017370332,0.7957929,-0.059240736,1.0
264,24,0.033192527,0.77368635,0.08729782,1.0
264,25,-0.3635929,0.836083,-0.1036969,1.0
264,26,-0.19371288,0.5290675,0.04088378,1.0
264,27,-0.23448387,0.5600872,-0.10926469,1.0
264,28,-0.13548252,0.07609552,0.027597165,1.0
264,29,-0.232459,0.5264235,-0.10008959,1.0
264,30,-0.1356218,0.04774835,-0.01899472,1.0
264,31,-0.3322578,0.46412992,-0.04505671,1.0
264,32,-0.20996282,0.0,0.009968013,1.0
265,0,-0.22668406,1.2637138,-0.027831232,1.0
265,1,-0.20483577,1.2872748,-0.047345135,1.0
265,2,-0.19282377,1.3082724,0.005065708,1.0
265,3,-0.18257242,1.2862105,-0.012923345,1.0
265,4,-0.2127161,1.3492291,-0.02418799,1.0
265,5,-0.18398674,1.2739182,-0.035847362,1.0
265,6,-0.21104378,1.2887952,-0.035701483,1.0
265,7,-0.10659263,1.3050749,0.035329223,1.0
265,8,-0.19236548,1.2133157,0.11342901,1.0
265,9,-0.16214266,1.2611537,0.022226542,1.0
265,10,-0.19088484,1.2078333,0.035613243,1.0
265,11,-0.08726972,1.2239523,0.033130325,1.0
265,12,-0.075271145,1.273349,0.32047117,1.0
265,13,-0.1562399,1.0622987,-0.106048495,1.0
265,14,-0.037472244,1.0605612,0.31082356,1.0
265,15,-0.31871152,0.9378062,0.022024894,1.0
265,16,-0.13632105,0.9790361,0.32598728,1.0
265,17,-0.3478224,0.894234,0.013209756,1.0
265,18,-0.17618982,0.94628537,0.2446584,1.0
265,19,-0.40950218,0.86763346,0.025952868,1.0
265,20,-0.17980896,0.98220164,0.28367501,1.0
265,21,-0.36462146,0.8920053,0.009418011,1.0
265,22,-0.18885317,1.0220947,0.29038933,1.0
265,23,0.0015752022,0.82635146,-0.075252086,1.0
265,24,-0.002334313,0.80669606,0.07862659,1.0
265,25,-0.34745035,0.8620622,-0.104768194,1.0
265,26,-0.24952048,0.584437,0.024702556,1.0
265,27,-0.1990577,0.49120858,-0.1534973,1.0
265,28,-0.17034334,0.10595757,-0.015895594,1.0
265,29,-0.20034994,0.45253724,-0.12618749,1.0
265,30,-0.16382313,0.07309644,-0.06926879,1.0
265,31,-0.3426773,0.47429866,-0.041101772,1.0
265,32,-0.20181918,0.0037669241,-0.077478185,1.0
266,0,-0.21606463,1.2713419,0.002502337,1.0
266,1,-0.18778488,1.3030614,-0.04395903,1.0
266,2,-0.2014357,1.3079445,0.0070193866,1.0
266,3,-0.1822664,1.307095,0.0001534624,1.0
266,4,-0.21283863,1.338165,-0.027121093,1.0
266,5,-0.19049764,1.2809616,-0.032727126,1.0
266,6,-0.22458935,1.2951467,-0.020692118,1.0
266,7,-0.10889443,1.3132861,0.041310716,1.0
266,8,-0.18468647,1.240838,0.1082631,1.0
266,9,-0.16418281,1.2870492,0.006987514,1.0
266,10,-0.17348143,1.2239327,0.03795641,1.0
266,11,-0.07922907,1.2180518,0.02161111,1.0
266,12,-0.08156132,1.2736303,0.32673696,1.0
266,13,-0.15631688,1.059051,-0.12060776,1.0
266,14,-0.04745745,1.0345465,0.29831895,1.0
266,15,-0.2976991,0.88516647,0.009991884,1.0
266,16,-0.15107393,0.9363001,0.2883723,1.0
266,17,-0.32740334,0.83222836,-0.0037822686,1.0
266,18,-0.16780224,0.8874368,0.2228527,1.0
266,19,-0.37702477,0.81436676,0.0038107038,1.0
266,20,-0.16178368,0.93738085,0.2458814,1.0
266,21,-0.33661607,0.8400833,0.01243821,1.0
266,22,-0.1720681,0.97306,0.24458411,1.0
266,23,0.003565212,0.83257514,-0.07674253,1.0
266,24,0.00076403935,0.816881,0.07752925,1.0
266,25,-0.33223417,0.80206835,-0.11058842,1.0
266,26,-0.2309854,0.593999,0.021994408,1.0
266,27,-0.22427312,0.48414195,-0.055598106,1.0
266,28,-0.13897517,0.12318185,-0.012618665,1.0
266,29,-0.22413866,0.44872612,-0.021945147,1.0
266,30,-0.14385128,0.07847453,-0.053795546,1.0
266,31,-0.3435766,0.4750464,-0.037988346,1.0
266,32,-0.18879709,0.0087965755,-0.04992655,1.0
267,0,-0.20665227,1.2847492,-0.036348164,1.0
267,1,-0.19668677,1.307205,-0.0681392,1.0
267,2,-0.18058154,1.2993157,-0.026419839,1.0
267,3,-0.18391545,1.298953,-0.024364065,1.0
267,4,-0.20685631,1.3375375,-0.04951688,1.0
267,5,-0.19033864,1.2859368,-0.04285294,1.0
267,6,-0.21616784,1.3100854,-0.05451648,1.0
267,7,-0.10863148,1.3150611,0.0100234635,1.0
267,8,-0.16820009,1.2531081,0.07927256,1.0
267,9,-0.16509409,1.2950907,-0.0090130195,1.0
267,10,-0.17248696,1.230685,0.0017023493,1.0
267,11,-0.06899186,1.215856,-0.000376464,1.0
267,12,-0.094694495,1.2740921,0.29170272,1.0
267,13,-0.1475882,1.0359949,-0.11386631,1.0
267,14,-0.052277915,1.034211,0.27981386,1.0
267,15,-0.31021705,0.9190688,0.021438904,1.0
267,16,-0.14923723,0.90826946,0.2539888,1.0
267,17,-0.29208162,0.8344793,0.0238644,1.0
267,18,-0.153529,0.84272933,0.19516058,1.0
267,19,-0.3927181,0.8550541,0.01970568,1.0
267,20,-0.14716855,0.8964013,0.21002859,1.0
267,21,-0.28218314,0.8464763,0.030606592,1.0
267,22,-0.15554807,0.9346675,0.20388953,1.0
267,23,-0.008603558,0.8151179,-0.06542789,1.0
267,24,-0.004522375,0.80087894,0.08498463,1.0
267,25,-0.34179118,0.77527267,-0.11030253,1.0
267,26,-0.23625411,0.5721275,0.034215093,1.0
267,27,-0.1998697,0.49991727,-0.04030032,1.0
267,28,-0.12128624,0.11777565,0.013444307,1.0
267,29,-0.2069948,0.45823616,-0.026577318,1.0
267,30,-0.111826696,0.08625596,-0.0286451,1.0
267,31,-0.3322578,0.4641299,-0.04505671,1.0
267,32,-0.19768828,0.0042470116,-0.044582155,1.0
268,0,-0.18762718,1.3307855,-0.07970598,1.0
268,1,-0.20932971,1.3395813,-0.10521416,1.0
268,2,-0.15346491,1.3001728,-0.09214979,1.0
268,3,-0.19106065,1.3051744,-0.068278365,1.0
268,4,-0.18974024,1.3383071,-0.09514582,1.0
268,5,-0.19996944,1.3157039,-0.05867127,1.0
268,6,-0.22153932,1.3566939,-0.096951365,1.0
268,7,-0.1136283,1.3253158,-0.047470603,1.0
268,8,-0.12757388,1.3203814,0.016349833,1.0
268,9,-0.17610212,1.3462006,-0.06730773,1.0
268,10,-0.15118358,1.2672338,-0.072589196,1.0
268,11,-0.060871027,1.2020886,-0.054494012,1.0
268,12,-0.1095808,1.2906674,0.23590621,1.0
268,13,-0.13822159,0.98072904,-0.12707226,1.0
268,14,-0.054245025,1.010788,0.219069,1.0
268,15,-0.3067044,0.90772635,0.015148888,1.0
268,16,-0.14065607,0.8219566,0.14564626,1.0
268,17,-0.18080194,0.7593693,0.046209574,1.0
268,18,-0.10734943,0.7035125,0.106487766,1.0
268,19,-0.39094365,0.83719534,0.013300203,1.0
268,20,-0.101455644,0.76727283,0.09681822,1.0
268,21,-0.14394778,0.78990716,0.06062004,1.0
268,22,-0.103278786,0.8148652,0.075875185,1.0
268,23,-0.023174781,0.79983413,-0.050657377,1.0
268,24,-0.030124947,0.79459506,0.09552212,1.0
268,25,-0.3366746,0.6602121,-0.11700903,1.0
268,26,-0.2539492,0.5635797,0.04944313,1.0
268,27,-0.15870059,0.49141338,0.08494429,1.0
268,28,-0.06379445,0.14108823,0.051990785,1.0
268,29,-0.18154874,0.43745178,0.07195342,1.0
268,30,-0.033240266,0.1220642,0.018762616,1.0
268,31,-0.12810814,0.37108853,0.06055428,1.0
268,32,-0.19437797,0.0066410103,-0.061734393,1.0
269,0,-0.16309007,1.3627878,-0.047459353,1.0
269,1,-0.15317322,1.3714347,-0.08344165,1.0
269,2,-0.13920565,1.346919,-0.054054644,1.0
269,3,-0.15158975,1.3570309,-0.04410651,1.0
269,4,-0.16325383,1.3849952,-0.07414588,1.0
269,5,-0.15537144,1.3632598,-0.060995024,1.0
269,6,-0.18308464,1.3833196,-0.06826498,1.0
269,7,-0.08848905,1.3576947,-0.012126202,1.0
269,8,-0.11690359,1.3378032,0.052209336,1.0
269,9,-0.12412995,1.3579943,-0.038881678,1.0
269,10,-0.12471695,1.2986597,-0.034671996,1.0
269,11,-0.038564507,1.2242681,-0.010442023,1.0
269,12,-0.09699663,1.3075521,0.2686055,1.0
269,13,-0.06836357,1.0342942,-0.11165871,1.0
269,14,-0.03300223,1.038858,0.25152293,1.0
269,15,-0.03604895,0.887569,-0.015701894,1.0
269,16,-0.08537174,0.8422902,0.1756654,1.0
269,17,-0.22966906,0.78365564,0.029545626,1.0
269,18,-0.055913776,0.746353,0.13410212,1.0
269,19,-0.07169682,0.81908995,-0.032576397,1.0
269,20,-0.055729333,0.7937588,0.12071483,1.0
269,21,-0.107452326,0.8099073,0.0099110305,1.0
269,22,-0.06554298,0.8411848,0.10908841,1.0
269,23,0.0006227999,0.8305614,-0.067057595,1.0
269,24,-0.018097106,0.824269,0.075687945,1.0
269,25,-0.21559003,0.6792954,-0.15918098,1.0
269,26,-0.19346626,0.55918396,0.046004076,1.0
269,27,-0.041326903,0.5422662,-0.03007725,1.0
269,28,-0.064486735,0.11455159,0.044441614,1.0
269,29,-0.05322757,0.5070172,-0.020713013,1.0
269,30,-0.054957077,0.08666867,0.0071586994,1.0
269,31,0.4076946,0.72957015,-0.16336197,1.0
269,32,-0.12706222,0.0025626698,-0.024392221,1.0
270,0,-0.103739895,1.4489762,-0.06204631,1.0
270,1,-0.07490032,1.4532809,-0.098021224,1.0
270,2,-0.07903515,1.4089582,-0.0702274,1.0
270,3,-0.083012044,1.4412149,-0.054870103,1.0
270,4,-0.102227986,1.4600434,-0.0938777,1.0
270,5,-0.091404215,1.4620945,-0.08277003,1.0
270,6,-0.11556502,1.464257,-0.083364606,1.0
270,7,-0.048604347,1.4075111,-0.013520846,1.0
270,8,-0.063255034,1.4173279,0.043011952,1.0
270,9,-0.052175976,1.4223595,-0.04830863,1.0
270,10,-0.07305016,1.3751323,-0.05310597,1.0
270,11,0.0070062233,1.2452769,0.000114985654,1.0
270,12,-0.09842219,1.3329552,0.25588942,1.0
270,13,0.057899646,1.064725,-0.08000154,1.0
270,14,-0.012584455,1.080357,0.23707433,1.0
270,15,0.2256012,0.88997155,-0.04139567,1.0
270,16,-0.030569758,0.8738715,0.1849578,1.0
270,17,-0.18080194,0.7593693,0.046209574,1.0
270,18,-0.0049994467,0.7887937,0.13545333,1.0
270,19,0.2515259,0.8315821,-0.04429119,1.0
270,20,-0.015652848,0.81444335,0.12696286,1.0
270,21,0.025377266,0.8048194,-0.016707063,1.0
270,22,-0.025949545,0.8678392,0.122328356,1.0
270,23,0.012144533,0.85465026,-0.06539029,1.0
270,24,-0.027400414,0.86146504,0.059928797,1.0
270,25,-0.09672567,0.6274506,-0.20456325,1.0
270,26,-0.11630931,0.54155505,0.053881377,1.0
270,27,0.108833045,0.5967547,-0.0748276,1.0
270,28,-0.017447367,0.09912713,0.06703578,1.0
270,29,0.09638856,0.5709454,-0.06643016,1.0
270,30,-0.015895326,0.07103311,0.03072527,1.0
270,31,0.40769464,0.72957015,-0.16336197,1.0
270,32,-0.0674659,0.010350474,-0.0073018437,1.0
271,0,-0.067888714,1.4815243,-0.06090717,1.0
271,1,-0.030106107,1.4940232,-0.097687036,1.0
271,2,-0.045739807,1.4345403,-0.07026495,1.0
271,3,-0.038009055,1.4804125,-0.047880813,1.0
271,4,-0.064707674,1.4967021,-0.09720298,1.0
271,5,-0.053872123,1.5046356,-0.08544795,1.0
271,6,-0.07544428,1.4950659,-0.084941365,1.0
271,7,-0.026901156,1.4218142,0.0045822463,1.0
271,8,-0.039958123,1.4453082,0.04777487,1.0
271,9,-0.01186373,1.4473969,-0.045743216,1.0
271,10,-0.049083807,1.4032845,-0.04790127,1.0
271,11,0.028242553,1.2533059,0.020806445,1.0
271,12,-0.07106545,1.3750596,0.23112933,1.0
271,13,0.118776724,1.0850447,-0.046002172,1.0
271,14,-0.0023411142,1.1026165,0.22489484,1.0
271,15,0.2256012,0.88997155,-0.04139567,1.0
271,16,0.000364149,0.8907057,0.17930958,1.0
271,17,-0.18080194,0.75936925,0.046209574,1.0
271,18,0.023149347,0.8111065,0.123134635,1.0
271,19,0.26736692,0.83624095,-0.025311463,1.0
271,20,0.007284744,0.8225185,0.11902959,1.0
271,21,0.081818946,0.80979013,-0.042482764,1.0
271,22,-0.002685626,0.8838995,0.12007466,1.0
271,23,0.014360274,0.8670011,-0.055830434,1.0
271,24,-0.03880699,0.8897939,0.039072942,1.0
271,25,0.04583883,0.63208973,-0.21143769,1.0
271,26,-0.07723494,0.54631346,0.04812308,1.0
271,27,0.19801092,0.63186854,-0.1280849,1.0
271,28,-0.004108141,0.099740766,0.0654602,1.0
271,29,0.18903433,0.6154433,-0.11255802,1.0
271,30,-0.009082745,0.06635685,0.03165481,1.0
271,31,0.40769464,0.72957015,-0.16336197,1.0
271,32,-0.061686,0.015866302,-0.0070644543,1.0
272,0,-0.061041262,1.5182387,-0.032927778,1.0
272,1,-0.006248597,1.5035151,-0.079379246,1.0
272,2,-0.048457086,1.4793855,-0.038938392,1.0
272,3,-0.041971333,1.5106798,-0.04002277,1.0
272,4,-0.060696222,1.5252014,-0.07917081,1.0
272,5,-0.031049274,1.54067,-0.093910426,1.0
272,6,-0.06467057,1.5247442,-0.058465086,1.0
272,7,-0.017805178,1.4668611,0.0051256837,1.0
272,8,-0.027780145,1.4696122,0.06787458,1.0
272,9,0.019867243,1.4525272,-0.027898768,1.0
272,10,-0.023019234,1.4362384,-0.031466,1.0
272,11,0.046713095,1.2748432,0.045608822,1.0
272,12,-0.087263584,1.3752432,0.27587265,1.0
272,13,0.15930578,1.116668,-0.07188256,1.0
272,14,0.02393858,1.0993098,0.26963475,1.0
272,15,0.2256012,0.88997155,-0.04139567,1.0
272,16,0.025196925,0.8829576,0.23570368,1.0
272,17,0.3548677,0.8417443,0.1701044,1.0
272,18,0.04695753,0.83203393,0.18933082,1.0
272,19,0.23363113,0.8238132,-0.0689635,1.0
272,20,0.035723284,0.8467308,0.16850805,1.0
272,21,0.19470231,0.81973165,-0.094034165,1.0
272,22,0.0099286195,0.89382404,0.17551488,1.0
272,23,0.04527555,0.89000225,-0.090173095,1.0
272,24,-0.012902569,0.891005,0.0341783,1.0
272,25,0.14322326,0.59468913,-0.29211748,1.0
272,26,-0.03498128,0.51557755,0.06313563,1.0
272,27,0.37636667,0.7020961,-0.23459949,1.0
272,28,0.008617129,0.05284804,0.086403556,1.0
272,29,0.37432587,0.70443904,-0.20481375,1.0
272,30,-0.009496495,0.024071751,0.04490511,1.0
272,31,0.40769464,0.72957015,-0.16336197,1.0
272,32,-0.06532736,0.0,0.0011421073,1.0
273,0,-0.048821706,1.5142136,-0.0773248,1.0
273,1,0.012803229,1.5379014,-0.113286614,1.0
273,2,-0.020566208,1.4601026,-0.08271623,1.0
273,3,0.0063318126,1.5299826,-0.05678887,1.0
273,4,-0.040920656,1.535481,-0.11179608,1.0
273,5,-0.02712385,1.552515,-0.100047834,1.0
273,6,-0.04212521,1.527025,-0.098448284,1.0
273,7,-0.0029713027,1.4379714,0.006883457,1.0
273,8,-0.024796441,1.4768775,0.045411274,1.0
273,9,0.017001253,1.483681,-0.050189644,1.0
273,10,-0.035580195,1.4375224,-0.05598162,1.0
273,11,0.04456673,1.2634399,0.012268534,1.0
273,12,-0.05028705,1.423565,0.17903654,1.0
273,13,0.18418646,1.1074624,-0.028065894,1.0
273,14,-0.0057344083,1.1478453,0.21766756,1.0
273,15,0.2757614,0.90717393,0.07980826,1.0
273,16,0.041856408,0.93097675,0.16971204,1.0
273,17,0.35234627,0.8593691,0.19156274,1.0
273,18,0.062191233,0.84484833,0.102237456,1.0
273,19,0.2753856,0.84194076,-0.01139478,1.0
273,20,0.03024937,0.8342875,0.11176209,1.0
273,21,0.2457055,0.84732974,0.036434643,1.0
273,22,0.029318556,0.90382487,0.11335055,1.0
273,23,0.015062261,0.8806025,-0.05199042,1.0
273,24,-0.04309816,0.91123855,0.04680503,1.0
273,25,0.20313028,0.6546812,-0.1691525,1.0
273,26,-0.041226838,0.5468256,0.047460042,1.0
273,27,0.3987043,0.7786092,-0.009598286,1.0
273,28,0.00959608,0.104884446,0.06127208,1.0
273,29,0.3920868,0.7506954,-0.05694256,1.0
273,30,-0.00130051,0.06560682,0.027769025,1.0
273,31,0.42184144,0.78632957,-0.014565438,1.0
273,32,-0.07031728,0.029046088,-0.018560445,1.0
274,0,0.012732154,1.5152493,-0.07617697,1.0
274,1,0.044190027,1.5709772,-0.10597606,1.0
274,2,0.033855062,1.4451344,-0.094431534,1.0
274,3,0.06384594,1.5290227,-0.031321947,1.0
274,4,0.020585945,1.5463934,-0.11586701,1.0
274,5,0.010915129,1.5576591,-0.07583319,1.0
274,6,0.0046779215,1.5314698,-0.10787471,1.0
274,7,0.009727556,1.406676,0.05247994,1.0
274,8,0.0030861013,1.4795344,0.042151947,1.0
274,9,0.050426066,1.4899538,-0.05393902,1.0
274,10,-0.017117996,1.427777,-0.045310088,1.0
274,11,0.058649477,1.247937,0.05788603,1.0
274,12,-0.00015383982,1.4590847,0.13686582,1.0
274,13,0.20750393,1.0962237,0.06291366,1.0
274,14,0.0015278006,1.1407537,0.15087724,1.0
274,15,0.29409173,0.91742957,0.13705988,1.0
274,16,0.036395803,0.9212565,0.11298145,1.0
274,17,0.3476219,0.863991,0.19848035,1.0
274,18,0.05397591,0.83185667,0.03525205,1.0
274,19,0.32414696,0.8534967,0.043437034,1.0
274,20,0.028528553,0.81364757,0.05197402,1.0
274,21,0.2630153,0.8655935,0.09281074,1.0
274,22,0.0300068,0.9065176,0.062359184,1.0
274,23,-0.0108712055,0.8700307,0.0025618065,1.0
274,24,-0.09357631,0.9539775,-0.017896416,1.0
274,25,0.2335834,0.67876863,-0.14450677,1.0
274,26,-0.03303881,0.58983624,0.017661978,1.0
274,27,0.40591136,0.80389947,0.06316895,1.0
274,28,0.01185533,0.1453205,0.04262705,1.0
274,29,0.40096727,0.77382356,0.01699303,1.0
274,30,0.0055259652,0.09621976,0.02322745,1.0
274,31,0.42891484,0.8147093,0.059832826,1.0
274,32,-0.04289491,0.037368327,-0.00814959,1.0
275,0,0.0073505044,1.5108614,-0.08833889,1.0
275,1,0.051675662,1.57071,-0.11615863,1.0
275,2,-0.0051546213,1.4503105,-0.09324301,1.0
275,3,0.04339707,1.5437398,-0.04125815,1.0
275,4,0.0033330387,1.5355966,-0.1190882,1.0
275,5,-0.007794608,1.5602846,-0.08380625,1.0
275,6,-0.0002743085,1.5510933,-0.10861607,1.0
275,7,-0.010996345,1.4342444,0.013429923,1.0
275,8,-0.0031570457,1.4907186,0.02974554,1.0
275,9,0.031789247,1.4961112,-0.056167454,1.0
275,10,-0.011213896,1.4486718,-0.07226809,1.0
275,11,0.058161832,1.2607396,0.07113917,1.0
275,12,-0.029371466,1.4564791,0.13766861,1.0
275,13,0.19090652,1.1134825,0.04286129,1.0
275,14,-0.010077532,1.1531231,0.13292077,1.0
275,15,0.3267786,0.9113349,0.16372673,1.0
275,16,0.053087205,0.93457085,0.099119596,1.0
275,17,0.3548677,0.84174436,0.1701044,1.0
275,18,0.06944865,0.8271719,0.04665187,1.0
275,19,0.32414857,0.87397796,0.04517226,1.0
275,20,0.05031467,0.8223814,0.045442898,1.0
275,21,0.29138982,0.8544171,0.13497114,1.0
275,22,0.048041247,0.89480764,0.041282125,1.0
275,23,-0.00064381957,0.872428,0.00922039,1.0
275,24,-0.10604551,0.9364631,-0.014653821,1.0
275,25,0.21421964,0.67347276,-0.103799455,1.0
275,26,-0.039302297,0.58263063,0.015212411,1.0
275,27,0.4160267,0.85062623,0.1685065,1.0
275,28,0.028640956,0.14111406,0.031954788,1.0
275,29,0.40984774,0.7969518,0.09092862,1.0
275,30,0.022765648,0.09076904,0.014512328,1.0
275,31,0.43598825,0.843089,0.13423109,1.0
275,32,-0.014437412,0.032132007,-0.0057475865,1.0
276,0,0.024594339,1.5161207,-0.07567966,1.0
276,1,0.0644813,1.5523322,-0.09563774,1.0
276,2,0.003501324,1.4644697,-0.07503051,1.0
276,3,0.04508395,1.5340183,-0.036526226,1.0
276,4,0.01975482,1.5245237,-0.10536826,1.0
276,5,0.008159144,1.5543861,-0.081485875,1.0
276,6,0.009830557,1.548903,-0.093464516,1.0
276,7,-0.0064160377,1.4517245,0.019040914,1.0
276,8,-0.01973747,1.4846036,0.034455806,1.0
276,9,0.050986778,1.4959531,-0.038818583,1.0
276,10,0.022207996,1.4583766,-0.06728235,1.0
276,11,0.07604617,1.2734141,0.0875759,1.0
276,12,-0.10448785,1.4052842,0.124863036,1.0
276,13,0.19079554,1.1251348,0.10925751,1.0
276,14,-0.018872278,1.1292555,0.099598974,1.0
276,15,0.30805886,0.93603086,0.21032482,1.0
276,16,0.039866704,0.92568284,0.07221024,1.0
276,17,0.3489844,0.88286877,0.22017387,1.0
276,18,0.05369144,0.848423,0.028868284,1.0
276,19,0.32483605,0.911457,0.12058474,1.0
276,20,0.03874817,0.8548121,0.02430962,1.0
276,21,0.28679943,0.8930761,0.16599026,1.0
276,22,0.027262602,0.9120604,0.021539785,1.0
276,23,0.024318773,0.8844296,0.021700492,1.0
276,24,-0.104251996,0.8820314,-0.044581704,1.0
276,25,0.24725221,0.701435,-0.059651382,1.0
276,26,-0.021766782,0.5351734,-0.0014482178,1.0
276,27,0.42028302,0.8356128,0.20293106,1.0
276,28,0.044974133,0.097077936,0.032044366,1.0
276,29,0.4276087,0.84320813,0.23879981,1.0
276,30,0.031639405,0.052677274,0.0015073549,1.0
276,31,0.45013505,0.89984846,0.28302762,1.0
276,32,-0.01787334,0.022549372,-0.0016134186,1.0
277,0,0.018453626,1.5099752,-0.061286382,1.0
277,1,0.06516792,1.5053556,-0.08023456,1.0
277,2,0.020131504,1.4718442,-0.06985319,1.0
277,3,0.043780193,1.5116847,-0.038337506,1.0
277,4,0.03632243,1.51247,-0.098288625,1.0
277,5,0.014063839,1.5170581,-0.102423236,1.0
277,6,0.0035217889,1.5276203,-0.07464105,1.0
277,7,0.009191226,1.4260042,0.023703076,1.0
277,8,-0.030102905,1.4522655,0.039754935,1.0
277,9,0.063416794,1.4815245,-0.038333297,1.0
277,10,0.02556041,1.4375658,-0.06012454,1.0
277,11,0.08738315,1.2591465,0.13084733,1.0
277,12,-0.117635585,1.3710593,0.12365598,1.0
277,13,0.1938875,1.1141729,0.1306795,1.0
277,14,-0.0022580568,1.1142044,0.10251535,1.0
277,15,0.30141598,0.9414278,0.22398037,1.0
277,16,-0.00012053491,0.9187088,0.07814187,1.0
277,17,0.3313136,0.88331413,0.2263076,1.0
277,18,0.045556016,0.85036296,0.039403196,1.0
277,19,0.3067725,0.9000922,0.1347463,1.0
277,20,0.02371199,0.8589503,0.037489213,1.0
277,21,0.26563814,0.912452,0.16004379,1.0
277,22,0.008074483,0.91419286,0.043757565,1.0
277,23,0.041447558,0.8757839,0.014219342,1.0
277,24,-0.10237327,0.845585,-0.03652411,1.0
277,25,0.2864341,0.7009156,-0.081612825,1.0
277,26,-0.0009096563,0.5000394,-0.03137093,1.0
277,27,0.4185805,0.8416181,0.18916124,1.0
277,28,0.030964218,0.057549417,0.028253958,1.0
277,29,0.4276087,0.84320813,0.23879981,1.0
277,30,0.0133136045,0.027531898,-0.01135838,1.0
277,31,0.45013505,0.89984846,0.28302762,1.0
277,32,-0.038312413,0.013532344,-0.008985441,1.0
278,0,0.021843042,1.4864552,-0.03210797,1.0
278,1,0.044757575,1.4677465,-0.029683966,1.0
278,2,0.04188814,1.4608383,-0.034690052,1.0
278,3,0.04782772,1.4783626,-0.0024075378,1.0
278,4,0.04982248,1.5026219,-0.057227857,1.0
278,5,0.01907271,1.4864514,-0.0842738,1.0
278,6,0.00160906,1.4935517,-0.031610303,1.0
278,7,0.033912625,1.3809767,0.061329454,1.0
278,8,-0.025345473,1.4146795,0.07025339,1.0
278,9,0.06313791,1.4591212,-0.00556966,1.0
278,10,0.010160803,1.3977876,-0.014361698,1.0
278,11,0.10001383,1.2473552,0.14272407,1.0
278,12,-0.103888884,1.3689494,0.15014628,1.0
278,13,0.21153678,1.087694,0.12017963,1.0
278,14,0.011525409,1.1071602,0.13286497,1.0
278,15,0.30414867,0.91085094,0.22784667,1.0
278,16,-0.009833322,0.9171867,0.125211,1.0
278,17,0.29655352,0.84119475,0.22901951,1.0
278,18,0.056121126,0.8495927,0.06884031,1.0
278,19,0.27936453,0.84604937,0.15406,1.0
278,20,0.015479876,0.85456187,0.069418825,1.0
278,21,0.23812485,0.8906669,0.17285313,1.0
278,22,0.00545353,0.91691923,0.088613845,1.0
278,23,0.046375006,0.8660935,0.008465014,1.0
278,24,-0.10280238,0.8347042,-0.010404894,1.0
278,25,0.25539935,0.69325906,-0.12141625,1.0
278,26,0.016622707,0.49486867,-0.036995348,1.0
278,27,0.41845888,0.8420471,0.18817768,1.0
278,28,0.016673341,0.051917523,0.024644546,1.0
278,29,0.4276087,0.84320813,0.23879981,1.0
278,30,0.0021571917,0.011655245,-0.0060589686,1.0
278,31,0.45013505,0.89984846,0.28302762,1.0
278,32,-0.009466542,0.0,-0.058672234,1.0
279,0,0.024144469,1.4491851,-0.029133387,1.0
279,1,0.03214979,1.451736,-0.020426344,1.0
279,2,0.04787062,1.426153,-0.01754882,1.0
279,3,0.046175934,1.4535687,0.007972722,1.0
279,4,0.031897105,1.4824224,-0.04692754,1.0
279,5,0.0109415185,1.4605303,-0.05881595,1.0
279,6,0.000958703,1.4672022,-0.025048392,1.0
279,7,0.03983013,1.3697703,0.08519152,1.0
279,8,-0.020808749,1.389004,0.068862475,1.0
279,9,0.047643363,1.4379892,0.0036402065,1.0
279,10,-0.0025640465,1.3696988,-0.005008783,1.0
279,11,0.10279595,1.229696,0.15608461,1.0
279,12,-0.08587253,1.3466935,0.14567333,1.0
279,13,0.19831479,1.0607216,0.1624052,1.0
279,14,-0.010412663,1.0743952,0.12407996,1.0
279,15,0.2848338,0.88089955,0.22776464,1.0
279,16,-0.00535817,0.8952358,0.1106516,1.0
279,17,0.26626903,0.8310271,0.22133863,1.0
279,18,0.053614385,0.85014313,0.049884778,1.0
279,19,0.2532697,0.8403443,0.16128948,1.0
279,20,0.022429874,0.865153,0.052520633,1.0
279,21,0.2259556,0.8822998,0.18801248,1.0
279,22,0.00038248766,0.91305774,0.07694069,1.0
279,23,0.041852593,0.8389553,0.032427542,1.0
279,24,-0.10835937,0.8183773,-0.035110362,1.0
279,25,0.3060454,0.6738745,-0.099616654,1.0
279,26,0.012306973,0.478015,-0.056647696,1.0
279,27,0.420283,0.8356127,0.20293105,1.0
279,28,0.0049149245,0.034944355,0.0015570447,1.0
279,29,0.42760867,0.8432081,0.2387998,1.0
279,30,-0.019324522,0.0027517006,-0.031081215,1.0
279,31,0.45013502,0.8998484,0.28302762,1.0
279,32,-0.0016512387,0.0,-0.09337841,1.0
280,0,0.0049977517,1.4173541,-0.030186417,1.0
280,1,0.021186579,1.4398055,-0.019821651,1.0
280,2,0.048465084,1.4077907,0.0023283418,1.0
280,3,0.044394366,1.42612,0.00024414994,1.0
280,4,0.0061554513,1.4666078,-0.04417583,1.0
280,5,0.003924626,1.4410601,-0.042259976,1.0
280,6,-0.0032568425,1.4288058,-0.02139458,1.0
280,7,0.055000033,1.3679302,0.098261155,1.0
280,8,-0.045243204,1.3513973,0.08241055,1.0
280,9,0.028881546,1.4127009,0.00838836,1.0
280,10,-0.012034578,1.35099,0.0045710453,1.0
280,11,0.11630328,1.2125317,0.15639931,1.0
280,12,-0.07468962,1.3331622,0.1543713,1.0
280,13,0.20083266,1.0394485,0.16841629,1.0
280,14,-0.056333218,1.0601249,0.1348226,1.0
280,15,0.27081716,0.86966,0.196924,1.0
280,16,-0.0015024776,0.9159312,0.09791751,1.0
280,17,0.27025416,0.8454243,0.18710472,1.0
280,18,0.046051964,0.8916143,0.02634044,1.0
280,19,0.24691483,0.85583353,0.15979056,1.0
280,20,0.03354484,0.913383,0.04362546,1.0
280,21,0.22371127,0.8854773,0.17890492,1.0
280,22,-0.0023983717,0.93676984,0.07602812,1.0
280,23,0.05649452,0.8104228,0.0361928,1.0
280,24,-0.10665776,0.8133668,-0.04394986,1.0
280,25,0.30466205,0.6198242,-0.10728574,1.0
280,26,0.0013813004,0.46791705,-0.08352378,1.0
280,27,0.114893384,0.14747263,0.15101014,1.0
280,28,-0.045942258,0.027893335,-0.03309469,1.0
280,29,0.10573629,0.11115948,0.18249768,1.0
280,30,-0.07458185,0.0005987622,-0.06451543,1.0
280,31,0.1473727,0.06416568,0.14478034,1.0
280,32,-0.04507486,0.0,-0.13542777,1.0
281,0,-0.013667744,1.40085,-0.066324934,1.0
281,1,-0.015293498,1.4112763,-0.056066643,1.0
281,2,0.009256381,1.4046063,-0.041060746,1.0
281,3,-0.007742203,1.3939929,-0.050714277,1.0
281,4,-0.032829937,1.422235,-0.07613057,1.0
281,5,-0.020363187,1.4068637,-0.067910224,1.0
281,6,-0.028860603,1.3956306,-0.06608347,1.0
281,7,0.040749114,1.3746731,0.045432724,1.0
281,8,-0.084111005,1.3347931,0.044369586,1.0
281,9,0.013530612,1.3881981,-0.026372474,1.0
281,10,-0.00040036812,1.3370779,-0.050951872,1.0
281,11,0.116542816,1.2066127,0.13227803,1.0
281,12,-0.09754991,1.2832081,0.12724185,1.0
281,13,0.20383891,1.0394341,0.124543376,1.0
281,14,-0.076379195,1.0394503,0.10673021,1.0
281,15,0.24430114,0.89412546,0.15480241,1.0
281,16,-0.07516011,0.8712463,0.06695196,1.0
281,17,0.24940334,0.8712293,0.1406006,1.0
281,18,-0.029051641,0.8623491,0.005519309,1.0
281,19,0.22991538,0.87778693,0.12857948,1.0
281,20,-0.017055877,0.90311015,0.0043424307,1.0
281,21,0.23006475,0.89336854,0.12063064,1.0
281,22,-0.07003645,0.8877656,0.040569726,1.0
281,23,0.07214124,0.7935834,0.035723433,1.0
281,24,-0.09577056,0.7723991,-0.04273715,1.0
281,25,0.29010844,0.5513257,-0.08773522,1.0
281,26,-0.024958402,0.42222753,-0.10999741,1.0
281,27,0.11709727,0.13358817,0.14064533,1.0
281,28,-0.11318511,0.0,-0.05372674,1.0
281,29,0.10619706,0.09585826,0.16573274,1.0
281,30,-0.11734843,0.0022563832,-0.10237189,1.0
281,31,0.14816414,0.05423361,0.12082469,1.0
281,32,-0.091902226,0.0,-0.18052354,1.0
282,0,-0.038207915,1.401191,-0.09598105,1.0
282,1,-0.036063712,1.4159142,-0.08420148,1.0
282,2,-0.015552696,1.402768,-0.07350195,1.0
282,3,-0.024192963,1.406213,-0.0758266,1.0
282,4,-0.047125205,1.4275409,-0.10246382,1.0
282,5,-0.047086902,1.415191,-0.10625681,1.0
282,6,-0.048978467,1.4066544,-0.08970074,1.0
282,7,0.017912095,1.3833884,0.012063443,1.0
282,8,-0.09649804,1.3407414,0.011309363,1.0
282,9,-0.0048469175,1.3956836,-0.05355424,1.0
282,10,-0.033758793,1.340153,-0.07457109,1.0
282,11,0.11074323,1.2305448,0.10792576,1.0
282,12,-0.116530664,1.2946763,0.108351834,1.0
282,13,0.1779727,1.0507698,0.1025698,1.0
282,14,-0.1241835,1.0090237,0.08456654,1.0
282,15,0.22315489,0.8745074,0.11457682,1.0
282,16,-0.13673191,0.8382578,0.029355042,1.0
282,17,0.21993436,0.84082836,0.10873344,1.0
282,18,-0.09118479,0.8241666,-0.017820867,1.0
282,19,0.20293951,0.8451188,0.09019593,1.0
282,20,-0.08488331,0.8550837,-0.019541167,1.0
282,21,0.20366988,0.8628823,0.094855964,1.0
282,22,-0.13245972,0.85678864,0.0059037395,1.0
282,23,0.07002598,0.808318,0.03999184,1.0
282,24,-0.0979265,0.79730487,-0.039487455,1.0
282,25,0.24047025,0.5208656,-0.0703254,1.0
282,26,-0.036534645,0.46000648,-0.11223206,1.0
282,27,0.11783366,0.1213435,0.12728353,1.0
282,28,-0.12142075,0.050065935,-0.053224966,1.0
282,29,0.106838316,0.083192125,0.15016216,1.0
282,30,-0.13483034,0.02761108,-0.08766883,1.0
282,31,0.14902678,0.042706452,0.1044266,1.0
282,32,-0.12114265,0.007724634,-0.1741202,1.0
283,0,-0.06727452,1.3760588,-0.11528194,1.0
283,1,-0.070227295,1.3928032,-0.10508123,1.0
283,2,-0.05485493,1.3800507,-0.09552577,1.0
283,3,-0.05981713,1.3843575,-0.09814131,1.0
283,4,-0.079498075,1.3938322,-0.118012786,1.0
283,5,-0.08042899,1.3882968,-0.12859298,1.0
283,6,-0.07448536,1.3838513,-0.10715655,1.0
283,7,-0.0069035217,1.3796699,-0.025122479,1.0
283,8,-0.12506269,1.3170166,-0.013213014,1.0
283,9,-0.03149277,1.3773539,-0.071824774,1.0
283,10,-0.05474434,1.3243694,-0.10185915,1.0
283,11,0.10420287,1.2257183,0.09048198,1.0
283,12,-0.14158367,1.2692319,0.09390992,1.0
283,13,0.1614568,1.0406295,0.065088704,1.0
283,14,-0.16505457,0.96796024,0.07483425,1.0
283,15,0.19397458,0.8576185,0.032585688,1.0
283,16,-0.19526134,0.79422903,-0.00030110218,1.0
283,17,0.17632535,0.8200004,0.040277258,1.0
283,18,-0.18319349,0.77599716,-0.046999916,1.0
283,19,0.1728078,0.8247189,0.02204365,1.0
283,20,-0.1679449,0.8110904,-0.05920191,1.0
283,21,0.18669939,0.82446355,0.025822485,1.0
283,22,-0.19241905,0.81293374,-0.023850184,1.0
283,23,0.07322806,0.79769367,0.04887051,1.0
283,24,-0.09801309,0.7894064,-0.038888797,1.0
283,25,0.22488275,0.4485325,-0.058189586,1.0
283,26,-0.0545822,0.45740426,-0.14844275,1.0
283,27,0.11489339,0.14747263,0.15101014,1.0
283,28,-0.16818196,0.069312185,-0.093805626,1.0
283,29,0.1057363,0.11115949,0.18249768,1.0
283,30,-0.17887089,0.032547876,-0.12419738,1.0
283,31,0.1473727,0.06416568,0.14478034,1.0
283,32,-0.17419666,0.0,-0.21314497,1.0
284,0,-0.08510349,1.3979318,-0.1714483,1.0
284,1,-0.09003301,1.4163163,-0.15919772,1.0
284,2,-0.07206237,1.4098313,-0.1559899,1.0
284,3,-0.08275487,1.4049699,-0.16238138,1.0
284,4,-0.09688761,1.4091761,-0.17709719,1.0
284,5,-0.09737045,1.4134438,-0.1785107,1.0
284,6,-0.09396478,1.4024739,-0.16451272,1.0
284,7,-0.0154945,1.4113817,-0.07124205,1.0
284,8,-0.14413543,1.3498592,-0.068514064,1.0
284,9,-0.04075931,1.3959048,-0.13016987,1.0
284,10,-0.06205388,1.3431106,-0.15656003,1.0
284,11,0.10943404,1.2649763,0.05770786,1.0
284,12,-0.1543425,1.2776133,0.054732323,1.0
284,13,0.14573067,1.072515,0.05590484,1.0
284,14,-0.1740973,0.97911835,0.04380562,1.0
284,15,0.17270431,0.8794185,0.060498305,1.0
284,16,-0.22073641,0.80663985,-0.021833636,1.0
284,17,0.18532601,0.84712076,0.04801897,1.0
284,18,-0.2072485,0.78727484,-0.06254722,1.0
284,19,0.16009994,0.8420607,0.05043844,1.0
284,20,-0.18940155,0.82065606,-0.07366121,1.0
284,21,0.17405973,0.8544823,0.051118575,1.0
284,22,-0.21151769,0.8266565,-0.04099259,1.0
284,23,0.08373063,0.81537074,0.042348534,1.0
284,24,-0.092404164,0.79921293,-0.034276173,1.0
284,25,0.16310275,0.4464601,-0.026076809,1.0
284,26,-0.07697582,0.47852057,-0.13107342,1.0
284,27,0.12003579,0.11507553,0.12682557,1.0
284,28,-0.18498689,0.105593145,-0.052602515,1.0
284,29,0.106811404,0.075456634,0.1433795,1.0
284,30,-0.19861178,0.07623044,-0.08257565,1.0
284,31,0.1492194,0.040990856,0.08888382,1.0
284,32,-0.19036092,0.045603726,-0.20300081,1.0
285,0,-0.086587556,1.3869376,-0.17064233,1.0
285,1,-0.081865124,1.4031987,-0.14833158,1.0
285,2,-0.0600005,1.4050272,-0.14141299,1.0
285,3,-0.069582276,1.4021239,-0.15124243,1.0
285,4,-0.09468332,1.4230862,-0.15777485,1.0
285,5,-0.092849225,1.4081323,-0.17470913,1.0
285,6,-0.089118004,1.3897991,-0.1580016,1.0
285,7,-0.004957202,1.4051611,-0.057287645,1.0
285,8,-0.14465538,1.3254597,-0.05168979,1.0
285,9,-0.037888646,1.3820238,-0.10900711,1.0
285,10,-0.08093812,1.3299315,-0.13299993,1.0
285,11,0.11450428,1.2670196,0.04827572,1.0
285,12,-0.14041659,1.2879202,0.07226753,1.0
285,13,0.1514394,1.0698712,0.04817409,1.0
285,14,-0.18012747,0.9975181,0.05185751,1.0
285,15,0.18126185,0.8625722,0.047228474,1.0
285,16,-0.21934664,0.8079299,-0.015794279,1.0
285,17,0.18093117,0.81696606,0.045763846,1.0
285,18,-0.20446356,0.77742255,-0.073095374,1.0
285,19,0.15740663,0.81514835,0.03885702,1.0
285,20,-0.18027475,0.8051191,-0.07211079,1.0
285,21,0.17529368,0.8404032,0.03446828,1.0
285,22,-0.21338776,0.8217639,-0.036596105,1.0
285,23,0.08733375,0.8161885,0.04025873,1.0
285,24,-0.08735378,0.81788063,-0.03956097,1.0
285,25,0.12436122,0.41886568,-0.04020377,1.0
285,26,-0.069066666,0.4875275,-0.113020256,1.0
285,27,0.12077804,0.07744255,0.08044092,1.0
285,28,-0.1865884,0.10138926,-0.053512428,1.0
285,29,0.10907824,0.03757138,0.09453468,1.0
285,30,-0.19250831,0.064496875,-0.07945534,1.0
285,31,0.15207815,0.0020754598,0.044442836,1.0
285,32,-0.20213959,0.042082828,-0.17708822,1.0
286,0,-0.09600438,1.3833914,-0.14734058,1.0
286,1,-0.07755981,1.3997314,-0.11167284,1.0
286,2,-0.046723783,1.4135337,-0.10834858,1.0
286,3,-0.04228492,1.4096031,-0.12048553,1.0
286,4,-0.08010525,1.4588466,-0.12500969,1.0
286,5,-0.08244577,1.4240749,-0.17271382,1.0
286,6,-0.08203093,1.3885114,-0.13567932,1.0
286,7,-0.0048578624,1.3883076,-0.025444824,1.0
286,8,-0.1445986,1.295558,-0.052037455,1.0
286,9,-0.029958159,1.3729434,-0.07264236,1.0
286,10,-0.09944061,1.3201232,-0.104194984,1.0
286,11,0.10758578,1.2690902,0.09794381,1.0
286,12,-0.14047658,1.3033867,0.058631852,1.0
286,13,0.15300034,1.0758197,0.09256066,1.0
286,14,-0.17453298,1.0146701,0.033219516,1.0
286,15,0.18765879,0.8744426,0.05267474,1.0
286,16,-0.20279098,0.8278775,-0.0329764,1.0
286,17,0.18476832,0.81988585,0.077960685,1.0
286,18,-0.18060425,0.8080712,-0.14383136,1.0
286,19,0.1509433,0.81411064,0.044028316,1.0
286,20,-0.17056721,0.81868833,-0.122314334,1.0
286,21,0.1631412,0.8373518,0.047561444,1.0
286,22,-0.2025535,0.84793717,-0.059442,1.0
286,23,0.09298848,0.81013894,0.038987257,1.0
286,24,-0.080264926,0.83033955,-0.04532104,1.0
286,25,0.10573253,0.4285967,-0.056487516,1.0
286,26,-0.07390556,0.49275345,-0.118229896,1.0
286,27,0.08744264,0.07277948,0.019373626,1.0
286,28,-0.20105313,0.10207257,-0.09562946,1.0
286,29,0.082140505,0.037689403,0.04709363,1.0
286,30,-0.20078166,0.05989203,-0.1260355,1.0
286,31,0.13805677,0.0040327534,-0.0015216507,1.0
286,32,-0.21041,0.041149132,-0.21786916,1.0
287,0,-0.061119623,1.3931723,-0.21724868,1.0
287,1,-0.062755756,1.4119294,-0.19873399,1.0
287,2,-0.050088417,1.4148333,-0.19241188,1.0
287,3,-0.05431214,1.4125586,-0.19808015,1.0
287,4,-0.07598162,1.4205803,-0.21605791,1.0
287,5,-0.073690735,1.4117293,-0.23319817,1.0
287,6,-0.07061763,1.3997484,-0.2129239,1.0
287,7,-0.0056675016,1.4197072,-0.10367444,1.0
287,8,-0.13166681,1.3269843,-0.12424634,1.0
287,9,-0.017272025,1.3932273,-0.15749325,1.0
287,10,-0.048339896,1.3421917,-0.19490618,1.0
287,11,0.11388107,1.2943424,0.05191872,1.0
287,12,-0.11333518,1.2913557,-0.014101122,1.0
287,13,0.15881568,1.1120327,0.06371449,1.0
287,14,-0.1599218,1.0019064,-0.05289773,1.0
287,15,0.20085265,0.9249576,0.05854715,1.0
287,16,-0.1771504,0.8188113,-0.09827161,1.0
287,17,0.2073782,0.88835526,0.06042568,1.0
287,18,-0.15125398,0.79402363,-0.16340463,1.0
287,19,0.18582779,0.88237774,0.043036524,1.0
287,20,-0.11974551,0.82549,-0.16205923,1.0
287,21,0.19981773,0.89661384,0.046028327,1.0
287,22,-0.15990028,0.83202577,-0.11565827,1.0
287,23,0.078850254,0.8133067,0.05900271,1.0
287,24,-0.078218296,0.82043976,-0.05824108,1.0
287,25,0.122050345,0.43077666,-0.024215478,1.0
287,26,-0.056249566,0.5065707,-0.12612708,1.0
287,27,0.063881256,0.076194055,0.03932596,1.0
287,28,-0.19893564,0.13077147,-0.07921908,1.0
287,29,0.0487005,0.035928737,0.057161767,1.0
287,30,-0.206975,0.09614424,-0.11053107,1.0
287,31,0.11597302,0.006565833,0.015149639,1.0
287,32,-0.18004514,0.067186624,-0.19113609,1.0
288,0,-0.052372653,1.3926799,-0.25061905,1.0
288,1,-0.068123125,1.4122019,-0.24565095,1.0
288,2,-0.069475815,1.4166424,-0.23874131,1.0
288,3,-0.07801422,1.4130905,-0.2355432,1.0
288,4,-0.07944604,1.3873489,-0.26981008,1.0
288,5,-0.07996784,1.3975928,-0.26968428,1.0
288,6,-0.076362,1.4037862,-0.25531614,1.0
288,7,-0.017566323,1.4358785,-0.14668502,1.0
288,8,-0.13134103,1.3431075,-0.17610678,1.0
288,9,-0.023224656,1.4023421,-0.20346108,1.0
288,10,-0.023928374,1.3535495,-0.2500767,1.0
288,11,0.1044355,1.3135108,0.04192605,1.0
288,12,-0.11000724,1.2817558,-0.06922588,1.0
288,13,0.1386672,1.13061,0.064990506,1.0
288,14,-0.16867268,0.9984733,-0.12286109,1.0
288,15,0.19007403,0.9573723,0.07464316,1.0
288,16,-0.17153278,0.80943656,-0.18737423,1.0
288,17,0.20814466,0.93408006,0.06671718,1.0
288,18,-0.13666515,0.78346974,-0.22122309,1.0
288,19,0.20087436,0.9240938,0.050159898,1.0
288,20,-0.08249846,0.82837766,-0.23662451,1.0
288,21,0.20891145,0.9273574,0.059011877,1.0
288,22,-0.134872,0.81597286,-0.19423178,1.0
288,23,0.072729796,0.82595754,0.07129812,1.0
288,24,-0.07789937,0.824618,-0.068986505,1.0
288,25,0.11858782,0.44033572,-0.008053027,1.0
288,26,-0.069439396,0.52494395,-0.13868612,1.0
288,27,0.022250397,0.06786325,0.013340313,1.0
288,28,-0.22839725,0.15974131,-0.08314431,1.0
288,29,0.004280984,0.022219274,0.028647562,1.0
288,30,-0.24338175,0.13002491,-0.11919823,1.0
288,31,0.09070487,0.0,-0.015533369,1.0
288,32,-0.21028176,0.08905549,-0.1920592,1.0
289,0,-0.02260762,1.4076245,-0.2750843,1.0
289,1,-0.038144432,1.4290559,-0.26216242,1.0
289,2,-0.03576431,1.4246161,-0.25708735,1.0
289,3,-0.04140312,1.4240553,-0.25855353,1.0
289,4,-0.060736135,1.4106491,-0.28563756,1.0
289,5,-0.050655626,1.4134057,-0.29170105,1.0
289,6,-0.048416637,1.4131615,-0.28054306,1.0
289,7,-0.006633497,1.4505515,-0.15889241,1.0
289,8,-0.117165945,1.3407636,-0.19926776,1.0
289,9,0.006503372,1.4135613,-0.21906494,1.0
289,10,-0.0030685943,1.363626,-0.26840562,1.0
289,11,0.11471368,1.3337187,0.03557825,1.0
289,12,-0.06965251,1.2959001,-0.10566333,1.0
289,13,0.17132133,1.1712503,0.058126725,1.0
289,14,-0.13765755,1.0053091,-0.17181084,1.0
289,15,0.23504809,1.0041852,0.06636941,1.0
289,16,-0.066964045,0.8284559,-0.19315189,1.0
289,17,0.24461809,0.9798121,0.0630568,1.0
289,18,-0.030892497,0.7991106,-0.25666526,1.0
289,19,0.23100263,0.97011846,0.04815705,1.0
289,20,0.013287037,0.83989686,-0.25522202,1.0
289,21,0.24450473,0.97954035,0.051156413,1.0
289,22,-0.040461726,0.83667743,-0.20562044,1.0
289,23,0.06370706,0.80631334,0.08480674,1.0
289,24,-0.067910634,0.8170026,-0.08112021,1.0
289,25,0.11757471,0.4294544,0.008408189,1.0
289,26,-0.027111221,0.52720547,-0.13163361,1.0
289,27,0.013550721,0.07572153,0.02531266,1.0
289,28,-0.20932022,0.164444,-0.08861226,1.0
289,29,-0.0097707175,0.03294648,0.040604085,1.0
289,30,-0.21848696,0.1305134,-0.11859164,1.0
289,31,0.07854152,0.0029079262,0.011326641,1.0
289,32,-0.14395377,0.10199075,-0.16837882,1.0
290,0,-0.0022522786,1.3980021,-0.32115212,1.0
290,1,-0.0024716286,1.4201992,-0.30119056,1.0
290,2,-0.0019516316,1.4188478,-0.28606626,1.0
290,3,0.0006284667,1.4235783,-0.29586124,1.0
290,4,-0.035291202,1.4318149,-0.3145487,1.0
290,5,-0.025115587,1.4161575,-0.3358636,1.0
290,6,-0.017889341,1.4068034,-0.31411064,1.0
290,7,0.02667879,1.4367585,-0.19477004,1.0
290,8,-0.09600253,1.3183763,-0.21738899,1.0
290,9,0.039281085,1.4007142,-0.2451353,1.0
290,10,0.0018550437,1.3504617,-0.28887603,1.0
290,11,0.14786866,1.3198047,0.0007093679,1.0
290,12,-0.04683593,1.2987573,-0.11122626,1.0
290,13,0.21698922,1.1640801,0.039450668,1.0
290,14,-0.10176696,1.0073476,-0.1630317,1.0
290,15,0.25747305,0.9842408,0.040810704,1.0
290,16,-0.037256792,0.84610856,-0.23706454,1.0
290,17,0.25872675,0.94832206,0.041220337,1.0
290,18,0.0052094385,0.8159201,-0.30818403,1.0
290,19,0.22889322,0.9484486,0.018149566,1.0
290,20,0.0577655,0.865313,-0.30074772,1.0
290,21,0.25385737,0.96016127,0.02048069,1.0
290,22,-0.0017163398,0.85136044,-0.2510257,1.0
290,23,0.06681392,0.7977586,0.08168356,1.0
290,24,-0.062139947,0.8215057,-0.08095653,1.0
290,25,0.12344499,0.41797945,-0.012315482,1.0
290,26,0.004406661,0.5233866,-0.121990785,1.0
290,27,0.035110697,0.059768707,0.007566748,1.0
290,28,-0.1523431,0.14968753,-0.08691572,1.0
290,29,0.01000659,0.022084583,0.02035508,1.0
290,30,-0.15885103,0.11717207,-0.12083022,1.0
290,31,0.0908639,0.0016314648,0.002163794,1.0
290,32,-0.067189,0.084172964,-0.17303261,1.0
291,0,0.043022327,1.3636158,-0.29108587,1.0
291,1,0.047083218,1.3945696,-0.26818705,1.0
291,2,0.054001868,1.3950579,-0.25568312,1.0
291,3,0.0596017,1.4009194,-0.2640422,1.0
291,4,0.01862752,1.415726,-0.28426865,1.0
291,5,0.026138827,1.3931549,-0.31426674,1.0
291,6,0.029750131,1.3744831,-0.28430405,1.0
291,7,0.07607341,1.4220858,-0.1677304,1.0
291,8,-0.058487654,1.3008573,-0.19431967,1.0
291,9,0.08839628,1.3698959,-0.2214671,1.0
291,10,0.03699904,1.3149238,-0.25510272,1.0
291,11,0.1723783,1.302984,-0.0018396601,1.0
291,12,-0.014711307,1.2911632,-0.10150039,1.0
291,13,0.2597107,1.1419806,0.06613294,1.0
291,14,-0.03361526,0.99279475,-0.15902445,1.0
291,15,0.27620116,0.97268426,0.056689285,1.0
291,16,0.027767185,0.83696485,-0.21746272,1.0
291,17,0.2725258,0.9110346,0.06893293,1.0
291,18,0.07152953,0.8040832,-0.29317233,1.0
291,19,0.23359984,0.90690976,0.03784151,1.0
291,20,0.10989541,0.843757,-0.27905014,1.0
291,21,0.25783944,0.94917077,0.047709987,1.0
291,22,0.054948464,0.8490921,-0.22605802,1.0
291,23,0.063650064,0.7900318,0.084738195,1.0
291,24,-0.06448504,0.82154286,-0.08938965,1.0
291,25,0.1376431,0.40720254,-0.028557777,1.0
291,26,0.047449432,0.5210477,-0.14693633,1.0
291,27,0.04901418,0.054999508,-0.0010014493,1.0
291,28,-0.106631264,0.1310637,-0.14396729,1.0
291,29,0.022340275,0.021158239,0.012388175,1.0
291,30,-0.1144145,0.08950402,-0.17866929,1.0
291,31,0.10431029,0.002418255,-0.0026247848,1.0
291,32,-0.012527898,0.062292278,-0.2392577,1.0
292,0,0.08962165,1.3332857,-0.31337675,1.0
292,1,0.08568672,1.3694621,-0.30345044,1.0
292,2,0.08365988,1.3583974,-0.29609483,1.0
292,3,0.07803763,1.3687853,-0.2979507,1.0
292,4,0.05991373,1.3544353,-0.32493818,1.0
292,5,0.06023509,1.3601226,-0.33221862,1.0
292,6,0.07127837,1.3525543,-0.31318378,1.0
292,7,0.11214886,1.410487,-0.19940881,1.0
292,8,-0.01749276,1.3059753,-0.2230443,1.0
292,9,0.12681936,1.3427552,-0.25985652,1.0
292,10,0.08529869,1.2899698,-0.29644653,1.0
292,11,0.19310108,1.3013487,0.0037098583,1.0
292,12,0.018975522,1.2636755,-0.123092964,1.0
292,13,0.27333754,1.1287161,0.058795027,1.0
292,14,0.030619416,0.97500813,-0.20198977,1.0
292,15,0.2740671,0.93588364,0.06844955,1.0
292,16,0.09227754,0.82042253,-0.24464302,1.0
292,17,0.2813647,0.8700756,0.06173199,1.0
292,18,0.12159798,0.7811825,-0.2886698,1.0
292,19,0.24127832,0.86902493,0.039079495,1.0
292,20,0.1709442,0.8281646,-0.30250263,1.0
292,21,0.27239975,0.89823824,0.057885617,1.0
292,22,0.10574624,0.82090783,-0.2565155,1.0
292,23,0.058161087,0.79142475,0.09240289,1.0
292,24,-0.057971224,0.8013023,-0.09684855,1.0
292,25,0.17883527,0.41121563,-0.0146507025,1.0
292,26,0.08088121,0.49081025,-0.16976805,1.0
292,27,0.07110167,0.06405741,0.0046427343,1.0
292,28,-0.05639425,0.099674076,-0.15116313,1.0
292,29,0.039912365,0.030463148,0.018251415,1.0
292,30,-0.06702,0.07049896,-0.19370721,1.0
292,31,0.12633559,0.0026092082,-0.00026854686,1.0
292,32,0.02830483,0.040066086,-0.2316428,1.0
293,0,0.10925226,1.283815,-0.30088475,1.0
293,1,0.118324794,1.3152317,-0.29424858,1.0
293,2,0.10371561,1.3112351,-0.28199017,1.0
293,3,0.10454934,1.3247889,-0.28284147,1.0
293,4,0.083528854,1.3165406,-0.31316903,1.0
293,5,0.089768715,1.3157674,-0.33491433,1.0
293,6,0.0967299,1.3092333,-0.30123994,1.0
293,7,0.1363004,1.3522092,-0.19599773,1.0
293,8,0.0073909396,1.277523,-0.21381085,1.0
293,9,0.14201732,1.2889069,-0.24527518,1.0
293,10,0.09279349,1.2487704,-0.28224367,1.0
293,11,0.2025403,1.2512641,0.0073377863,1.0
293,12,0.023285866,1.2505093,-0.10960141,1.0
293,13,0.2589531,1.0744531,0.043987762,1.0
293,14,0.032707594,0.9670561,-0.18584387,1.0
293,15,0.25874048,0.8589225,0.047626786,1.0
293,16,0.10297883,0.80992144,-0.22136942,1.0
293,17,0.27250805,0.79314584,0.047745056,1.0
293,18,0.1452344,0.7657386,-0.26265007,1.0
293,19,0.22676261,0.8017565,0.018487992,1.0
293,20,0.18839173,0.8048899,-0.27572328,1.0
293,21,0.26612327,0.8144654,0.03232834,1.0
293,22,0.12086792,0.80842507,-0.23082684,1.0
293,23,0.05998696,0.7863604,0.0881662,1.0
293,24,-0.054230396,0.7949865,-0.09852407,1.0
293,25,0.19151266,0.43095732,-0.04980912,1.0
293,26,0.12452376,0.50238776,-0.18223009,1.0
293,27,0.076204054,0.06912437,-0.01775854,1.0
293,28,-0.030842558,0.090924084,-0.17174017,1.0
293,29,0.045372397,0.03656301,-0.0029232753,1.0
293,30,-0.047283366,0.064405195,-0.21551238,1.0
293,31,0.12063535,0.0021665618,-0.010211527,1.0
293,32,0.027751036,0.03081831,-0.25463217,1.0
294,0,0.19720319,1.2918801,-0.25670868,1.0
294,1,0.20294544,1.3179686,-0.2363487,1.0
294,2,0.16621877,1.2962773,-0.25265092,1.0
294,3,0.16491878,1.3104846,-0.25641426,1.0
294,4,0.14747037,1.3070779,-0.2908168,1.0
294,5,0.15322177,1.3090081,-0.3032251,1.0
294,6,0.19972269,1.3055449,-0.27233866,1.0
294,7,0.18736815,1.3362788,-0.14478964,1.0
294,8,0.08356315,1.2646333,-0.20933437,1.0
294,9,0.22099885,1.2847757,-0.19630992,1.0
294,10,0.166789,1.2430223,-0.257657,1.0
294,11,0.19369218,1.2283888,0.058776677,1.0
294,12,0.07336482,1.2392464,-0.12898272,1.0
294,13,0.25986844,1.0396459,0.095033854,1.0
294,14,0.10406357,0.9492799,-0.19987547,1.0
294,15,0.27382505,0.83460295,0.08407956,1.0
294,16,0.15215573,0.78380173,-0.21666114,1.0
294,17,0.2879675,0.774681,0.08990721,1.0
294,18,0.179676,0.756146,-0.285769,1.0
294,19,0.24155031,0.78194034,0.06431779,1.0
294,20,0.21204686,0.78312033,-0.28567174,1.0
294,21,0.26781598,0.7968223,0.07062801,1.0
294,22,0.15797618,0.80297613,-0.22082885,1.0
294,23,0.057838313,0.77931905,0.09504898,1.0
294,24,-0.052797988,0.78590375,-0.11363007,1.0
294,25,0.22309044,0.47621527,-0.031381384,1.0
294,26,0.1921806,0.50680155,-0.19152144,1.0
294,27,0.106548935,0.07618755,-0.0060444437,1.0
294,28,-0.006258274,0.09509258,-0.17179993,1.0
294,29,0.07328396,0.041183222,0.018043742,1.0
294,30,-0.026007835,0.058374546,-0.20916742,1.0
294,31,0.15580446,0.004721444,0.01998138,1.0
294,32,0.05397903,0.024839766,-0.24751818,1.0
295,0,0.20755844,1.2424399,-0.2944169,1.0
295,1,0.21480602,1.2811831,-0.28636497,1.0
295,2,0.20776549,1.2621279,-0.2753164,1.0
295,3,0.20480517,1.2775168,-0.28144148,1.0
295,4,0.19260411,1.2731339,-0.32130605,1.0
295,5,0.19704221,1.2812837,-0.32587707,1.0
295,6,0.21196496,1.2693983,-0.3093204,1.0
295,7,0.18797214,1.313958,-0.19505975,1.0
295,8,0.10749562,1.2661992,-0.27624208,1.0
295,9,0.22149238,1.2537816,-0.24023488,1.0
295,10,0.1856636,1.2159872,-0.30074713,1.0
295,11,0.19609493,1.2191876,-0.004051959,1.0
295,12,0.06350291,1.2324687,-0.18098,1.0
295,13,0.26210797,1.0302876,0.068973884,1.0
295,14,0.10907453,0.9363022,-0.25030848,1.0
295,15,0.26735073,0.8192483,0.110888466,1.0
295,16,0.14150229,0.7685153,-0.23474114,1.0
295,17,0.28214866,0.7632695,0.10423716,1.0
295,18,0.15711267,0.72628766,-0.26863828,1.0
295,19,0.24336143,0.779503,0.08229334,1.0
295,20,0.19877975,0.7613371,-0.27460718,1.0
295,21,0.27690214,0.7793175,0.096684225,1.0
295,22,0.14558992,0.76888776,-0.23998031,1.0
295,23,0.051801864,0.7859421,0.10600176,1.0
295,24,-0.03950565,0.7735253,-0.10743149,1.0
295,25,0.20469677,0.4686311,0.016833052,1.0
295,26,0.18375778,0.47705543,-0.18638247,1.0
295,27,0.112097204,0.072488844,0.03702156,1.0
295,28,0.0006073549,0.060227033,-0.16015539,1.0
295,29,0.07791802,0.039368723,0.054052416,1.0
295,30,-0.020328049,0.037220016,-0.20609298,1.0
295,31,0.15897837,0.015006108,0.051563222,1.0
295,32,0.05946736,0.0018328754,-0.22686929,1.0
296,0,0.26505828,1.2344415,-0.21473919,1.0
296,1,0.26658753,1.28003,-0.21106671,1.0
296,2,0.26403287,1.2516512,-0.20022936,1.0
296,3,0.25839856,1.2703061,-0.20472544,1.0
296,4,0.25037208,1.2681417,-0.25092235,1.0
296,5,0.26252905,1.2738831,-0.2544582,1.0
296,6,0.2740661,1.2593552,-0.24954943,1.0
296,7,0.2010631,1.3138447,-0.15284595,1.0
296,8,0.16648667,1.2586118,-0.24485609,1.0
296,9,0.25727218,1.2453653,-0.16606355,1.0
296,10,0.23046379,1.2048441,-0.24528468,1.0
296,11,0.18986121,1.197763,0.02728278,1.0
296,12,0.09869202,1.2240982,-0.179034,1.0
296,13,0.25984305,1.0103568,0.09711842,1.0
296,14,0.13429876,0.9293498,-0.26567295,1.0
296,15,0.27650818,0.7994251,0.14955768,1.0
296,16,0.1533801,0.75512767,-0.25343892,1.0
296,17,0.27880412,0.7380638,0.15775642,1.0
296,18,0.15570979,0.71234924,-0.28291166,1.0
296,19,0.24475649,0.7551225,0.1265367,1.0
296,20,0.20317794,0.74921566,-0.28220224,1.0
296,21,0.2831846,0.75947785,0.1319019,1.0
296,22,0.15098865,0.75858706,-0.253357,1.0
296,23,0.041428722,0.77429116,0.1153055,1.0
296,24,-0.028058283,0.7644843,-0.11186306,1.0
296,25,0.19968644,0.45826164,0.041002028,1.0
296,26,0.20406127,0.46522588,-0.17734641,1.0
296,27,0.11131282,0.0682984,0.07757422,1.0
296,28,-0.008441554,0.05394355,-0.15362129,1.0
296,29,0.074843496,0.03897277,0.09421016,1.0
296,30,-0.026132029,0.029014999,-0.2004905,1.0
296,31,0.15420958,0.009879377,0.09376792,1.0
296,32,0.07081704,0.00012113433,-0.21517377,1.0
297,0,0.29185635,1.1999187,-0.16676778,1.0
297,1,0.29990277,1.2419151,-0.16217855,1.0
297,2,0.30000827,1.2125552,-0.1575794,1.0
297,3,0.30240378,1.2332141,-0.15941386,1.0
297,4,0.29346874,1.2361645,-0.19937947,1.0
297,5,0.2978092,1.2454722,-0.20986572,1.0
297,6,0.31357938,1.2181509,-0.19673182,1.0
297,7,0.22792628,1.2795312,-0.120083965,1.0
297,8,0.21692444,1.224262,-0.23849176,1.0
297,9,0.29209197,1.2149838,-0.12628488,1.0
297,10,0.2596245,1.1642312,-0.19855072,1.0
297,11,0.1939733,1.1802292,0.05152277,1.0
297,12,0.14071824,1.2084304,-0.1718882,1.0
297,13,0.27173126,0.98525083,0.1008371,1.0
297,14,0.17773324,0.8996912,-0.25097024,1.0
297,15,0.28012323,0.7972794,0.13162515,1.0
297,16,0.1665572,0.7182811,-0.24134675,1.0
297,17,0.2721618,0.74054676,0.14713402,1.0
297,18,0.16497545,0.6941279,-0.28192982,1.0
297,19,0.24086405,0.76404834,0.10765796,1.0
297,20,0.19453667,0.72057986,-0.28141695,1.0
297,21,0.28126106,0.7481862,0.12239108,1.0
297,22,0.15457878,0.73603475,-0.2444383,1.0
297,23,0.034814008,0.7760089,0.11932567,1.0
297,24,-0.025584713,0.764813,-0.11140494,1.0
297,25,0.20013338,0.46062467,0.023313977,1.0
297,26,0.18684256,0.46538827,-0.17333151,1.0
297,27,0.11279396,0.07432988,0.065653354,1.0
297,28,0.009958476,0.055588216,-0.14648755,1.0
297,29,0.07755477,0.048038945,0.08781138,1.0
297,30,-0.0023249248,0.02890374,-0.19010639,1.0
297,31,0.15490088,0.023940196,0.086209305,1.0
297,32,0.10257019,0.010856694,-0.20696805,1.0
298,0,0.3014571,1.1710284,-0.17430098,1.0
298,1,0.3208615,1.2079821,-0.1711191,1.0
298,2,0.3035342,1.1969861,-0.1655104,1.0
298,3,0.31206527,1.210235,-0.17216824,1.0
298,4,0.309229,1.2083626,-0.21016704,1.0
298,5,0.31194553,1.2225349,-0.23194402,1.0
298,6,0.32214183,1.1937455,-0.19314866,1.0
298,7,0.25553745,1.2474079,-0.12770781,1.0
298,8,0.22089712,1.2106866,-0.22897132,1.0
298,9,0.31229693,1.1845912,-0.14242643,1.0
298,10,0.27160904,1.148587,-0.19863974,1.0
298,11,0.20769969,1.1812079,0.0606457,1.0
298,12,0.15029898,1.2035195,-0.16089393,1.0
298,13,0.26245362,0.98927057,0.10466587,1.0
298,14,0.177257,0.8919871,-0.24248281,1.0
298,15,0.2629635,0.79475284,0.13774446,1.0
298,16,0.1636348,0.7152328,-0.21744154,1.0
298,17,0.26080638,0.73557293,0.15599656,1.0
298,18,0.17097172,0.68849665,-0.25439793,1.0
298,19,0.22827323,0.7503399,0.115795344,1.0
298,20,0.19467674,0.7029756,-0.26306432,1.0
298,21,0.25682908,0.7307432,0.12975033,1.0
298,22,0.15336347,0.7171292,-0.2218647,1.0
298,23,0.0414873,0.77757376,0.11049509,1.0
298,24,-0.024132036,0.7600751,-0.11755669,1.0
298,25,0.22134763,0.49508932,0.0034351647,1.0
298,26,0.19505882,0.46632016,-0.1657403,1.0
298,27,0.11413069,0.116050035,0.01974348,1.0
298,28,0.031235307,0.06197372,-0.13437954,1.0
298,29,0.08219675,0.09147981,0.03860649,1.0
298,30,0.008398671,0.03780486,-0.17202634,1.0
298,31,0.15844828,0.06657769,0.041055053,1.0
298,32,0.10323477,0.020250024,-0.19129157,1.0
299,0,0.3141063,1.168736,-0.17111164,1.0
299,1,0.3311563,1.2026696,-0.15690815,1.0
299,2,0.32674184,1.2003653,-0.15954266,1.0
299,3,0.3286956,1.2036035,-0.16142367,1.0
299,4,0.3274126,1.2058053,-0.20376761,1.0
299,5,0.32420075,1.223233,-0.2229993,1.0
299,6,0.33182454,1.189986,-0.18403381,1.0
299,7,0.29910037,1.2263644,-0.08235052,1.0
299,8,0.22047241,1.1988256,-0.17703739,1.0
299,9,0.34069827,1.1652505,-0.13456409,1.0
299,10,0.28193232,1.1350021,-0.18474871,1.0
299,11,0.23203567,1.150635,0.12796547,1.0
299,12,0.1793607,1.1761615,-0.12151791,1.0
299,13,0.27340305,0.9616084,0.16920984,1.0
299,14,0.16848145,0.87747705,-0.23498905,1.0
299,15,0.28283718,0.7822378,0.20670076,1.0
299,16,0.16386792,0.699178,-0.19740632,1.0
299,17,0.28888425,0.72454894,0.22598566,1.0
299,18,0.17500615,0.6739319,-0.24316882,1.0
299,19,0.25946662,0.73117304,0.18887368,1.0
299,20,0.21455322,0.6888625,-0.25090978,1.0
299,21,0.27910972,0.7184279,0.20419732,1.0
299,22,0.15612237,0.70366323,-0.20138936,1.0
299,23,0.039412964,0.76008487,0.1098571,1.0
299,24,-0.021799307,0.7330111,-0.118639156,1.0
299,25,0.22096848,0.46529466,0.014549971,1.0
299,26,0.21395871,0.45827153,-0.16490987,1.0
299,27,0.115171574,0.08924206,0.02709936,1.0
299,28,0.011925179,0.05980105,-0.120122895,1.0
299,29,0.081318215,0.06819327,0.047415167,1.0
299,30,-0.005056003,0.029021688,-0.15706071,1.0
299,31,0.15380701,0.03392651,0.040681165,1.0
299,32,0.085501954,0.0006527137,-0.17297955,1.0
300,0,0.3665422,1.1475207,-0.13153481,1.0
300,1,0.37644896,1.188259,-0.124469176,1.0
300,2,0.36170304,1.1765529,-0.13147518,1.0
300,3,0.36647427,1.1898819,-0.13274263,1.0
300,4,0.37604618,1.1737157,-0.17347103,1.0
300,5,0.37330508,1.2043722,-0.18902817,1.0
300,6,0.37921712,1.1715504,-0.15900607,1.0
300,7,0.2947825,1.2217592,-0.07940534,1.0
300,8,0.27338573,1.1832037,-0.17695192,1.0
300,9,0.37053832,1.1473457,-0.10719369,1.0
300,10,0.333069,1.1170737,-0.16046713,1.0
300,11,0.22338688,1.131429,0.118434824,1.0
300,12,0.2219671,1.1451924,-0.13211542,1.0
300,13,0.2410638,0.9325418,0.16781723,1.0
300,14,0.18340255,0.85732114,-0.21942148,1.0
300,15,0.2531062,0.7522851,0.2060504,1.0
300,16,0.17968771,0.6882622,-0.16738845,1.0
300,17,0.2559397,0.6978748,0.22293583,1.0
300,18,0.18703216,0.6561535,-0.20738292,1.0
300,19,0.2530951,0.70668066,0.1901624,1.0
300,20,0.2265317,0.67736393,-0.21422538,1.0
300,21,0.25815618,0.6844697,0.2044231,1.0
300,22,0.17523041,0.68476164,-0.1799555,1.0
300,23,0.026690427,0.7433899,0.11753867,1.0
300,24,-0.004760038,0.71586406,-0.11342163,1.0
300,25,0.21829106,0.4578203,0.032349363,1.0
300,26,0.25142568,0.44898075,-0.14793375,1.0
300,27,0.12149638,0.082123294,0.025888585,1.0
300,28,0.040580608,0.066229515,-0.08227539,1.0
300,29,0.084703706,0.062388692,0.040382992,1.0
300,30,0.02347238,0.036738597,-0.11637446,1.0
300,31,0.15823525,0.025210889,0.041108817,1.0
300,32,0.13113081,0.018729897,-0.12647119,1.0
301,0,0.38088563,1.1166211,-0.06527986,1.0
301,1,0.38864043,1.1707251,-0.055082418,1.0
301,2,0.38715497,1.1482093,-0.06409766,1.0
301,3,0.38885754,1.1680074,-0.06342102,1.0
301,4,0.39422402,1.1568646,-0.109282635,1.0
301,5,0.3911129,1.1839709,-0.11358973,1.0
301,6,0.3965578,1.1401742,-0.10524887,1.0
301,7,0.30616418,1.1958191,-0.013291666,1.0
301,8,0.28989902,1.1539607,-0.15139015,1.0
301,9,0.38675544,1.1150374,-0.046466965,1.0
301,10,0.3446486,1.0867089,-0.08950826,1.0
301,11,0.21777295,1.099582,0.14678052,1.0
301,12,0.27304494,1.1143258,-0.11543545,1.0
301,13,0.2360312,0.9093013,0.22705582,1.0
301,14,0.19609785,0.83090174,-0.18821713,1.0
301,15,0.27497435,0.72370636,0.2867423,1.0
301,16,0.17800094,0.66012496,-0.12972036,1.0
301,17,0.2898775,0.68499655,0.31521165,1.0
301,18,0.17748494,0.6354872,-0.18847016,1.0
301,19,0.27878445,0.6986615,0.28357148,1.0
301,20,0.21402124,0.65805167,-0.17285818,1.0
301,21,0.28055644,0.67396146,0.30064055,1.0
301,22,0.16338506,0.67184037,-0.14107795,1.0
301,23,2.2067688e-05,0.7088517,0.122110665,1.0
301,24,0.011150252,0.6938805,-0.114732265,1.0
301,25,0.22098777,0.42791992,0.08236329,1.0
301,26,0.23731641,0.43294668,-0.09734118,1.0
301,27,0.15616524,0.072277874,0.08101513,1.0
301,28,0.061998613,0.04657092,-0.05539774,1.0
301,29,0.11980534,0.06512537,0.08967132,1.0
301,30,0.054507654,0.008780391,-0.08412363,1.0
301,31,0.19314338,0.024902085,0.10753195,1.0
301,32,0.17327073,0.002646652,-0.069873534,1.0
302,0,0.38270548,1.1194421,-0.04294786,1.0
302,1,0.38934,1.1792698,-0.044201545,1.0
302,2,0.3679613,1.1500268,-0.051657196,1.0
302,3,0.3777005,1.1777073,-0.046656296,1.0
302,4,0.39063182,1.1429152,-0.09343647,1.0
302,5,0.3822164,1.1837175,-0.091897205,1.0
302,6,0.3873128,1.1429284,-0.08276417,1.0
302,7,0.29307607,1.2012339,-0.027813507,1.0
302,8,0.30288565,1.1580312,-0.14253695,1.0
302,9,0.3862575,1.1188011,-0.042406235,1.0
302,10,0.36529973,1.0794874,-0.08040877,1.0
302,11,0.2089309,1.0928814,0.13284001,1.0
302,12,0.31215173,1.0955508,-0.10183884,1.0
302,13,0.22441365,0.90302134,0.20373079,1.0
302,14,0.20540148,0.8254894,-0.17444801,1.0
302,15,0.25496903,0.7042067,0.26100087,1.0
302,16,0.1720781,0.6537863,-0.10865379,1.0
302,17,0.2672197,0.66933626,0.28762144,1.0
302,18,0.17476043,0.61891615,-0.1439535,1.0
302,19,0.2689879,0.6864569,0.25763717,1.0
302,20,0.21005943,0.641599,-0.13721104,1.0
302,21,0.2690736,0.64423835,0.2788732,1.0
302,22,0.16276361,0.65729916,-0.11884643,1.0
302,23,-0.01201948,0.70068103,0.12673666,1.0
302,24,0.02764105,0.67722297,-0.109901935,1.0
302,25,0.21224344,0.42492566,0.11517081,1.0
302,26,0.22971106,0.41828027,-0.062585704,1.0
302,27,0.1638022,0.06871566,0.10969042,1.0
302,28,0.061520875,0.023855003,-0.023451716,1.0
302,29,0.13149275,0.057348315,0.122972146,1.0
302,30,0.048597287,0.0,-0.06347042,1.0
302,31,0.2111263,0.028903909,0.15244123,1.0
302,32,0.16435638,0.0,-0.039502084,1.0
303,0,0.35494238,1.1685181,0.0108455075,1.0
303,1,0.37216482,1.223727,-0.0019061342,1.0
303,2,0.33403182,1.1941017,-0.0057847104,1.0
303,3,0.35411793,1.2295142,0.0028780638,1.0
303,4,0.3624523,1.1940567,-0.037328187,1.0
303,5,0.36333525,1.2231376,-0.047186323,1.0
303,6,0.36390215,1.1873055,-0.035774797,1.0
303,7,0.2721988,1.2205267,-0.021294713,1.0
303,8,0.29931375,1.1475611,-0.11219381,1.0
303,9,0.354983,1.1624207,0.0031827707,1.0
303,10,0.34366482,1.1237333,-0.03034259,1.0
303,11,0.1791619,1.0874252,0.12556694,1.0
303,12,0.3407982,1.0860054,-0.07865995,1.0
303,13,0.189594,0.892514,0.19311231,1.0
303,14,0.24504948,0.81917,-0.14291146,1.0
303,15,0.20985053,0.69211644,0.2442401,1.0
303,16,0.1957334,0.6533327,-0.064381,1.0
303,17,0.20988353,0.6576042,0.2831386,1.0
303,18,0.19852346,0.6112107,-0.08534056,1.0
303,19,0.21824008,0.68016,0.2492798,1.0
303,20,0.21469042,0.6305155,-0.074860394,1.0
303,21,0.22036679,0.63984996,0.26008385,1.0
303,22,0.1836064,0.65026945,-0.069503345,1.0
303,23,-0.029872952,0.68909895,0.12721479,1.0
303,24,0.043151855,0.67014205,-0.10799122,1.0
303,25,0.2182433,0.44507405,0.12772097,1.0
303,26,0.25034407,0.4261712,-0.056372464,1.0
303,27,0.1769065,0.084237635,0.11991076,1.0
303,28,0.0784288,0.029590443,-0.021773376,1.0
303,29,0.14436015,0.07353996,0.13146876,1.0
303,30,0.06615293,0.0030771587,-0.059437595,1.0
303,31,0.22804514,0.053546317,0.16976552,1.0
303,32,0.18439858,0.0,-0.03065148,1.0
304,0,0.3380453,1.2145523,0.03786745,1.0
304,1,0.3483429,1.2541065,0.027566578,1.0
304,2,0.3316028,1.2190489,0.022115001,1.0
304,3,0.34419075,1.2485651,0.02516792,1.0
304,4,0.34179762,1.2423853,-0.0029028049,1.0
304,5,0.3512171,1.2519869,-0.017301828,1.0
304,6,0.3519935,1.2167588,-0.009593744,1.0
304,7,0.27114606,1.2099584,-0.012482036,1.0
304,8,0.3030127,1.1242516,-0.088242754,1.0
304,9,0.34674537,1.1831187,0.03640553,1.0
304,10,0.32910553,1.1412597,-0.0014084743,1.0
304,11,0.15849334,1.0650086,0.11640931,1.0
304,12,0.35876966,1.0478811,-0.052916735,1.0
304,13,0.15238556,0.86799383,0.17172939,1.0
304,14,0.26379418,0.7769407,-0.06331069,1.0
304,15,0.19877435,0.68698454,0.2556609,1.0
304,16,0.2100454,0.63436484,0.038149394,1.0
304,17,0.20446879,0.6755101,0.30004877,1.0
304,18,0.2153427,0.61256963,0.0062852725,1.0
304,19,0.20203486,0.6979444,0.27271816,1.0
304,20,0.23434287,0.6455861,0.01995039,1.0
304,21,0.20607176,0.6567842,0.26466167,1.0
304,22,0.19932973,0.6500426,0.024750432,1.0
304,23,-0.043316334,0.67264813,0.12148061,1.0
304,24,0.04640905,0.6550103,-0.11410495,1.0
304,25,0.23600978,0.44994742,0.1251709,1.0
304,26,0.2718098,0.43907693,-0.062464774,1.0
304,27,0.17466708,0.10045016,0.11924198,1.0
304,28,0.08130133,0.04970295,-0.006093644,1.0
304,29,0.1406677,0.09004019,0.123669274,1.0
304,30,0.07303594,0.022536505,-0.039760087,1.0
304,31,0.22038686,0.06364173,0.16785537,1.0
304,32,0.18554379,0.0014202944,0.015564775,1.0
305,0,0.33434135,1.2209723,0.012747984,1.0
305,1,0.33930016,1.2644421,-0.00371111,1.0
305,2,0.30603874,1.231855,-0.005493748,1.0
305,3,0.3154306,1.2600175,0.0034250813,1.0
305,4,0.3347005,1.2227076,-0.040426686,1.0
305,5,0.33413252,1.25742,-0.03438569,1.0
305,6,0.3323103,1.232031,-0.03001536,1.0
305,7,0.26073322,1.2226707,-0.011749252,1.0
305,8,0.27770287,1.1512407,-0.08977367,1.0
305,9,0.3377243,1.2037443,-0.00045077642,1.0
305,10,0.33925605,1.1618857,-0.027888382,1.0
305,11,0.16907011,1.0687455,0.1275446,1.0
305,12,0.34061706,1.0387216,-0.039084353,1.0
305,13,0.16241732,0.8737169,0.18815579,1.0
305,14,0.23761135,0.7710532,-0.08392118,1.0
305,15,0.1822152,0.6957253,0.26663715,1.0
305,16,0.20158705,0.65004337,0.0061872434,1.0
305,17,0.19988303,0.69255394,0.28990498,1.0
305,18,0.21264009,0.6126035,-0.0095376335,1.0
305,19,0.20374897,0.70542216,0.2774173,1.0
305,20,0.23376206,0.63551927,-0.013109587,1.0
305,21,0.19467726,0.66621286,0.28226987,1.0
305,22,0.19513413,0.64225405,-0.008605881,1.0
305,23,-0.03763856,0.67959654,0.12683724,1.0
305,24,0.043276906,0.6517183,-0.109766394,1.0
305,25,0.22961496,0.44351682,0.11272678,1.0
305,26,0.26526397,0.4401025,-0.07288654,1.0
305,27,0.170697,0.089247495,0.1160478,1.0
305,28,0.0771129,0.050511386,-0.0107279755,1.0
305,29,0.13821372,0.07390613,0.122688055,1.0
305,30,0.05801357,0.038003348,-0.05093696,1.0
305,31,0.22777754,0.07160517,0.15717804,1.0
305,32,0.17775767,0.008568442,-0.029250033,1.0
306,0,0.31166813,1.2087631,0.11810937,1.0
306,1,0.3279524,1.2433256,0.027442183,1.0
306,2,0.29844245,1.240774,0.09261644,1.0
306,3,0.31016013,1.2514383,0.09403819,1.0
306,4,0.3432258,1.2398041,0.060825597,1.0
306,5,0.34018555,1.2564007,0.054995645,1.0
306,6,0.33255088,1.2071911,0.07259124,1.0
306,7,0.2345835,1.1899866,0.038789775,1.0
306,8,0.2702682,1.1179273,-0.014354255,1.0
306,9,0.3373598,1.1754116,0.09212117,1.0
306,10,0.32574335,1.1352828,0.004700359,1.0
306,11,0.13693157,1.0648255,0.15853858,1.0
306,12,0.34846205,1.02508,0.011026616,1.0
306,13,0.14772363,0.8726599,0.21484515,1.0
306,14,0.28011328,0.7582778,-0.062446393,1.0
306,15,0.20301549,0.6806179,0.3127309,1.0
306,16,0.23528676,0.633191,0.021836692,1.0
306,17,0.21670644,0.6741124,0.36485407,1.0
306,18,0.24747893,0.62985784,-0.030577121,1.0
306,19,0.19200425,0.67315865,0.33120707,1.0
306,20,0.2448849,0.625462,-0.005032953,1.0
306,21,0.19249745,0.64062935,0.34241775,1.0
306,22,0.20198256,0.660606,0.014920681,1.0
306,23,-0.03603335,0.6707453,0.11435619,1.0
306,24,0.040812623,0.6411125,-0.1264183,1.0
306,25,0.25726628,0.45188004,0.0958577,1.0
306,26,0.29763722,0.46464217,-0.09183362,1.0
306,27,0.18138485,0.09534376,0.05081974,1.0
306,28,0.11160442,0.0637393,-0.110139765,1.0
306,29,0.15755762,0.0887505,0.076820575,1.0
306,30,0.10284294,0.023060836,-0.13911152,1.0
306,31,0.2508186,0.07468537,0.06858215,1.0
306,32,0.22323766,0.006679473,-0.117691904,1.0
307,0,0.32184365,1.188679,0.04792611,1.0
307,1,0.31429362,1.2380471,0.040445413,1.0
307,2,0.30256227,1.2144139,0.0377553,1.0
307,3,0.31310615,1.2319293,0.04360941,1.0
307,4,0.34322044,1.2157145,0.0010012144,1.0
307,5,0.3370769,1.232074,-0.00040809345,1.0
307,6,0.34334227,1.1946974,0.015552016,1.0
307,7,0.22967102,1.1868992,0.013583517,1.0
307,8,0.27716094,1.1161294,-0.052776046,1.0
307,9,0.33484066,1.1726277,0.040343102,1.0
307,10,0.3225632,1.1253126,0.016565546,1.0
307,11,0.14302066,1.0485213,0.15268245,1.0
307,12,0.33683074,1.0255053,-0.013569244,1.0
307,13,0.15125899,0.8571127,0.20877257,1.0
307,14,0.26552695,0.75206333,-0.06925766,1.0
307,15,0.19483882,0.6715335,0.28845656,1.0
307,16,0.24032398,0.62814987,0.041877076,1.0
307,17,0.20347977,0.6640633,0.33938763,1.0
307,18,0.24732168,0.61824185,0.016648877,1.0
307,19,0.2014003,0.67730474,0.29367736,1.0
307,20,0.2530156,0.6145314,0.022482287,1.0
307,21,0.19599597,0.63043624,0.30959296,1.0
307,22,0.20690766,0.63920826,0.039978758,1.0
307,23,-0.046110947,0.66150725,0.12083166,1.0
307,24,0.037619207,0.63682014,-0.115452595,1.0
307,25,0.2556301,0.46763724,0.08516167,1.0
307,26,0.3005439,0.46720034,-0.108162485,1.0
307,27,0.17661373,0.11132583,0.04360637,1.0
307,28,0.11459589,0.065848164,-0.096989036,1.0
307,29,0.1519417,0.09590112,0.0643262,1.0
307,30,0.102670744,0.028131053,-0.1259588,1.0
307,31,0.24046458,0.09303668,0.064371005,1.0
307,32,0.22055933,0.0,-0.10191256,1.0
308,0,0.3230326,1.1937668,0.06715916,1.0
308,1,0.30985084,1.2287164,0.05281545,1.0
308,2,0.31523952,1.2058516,0.056013644,1.0
308,3,0.30423504,1.2270198,0.055255935,1.0
308,4,0.33237568,1.2164817,0.015522142,1.0
308,5,0.33552048,1.2181895,0.016087353,1.0
308,6,0.33619317,1.1911352,0.021853669,1.0
308,7,0.22513562,1.1855981,0.02761743,1.0
308,8,0.26942316,1.1098361,-0.052307937,1.0
308,9,0.32490364,1.1707268,0.058401667,1.0
308,10,0.31502563,1.1189392,0.040063407,1.0
308,11,0.13579835,1.0333351,0.1523374,1.0
308,12,0.33794177,1.019623,-0.015170351,1.0
308,13,0.16000718,0.84141344,0.2139909,1.0
308,14,0.28549504,0.74511516,-0.06119263,1.0
308,15,0.206019,0.6417798,0.30500478,1.0
308,16,0.25812256,0.60531133,0.019611957,1.0
308,17,0.21248546,0.62788516,0.33745998,1.0
308,18,0.2715778,0.5858132,-0.01803831,1.0
308,19,0.21166925,0.6368184,0.3106802,1.0
308,20,0.28461543,0.58962804,-0.0053220824,1.0
308,21,0.20638901,0.6232474,0.3078037,1.0
308,22,0.2340276,0.62390625,0.009977969,1.0
308,23,-0.052271727,0.64947027,0.11116806,1.0
308,24,0.04424199,0.6266713,-0.11959763,1.0
308,25,0.25008005,0.4547646,0.085483044,1.0
308,26,0.2989786,0.45024502,-0.08807282,1.0
308,27,0.17472632,0.08812601,0.048953015,1.0
308,28,0.119734414,0.055753462,-0.06726375,1.0
308,29,0.14949729,0.06442049,0.058636405,1.0
308,30,0.10044217,0.023138415,-0.09653936,1.0
308,31,0.2379859,0.045195676,0.059164077,1.0
308,32,0.21355458,0.002267505,-0.056609116,1.0
309,0,0.2956096,1.2063723,0.07633496,1.0
309,1,0.28531015,1.2363529,0.05909375,1.0
309,2,0.28842005,1.2230227,0.05750579,1.0
309,3,0.2788372,1.2365837,0.054251887,1.0
309,4,0.30843312,1.2269258,0.030076496,1.0
309,5,0.31290525,1.2244236,0.018159827,1.0
309,6,0.30833292,1.1992877,0.03700809,1.0
309,7,0.2069,1.2032912,0.012281597,1.0
309,8,0.26113057,1.1240814,-0.051469576,1.0
309,9,0.2914502,1.1884389,0.06138742,1.0
309,10,0.29696417,1.127389,0.042184796,1.0
309,11,0.13655445,1.0526397,0.15856746,1.0
309,12,0.3260181,1.0317309,-0.017735526,1.0
309,13,0.16639218,0.84841764,0.19082224,1.0
309,14,0.28374684,0.77454066,-0.06817645,1.0
309,15,0.20558771,0.6368543,0.24618478,1.0
309,16,0.23330007,0.6079968,0.011101417,1.0
309,17,0.20841487,0.60322946,0.26776877,1.0
309,18,0.25702247,0.58144647,-0.006351863,1.0
309,19,0.20115526,0.60750705,0.24792683,1.0
309,20,0.26615226,0.57819587,0.004110203,1.0
309,21,0.20264475,0.60919267,0.238336,1.0
309,22,0.22091232,0.6249449,0.004185222,1.0
309,23,-0.042239998,0.6553068,0.10193473,1.0
309,24,0.04672226,0.62374157,-0.12070051,1.0
309,25,0.25396976,0.44821367,0.06992328,1.0
309,26,0.29907507,0.45009983,-0.09244752,1.0
309,27,0.18985838,0.07973435,0.044476457,1.0
309,28,0.124985605,0.05906302,-0.053003408,1.0
309,29,0.1689341,0.053810865,0.0595901,1.0
309,30,0.103113934,0.029621862,-0.08162154,1.0
309,31,0.2464242,0.04660718,0.06272176,1.0
309,32,0.20939396,0.0006945282,-0.061554205,1.0
310,0,0.2753189,1.2110131,0.052509017,1.0
310,1,0.26216623,1.2397757,0.038847126,1.0
310,2,0.2733821,1.2302094,0.03957548,1.0
310,3,0.25519142,1.239125,0.0345138,1.0
310,4,0.28946745,1.2301509,0.009610507,1.0
310,5,0.286058,1.2263894,0.0053485306,1.0
310,6,0.2834557,1.2065456,0.019632962,1.0
310,7,0.19351208,1.214586,0.00839605,1.0
310,8,0.24620126,1.1375172,-0.05544754,1.0
310,9,0.26620588,1.2005086,0.04587361,1.0
310,10,0.27579865,1.1310563,0.023665084,1.0
310,11,0.13821414,1.061593,0.14566988,1.0
310,12,0.3211733,1.0454631,-0.019336618,1.0
310,13,0.24952483,0.852491,0.16891502,1.0
310,14,0.27393073,0.7923025,-0.11198221,1.0
310,15,0.2032399,0.64637274,0.27403826,1.0
310,16,0.22155434,0.6093551,-0.08648215,1.0
310,17,0.3082352,0.610756,0.2724777,1.0
310,18,0.23907569,0.5846756,-0.103129834,1.0
310,19,0.20444688,0.6326331,0.27779338,1.0
310,20,0.24109325,0.58370304,-0.10121961,1.0
310,21,0.20226249,0.6184195,0.27615458,1.0
310,22,0.2135913,0.63240945,-0.09439724,1.0
310,23,-0.037676115,0.6622268,0.10011066,1.0
310,24,0.046233583,0.625468,-0.117520355,1.0
310,25,0.25174916,0.4306438,0.0840756,1.0
310,26,0.29400384,0.4459862,-0.07945262,1.0
310,27,0.18250926,0.078891635,0.0874061,1.0
310,28,0.118838385,0.06217574,-0.028106831,1.0
310,29,0.16475062,0.055058863,0.10711275,1.0
310,30,0.09328221,0.040798876,-0.057878252,1.0
310,31,0.24603558,0.048109602,0.110251434,1.0
310,32,0.19162948,0.006055918,-0.03223131,1.0
311,0,0.26524967,1.2254767,0.006037684,1.0
311,1,0.25947937,1.2666285,-0.007915503,1.0
311,2,0.2716803,1.2430406,0.003565549,1.0
311,3,0.25696984,1.2636707,0.001321492,1.0
311,4,0.27349496,1.2587454,-0.028373748,1.0
311,5,0.27061048,1.2467544,-0.03166624,1.0
311,6,0.27547953,1.2318118,-0.02936732,1.0
311,7,0.18759935,1.2427092,-0.029926077,1.0
311,8,0.23362394,1.146698,-0.10450144,1.0
311,9,0.255093,1.2235,0.012145319,1.0
311,10,0.24550043,1.154074,-0.01727075,1.0
311,11,0.15007515,1.0808548,0.096393436,1.0
311,12,0.2773611,1.0780597,-0.07050584,1.0
311,13,0.3431895,0.88692284,0.14389646,1.0
311,14,0.22435595,0.8251574,-0.15201811,1.0
311,15,0.20577255,0.6389652,0.27139336,1.0
311,16,0.19384699,0.6335849,-0.14300063,1.0
311,17,0.43785393,0.592428,0.22923712,1.0
311,18,0.20004576,0.60277486,-0.16439378,1.0
311,19,0.20566125,0.620069,0.27482113,1.0
311,20,0.22369243,0.6051958,-0.16461611,1.0
311,21,0.20424943,0.61521614,0.26810786,1.0
311,22,0.1811751,0.6494496,-0.13973857,1.0
311,23,-0.040845793,0.67363787,0.11426504,1.0
311,24,0.031393275,0.6546082,-0.10611353,1.0
311,25,0.24383713,0.42815852,0.08428732,1.0
311,26,0.28201407,0.43320906,-0.09992696,1.0
311,27,0.18097576,0.07050438,0.1430662,1.0
311,28,0.111159906,0.07115256,-0.025580497,1.0
311,29,0.16139305,0.052272864,0.16932291,1.0
311,30,0.0873047,0.04865133,-0.04888937,1.0
311,31,0.23806879,0.038785487,0.18267107,1.0
311,32,0.18471822,0.01144685,-0.007305215,1.0
312,0,0.2566873,1.2163397,-0.0365707,1.0
312,1,0.25543648,1.2900808,-0.1031752,1.0
312,2,0.2896066,1.2734008,-0.087875955,1.0
312,3,0.275294,1.2766645,-0.10065781,1.0
312,4,0.26723444,1.2459761,-0.075027734,1.0
312,5,0.26663616,1.2357321,-0.083560735,1.0
312,6,0.26894715,1.2204084,-0.06748325,1.0
312,7,0.20277283,1.2572017,-0.06319618,1.0
312,8,0.20620967,1.1547546,-0.1896719,1.0
312,9,0.27667037,1.2353885,-0.05977545,1.0
312,10,0.23635657,1.1714365,-0.113520905,1.0
312,11,0.17841798,1.1195972,0.07964426,1.0
312,12,0.22182468,1.0996373,-0.132598,1.0
312,13,0.30782345,0.9292256,0.12698956,1.0
312,14,0.16004874,0.8428573,-0.19325107,1.0
312,15,0.2055877,0.6368543,0.24618477,1.0
312,16,0.18161272,0.6491636,-0.1904342,1.0
312,17,0.43785393,0.592428,0.22923712,1.0
312,18,0.19545221,0.63808244,-0.25650918,1.0
312,19,0.20115525,0.60750705,0.24792682,1.0
312,20,0.2263123,0.6336326,-0.23199189,1.0
312,21,0.20264474,0.60919267,0.23833598,1.0
312,22,0.17501682,0.67517334,-0.18495107,1.0
312,23,-0.019833438,0.6957217,0.109742045,1.0
312,24,0.0048410073,0.6828187,-0.11811456,1.0
312,25,0.25399095,0.41593963,0.07367129,1.0
312,26,0.27366155,0.44411585,-0.11187173,1.0
312,27,0.17271616,0.06448391,0.14361608,1.0
312,28,0.08856903,0.070459485,-0.0221684,1.0
312,29,0.16086186,0.048494972,0.17529458,1.0
312,30,0.074217215,0.033186607,-0.0348201,1.0
312,31,0.22475685,0.021761362,0.18460788,1.0
312,32,0.15679488,0.0,0.0030451622,1.0
313,0,0.22741386,1.2148484,-0.15027669,1.0
313,1,0.2400911,1.2603393,-0.14274298,1.0
313,2,0.25037938,1.2506343,-0.12925145,1.0
313,3,0.2423091,1.2551088,-0.13435344,1.0
313,4,0.23473012,1.2528121,-0.18351647,1.0
313,5,0.23408191,1.2398202,-0.19437484,1.0
313,6,0.24208467,1.2256982,-0.17438523,1.0
313,7,0.19945277,1.2524912,-0.11019466,1.0
313,8,0.18144652,1.1770816,-0.18847568,1.0
313,9,0.24874197,1.2194784,-0.10299222,1.0
313,10,0.21923858,1.1630154,-0.14859831,1.0
313,11,0.19458394,1.1386607,0.039885454,1.0
313,12,0.18453285,1.1321145,-0.120287,1.0
313,13,0.3736061,1.0486274,0.063689284,1.0
313,14,0.12338709,0.8626262,-0.19178176,1.0
313,15,0.51168597,0.8993375,0.120242886,1.0
313,16,0.14398627,0.6540482,-0.18089603,1.0
313,17,0.49686807,0.75369745,0.17215574,1.0
313,18,0.15674396,0.62849015,-0.22192043,1.0
313,19,0.6627527,1.3259137,-0.0014037434,1.0
313,20,0.18229614,0.63074386,-0.22083172,1.0
313,21,0.52806425,0.87078685,0.09164926,1.0
313,22,0.13747722,0.670016,-0.18578812,1.0
313,23,0.0054007857,0.7103926,0.1002743,1.0
313,24,-0.0048378073,0.6903572,-0.106796525,1.0
313,25,0.22375691,0.40981516,0.05423555,1.0
313,26,0.22174889,0.43839282,-0.11885106,1.0
313,27,0.15615313,0.057355553,0.11933862,1.0
313,28,0.07086237,0.062299732,-0.022029543,1.0
313,29,0.13845317,0.037873063,0.14588138,1.0
313,30,0.055860605,0.033134382,-0.045714762,1.0
313,31,0.21254303,0.023400314,0.14110741,1.0
313,32,0.14058858,0.0038865036,-0.03733961,1.0
314,0,0.2042068,1.2129936,-0.24919637,1.0
314,1,0.22683747,1.2558773,-0.22719327,1.0
314,2,0.22483465,1.2507421,-0.20770195,1.0
314,3,0.22554207,1.2527525,-0.20993784,1.0
314,4,0.20593207,1.2573446,-0.28070393,1.0
314,5,0.205612,1.2462455,-0.29639924,1.0
314,6,0.21743526,1.2312489,-0.26746073,1.0
314,7,0.20119707,1.2666997,-0.17180827,1.0
314,8,0.14722745,1.2061633,-0.23912841,1.0
314,9,0.23302454,1.2186502,-0.1779222,1.0
314,10,0.19282007,1.1736137,-0.22631483,1.0
314,11,0.22205733,1.184177,-0.01433935,1.0
314,12,0.11277214,1.1829348,-0.15190047,1.0
314,13,0.41891643,1.1825818,0.009452455,1.0
314,14,0.039604794,0.9002412,-0.21426101,1.0
314,15,0.607682,1.3564091,0.07475886,1.0
314,16,0.042119596,0.69364864,-0.22380118,1.0
314,17,0.53318447,0.8529402,0.13702874,1.0
314,18,0.103544176,0.6463893,-0.26474193,1.0
314,19,0.6627527,1.3259137,-0.0014037434,1.0
314,20,0.13612847,0.6522185,-0.27219334,1.0
314,21,0.6076437,1.3341441,0.05840211,1.0
314,22,0.08687936,0.68617827,-0.22909366,1.0
314,23,0.035800736,0.74016565,0.09599933,1.0
314,24,-0.028137576,0.7238021,-0.09949258,1.0
314,25,0.20155506,0.4045517,0.028535977,1.0
314,26,0.17395747,0.4403772,-0.13575086,1.0
314,27,0.13688461,0.05253024,0.1033471,1.0
314,28,0.045496523,0.06445846,-0.017257692,1.0
314,29,0.11867629,0.032858092,0.13073716,1.0
314,30,0.033537455,0.034877058,-0.042888008,1.0
314,31,0.19430912,0.021005852,0.12170008,1.0
314,32,0.114329,0.010687337,-0.05848142,1.0
315,0,0.17579818,1.2151351,-0.3534661,1.0
315,1,0.20162424,1.2367058,-0.36162144,1.0
315,2,0.18492283,1.2511117,-0.34203005,1.0
315,3,0.1911765,1.236583,-0.34378135,1.0
315,4,0.1838707,1.2605882,-0.38629094,1.0
315,5,0.18652265,1.2374525,-0.407616,1.0
315,6,0.19715196,1.2372062,-0.36436138,1.0
315,7,0.20237441,1.2761307,-0.26190594,1.0
315,8,0.09824571,1.2311258,-0.30540568,1.0
315,9,0.20680355,1.2184107,-0.2963933,1.0
315,10,0.16159734,1.1781082,-0.35767508,1.0
315,11,0.26711243,1.2285933,-0.081064016,1.0
315,12,0.04665017,1.2290285,-0.18568459,1.0
315,13,0.45625407,1.196952,-0.026557524,1.0
315,14,-0.007791098,0.93872464,-0.26433116,1.0
315,15,0.6066993,1.3903644,0.07905421,1.0
315,16,-0.0356253,0.7222756,-0.2589062,1.0
315,17,0.6444034,1.1568711,0.029452296,1.0
315,18,-0.015141038,0.6889319,-0.30205044,1.0
315,19,0.6540398,1.3797032,0.026748179,1.0
315,20,0.01570738,0.69520575,-0.33270037,1.0
315,21,0.60183954,1.361172,0.06082271,1.0
315,22,-0.026435744,0.72217053,-0.27986643,1.0
315,23,0.0739188,0.7761657,0.08189018,1.0
315,24,-0.056696497,0.7479174,-0.09089048,1.0
315,25,0.17509374,0.3870739,0.011797652,1.0
315,26,0.11517512,0.43494815,-0.16185886,1.0
315,27,0.11791918,0.04051903,0.10488479,1.0
315,28,0.01652614,0.057024896,-0.016471818,1.0
315,29,0.100341715,0.013220562,0.12746719,1.0
315,30,0.0058951676,0.029039344,-0.04655748,1.0
315,31,0.17716405,0.009824698,0.10061729,1.0
315,32,0.06634405,0.003955452,-0.07579622,1.0
316,0,0.19788198,1.2041302,-0.2905624,1.0
316,1,0.21276337,1.2445452,-0.29140067,1.0
316,2,0.20779638,1.2350147,-0.27421388,1.0
316,3,0.21208607,1.2412665,-0.27227464,1.0
316,4,0.1961189,1.2571945,-0.31313446,1.0
316,5,0.1968134,1.2471628,-0.3267215,1.0
316,6,0.21609741,1.2213557,-0.30845913,1.0
316,7,0.21066236,1.2624989,-0.22752541,1.0
316,8,0.108529985,1.2297521,-0.27517042,1.0
316,9,0.22287112,1.2026889,-0.23394021,1.0
316,10,0.17028168,1.16993,-0.2873509,1.0
316,11,0.24592605,1.2110198,-0.059494592,1.0
316,12,0.033381373,1.2265754,-0.17579347,1.0
316,13,0.42804542,1.2626038,-0.028150275,1.0
316,14,-0.06020073,0.9209815,-0.22492835,1.0
316,15,0.6067648,1.3881007,0.07876784,1.0
316,16,-0.07531565,0.7357949,-0.30676073,1.0
316,17,0.62866867,1.3361645,0.0837331,1.0
316,18,-0.060740042,0.6874071,-0.34823576,1.0
316,19,0.6627527,1.3259137,-0.0014037434,1.0
316,20,-0.019728316,0.70607144,-0.3930777,1.0
316,21,0.6003513,1.3681022,0.061443377,1.0
316,22,-0.07197992,0.7247298,-0.34025255,1.0
316,23,0.06925089,0.74920905,0.0873603,1.0
316,24,-0.054430015,0.74124193,-0.09555536,1.0
316,25,0.17340714,0.38260156,0.0020388737,1.0
316,26,0.1074134,0.43085787,-0.14009655,1.0
316,27,0.11455269,0.026479691,0.09035122,1.0
316,28,0.006191276,0.041333556,-0.018350244,1.0
316,29,0.087567136,0.013113712,0.11912057,1.0
316,30,0.0064209113,0.01013623,-0.04998418,1.0
316,31,0.16776043,0.0,0.08353108,1.0
316,32,0.09728828,0.0072578266,-0.11198783,1.0
317,0,0.20841423,1.2080455,-0.24073623,1.0
317,1,0.2252555,1.252974,-0.25736228,1.0
317,2,0.19416778,1.2484624,-0.22139865,1.0
317,3,0.2144508,1.2576056,-0.21610112,1.0
317,4,0.19557613,1.2496567,-0.27861944,1.0
317,5,0.19052368,1.2620995,-0.298269,1.0
317,6,0.20174134,1.2319622,-0.2570883,1.0
317,7,0.19771877,1.2900934,-0.20402172,1.0
317,8,0.13174814,1.2527969,-0.25908682,1.0
317,9,0.21874149,1.2132435,-0.21388587,1.0
317,10,0.17458771,1.1919789,-0.24164887,1.0
317,11,0.23029009,1.2489829,-0.0567273,1.0
317,12,0.040878087,1.2484982,-0.15960613,1.0
317,13,0.40779614,1.3428046,-0.0028346218,1.0
317,14,-0.07787248,0.94721615,-0.19015376,1.0
317,15,0.607682,1.3564091,0.07475886,1.0
317,16,-0.1390183,0.75683075,-0.23847833,1.0
317,17,0.6235308,1.3947092,0.10145744,1.0
317,18,-0.106862694,0.72204703,-0.2901016,1.0
317,19,0.646416,1.4267689,0.05138111,1.0
317,20,-0.08491445,0.7241815,-0.342813,1.0
317,21,0.6076437,1.3341441,0.058402114,1.0
317,22,-0.11249244,0.7493044,-0.2863507,1.0
317,23,0.06578985,0.781894,0.09914702,1.0
317,24,-0.039465442,0.7761569,-0.09049615,1.0
317,25,0.17981166,0.42998356,-0.01858966,1.0
317,26,0.1392522,0.46611115,-0.14540339,1.0
317,27,0.11272488,0.07737437,0.024188515,1.0
317,28,0.03275089,0.095463306,-0.0025022924,1.0
317,29,0.09786011,0.05819505,0.054770246,1.0
317,30,0.016970506,0.068019934,-0.030843358,1.0
317,31,0.17964083,0.053180736,0.0699096,1.0
317,32,0.1060095,0.047507472,-0.0857216,1.0
318,0,0.22860523,1.2061999,-0.22131565,1.0
318,1,0.24055871,1.2416265,-0.23039494,1.0
318,2,0.21354318,1.2529621,-0.18472716,1.0
318,3,0.23789014,1.2389774,-0.18762952,1.0
318,4,0.22442755,1.240705,-0.2756975,1.0
318,5,0.23034787,1.2413101,-0.29302752,1.0
318,6,0.23097274,1.222337,-0.24742174,1.0
318,7,0.19313127,1.2921498,-0.1549132,1.0
318,8,0.13874471,1.2263119,-0.25399727,1.0
318,9,0.2205394,1.2129896,-0.18094914,1.0
318,10,0.20132902,1.1947694,-0.2375645,1.0
318,11,0.2240634,1.2497523,-0.014998049,1.0
318,12,0.05378016,1.2450402,-0.13385013,1.0
318,13,0.41291246,1.356743,0.030349229,1.0
318,14,-0.08993143,0.9615483,-0.13877052,1.0
318,15,0.605389,1.4356382,0.084781334,1.0
318,16,-0.11353724,0.7484164,-0.2657913,1.0
318,17,0.6151818,1.4898446,0.1302595,1.0
318,18,-0.13453628,0.74283105,-0.25522107,1.0
318,19,0.636614,1.487282,0.083052024,1.0
318,20,-0.12402614,0.7350475,-0.31265417,1.0
318,21,0.59410065,1.3972092,0.064050175,1.0
318,22,-0.13679996,0.76404923,-0.25400957,1.0
318,23,0.063328534,0.7785372,0.1035995,1.0
318,24,-0.0375634,0.7836984,-0.08307241,1.0
318,25,0.1848748,0.43250382,-0.0252936,1.0
318,26,0.16460364,0.494055,-0.15174028,1.0
318,27,0.11856874,0.0912236,0.032813467,1.0
318,28,-0.0032641613,0.1659697,0.0017025262,1.0
318,29,0.110446095,0.06388116,0.05990527,1.0
318,30,-0.017153522,0.13147429,-0.012860331,1.0
318,31,0.1745371,0.05834355,0.075366914,1.0
318,32,0.051147003,0.10496315,-0.06845754,1.0
319,0,0.22860523,1.2061999,-0.22131565,1.0
319,1,0.24055871,1.2416265,-0.23039494,1.0
319,2,0.21354318,1.2529621,-0.18472716,1.0
319,3,0.23789014,1.2389774,-0.18762952,1.0
319,4,0.22442755,1.240705,-0.2756975,1.0
319,5,0.23034787,1.2413101,-0.29302752,1.0
319,6,0.23097274,1.222337,-0.24742174,1.0
319,7,0.19313127,1.2921498,-0.1549132,1.0
319,8,0.13874471,1.2263119,-0.25399727,1.0
319,9,0.2205394,1.2129896,-0.18094914,1.0
319,10,0.20132902,1.1947694,-0.2375645,1.0
319,11,0.21267375,1.2163625,-0.006594235,1.0
319,12,0.11538415,1.2723544,-0.09588787,1.0
319,13,0.41483042,1.3307298,0.0066389274,1.0
319,14,-0.07936005,0.94777685,-0.17446332,1.0
319,15,0.6063062,1.4039465,0.08077234,1.0
319,16,-0.11171716,0.7478154,-0.26774222,1.0
319,17,0.6151818,1.4898446,0.1302595,1.0
319,18,-0.13453628,0.74283105,-0.25522107,1.0
319,19,0.636614,1.487282,0.083052024,1.0
319,20,-0.12402614,0.7350475,-0.31265417,1.0
319,21,0.59410065,1.3972092,0.064050175,1.0
319,22,-0.13679996,0.76404923,-0.25400957,1.0
319,23,0.063328534,0.7785372,0.1035995,1.0
319,24,-0.027760245,0.7831969,-0.06493445,1.0
319,25,0.18568432,0.4301991,-0.02615206,1.0
319,26,0.14797238,0.5186403,-0.14489022,1.0
319,27,0.11731922,0.084408075,0.033899628,1.0
319,28,0.0044665053,0.19949353,-0.008467267,1.0
319,29,0.109033994,0.05881158,0.0642417,1.0
319,30,-0.0051534064,0.16042794,-0.01706174,1.0
319,31,0.19012608,0.06872097,0.092376046,1.0
319,32,0.06472678,0.10887374,-0.054535583,1.0
320,0,0.22851923,1.2283889,-0.22487661,1.0
320,1,0.23882735,1.2606527,-0.23165663,1.0
320,2,0.225757,1.2641509,-0.20229384,1.0
320,3,0.24109012,1.256868,-0.19920005,1.0
320,4,0.22846673,1.2599705,-0.26806518,1.0
320,5,0.23302227,1.2623594,-0.2825604,1.0
320,6,0.23631428,1.2411832,-0.25047544,1.0
320,7,0.20952368,1.2916439,-0.1568306,1.0
320,8,0.14308992,1.2418078,-0.24536383,1.0
320,9,0.23642431,1.2219764,-0.18601574,1.0
320,10,0.21203303,1.203912,-0.23801261,1.0
320,11,0.23415434,1.2236476,-0.01414686,1.0
320,12,0.07054526,1.2496899,-0.111812785,1.0
320,13,0.41525587,1.3266435,0.025588641,1.0
320,14,-0.07666932,0.9736506,-0.14832275,1.0
320,15,0.5694786,1.3954995,0.104740314,1.0
320,16,-0.16836858,0.88872194,-0.14700708,1.0
320,17,0.56175405,1.4666902,0.15133531,1.0
320,18,-0.17205067,0.8616351,-0.20148383,1.0
320,19,0.561007,1.4743431,0.10793413,1.0
320,20,-0.15700714,0.86481744,-0.2413019,1.0
320,21,0.5501218,1.3740504,0.09553901,1.0
320,22,-0.16760062,0.8804967,-0.18245059,1.0
320,23,0.0642551,0.7604025,0.0972178,1.0
320,24,-0.041538216,0.7705117,-0.07835557,1.0
320,25,0.1824011,0.4224312,-0.033536326,1.0
320,26,0.07834927,0.4922503,-0.17006163,1.0
320,27,0.12712617,0.0697615,0.018461987,1.0
320,28,-0.13299084,0.20290941,-0.025085147,1.0
320,29,0.114168644,0.048634727,0.04899153,1.0
320,30,-0.14852239,0.16818157,-0.04025681,1.0
320,31,0.18571715,0.039878737,0.051383533,1.0
320,32,-0.09563039,0.13032939,-0.08776999,1.0
321,0,0.2399759,1.2481341,-0.21470709,1.0
321,1,0.24600187,1.2733042,-0.21357933,1.0
321,2,0.2470577,1.2766323,-0.19562106,1.0
321,3,0.25440437,1.2684829,-0.1915408,1.0
321,4,0.24510948,1.2769722,-0.24944165,1.0
321,5,0.250816,1.2759858,-0.2640459,1.0
321,6,0.25275007,1.2563761,-0.24051312,1.0
321,7,0.22569819,1.2941778,-0.13590738,1.0
321,8,0.15137193,1.24663,-0.228297,1.0
321,9,0.2523771,1.2317857,-0.17019229,1.0
321,10,0.23079501,1.2140962,-0.2279721,1.0
321,11,0.24799857,1.2132272,0.0034510533,1.0
321,12,0.06767775,1.2436122,-0.096067555,1.0
321,13,0.4188988,1.2727,0.05167315,1.0
321,14,-0.0579385,0.99519163,-0.11522813,1.0
321,15,0.52669126,1.3721958,0.119281314,1.0
321,16,-0.1768605,1.0007857,-0.04007533,1.0
321,17,0.53885645,1.456767,0.16036782,1.0
321,18,-0.18474916,0.92313963,-0.1632837,1.0
321,19,0.52860403,1.4687977,0.118597895,1.0
321,20,-0.16810195,0.9355711,-0.19438381,1.0
321,21,0.5167724,1.3741857,0.118396476,1.0
321,22,-0.17753063,0.9415821,-0.13660042,1.0
321,23,0.06488393,0.74318266,0.092411056,1.0
321,24,-0.0483698,0.76135427,-0.0783612,1.0
321,25,0.17872544,0.41417372,-0.043003332,1.0
321,26,0.0064506587,0.48521098,-0.18012294,1.0
321,27,0.13505058,0.057712425,0.002790446,1.0
321,28,-0.2616827,0.23328084,-0.041117318,1.0
321,29,0.12159401,0.03601162,0.031360704,1.0
321,30,-0.27894917,0.1981351,-0.056333918,1.0
321,31,0.19081216,0.021927435,0.023019603,1.0
321,32,-0.24526057,0.15981148,-0.10518547,1.0
322,0,0.23701283,1.268806,-0.22316672,1.0
322,1,0.24217048,1.2911236,-0.22244233,1.0
322,2,0.25674355,1.2868586,-0.21920131,1.0
322,3,0.25707838,1.28211,-0.20848607,1.0
322,4,0.24833299,1.291913,-0.2526386,1.0
322,5,0.25505653,1.292541,-0.26087517,1.0
322,6,0.25876203,1.272058,-0.25200382,1.0
322,7,0.23800065,1.2915857,-0.13934498,1.0
322,8,0.15415813,1.2592351,-0.22714908,1.0
322,9,0.2666954,1.2385573,-0.18130939,1.0
322,10,0.24337247,1.2220871,-0.23709437,1.0
322,11,0.25814688,1.1995959,-0.0010435656,1.0
322,12,0.06299409,1.2254853,-0.08781368,1.0
322,13,0.41400814,1.2054932,0.07255122,1.0
322,14,-0.034681726,0.999437,-0.12217369,1.0
322,15,0.4923257,1.3474106,0.13588479,1.0
322,16,-0.16927512,0.9930866,-0.043941997,1.0
322,17,0.48542875,1.4336126,0.18144363,1.0
322,18,-0.22564267,1.0313551,-0.12471634,1.0
322,19,0.45299703,1.4558587,0.14348,1.0
322,20,-0.20412286,1.0502031,-0.13937008,1.0
322,21,0.4626426,1.3580692,0.15643889,1.0
322,22,-0.21160156,1.0468502,-0.08022347,1.0
322,23,0.06492102,0.7252851,0.087274276,1.0
322,24,-0.056675076,0.7497176,-0.082194425,1.0
322,25,0.18015853,0.40434253,-0.052039824,1.0
322,26,-0.056703363,0.4927223,-0.20641074,1.0
322,27,0.14640337,0.03973934,-0.0051621012,1.0
322,28,-0.390585,0.278591,-0.067361504,1.0
322,29,0.1270533,0.02790776,0.028346889,1.0
322,30,-0.41304737,0.2427856,-0.07971141,1.0
322,31,0.19009018,0.00092020276,-0.00060167804,1.0
322,32,-0.40180647,0.20038393,-0.116568714,1.0
323,0,0.23701283,1.268806,-0.22316672,1.0
323,1,0.24217048,1.2911236,-0.22244233,1.0
323,2,0.25674355,1.2868586,-0.21920131,1.0
323,3,0.25707838,1.28211,-0.20848607,1.0
323,4,0.24833299,1.291913,-0.2526386,1.0
323,5,0.25505653,1.292541,-0.26087517,1.0
323,6,0.25876203,1.272058,-0.25200382,1.0
323,7,0.23800065,1.2915857,-0.13934498,1.0
323,8,0.15415813,1.2592351,-0.22714908,1.0
323,9,0.2666954,1.2385573,-0.18130939,1.0
323,10,0.24337247,1.2220871,-0.23709437,1.0
323,11,0.26244432,1.210145,-0.0030078068,1.0
323,12,0.042956393,1.244025,-0.09848495,1.0
323,13,0.4258402,1.2703496,0.047664456,1.0
323,14,-0.057783358,1.0162214,-0.11922802,1.0
323,15,0.4833946,1.3810718,0.16133375,1.0
323,16,-0.19771887,1.0206132,-0.05553583,1.0
323,17,0.48542875,1.4336126,0.18144363,1.0
323,18,-0.22564267,1.0313551,-0.12471634,1.0
323,19,0.45299703,1.4558587,0.14348,1.0
323,20,-0.20412286,1.0502031,-0.13937008,1.0
323,21,0.4626426,1.3580692,0.15643889,1.0
323,22,-0.21160156,1.0468502,-0.08022347,1.0
323,23,0.06492102,0.7252851,0.087274276,1.0
323,24,-0.056284204,0.74963903,-0.08164967,1.0
323,25,0.17811596,0.41003117,-0.04957051,1.0
323,26,-0.056735512,0.46257392,-0.22102574,1.0
323,27,0.1468483,0.044268906,-0.0057763383,1.0
323,28,-0.4031573,0.26553145,-0.06025219,1.0
323,29,0.12853031,0.026028078,0.025687013,1.0
323,30,-0.4232118,0.23332147,-0.079982914,1.0
323,31,0.19205165,0.0,-0.011791785,1.0
323,32,-0.40545303,0.1964782,-0.14363888,1.0
324,0,0.27638435,1.2770746,-0.17108832,1.0
324,1,0.27147382,1.2878206,-0.14479959,1.0
324,2,0.29297215,1.297775,-0.14243929,1.0
324,3,0.28402424,1.2919054,-0.14418288,1.0
324,4,0.2826223,1.3117929,-0.17752147,1.0
324,5,0.2844397,1.3017118,-0.20699127,1.0
324,6,0.2835239,1.2835279,-0.18609063,1.0
324,7,0.26067945,1.3075504,-0.08010183,1.0
324,8,0.17154805,1.2520216,-0.1721561,1.0
324,9,0.27893722,1.2530708,-0.108035944,1.0
324,10,0.2576241,1.2325559,-0.17518225,1.0
324,11,0.27947587,1.2038933,0.052894924,1.0
324,12,0.060295925,1.2395643,-0.07180914,1.0
324,13,0.41562992,1.1917908,0.078342006,1.0
324,14,-0.02615244,1.0007954,-0.08635256,1.0
324,15,0.50572234,1.2969187,0.09771137,1.0
324,16,-0.14904934,0.97434914,-0.019461326,1.0
324,17,0.48542875,1.4336126,0.18144363,1.0
324,18,-0.16560088,0.9831411,-0.07732107,1.0
324,19,0.45299703,1.4558587,0.14348,1.0
324,20,-0.15087579,1.0213525,-0.10179875,1.0
324,21,0.4626426,1.3580692,0.15643889,1.0
324,22,-0.1589991,1.0049317,-0.05056888,1.0
324,23,0.06838955,0.7203471,0.08342729,1.0
324,24,-0.059492514,0.74878025,-0.079501234,1.0
324,25,0.16124405,0.39966235,-0.05635222,1.0
324,26,-0.12984167,0.44695467,-0.14836991,1.0
324,27,0.13673839,0.042477906,-0.04138401,1.0
324,28,-0.42852932,0.21202062,-0.049469024,1.0
324,29,0.12932162,0.0072612427,-0.02743264,1.0
324,30,-0.44525927,0.17885591,-0.07388343,1.0
324,31,0.2077933,0.0,-0.028145216,1.0
324,32,-0.42830282,0.15254298,-0.13540888,1.0
325,0,0.31238475,1.2998266,-0.16214515,1.0
325,1,0.29386824,1.3115838,-0.13910894,1.0
325,2,0.31097886,1.3185539,-0.13267584,1.0
325,3,0.29806364,1.3062775,-0.14073768,1.0
325,4,0.31611723,1.3184593,-0.19321331,1.0
325,5,0.3106535,1.3237472,-0.2039679,1.0
325,6,0.30684152,1.3102098,-0.18235227,1.0
325,7,0.25961947,1.3216674,-0.071068,1.0
325,8,0.19034883,1.2672796,-0.2029632,1.0
325,9,0.31552032,1.277159,-0.117172025,1.0
325,10,0.30042785,1.2495573,-0.18460599,1.0
325,11,0.28098136,1.1958673,0.05764786,1.0
325,12,0.07302001,1.2341301,-0.10091548,1.0
325,13,0.3881817,1.09405,0.1146037,1.0
325,14,0.00014916062,0.96405685,-0.17582655,1.0
325,15,0.479351,1.144718,0.17279962,1.0
325,16,-0.1393553,0.9630165,-0.053395227,1.0
325,17,0.47522256,1.2575244,0.20756084,1.0
325,18,-0.15444154,0.9694117,-0.09330921,1.0
325,19,0.45985806,1.2788007,0.17604893,1.0
325,20,-0.13329604,0.99660295,-0.123381734,1.0
325,21,0.45715466,1.197928,0.1773713,1.0
325,22,-0.14781988,0.98826975,-0.074683994,1.0
325,23,0.06746206,0.72927505,0.082475156,1.0
325,24,-0.062326327,0.7480005,-0.08217417,1.0
325,25,0.15828966,0.4017814,-0.035657614,1.0
325,26,-0.19150507,0.45180994,-0.1247766,1.0
325,27,0.16177227,0.06777644,0.027884066,1.0
325,28,-0.44618422,0.15947914,-0.0011360198,1.0
325,29,0.15529406,0.03617954,0.045277707,1.0
325,30,-0.46778145,0.13248485,-0.031224357,1.0
325,31,0.22645849,0.014424782,0.01381528,1.0
325,32,-0.4463458,0.08651619,-0.090042345,1.0
326,0,0.31996134,1.284773,-0.13524315,1.0
326,1,0.3037042,1.3042767,-0.11492299,1.0
326,2,0.31910786,1.3004409,-0.11328617,1.0
326,3,0.30717632,1.2939427,-0.117014036,1.0
326,4,0.3140185,1.3102835,-0.16053851,1.0
326,5,0.31735897,1.3090333,-0.17267911,1.0
326,6,0.31806687,1.2937205,-0.15833996,1.0
326,7,0.2631588,1.3102386,-0.04972241,1.0
326,8,0.2035969,1.2550431,-0.16307662,1.0
326,9,0.3211826,1.2596079,-0.08682209,1.0
326,10,0.2983555,1.2339231,-0.15397827,1.0
326,11,0.26837566,1.1632819,0.072739705,1.0
326,12,0.110886164,1.2239872,-0.06984356,1.0
326,13,0.34427553,1.052681,0.12472821,1.0
326,14,0.042118434,0.9746942,-0.11355897,1.0
326,15,0.45248652,1.0296736,0.19265063,1.0
326,16,-0.0471463,0.95817673,-0.05085946,1.0
326,17,0.46598837,1.0982064,0.23119068,1.0
326,18,-0.08790417,0.95847124,-0.09648132,1.0
326,19,0.46606568,1.1186054,0.20551606,1.0
326,20,-0.15504985,1.0165875,-0.12043043,1.0
326,21,0.4521894,1.0530382,0.19631015,1.0
326,22,-0.08528013,0.9795764,-0.068233825,1.0
326,23,0.064657964,0.72034776,0.08378068,1.0
326,24,-0.060560558,0.74453944,-0.083875634,1.0
326,25,0.14939216,0.39250714,0.026512394,1.0
326,26,-0.17272778,0.44161052,-0.1156424,1.0
326,27,0.16762048,0.060034707,0.071265936,1.0
326,28,-0.42249876,0.1440556,0.0027469387,1.0
326,29,0.15716332,0.040511418,0.117123,1.0
326,30,-0.44100446,0.11463541,-0.02524186,1.0
326,31,0.21563914,0.014831707,0.07012999,1.0
326,32,-0.42143008,0.08538298,-0.07729085,1.0
327,0,0.34980008,1.2761848,-0.12712996,1.0
327,1,0.3314283,1.2974455,-0.098495446,1.0
327,2,0.34551567,1.2984519,-0.09909711,1.0
327,3,0.33040127,1.2899067,-0.10761322,1.0
327,4,0.33697164,1.310313,-0.15435216,1.0
327,5,0.34209007,1.3001442,-0.16715412,1.0
327,6,0.3409726,1.2897518,-0.1491883,1.0
327,7,0.28132668,1.3029234,-0.032488108,1.0
327,8,0.21554366,1.247309,-0.14675927,1.0
327,9,0.34337297,1.2478464,-0.07209511,1.0
327,10,0.314007,1.2269576,-0.14061016,1.0
327,11,0.26901376,1.118678,0.08524346,1.0
327,12,0.12810072,1.2068172,-0.0535623,1.0
327,13,0.31914762,0.9344158,0.14913252,1.0
327,14,0.106675215,0.96079504,-0.09392523,1.0
327,15,0.48255396,0.90081173,0.2418091,1.0
327,16,0.08991625,0.90856427,-0.050646074,1.0
327,17,0.39077812,0.83631593,0.24666728,1.0
327,18,0.050266035,0.8935416,-0.08669241,1.0
327,19,0.40887123,0.8515642,0.22629657,1.0
327,20,-0.14083022,1.0072099,-0.11413188,1.0
327,21,0.3867924,0.8109025,0.20437929,1.0
327,22,0.042520106,0.9193048,-0.06129225,1.0
327,23,0.07151237,0.71346045,0.075960025,1.0
327,24,-0.06755377,0.7378107,-0.08605419,1.0
327,25,0.14195223,0.37912998,0.06620268,1.0
327,26,-0.20962162,0.42763913,-0.08885515,1.0
327,27,0.19212997,0.058054328,0.16107923,1.0
327,28,-0.42780906,0.09303529,0.030222595,1.0
327,29,0.17458016,0.030152274,0.17479959,1.0
327,30,-0.43950394,0.060942084,0.0003528241,1.0
327,31,0.22670624,0.005878059,0.1568439,1.0
327,32,-0.41727862,0.039671555,-0.056783143,1.0
328,0,0.36882144,1.2806716,-0.07281916,1.0
328,1,0.3417351,1.3075562,-0.0519786,1.0
328,2,0.35358354,1.2837312,-0.056795634,1.0
328,3,0.33437312,1.2829244,-0.058222257,1.0
328,4,0.34216955,1.2979848,-0.103403345,1.0
328,5,0.351532,1.3052258,-0.1046919,1.0
328,6,0.3569776,1.2897437,-0.10505018,1.0
328,7,0.2652638,1.3124964,0.008166771,1.0
328,8,0.24804223,1.2474277,-0.12979224,1.0
328,9,0.3583181,1.2546394,-0.030009761,1.0
328,10,0.33250225,1.2253358,-0.10467677,1.0
328,11,0.25576654,1.1238501,0.11905308,1.0
328,12,0.18867126,1.2069559,-0.066689,1.0
328,13,0.25147864,0.94382805,0.17591822,1.0
328,14,0.17593965,0.9557308,-0.09315634,1.0
328,15,0.4169464,0.8503868,0.24625126,1.0
328,16,0.30599967,0.8879173,-0.07494666,1.0
328,17,0.45140812,0.84665185,0.26850098,1.0
328,18,0.1840294,0.8408448,-0.07187866,1.0
328,19,0.47586718,0.8656655,0.2520431,1.0
328,20,0.077989995,0.9173413,-0.06444884,1.0
328,21,0.4443495,0.82426506,0.2262136,1.0
328,22,0.16914898,0.8687967,-0.04784939,1.0
328,23,0.054930344,0.71339625,0.09297313,1.0
328,24,-0.05669976,0.73678243,-0.090291336,1.0
328,25,0.13043135,0.39204496,0.14962494,1.0
328,26,-0.19809648,0.43436024,-0.06519108,1.0
328,27,0.20342061,0.06840469,0.16238038,1.0
328,28,-0.41733313,0.09677389,0.03122057,1.0
328,29,0.1680419,0.08216275,0.26708874,1.0
328,30,-0.4396665,0.07270459,-0.00015122443,1.0
328,31,0.2311136,0.035488833,0.16969003,1.0
328,32,-0.40143812,0.049223192,-0.0381682,1.0
329,0,0.35134128,1.3035421,-0.045180395,1.0
329,1,0.32172775,1.3340471,-0.035977285,1.0
329,2,0.3337945,1.3076098,-0.03341966,1.0
329,3,0.32365692,1.3065853,-0.03906028,1.0
329,4,0.3339271,1.3266292,-0.06899776,1.0
329,5,0.34193853,1.3287144,-0.07785553,1.0
329,6,0.34818733,1.3092341,-0.06900698,1.0
329,7,0.2595591,1.3212378,0.011443027,1.0
329,8,0.23910964,1.2560298,-0.08413887,1.0
329,9,0.34942678,1.2844203,-0.008553541,1.0
329,10,0.32667032,1.2416942,-0.0738063,1.0
329,11,0.24983141,1.1388831,0.118371904,1.0
329,12,0.18385935,1.219943,-0.013206193,1.0
329,13,0.25374436,0.9484617,0.16682732,1.0
329,14,0.13855831,0.94492483,-0.046833515,1.0
329,15,0.33784932,0.8187211,0.18076871,1.0
329,16,0.26147857,0.84797865,-0.023470024,1.0
329,17,0.33167234,0.8364757,0.2354788,1.0
329,18,0.28650466,0.83081347,-0.10013756,1.0
329,19,0.33835435,0.84922695,0.21613611,1.0
329,20,0.32646108,0.83295125,-0.007349765,1.0
329,21,0.3277248,0.8085173,0.19515032,1.0
329,22,0.26441276,0.86110884,-0.066897094,1.0
329,23,0.053072646,0.72060025,0.0867541,1.0
329,24,-0.05389075,0.75066376,-0.082425654,1.0
329,25,0.12723172,0.3742649,0.09389082,1.0
329,26,-0.20073426,0.43073243,-0.06919687,1.0
329,27,0.1922462,0.08768687,0.2056453,1.0
329,28,-0.38269544,0.06619561,0.050217114,1.0
329,29,0.17731875,0.07317525,0.22968292,1.0
329,30,-0.4043551,0.037917554,0.021676067,1.0
329,31,0.20591486,0.07272337,0.22228698,1.0
329,32,-0.41337088,0.022110585,-0.0011280291,1.0
330,0,0.33338198,1.338226,-0.056451194,1.0
330,1,0.2916829,1.3677188,-0.05190763,1.0
330,2,0.2971707,1.3400688,-0.052756786,1.0
330,3,0.2942687,1.3416852,-0.05425077,1.0
330,4,0.30724958,1.3552603,-0.08475709,1.0
330,5,0.31916377,1.3596252,-0.10222552,1.0
330,6,0.32008424,1.3368388,-0.08732309,1.0
330,7,0.22916852,1.34426,-0.0064302566,1.0
330,8,0.22841938,1.2742336,-0.1091247,1.0
330,9,0.33632037,1.3180126,-0.02080545,1.0
330,10,0.32733575,1.2712948,-0.08967308,1.0
330,11,0.20979172,1.1556387,0.11809076,1.0
330,12,0.20967415,1.2196538,-0.016564991,1.0
330,13,0.23271284,0.9831772,0.16186678,1.0
330,14,0.20049794,0.9477346,-0.05662289,1.0
330,15,0.27034277,0.82475483,0.17909156,1.0
330,16,0.20241041,0.81147027,-0.029564131,1.0
330,17,0.2695182,0.81564415,0.20299987,1.0
330,18,0.22409156,0.7864193,-0.06931447,1.0
330,19,0.2748794,0.82336175,0.17480353,1.0
330,20,0.34727785,0.83655936,-0.010530199,1.0
330,21,0.27167824,0.78417736,0.16071066,1.0
330,22,0.20196909,0.8193191,-0.04668683,1.0
330,23,0.032872237,0.7317905,0.087879956,1.0
330,24,-0.03644476,0.75846535,-0.08813734,1.0
330,25,0.13455763,0.37846226,0.08339029,1.0
330,26,-0.17706802,0.4342614,-0.07571286,1.0
330,27,0.22903462,0.059886813,0.19825228,1.0
330,28,-0.36422235,0.05511558,0.04622057,1.0
330,29,0.2161081,0.036114186,0.21812254,1.0
330,30,-0.3844034,0.026902614,0.015473325,1.0
330,31,0.25872138,0.034276437,0.2125999,1.0
330,32,-0.38632998,0.0032422952,-0.008433402,1.0
331,0,0.31564668,1.3470635,-0.044372376,1.0
331,1,0.28778595,1.3722146,-0.045874573,1.0
331,2,0.2749462,1.3484144,-0.03493979,1.0
331,3,0.28395426,1.34759,-0.044861525,1.0
331,4,0.28839377,1.3673034,-0.075019605,1.0
331,5,0.30716866,1.3627849,-0.094466835,1.0
331,6,0.3110822,1.3491883,-0.070879206,1.0
331,7,0.2214149,1.3654122,-0.0017405339,1.0
331,8,0.2239865,1.2886105,-0.08796542,1.0
331,9,0.32602358,1.3272967,-0.0043572225,1.0
331,10,0.32336405,1.2870078,-0.07824732,1.0
331,11,0.21129909,1.1642271,0.13632575,1.0
331,12,0.22758836,1.23058,-0.0032108761,1.0
331,13,0.24065594,0.9817709,0.16181916,1.0
331,14,0.23661745,0.9700935,-0.034237668,1.0
331,15,0.27170426,0.8379778,0.19458218,1.0
331,16,0.24191031,0.8409993,0.026721686,1.0
331,17,0.27936965,0.8419921,0.21676065,1.0
331,18,0.2641336,0.8049079,0.0026507704,1.0
331,19,0.27313462,0.8605166,0.19918752,1.0
331,20,0.28927603,0.83807963,-0.005515946,1.0
331,21,0.27782503,0.81254727,0.17382419,1.0
331,22,0.25183016,0.83066946,0.015530531,1.0
331,23,0.02767915,0.7433275,0.08263361,1.0
331,24,-0.026460046,0.7731723,-0.087189354,1.0
331,25,0.13320477,0.37724522,0.049980823,1.0
331,26,-0.17907174,0.45394433,-0.08891548,1.0
331,27,0.25584707,0.062526494,0.16511996,1.0
331,28,-0.35384837,0.07899442,0.0699382,1.0
331,29,0.2396628,0.03372051,0.17024837,1.0
331,30,-0.37686345,0.049975343,0.039802186,1.0
331,31,0.25817055,0.04292189,0.18884994,1.0
331,32,-0.3706805,0.03394662,0.02763063,1.0
332,0,0.31137082,1.3313186,0.0003526155,1.0
332,1,0.28156868,1.3645728,-0.0021628346,1.0
332,2,0.26138955,1.3485196,0.011375092,1.0
332,3,0.26718873,1.3442702,-0.000559818,1.0
332,4,0.28437734,1.3445191,-0.050728742,1.0
332,5,0.2943789,1.3544505,-0.048191488,1.0
332,6,0.30004102,1.3453729,-0.027009739,1.0
332,7,0.21267836,1.3632147,0.048966758,1.0
332,8,0.21267606,1.2955892,-0.048021894,1.0
332,9,0.32611048,1.319205,0.020968078,1.0
332,10,0.3262966,1.28566,-0.039997965,1.0
332,11,0.20641863,1.16506,0.19378553,1.0
332,12,0.24005201,1.2206602,-0.0071684145,1.0
332,13,0.23176637,0.9966461,0.21191977,1.0
332,14,0.29011372,0.9703307,-0.04304148,1.0
332,15,0.26309222,0.84025395,0.2437448,1.0
332,16,0.31666365,0.8504242,0.024749178,1.0
332,17,0.286246,0.85043126,0.25934988,1.0
332,18,0.34229583,0.8043664,0.007402867,1.0
332,19,0.2772383,0.8530273,0.24958546,1.0
332,20,0.3760411,0.8261134,-0.009794857,1.0
332,21,0.27310163,0.8203281,0.2303379,1.0
332,22,0.32084364,0.82038486,0.0149651,1.0
332,23,0.022587571,0.7459073,0.08880154,1.0
332,24,-0.019017536,0.7677418,-0.09481984,1.0
332,25,0.1287361,0.37148082,0.058879275,1.0
332,26,-0.17775406,0.4449172,-0.09880424,1.0
332,27,0.25833857,0.038877577,0.15053922,1.0
332,28,-0.3623278,0.05676803,0.039595865,1.0
332,29,0.2431497,0.010290094,0.15399235,1.0
332,30,-0.38625517,0.02598452,0.008225795,1.0
332,31,0.28352278,0.024089018,0.16771215,1.0
332,32,-0.3748318,0.006826183,-0.012822766,1.0
333,0,0.29825193,1.3325796,0.047050767,1.0
333,1,0.26125273,1.3712249,0.05267415,1.0
333,2,0.27152252,1.3444388,0.06079071,1.0
333,3,0.2696172,1.3365393,0.042109072,1.0
333,4,0.2734372,1.3562431,0.010920247,1.0
333,5,0.28085187,1.3575578,0.018226122,1.0
333,6,0.2899425,1.3338737,0.022564732,1.0
333,7,0.20986953,1.3566954,0.106614485,1.0
333,8,0.19883245,1.2853358,0.0023333519,1.0
333,9,0.31371528,1.3243976,0.073384196,1.0
333,10,0.30959782,1.2732608,0.011331299,1.0
333,11,0.1619561,1.1702781,0.21063185,1.0
333,12,0.26559365,1.2146641,0.0045423806,1.0
333,13,0.1623121,1.0029439,0.20181008,1.0
333,14,0.33365571,0.9995307,-0.03658855,1.0
333,15,0.17501797,0.83970666,0.25029895,1.0
333,16,0.38197303,0.8462983,0.019398082,1.0
333,17,0.18530583,0.8096639,0.25112838,1.0
333,18,0.4021119,0.82771957,-0.021513969,1.0
333,19,0.18771805,0.8094429,0.22735186,1.0
333,20,0.42493042,0.84744674,-0.02153916,1.0
333,21,0.18377663,0.7891111,0.23760764,1.0
333,22,0.36797544,0.84874773,0.0058759516,1.0
333,23,0.002833899,0.73875296,0.08836083,1.0
333,24,-0.010694807,0.7683956,-0.09202528,1.0
333,25,0.12097801,0.34266567,0.07364543,1.0
333,26,-0.16472147,0.41384926,-0.09487675,1.0
333,27,0.24238342,0.01914674,0.18196014,1.0
333,28,-0.36677498,0.022870287,0.024825033,1.0
333,29,0.22109361,0.0,0.18894762,1.0
333,30,-0.3911643,0.00049188454,-0.015807506,1.0
333,31,0.2716366,0.013539725,0.20713168,1.0
333,32,-0.3714112,0.0,-0.026581787,1.0
334,0,0.27195165,1.3551745,0.11938631,1.0
334,1,0.23275138,1.3847241,0.12873742,1.0
334,2,0.27179918,1.3519063,0.12372823,1.0
334,3,0.26260155,1.3525577,0.109460615,1.0
334,4,0.25885674,1.3905857,0.10836209,1.0
334,5,0.26246813,1.3764033,0.09403301,1.0
334,6,0.2733632,1.3431709,0.09573553,1.0
334,7,0.18964429,1.3593862,0.15621224,1.0
334,8,0.18966652,1.2766161,0.06406595,1.0
334,9,0.28035465,1.3428326,0.15335819,1.0
334,10,0.26511413,1.2780201,0.085864305,1.0
334,11,0.097845346,1.1808157,0.20757848,1.0
334,12,0.29685867,1.2325659,0.030269666,1.0
334,13,0.06892946,1.0140494,0.23008782,1.0
334,14,0.37235492,1.0210898,-0.031245489,1.0
334,15,0.10721804,0.802052,0.25479105,1.0
334,16,0.41620326,0.86546195,-0.0044164625,1.0
334,17,0.075033344,0.76878023,0.29584303,1.0
334,18,0.44168785,0.85827595,-0.061133653,1.0
334,19,0.08293684,0.7590784,0.2605803,1.0
334,20,0.4396886,0.89382344,-0.05262323,1.0
334,21,0.094451636,0.7690473,0.24487738,1.0
334,22,0.39358455,0.8936729,-0.02179984,1.0
334,23,-0.037495296,0.75276,0.086777136,1.0
334,24,0.019984115,0.78961545,-0.0936026,1.0
334,25,0.09123643,0.36418542,0.095211744,1.0
334,26,-0.07203598,0.42241064,-0.059188314,1.0
334,27,0.21794763,0.038458914,0.17229049,1.0
334,28,-0.3292268,0.052930295,0.0048394576,1.0
334,29,0.20851175,0.014889842,0.19175246,1.0
334,30,-0.34591803,0.010106504,-0.023964891,1.0
334,31,0.26741207,0.031348735,0.20412067,1.0
334,32,-0.31396472,0.021067455,-0.028510913,1.0
335,0,0.23400544,1.389395,0.11739286,1.0
335,1,0.20564538,1.4041003,0.11372886,1.0
335,2,0.23481911,1.3594375,0.10356015,1.0
335,3,0.22728536,1.3780367,0.10056666,1.0
335,4,0.21510354,1.4100796,0.107968606,1.0
335,5,0.23217109,1.3928359,0.0814435,1.0
335,6,0.24017234,1.3713866,0.08767753,1.0
335,7,0.164561,1.3838595,0.12263757,1.0
335,8,0.19432715,1.2937003,0.049236886,1.0
335,9,0.23630515,1.3752071,0.14891542,1.0
335,10,0.22701293,1.3066268,0.083930805,1.0
335,11,0.092627965,1.1962559,0.18529461,1.0
335,12,0.29840398,1.2652748,0.028108796,1.0
335,13,0.06706032,1.03173,0.2141773,1.0
335,14,0.39023638,1.1073701,-0.014800892,1.0
335,15,0.09039233,0.81162167,0.18926992,1.0
335,16,0.4586197,0.9615803,0.0024218555,1.0
335,17,0.042081222,0.7730251,0.2421882,1.0
335,18,0.49492422,0.93581986,-0.037506662,1.0
335,19,0.059821878,0.75810003,0.21173441,1.0
335,20,0.49357054,0.95778185,-0.030093974,1.0
335,21,0.08251532,0.77843356,0.19030122,1.0
335,22,0.45576414,0.9807724,-0.01328294,1.0
335,23,-0.052933685,0.77146626,0.08331979,1.0
335,24,0.02770494,0.8059163,-0.08129368,1.0
335,25,0.072563685,0.38243684,0.07770015,1.0
335,26,-0.023857016,0.43477324,-0.040002745,1.0
335,27,0.18781795,0.06622097,0.17704104,1.0
335,28,-0.27958736,0.074849874,0.01052637,1.0
335,29,0.17116185,0.03624221,0.1751573,1.0
335,30,-0.30215088,0.03630825,-0.013304187,1.0
335,31,0.21500595,0.044828057,0.20958099,1.0
335,32,-0.26793915,0.046227023,-0.008806504,1.0
336,0,0.25123686,1.3801917,0.040227935,1.0
336,1,0.22655317,1.4099545,0.035674002,1.0
336,2,0.23157023,1.380923,0.042931147,1.0
336,3,0.23138024,1.3865765,0.035940263,1.0
336,4,0.23518802,1.3946313,0.011090606,1.0
336,5,0.24549857,1.3957329,0.009452807,1.0
336,6,0.25353244,1.379742,0.012506498,1.0
336,7,0.17905985,1.3931963,0.076677956,1.0
336,8,0.1790755,1.3202573,-0.007678951,1.0
336,9,0.2587764,1.3653021,0.066550784,1.0
336,10,0.25952584,1.3214781,0.005846901,1.0
336,11,0.14260277,1.208291,0.18277177,1.0
336,12,0.27377453,1.2790337,-0.0064655608,1.0
336,13,0.17013806,1.0992705,0.2144915,1.0
336,14,0.36638272,1.1427319,-0.05945631,1.0
336,15,0.1919899,0.90803397,0.23527159,1.0
336,16,0.44612703,1.0202599,-0.022749767,1.0
336,17,0.12865849,0.86122334,0.26885283,1.0
336,18,0.48772117,0.99469787,-0.07960252,1.0
336,19,0.14116764,0.84984696,0.24056278,1.0
336,20,0.5200055,1.0433364,-0.062435694,1.0
336,21,0.1566516,0.8384457,0.22506802,1.0
336,22,0.46279356,1.0419867,-0.03395704,1.0
336,23,-0.015778467,0.7676778,0.09419267,1.0
336,24,0.00881884,0.79184586,-0.09020409,1.0
336,25,0.10458591,0.3763312,0.09230138,1.0
336,26,-0.09250583,0.43133578,-0.06998303,1.0
336,27,0.23555051,0.047621433,0.17363743,1.0
336,28,-0.32099134,0.062435407,0.008509014,1.0
336,29,0.22060148,0.021594778,0.18395016,1.0
336,30,-0.33803478,0.027663995,-0.02414711,1.0
336,31,0.27656302,0.036913566,0.20484419,1.0
336,32,-0.30769277,0.016753614,-0.04351791,1.0
337,0,0.2428129,1.3871906,-0.04290469,1.0
337,1,0.23618151,1.4332415,-0.066510566,1.0
337,2,0.19744626,1.4125117,-0.03754419,1.0
337,3,0.2083346,1.4148844,-0.039665304,1.0
337,4,0.2315893,1.3766805,-0.10096138,1.0
337,5,0.24279496,1.4057075,-0.07056777,1.0
337,6,0.24843086,1.4076891,-0.07392993,1.0
337,7,0.17301947,1.4280735,0.0074490467,1.0
337,8,0.16670994,1.3692747,-0.07198719,1.0
337,9,0.24908087,1.375874,-0.030047456,1.0
337,10,0.2764455,1.3588551,-0.08231871,1.0
337,11,0.20675081,1.2324073,0.17079574,1.0
337,12,0.2460039,1.318624,-0.04239253,1.0
337,13,0.25464743,1.1625327,0.21623784,1.0
337,14,0.32667685,1.2233183,-0.12821104,1.0
337,15,0.25417975,0.9887895,0.24882829,1.0
337,16,0.4549067,1.162759,-0.107222855,1.0
337,17,0.21071284,0.9630528,0.28786218,1.0
337,18,0.51387703,1.10523,-0.14279956,1.0
337,19,0.2213944,0.9539213,0.2614135,1.0
337,20,0.57031876,1.1192598,-0.13835146,1.0
337,21,0.22290137,0.9353821,0.24408096,1.0
337,22,0.4954666,1.1115081,-0.10436404,1.0
337,23,0.013908674,0.7795379,0.1022612,1.0
337,24,-0.00063514966,0.7899822,-0.09593697,1.0
337,25,0.11939976,0.38874424,0.112734415,1.0
337,26,-0.14320648,0.4366846,-0.08389045,1.0
337,27,0.27448085,0.05131194,0.17723286,1.0
337,28,-0.33914018,0.07041786,0.020701373,1.0
337,29,0.26212218,0.025624396,0.19123031,1.0
337,30,-0.35472625,0.0393975,-0.015389733,1.0
337,31,0.32793945,0.04919356,0.20196575,1.0
337,32,-0.32775205,0.009392889,-0.06250864,1.0
338,0,0.24052568,1.3919613,-0.0138765285,1.0
338,1,0.22565305,1.4257612,-0.01508583,1.0
338,2,0.21391463,1.403539,0.007127126,1.0
338,3,0.22611867,1.4123352,-0.0031371757,1.0
338,4,0.22633103,1.4186056,-0.044901837,1.0
338,5,0.23855624,1.4140549,-0.0474191,1.0
338,6,0.25161418,1.4032876,-0.038879286,1.0
338,7,0.17723453,1.4099958,0.03191696,1.0
338,8,0.16342667,1.3379531,-0.055727985,1.0
338,9,0.25322115,1.3733582,0.021062182,1.0
338,10,0.24911813,1.3483388,-0.042079218,1.0
338,11,0.15517376,1.2307026,0.1605812,1.0
338,12,0.26584855,1.3159925,-0.039032456,1.0
338,13,0.24151301,1.1462691,0.19889906,1.0
338,14,0.38960892,1.2220472,-0.07005854,1.0
338,15,0.31938666,1.0552058,0.25329316,1.0
338,16,0.4985746,1.1987939,0.007725963,1.0
338,17,0.29050326,1.077462,0.3036339,1.0
338,18,0.5479231,1.1788723,-0.10998601,1.0
338,19,0.30093238,1.0698048,0.28037816,1.0
338,20,0.58142185,1.191839,-0.07525994,1.0
338,21,0.2922508,1.0299852,0.26568386,1.0
338,22,0.5133383,1.1765308,-0.042052183,1.0
338,23,0.00020315126,0.774963,0.10516033,1.0
338,24,0.0016480566,0.7963096,-0.08829561,1.0
338,25,0.13533282,0.3815993,0.098352626,1.0
338,26,-0.12347886,0.43867835,-0.08047914,1.0
338,27,0.26123208,0.044704907,0.15824383,1.0
338,28,-0.34796304,0.07288775,0.0071373433,1.0
338,29,0.24420057,0.02253364,0.1746688,1.0
338,30,-0.35902247,0.03893984,-0.030244429,1.0
338,31,0.3046798,0.029717047,0.20106459,1.0
338,32,-0.33182406,0.0061422563,-0.06452389,1.0
339,0,0.24219444,1.4130628,0.011935277,1.0
339,1,0.20734838,1.4263837,0.010528484,1.0
339,2,0.22327027,1.405736,0.004773508,1.0
339,3,0.21281138,1.4080908,0.0058058975,1.0
339,4,0.22455636,1.4114528,-0.013429782,1.0
339,5,0.22883779,1.4210958,-0.020205136,1.0
339,6,0.23016247,1.4037945,-0.01747861,1.0
339,7,0.17764972,1.401298,0.046915658,1.0
339,8,0.16029003,1.3448522,-0.03450094,1.0
339,9,0.24680701,1.3844709,0.0330928,1.0
339,10,0.2470662,1.3467741,-0.02226247,1.0
339,11,0.13781826,1.228894,0.17032994,1.0
339,12,0.268027,1.3044188,-0.020326054,1.0
339,13,0.247053,1.1587899,0.21162206,1.0
339,14,0.39188284,1.2519197,-0.057603598,1.0
339,15,0.3553238,1.1142662,0.26219288,1.0
339,16,0.50763476,1.2329797,0.029260911,1.0
339,17,0.3733132,1.1608772,0.2861951,1.0
339,18,0.57841724,1.2592466,-0.015247041,1.0
339,19,0.38150024,1.1543655,0.2715295,1.0
339,20,0.592525,1.259835,-0.012168429,1.0
339,21,0.3607324,1.1003361,0.2556495,1.0
339,22,0.53121006,1.2369707,0.020259673,1.0
339,23,-0.011807727,0.77548194,0.10089704,1.0
339,24,0.004142275,0.78790486,-0.09275126,1.0
339,25,0.09941397,0.38212976,0.08734496,1.0
339,26,-0.04218229,0.43335977,-0.07763319,1.0
339,27,0.20045894,0.05202801,0.12680489,1.0
339,28,-0.27477518,0.059943736,-0.029504798,1.0
339,29,0.1841603,0.026095679,0.13963321,1.0
339,30,-0.28479546,0.022456106,-0.063800514,1.0
339,31,0.23560283,0.033849616,0.15957059,1.0
339,32,-0.24282542,0.0041580405,-0.08389674,1.0
340,0,0.22636409,1.4321159,0.0966147,1.0
340,1,0.18914321,1.4534342,0.09313281,1.0
340,2,0.21278821,1.4254378,0.08802813,1.0
340,3,0.20512134,1.4290314,0.08534105,1.0
340,4,0.21746305,1.4433517,0.07210265,1.0
340,5,0.22348858,1.4469017,0.06400755,1.0
340,6,0.2277601,1.4214787,0.06339197,1.0
340,7,0.15550771,1.4155207,0.09972991,1.0
340,8,0.16607915,1.3564618,0.023009775,1.0
340,9,0.22446372,1.4027228,0.11293655,1.0
340,10,0.22243692,1.3611379,0.058941264,1.0
340,11,0.10067493,1.247581,0.18529096,1.0
340,12,0.27492982,1.3337941,0.020527443,1.0
340,13,0.19682105,1.1722778,0.23534992,1.0
340,14,0.42349213,1.287237,-0.0045316084,1.0
340,15,0.3542522,1.1116158,0.29552758,1.0
340,16,0.5509144,1.2819571,0.08274669,1.0
340,17,0.35443404,1.1469299,0.34300274,1.0
340,18,0.61738366,1.2940546,0.037746232,1.0
340,19,0.36180755,1.1426004,0.31499752,1.0
340,20,0.62768364,1.3180604,0.044367176,1.0
340,21,0.35475782,1.091043,0.29956612,1.0
340,22,0.5612653,1.3026611,0.07738741,1.0
340,23,-0.026433142,0.7937369,0.10086488,1.0
340,24,0.010373605,0.81176186,-0.090014614,1.0
340,25,0.10531993,0.4004445,0.07942213,1.0
340,26,-0.054148912,0.45083186,-0.07091613,1.0
340,27,0.15560693,0.056536704,0.12898481,1.0
340,28,-0.2894312,0.07736821,-0.036896333,1.0
340,29,0.13310221,0.030681003,0.13738234,1.0
340,30,-0.29798955,0.035786703,-0.06639184,1.0
340,31,0.17999867,0.023349043,0.15581374,1.0
340,32,-0.26437768,0.03250204,-0.08850834,1.0
341,0,0.21839942,1.415652,0.08643412,1.0
341,1,0.19381773,1.4455914,0.08005407,1.0
341,2,0.19924834,1.4295366,0.08960115,1.0
341,3,0.20334303,1.4285518,0.08257442,1.0
341,4,0.21792601,1.4332048,0.053695284,1.0
341,5,0.22422098,1.4387608,0.048284907,1.0
341,6,0.22949883,1.4167273,0.061115637,1.0
341,7,0.16042452,1.408253,0.097409055,1.0
341,8,0.16242674,1.3531294,0.03359696,1.0
341,9,0.22311604,1.395819,0.098210186,1.0
341,10,0.21981455,1.3617004,0.05329933,1.0
341,11,0.09468989,1.2431381,0.19476771,1.0
341,12,0.27012908,1.3315699,0.049156234,1.0
341,13,0.15095848,1.1545444,0.23710057,1.0
341,14,0.40031642,1.3123131,0.011543172,1.0
341,15,0.2706241,1.0706525,0.30229384,1.0
341,16,0.53795874,1.3288219,0.09983017,1.0
341,17,0.2880644,1.1224443,0.34746546,1.0
341,18,0.6132396,1.3589818,0.06770861,1.0
341,19,0.29974028,1.115327,0.3205602,1.0
341,20,0.6292456,1.368082,0.07617021,1.0
341,21,0.28168043,1.0594244,0.3159588,1.0
341,22,0.55888426,1.35502,0.11247762,1.0
341,23,-0.030710012,0.79266053,0.09728746,1.0
341,24,0.019792698,0.80532867,-0.08357929,1.0
341,25,0.09699571,0.39974532,0.065112114,1.0
341,26,-0.051345833,0.4436034,-0.08816826,1.0
341,27,0.13102609,0.049475342,0.07395857,1.0
341,28,-0.26529285,0.056807935,-0.0504793,1.0
341,29,0.11572064,0.020196242,0.08670067,1.0
341,30,-0.2789127,0.018093038,-0.083523706,1.0
341,31,0.1590734,0.03258992,0.10144577,1.0
341,32,-0.2423571,0.0,-0.09886586,1.0
342,0,0.21226482,1.4260342,0.06768624,1.0
342,1,0.19138181,1.4498501,0.06458242,1.0
342,2,0.18866625,1.4431674,0.08225148,1.0
342,3,0.19386046,1.4385834,0.06856945,1.0
342,4,0.2144649,1.4483206,0.0348942,1.0
342,5,0.21756962,1.4471228,0.024155825,1.0
342,6,0.22761932,1.4337053,0.04821252,1.0
342,7,0.16391425,1.4158359,0.09097876,1.0
342,8,0.15201905,1.3622994,0.031459894,1.0
342,9,0.22281429,1.404521,0.093007565,1.0
342,10,0.21669182,1.3802333,0.038446717,1.0
342,11,0.10179323,1.2523925,0.20062733,1.0
342,12,0.26523268,1.3521265,0.052307546,1.0
342,13,0.12968846,1.1396862,0.23039934,1.0
342,14,0.39572674,1.3632419,0.032198034,1.0
342,15,0.19742641,1.0296305,0.29971465,1.0
342,16,0.5336719,1.3840823,0.15617767,1.0
342,17,0.22787917,1.0683703,0.34354225,1.0
342,18,0.6010964,1.4227538,0.12770683,1.0
342,19,0.22953178,1.0648832,0.32644483,1.0
342,20,0.62875223,1.4282148,0.13754682,1.0
342,21,0.21594207,1.0115664,0.3120451,1.0
342,22,0.5514014,1.4152105,0.16816118,1.0
342,23,-0.025702428,0.8068031,0.090674914,1.0
342,24,0.02355064,0.8139776,-0.080905385,1.0
342,25,0.112543896,0.41491964,0.06645916,1.0
342,26,-0.04565219,0.45532465,-0.080976754,1.0
342,27,0.162498,0.06201517,0.062791646,1.0
342,28,-0.25761417,0.0665209,-0.043967813,1.0
342,29,0.1534997,0.032543406,0.0758443,1.0
342,30,-0.27412665,0.03310726,-0.078598455,1.0
342,31,0.18758091,0.044336893,0.10506916,1.0
342,32,-0.24307194,0.0122080175,-0.08842865,1.0
343,0,0.20677775,1.4452951,0.07487972,1.0
343,1,0.17778128,1.4509597,0.06265719,1.0
343,2,0.18675232,1.440196,0.066098176,1.0
343,3,0.17610973,1.4336786,0.056805357,1.0
343,4,0.20395365,1.4378862,0.039858498,1.0
343,5,0.20842972,1.4426022,0.031311553,1.0
343,6,0.20870875,1.4409673,0.046994902,1.0
343,7,0.16132106,1.4119697,0.084885076,1.0
343,8,0.15552194,1.3710012,0.026304867,1.0
343,9,0.20996773,1.4190309,0.0925958,1.0
343,10,0.22050413,1.3836198,0.034826368,1.0
343,11,0.094030894,1.2405422,0.19007865,1.0
343,12,0.26398584,1.3439465,0.046865918,1.0
343,13,0.09044906,1.088288,0.2295981,1.0
343,14,0.382925,1.3900814,0.065856084,1.0
343,15,0.21497625,1.0277653,0.330191,1.0
343,16,0.5202431,1.4306331,0.17246975,1.0
343,17,0.25122932,1.078846,0.35798964,1.0
343,18,0.5892322,1.4543931,0.15457012,1.0
343,19,0.22165793,1.0345459,0.36642528,1.0
343,20,0.6134591,1.4888675,0.16095531,1.0
343,21,0.23206997,1.009963,0.34246403,1.0
343,22,0.54812473,1.4528587,0.1672908,1.0
343,23,-0.030030875,0.8007138,0.08680482,1.0
343,24,0.032120533,0.7945653,-0.07710917,1.0
343,25,0.065936886,0.40620127,0.07534455,1.0
343,26,0.017634898,0.43052104,-0.047026232,1.0
343,27,0.06553386,0.059399426,0.08432276,1.0
343,28,-0.22541602,0.058871996,-0.03136125,1.0
343,29,0.050182275,0.026925422,0.088290036,1.0
343,30,-0.24029149,0.024325337,-0.06500558,1.0
343,31,0.078989595,0.037587967,0.11476296,1.0
343,32,-0.14894402,0.0063341046,-0.055409662,1.0
344,0,0.20652787,1.4351807,0.093791395,1.0
344,1,0.17031083,1.4539149,0.08001703,1.0
344,2,0.19802432,1.433964,0.07748681,1.0
344,3,0.18023051,1.4292157,0.073191844,1.0
344,4,0.20708945,1.4356177,0.061438937,1.0
344,5,0.21074606,1.4441824,0.062664926,1.0
344,6,0.21225916,1.423953,0.05210445,1.0
344,7,0.15040486,1.3988891,0.089241594,1.0
344,8,0.15890191,1.3564365,0.020980094,1.0
344,9,0.20303053,1.4045103,0.107374065,1.0
344,10,0.20913051,1.3678865,0.060080603,1.0
344,11,0.071330406,1.2317276,0.17229337,1.0
344,12,0.28007382,1.3319337,0.032922193,1.0
344,13,0.11595768,1.1091046,0.26068753,1.0
344,14,0.3933912,1.3709265,0.062191404,1.0
344,15,0.16687627,0.9982495,0.3823725,1.0
344,16,0.54256797,1.4313109,0.1604358,1.0
344,17,0.2170962,1.0651913,0.35939944,1.0
344,18,0.60456455,1.4639349,0.11970772,1.0
344,19,0.21378407,1.0042084,0.40640575,1.0
344,20,0.6240934,1.4976456,0.13383435,1.0
344,21,0.18369778,0.97430044,0.3852324,1.0
344,22,0.54947805,1.463763,0.15181524,1.0
344,23,-0.041520283,0.7831053,0.091537476,1.0
344,24,0.034018733,0.7819016,-0.077570155,1.0
344,25,0.049130432,0.3878209,0.100301564,1.0
344,26,0.09984897,0.4187625,-0.04183975,1.0
344,27,0.032034453,0.054432034,0.15986472,1.0
344,28,-0.13195159,0.04273773,-0.0025254807,1.0
344,29,0.010024495,0.024821652,0.16849466,1.0
344,30,-0.1988143,0.018286144,-0.055630524,1.0
344,31,0.056406844,0.026481403,0.19285458,1.0
344,32,-0.0713106,0.0,-0.045537196,1.0
345,0,0.19693027,1.409661,0.09998224,1.0
345,1,0.17307761,1.4514422,0.08665226,1.0
345,2,0.18336937,1.4260166,0.109153815,1.0
345,3,0.1814381,1.4339311,0.098350935,1.0
345,4,0.20641112,1.4316611,0.06613943,1.0
345,5,0.20197947,1.4401639,0.08060244,1.0
345,6,0.21712537,1.4219592,0.069272764,1.0
345,7,0.13855742,1.3977139,0.0919506,1.0
345,8,0.16066428,1.3544917,0.024952523,1.0
345,9,0.19070607,1.3976374,0.11386349,1.0
345,10,0.19945282,1.3669567,0.07328622,1.0
345,11,0.053748712,1.2341125,0.16652489,1.0
345,12,0.27501723,1.3431103,0.024511503,1.0
345,13,0.06200762,1.108417,0.25466838,1.0
345,14,0.3891443,1.3597479,0.057748906,1.0
345,15,0.17481616,0.9882015,0.35056233,1.0
345,16,0.5453245,1.4331186,0.16034922,1.0
345,17,0.2043379,1.0288745,0.38859475,1.0
345,18,0.5989117,1.494997,0.12934354,1.0
345,19,0.22734813,1.0297179,0.3648751,1.0
345,20,0.6234512,1.5178666,0.15481894,1.0
345,21,0.20558362,0.97427356,0.37275827,1.0
345,22,0.5459705,1.4823463,0.17646064,1.0
345,23,-0.051677555,0.7851314,0.10164301,1.0
345,24,0.034615174,0.78577954,-0.06438281,1.0
345,25,0.055281572,0.38916695,0.13128458,1.0
345,26,0.048608847,0.41673914,-0.029515099,1.0
345,27,0.043963656,0.04998249,0.1632342,1.0
345,28,-0.032143384,0.030255288,0.036679186,1.0
345,29,0.02605946,0.026868764,0.18887934,1.0
345,30,-0.07210696,0.008415756,-0.0084010195,1.0
345,31,0.07634785,0.037847377,0.21939066,1.0
345,32,-0.055209067,0.0008266951,-0.0012423545,1.0
346,0,0.16910416,1.4027698,0.12753062,1.0
346,1,0.1536488,1.4412763,0.108486146,1.0
346,2,0.15900345,1.4271779,0.13612932,1.0
346,3,0.16016944,1.4356008,0.124731615,1.0
346,4,0.18137175,1.4333329,0.08846965,1.0
346,5,0.17763035,1.4361837,0.09161129,1.0
346,6,0.18935747,1.4153111,0.09744164,1.0
346,7,0.11906471,1.3946884,0.1002157,1.0
346,8,0.14878759,1.3477571,0.048735883,1.0
346,9,0.16771552,1.3931882,0.13230024,1.0
346,10,0.17256333,1.3598397,0.102992944,1.0
346,11,0.038546383,1.2352347,0.18616515,1.0
346,12,0.2668957,1.3460634,0.051106386,1.0
346,13,0.0773672,1.1091409,0.25663024,1.0
346,14,0.38513207,1.3640962,0.069186985,1.0
346,15,0.1863496,0.9947846,0.33147848,1.0
346,16,0.5369351,1.4395952,0.14917791,1.0
346,17,0.20813328,1.0402113,0.37509686,1.0
346,18,0.5916666,1.5108085,0.11750972,1.0
346,19,0.23206152,1.0415502,0.35445172,1.0
346,20,0.61159545,1.5236197,0.14266914,1.0
346,21,0.20755011,0.9786395,0.35561106,1.0
346,22,0.5354538,1.4951086,0.17395717,1.0
346,23,-0.053002678,0.78528214,0.0949056,1.0
346,24,0.044231914,0.78558683,-0.06902121,1.0
346,25,0.030935891,0.3897438,0.12718338,1.0
346,26,0.06419679,0.41212642,-0.032874126,1.0
346,27,-0.0041767955,0.05171022,0.15416375,1.0
346,28,-0.043835416,0.027830064,0.024877708,1.0
346,29,-0.019297626,0.028797543,0.1825238,1.0
346,30,-0.06342818,0.0036098622,-0.011742711,1.0
346,31,0.014762171,0.0412592,0.21313277,1.0
346,32,-0.00095048174,0.0,0.009700557,1.0
347,0,0.10225296,1.396009,0.13528486,1.0
347,1,0.096280605,1.403028,0.108750716,1.0
347,2,0.08281556,1.4067483,0.11525719,1.0
347,3,0.0758552,1.4133093,0.12087938,1.0
347,4,0.10914963,1.3946025,0.09822528,1.0
347,5,0.11292447,1.4064767,0.079171315,1.0
347,6,0.1107798,1.4063191,0.10088138,1.0
347,7,0.07760181,1.388376,0.066120364,1.0
347,8,0.12714559,1.3371906,0.060802046,1.0
347,9,0.09860924,1.3769076,0.12700003,1.0
347,10,0.10861916,1.3421576,0.09491011,1.0
347,11,0.035975795,1.2235467,0.1766546,1.0
347,12,0.25000775,1.3307402,0.102494,1.0
347,13,0.08079125,1.1051847,0.22980672,1.0
347,14,0.36813718,1.3816363,0.094748884,1.0
347,15,0.17309836,1.042222,0.3151319,1.0
347,16,0.5106284,1.5009291,0.18498659,1.0
347,17,0.1692179,1.1096396,0.3131558,1.0
347,18,0.5831203,1.5344276,0.17470586,1.0
347,19,0.20902571,1.1082444,0.29427224,1.0
347,20,0.60320556,1.5723517,0.16336943,1.0
347,21,0.18522148,1.0456097,0.28192732,1.0
347,22,0.5230111,1.5218303,0.17889456,1.0
347,23,-0.052053403,0.7828948,0.067923345,1.0
347,24,0.053882096,0.76973516,-0.045742407,1.0
347,25,-0.03611818,0.3865123,0.078734145,1.0
347,26,0.1316265,0.39374262,-0.017370842,1.0
347,27,-0.09491937,0.049733967,0.10339764,1.0
347,28,0.051451586,0.016833514,0.0641472,1.0
347,29,-0.062187046,0.013988068,0.12014667,1.0
347,30,0.020120595,0.0,0.032226052,1.0
347,31,-0.029588979,0.030701369,0.14980197,1.0
347,32,0.04293972,0.006210531,0.034595788,1.0
348,0,0.103429526,1.390367,0.100582585,1.0
348,1,0.089203626,1.3821232,0.07324154,1.0
348,2,0.08210399,1.3914382,0.07484129,1.0
348,3,0.06990056,1.3850565,0.07742027,1.0
348,4,0.090960674,1.3860891,0.07974425,1.0
348,5,0.111620836,1.3879001,0.044180125,1.0
348,6,0.09505184,1.3881891,0.07340576,1.0
348,7,0.085309,1.3720493,0.057441756,1.0
348,8,0.090342924,1.3230021,0.055139627,1.0
348,9,0.0993368,1.3552601,0.102118894,1.0
348,10,0.09932777,1.3287587,0.07839957,1.0
348,11,0.050442267,1.2080685,0.18160659,1.0
348,12,0.21198924,1.3304043,0.120820865,1.0
348,13,0.08541271,1.1089185,0.16614851,1.0
348,14,0.33235955,1.4196316,0.12575862,1.0
348,15,0.16012375,1.1397431,0.23181355,1.0
348,16,0.45588273,1.5641118,0.23540749,1.0
348,17,0.14578703,1.173583,0.25687274,1.0
348,18,0.5316858,1.5996096,0.2103537,1.0
348,19,0.17387885,1.1644921,0.24616773,1.0
348,20,0.5497472,1.6435411,0.19588564,1.0
348,21,0.16289285,1.1082335,0.20824358,1.0
348,22,0.47990295,1.5826716,0.21558641,1.0
348,23,-0.040824015,0.77255535,0.045824163,1.0
348,24,0.057107475,0.76076406,-0.047245227,1.0
348,25,-0.038310558,0.37976345,0.029080678,1.0
348,26,0.118132696,0.38727123,0.007915687,1.0
348,27,-0.14401254,0.0413737,0.03316556,1.0
348,28,0.1052515,0.016735822,0.10430512,1.0
348,29,-0.17233309,0.010515047,0.030883176,1.0
348,30,0.11255518,0.0,0.0684798,1.0
348,31,-0.17324474,0.03232298,0.054306522,1.0
348,32,0.17575142,0.018974477,0.087380186,1.0
349,0,0.12271737,1.3870252,0.07284576,1.0
349,1,0.10650418,1.3961776,0.066512264,1.0
349,2,0.1220594,1.4015447,0.07452913,1.0
349,3,0.11122369,1.3848399,0.06376379,1.0
349,4,0.12387647,1.4106964,0.055230327,1.0
349,5,0.13874024,1.4022871,0.03592608,1.0
349,6,0.13110526,1.3823657,0.051773556,1.0
349,7,0.11476676,1.3587217,0.07089344,1.0
349,8,0.099098854,1.3198768,0.044047873,1.0
349,9,0.13147222,1.350345,0.09761424,1.0
349,10,0.12107832,1.328081,0.071665734,1.0
349,11,0.05488405,1.200779,0.1656777,1.0
349,12,0.19976616,1.3437033,0.087931395,1.0
349,13,0.09120433,1.088399,0.23380053,1.0
349,14,0.30621004,1.4130929,0.09481269,1.0
349,15,0.15855666,1.0558002,0.29062054,1.0
349,16,0.44690928,1.5621431,0.19106051,1.0
349,17,0.16220094,1.0979296,0.30903143,1.0
349,18,0.5025435,1.6262583,0.14647743,1.0
349,19,0.18365124,1.0998172,0.29898322,1.0
349,20,0.52532524,1.6565791,0.1628966,1.0
349,21,0.17268956,1.0425743,0.2847912,1.0
349,22,0.45634124,1.5982972,0.18847421,1.0
349,23,-0.04162031,0.7542673,0.049738657,1.0
349,24,0.044421222,0.75252974,-0.059653472,1.0
349,25,-0.019421337,0.36106032,0.065781996,1.0
349,26,0.099464044,0.38337505,-0.013243005,1.0
349,27,-0.061174117,0.016225606,0.07769215,1.0
349,28,0.018930562,0.015555143,0.08161469,1.0
349,29,-0.08887288,0.0,0.079025544,1.0
349,30,0.012550216,0.0,0.042061765,1.0
349,31,-0.08387732,0.021258235,0.09842981,1.0
349,32,0.07167854,0.010438206,0.06302556,1.0
350,0,0.13600494,1.3743641,0.060952708,1.0
350,1,0.11891588,1.401664,0.065312974,1.0
350,2,0.13429923,1.401015,0.08304332,1.0
350,3,0.11763778,1.3945827,0.07154318,1.0
350,4,0.14455186,1.4034564,0.04784537,1.0
350,5,0.1393921,1.4063654,0.050017785,1.0
350,6,0.14930947,1.3837907,0.04731004,1.0
350,7,0.11533649,1.3613877,0.079889156,1.0
350,8,0.091748476,1.3246119,0.0456091,1.0
350,9,0.1440727,1.3473783,0.09481822,1.0
350,10,0.13019888,1.3315861,0.069550596,1.0
350,11,0.041659676,1.2133465,0.16209522,1.0
350,12,0.19312526,1.3495255,0.07229218,1.0
350,13,0.05439076,1.1039551,0.2341213,1.0
350,14,0.28187066,1.4160843,0.082730815,1.0
350,15,0.17647675,1.0580546,0.33459437,1.0
350,16,0.43213546,1.5664645,0.14020751,1.0
350,17,0.19446063,1.1030393,0.34959254,1.0
350,18,0.47451675,1.64481,0.089658186,1.0
350,19,0.20335366,1.1072428,0.3397257,1.0
350,20,0.50590557,1.6660094,0.11031863,1.0
350,21,0.19124499,1.0611441,0.3288823,1.0
350,22,0.42330295,1.6050057,0.14410172,1.0
350,23,-0.04458921,0.76048815,0.06201265,1.0
350,24,0.035525825,0.75987405,-0.05939565,1.0
350,25,-0.010600526,0.36507377,0.070472494,1.0
350,26,0.097715564,0.39229712,-0.009935927,1.0
350,27,-0.05809599,0.019177131,0.067215756,1.0
350,28,0.025406852,0.01748088,0.07353005,1.0
350,29,-0.08196622,0.0,0.088756025,1.0
350,30,0.0124427965,0.0,0.034541808,1.0
350,31,-0.058224678,0.0010344434,0.07829371,1.0
350,32,0.07189365,0.003146525,0.068828255,1.0
351,0,0.13443618,1.3713102,0.086432494,1.0
351,1,0.13229264,1.3964307,0.095415734,1.0
351,2,0.13352217,1.3986971,0.12146147,1.0
351,3,0.12605283,1.4034834,0.10353604,1.0
351,4,0.14764316,1.4027865,0.06053087,1.0
351,5,0.13680495,1.4067945,0.06649871,1.0
351,6,0.14582169,1.3929377,0.073260374,1.0
351,7,0.10227257,1.3678563,0.121243596,1.0
351,8,0.08328496,1.3308578,0.046521626,1.0
351,9,0.14530452,1.3578668,0.11078784,1.0
351,10,0.13453296,1.3401184,0.08012182,1.0
351,11,0.025443934,1.2122383,0.18858555,1.0
351,12,0.16027747,1.3577416,0.071558066,1.0
351,13,-0.01177616,1.0412589,0.23815796,1.0
351,14,0.25603694,1.4048862,0.06767568,1.0
351,15,0.14986713,1.0213933,0.30317396,1.0
351,16,0.38356537,1.5607679,0.102609456,1.0
351,17,0.1361085,1.0537207,0.30700675,1.0
351,18,0.43138054,1.6382124,0.06352627,1.0
351,19,0.14801195,1.0656612,0.30412617,1.0
351,20,0.45749652,1.6627331,0.09653165,1.0
351,21,0.15753001,1.015248,0.29739207,1.0
351,22,0.37756568,1.6004767,0.1219754,1.0
351,23,-0.02954613,0.7713666,0.07505856,1.0
351,24,0.028348342,0.76843625,-0.05778516,1.0
351,25,0.076106176,0.3748397,0.08750593,1.0
351,26,0.08643566,0.3920264,-0.01749682,1.0
351,27,0.01608317,0.02365145,0.09626155,1.0
351,28,-0.038110092,0.032674372,0.056766093,1.0
351,29,-0.006348567,0.0011464059,0.116017796,1.0
351,30,-0.05963137,0.0024411008,0.032147773,1.0
351,31,-0.062284768,0.019996084,0.10879166,1.0
351,32,-0.010832425,0.019093417,0.064174175,1.0
352,0,0.14702946,1.3838286,0.107838884,1.0
352,1,0.12511484,1.3930905,0.09679471,1.0
352,2,0.12399528,1.3900976,0.11206174,1.0
352,3,0.10509467,1.3951538,0.10184792,1.0
352,4,0.14005011,1.3748224,0.061727617,1.0
352,5,0.13482216,1.3944931,0.07282513,1.0
352,6,0.13373952,1.3953464,0.07244888,1.0
352,7,0.079100125,1.380723,0.11842996,1.0
352,8,0.08590186,1.3418217,0.027134545,1.0
352,9,0.14406332,1.3649418,0.11068079,1.0
352,10,0.15841384,1.3372114,0.06296727,1.0
352,11,0.0056464123,1.2052393,0.19907859,1.0
352,12,0.16094267,1.341245,0.045395568,1.0
352,13,0.008109929,1.0305731,0.21774781,1.0
352,14,0.22486919,1.4212666,-0.0007408159,1.0
352,15,0.10337538,0.9902974,0.2626911,1.0
352,16,0.3502023,1.5877092,0.08614582,1.0
352,17,0.11001107,1.0374532,0.2633615,1.0
352,18,0.39136928,1.63976,-0.02570716,1.0
352,19,0.12906729,1.0481877,0.26708466,1.0
352,20,0.42620265,1.6861628,0.059715267,1.0
352,21,0.12381503,0.97043926,0.26590186,1.0
352,22,0.35109323,1.6211952,0.08895978,1.0
352,23,-0.026744075,0.76702285,0.08203086,1.0
352,24,0.039875276,0.75305814,-0.060508445,1.0
352,25,0.06863608,0.370818,0.090830445,1.0
352,26,0.053593848,0.39231706,-0.031848907,1.0
352,27,0.08932139,0.017758667,0.12575087,1.0
352,28,-0.04750863,0.026543498,0.04466963,1.0
352,29,0.06213014,6.7209825e-05,0.1496745,1.0
352,30,-0.06301062,0.0,0.014806872,1.0
352,31,0.05629258,0.0085100485,0.11937072,1.0
352,32,-0.0074116066,0.016893754,0.034503162,1.0
353,0,0.09664621,1.3961399,0.06850018,1.0
353,1,0.076223515,1.3889608,0.06421448,1.0
353,2,0.08763775,1.3836553,0.06434647,1.0
353,3,0.06584892,1.382328,0.066048965,1.0
353,4,0.08519865,1.3900828,0.053875834,1.0
353,5,0.09367023,1.3930542,0.04053767,1.0
353,6,0.091284946,1.3924086,0.04357279,1.0
353,7,0.064902596,1.3710771,0.07424953,1.0
353,8,0.07001817,1.3278244,0.022004865,1.0
353,9,0.09327264,1.3666975,0.092995785,1.0
353,10,0.096713185,1.3320317,0.04224183,1.0
353,11,0.015175026,1.2046826,0.16388851,1.0
353,12,0.15867195,1.3554654,0.07174426,1.0
353,13,0.027954653,1.0411601,0.13679945,1.0
353,14,0.20814551,1.4716899,0.050077334,1.0
353,15,0.09019491,0.98863685,0.15605871,1.0
353,16,0.30557373,1.6255767,0.07514213,1.0
353,17,0.12390809,1.0348397,0.27092582,1.0
353,18,0.35740814,1.6667511,0.046408407,1.0
353,19,0.12664682,1.0251577,0.26147723,1.0
353,20,0.38876665,1.7212205,0.038471714,1.0
353,21,0.13425045,0.9875487,0.25958633,1.0
353,22,0.3141692,1.6411717,0.057160895,1.0
353,23,-0.034008928,0.7696617,0.06524837,1.0
353,24,0.03157331,0.7626246,-0.049816072,1.0
353,25,0.07313986,0.3770861,0.078489624,1.0
353,26,0.08197737,0.4034021,-0.030623233,1.0
353,27,0.074145295,0.031848848,0.11452684,1.0
353,28,0.041362736,0.031303734,0.041938268,1.0
353,29,0.05063753,0.0,0.1214157,1.0
353,30,-0.097285084,0.008765953,0.017286658,1.0
353,31,0.08625013,0.0,0.12902543,1.0
353,32,0.09510262,0.0382996,0.023615092,1.0
354,0,0.10102376,1.3874652,0.05573175,1.0
354,1,0.08764243,1.3915943,0.061923053,1.0
354,2,0.10311539,1.3911576,0.07242808,1.0
354,3,0.09278984,1.3867495,0.06546657,1.0
354,4,0.09974536,1.4074502,0.038002767,1.0
354,5,0.11202317,1.4034588,0.027985893,1.0
354,6,0.10669229,1.3844659,0.032365516,1.0
354,7,0.061932098,1.3628569,0.10609642,1.0
354,8,0.050212428,1.3211896,0.014273606,1.0
354,9,0.11244858,1.3543913,0.09208875,1.0
354,10,0.10174416,1.330946,0.045181867,1.0
354,11,0.01946567,1.2057142,0.1909371,1.0
354,12,0.09570782,1.3604124,0.04871373,1.0
354,13,0.024101926,1.0496906,0.21060447,1.0
354,14,0.19351435,1.4404879,-0.01348994,1.0
354,15,0.10794013,0.98445654,0.21483499,1.0
354,16,0.2850143,1.5967313,0.0049834694,1.0
354,17,0.09302429,1.0040308,0.22996943,1.0
354,18,0.32867768,1.6602103,-0.0034941991,1.0
354,19,0.10285051,0.9962272,0.21748683,1.0
354,20,0.35374972,1.6962786,-0.032820597,1.0
354,21,0.10859143,0.96250606,0.20668545,1.0
354,22,0.28762442,1.6360552,0.009506395,1.0
354,23,-0.005726358,0.7648287,0.07491314,1.0
354,24,0.0039649503,0.7696258,-0.067057826,1.0
354,25,0.097570665,0.38323882,0.07347804,1.0
354,26,-0.027577331,0.42071667,-0.06756721,1.0
354,27,0.1538069,0.028845847,0.13035983,1.0
354,28,-0.11223877,0.0469037,0.035566404,1.0
354,29,0.1393953,0.0,0.15200837,1.0
354,30,-0.19637208,0.023860142,0.0033156439,1.0
354,31,0.19369379,0.00026570237,0.14635451,1.0
354,32,-0.079444595,0.039506793,0.010758324,1.0
355,0,0.10196436,1.3791013,0.019498855,1.0
355,1,0.09034694,1.4019425,0.0272289,1.0
355,2,0.08922535,1.3966587,0.04901647,1.0
355,3,0.08691075,1.3942504,0.034737468,1.0
355,4,0.11277261,1.3983607,-0.013710361,1.0
355,5,0.112189926,1.4042382,-0.0045756763,1.0
355,6,0.11641945,1.3912885,-0.0031432537,1.0
355,7,0.06822245,1.3748226,0.09654886,1.0
355,8,0.03981569,1.3427196,-0.014461703,1.0
355,9,0.11986361,1.3597627,0.05590755,1.0
355,10,0.12242852,1.3439324,-0.00056101056,1.0
355,11,0.034313366,1.2089143,0.19895236,1.0
355,12,0.069176026,1.36428,0.016010758,1.0
355,13,0.04299917,1.0688634,0.23828565,1.0
355,14,0.15929651,1.4391665,-0.05754957,1.0
355,15,0.10940103,0.9831952,0.24104516,1.0
355,16,0.2536995,1.6077194,0.00644545,1.0
355,17,0.12596451,1.0071023,0.2486259,1.0
355,18,0.28821406,1.6767502,-0.046741948,1.0
355,19,0.12566164,1.0086497,0.23321311,1.0
355,20,0.3296978,1.7058744,-0.018701723,1.0
355,21,0.12236665,0.96788096,0.23968667,1.0
355,22,0.25509384,1.6473501,0.01942714,1.0
355,23,0.013619129,0.7691969,0.08075831,1.0
355,24,-0.008465271,0.7768108,-0.07270574,1.0
355,25,0.112654,0.38561955,0.06568808,1.0
355,26,-0.08666606,0.4379425,-0.098016284,1.0
355,27,0.16901635,0.03395903,0.12788293,1.0
355,28,-0.19806445,0.060182054,0.024741143,1.0
355,29,0.15161453,0.00306274,0.1504172,1.0
355,30,-0.274715,0.036644906,-0.011004821,1.0
355,31,0.20302024,0.024244104,0.1400104,1.0
355,32,-0.17228869,0.05067857,-0.016077142,1.0
356,0,0.10867973,1.3835979,0.011293111,1.0
356,1,0.08831685,1.39593,0.023670942,1.0
356,2,0.096214846,1.39345,0.03225645,1.0
356,3,0.08476373,1.3886495,0.024104599,1.0
356,4,0.12152122,1.3866954,-0.026512213,1.0
356,5,0.11887963,1.3994408,-0.016171284,1.0
356,6,0.11877426,1.390809,-0.015217405,1.0
356,7,0.07113081,1.3747952,0.09404464,1.0
356,8,0.034986027,1.3466632,-0.033538964,1.0
356,9,0.12356726,1.3687897,0.041375868,1.0
356,10,0.12941508,1.3451531,-0.016013298,1.0
356,11,0.043134972,1.2142738,0.20092043,1.0
356,12,0.049343165,1.3593714,-0.0049304836,1.0
356,13,0.03123808,1.0597274,0.23532405,1.0
356,14,0.12541145,1.443195,-0.062860765,1.0
356,15,0.06759264,0.924711,0.22886737,1.0
356,16,0.22397472,1.6024728,0.010222467,1.0
356,17,0.05673367,0.91707253,0.2605524,1.0
356,18,0.26822078,1.6566908,-0.03529937,1.0
356,19,0.06551836,0.9228794,0.240815,1.0
356,20,0.30666742,1.6905477,-0.007834921,1.0
356,21,0.06791337,0.8911801,0.23354514,1.0
356,22,0.2307766,1.6292241,0.016272655,1.0
356,23,0.020486053,0.7749254,0.08654986,1.0
356,24,-0.021045115,0.7725931,-0.0764067,1.0
356,25,0.10924722,0.39325196,0.06687212,1.0
356,26,-0.11355318,0.43461698,-0.09608576,1.0
356,27,0.15872061,0.04072869,0.13015884,1.0
356,28,-0.30547753,0.075104386,0.016934082,1.0
356,29,0.14511035,0.0019858293,0.1418038,1.0
356,30,-0.32576686,0.045055315,-0.014823735,1.0
356,31,0.20225592,0.002468977,0.117308855,1.0
356,32,-0.29955947,0.05582644,-0.035887145,1.0
357,0,0.11065465,1.3845282,-0.00077017955,1.0
357,1,0.09229169,1.389199,0.021062648,1.0
357,2,0.10708757,1.3859236,0.027530614,1.0
357,3,0.1029926,1.3876903,0.020247819,1.0
357,4,0.1270816,1.410289,-0.02111453,1.0
357,5,0.120905906,1.4042904,-0.0352588,1.0
357,6,0.124546796,1.3925123,-0.019734174,1.0
357,7,0.0716582,1.3680594,0.08492468,1.0
357,8,0.03430216,1.3281617,-0.041271057,1.0
357,9,0.12537329,1.3678758,0.04912465,1.0
357,10,0.11498418,1.3398986,-0.019090494,1.0
357,11,0.045692436,1.2134573,0.19223052,1.0
357,12,0.037860535,1.3670232,-0.00568057,1.0
357,13,0.026287869,1.0489453,0.23281482,1.0
357,14,0.113963276,1.4434972,-0.056844786,1.0
357,15,0.024688877,0.8661641,0.23659047,1.0
357,16,0.20461717,1.6063848,0.04651081,1.0
357,17,-0.0010749667,0.84367234,0.269661,1.0
357,18,0.24646163,1.6680064,-0.011800215,1.0
357,19,0.0053750663,0.8415672,0.24841689,1.0
357,20,0.27564633,1.7108092,0.021330178,1.0
357,21,0.023802707,0.83322453,0.23348899,1.0
357,22,0.20833655,1.6446996,0.043387543,1.0
357,23,0.031183604,0.7692534,0.09279163,1.0
357,24,-0.031905737,0.77950954,-0.07636346,1.0
357,25,0.11187917,0.39008674,0.060701426,1.0
357,26,-0.122103035,0.4402265,-0.0901567,1.0
357,27,0.15506434,0.031996608,0.10847758,1.0
357,28,-0.32222563,0.08187899,0.01432845,1.0
357,29,0.14623898,0.0,0.117967255,1.0
357,30,-0.3384017,0.049174264,-0.016652284,1.0
357,31,0.21726835,0.0011698322,0.103091106,1.0
357,32,-0.2997087,0.070725754,-0.037836894,1.0
358,0,0.11445931,1.3758692,-0.009732069,1.0
358,1,0.10379829,1.3828408,0.012228069,1.0
358,2,0.11320889,1.388939,0.023845231,1.0
358,3,0.115547836,1.3838927,0.012499819,1.0
358,4,0.12862416,1.4122473,-0.030806866,1.0
358,5,0.13067722,1.4012803,-0.04889635,1.0
358,6,0.12969668,1.3811904,-0.0298791,1.0
358,7,0.06693992,1.3578523,0.07827634,1.0
358,8,0.026947899,1.3161141,-0.050182052,1.0
358,9,0.13033137,1.3520697,0.04283938,1.0
358,10,0.11390774,1.3298558,-0.022761641,1.0
358,11,0.04366398,1.204196,0.18883505,1.0
358,12,0.043787576,1.3583622,-0.011504315,1.0
358,13,0.022669889,1.0336185,0.22508866,1.0
358,14,0.11518591,1.4312861,-0.06920494,1.0
358,15,0.03792589,0.8563103,0.24690558,1.0
358,16,0.19574282,1.5981281,0.032124706,1.0
358,17,0.023201577,0.84061104,0.2837039,1.0
358,18,0.23705381,1.671226,-0.036820456,1.0
358,19,0.022259507,0.83388793,0.2621224,1.0
358,20,0.25958225,1.7047869,0.005078189,1.0
358,21,0.03430152,0.8280938,0.2381898,1.0
358,22,0.1984306,1.6392683,0.03423029,1.0
358,23,0.033693872,0.76076275,0.08931671,1.0
358,24,-0.028104216,0.7727658,-0.08258793,1.0
358,25,0.1079143,0.38188574,0.058327734,1.0
358,26,-0.10041754,0.433258,-0.086151175,1.0
358,27,0.1538054,0.02354893,0.11714508,1.0
358,28,-0.28748208,0.07355112,0.011380866,1.0
358,29,0.1422636,0.0,0.13434923,1.0
358,30,-0.2994001,0.04001953,-0.021648739,1.0
358,31,0.20914015,0.0008537611,0.11697449,1.0
358,32,-0.26925263,0.06394337,-0.050947413,1.0
359,0,0.1156595,1.3849161,0.010392962,1.0
359,1,0.10720665,1.3908534,0.014580762,1.0
359,2,0.102101184,1.4066384,0.023649488,1.0
359,3,0.101517126,1.398309,0.016635902,1.0
359,4,0.12824155,1.3899255,-0.032874405,1.0
359,5,0.13031022,1.4032345,-0.031895254,1.0
359,6,0.1202502,1.3888943,-0.019389212,1.0
359,7,0.060969327,1.3720627,0.07429603,1.0
359,8,0.025526404,1.3407052,-0.046733543,1.0
359,9,0.13057508,1.3617554,0.03193045,1.0
359,10,0.13235374,1.3397688,-0.020123348,1.0
359,11,0.036564484,1.2108372,0.19753481,1.0
359,12,0.05287804,1.3501627,-0.02133559,1.0
359,13,0.01181557,1.0375748,0.22062722,1.0
359,14,0.12471448,1.4244938,-0.12151031,1.0
359,15,0.03294015,0.8724509,0.25653315,1.0
359,16,0.20022728,1.607885,-0.031783067,1.0
359,17,0.030211242,0.869818,0.27609676,1.0
359,18,0.23562995,1.6785867,-0.089957014,1.0
359,19,0.026265025,0.84835666,0.25848714,1.0
359,20,0.26422954,1.7152915,-0.056045506,1.0
359,21,0.03780652,0.84270334,0.25099438,1.0
359,22,0.2011438,1.6421511,-0.02719344,1.0
359,23,0.035233647,0.7701125,0.088243864,1.0
359,24,-0.020987999,0.7663398,-0.08716638,1.0
359,25,0.10400149,0.3977095,0.066809684,1.0
359,26,-0.10707529,0.4322391,-0.08055201,1.0
359,27,0.11203394,0.038353533,0.12642568,1.0
359,28,-0.29144913,0.066376746,-0.003326252,1.0
359,29,0.091921054,0.002021771,0.14572765,1.0
359,30,-0.30778983,0.032186706,-0.037977714,1.0
359,31,0.143246,0.004339897,0.12500852,1.0
359,32,-0.27640638,0.046385642,-0.06756778,1.0
360,0,0.12249677,1.3932245,-0.0075206873,1.0
360,1,0.11273327,1.4043453,0.00535204,1.0
360,2,0.11206596,1.4030974,0.01953774,1.0
360,3,0.11187135,1.4022653,0.010563141,1.0
360,4,0.12239697,1.4014957,-0.040429637,1.0
360,5,0.12945127,1.4119682,-0.03723419,1.0
360,6,0.12681654,1.3974572,-0.03536308,1.0
360,7,0.05643042,1.3756821,0.06998013,1.0
360,8,0.025967548,1.3315916,-0.06366549,1.0
360,9,0.12899187,1.3730981,0.028824635,1.0
360,10,0.12580992,1.34898,-0.03474237,1.0
360,11,0.03332751,1.210072,0.17402348,1.0
360,12,0.05049791,1.3500271,-0.047036286,1.0
360,13,-0.032429595,1.0391997,0.20615733,1.0
360,14,0.11605719,1.4313401,-0.1342561,1.0
360,15,-0.055598408,0.88187754,0.23222476,1.0
360,16,0.192021,1.6068614,-0.09552972,1.0
360,17,-0.06400207,0.86512625,0.24744497,1.0
360,18,0.2206785,1.6770372,-0.14821328,1.0
360,19,-0.061208684,0.8605235,0.22833811,1.0
360,20,0.2467987,1.7166252,-0.11473829,1.0
360,21,-0.05557023,0.8507813,0.23481861,1.0
360,22,0.19000301,1.6352818,-0.08690342,1.0
360,23,0.022583762,0.7618331,0.10076571,1.0
360,24,-0.01757762,0.7637091,-0.085399516,1.0
360,25,0.09621569,0.3920262,0.093366526,1.0
360,26,-0.090107195,0.4277362,-0.08304222,1.0
360,27,0.10957859,0.033224702,0.17789096,1.0
360,28,-0.27312556,0.059542507,-0.0064232796,1.0
360,29,0.086233445,0.0,0.19677562,1.0
360,30,-0.2866339,0.021861766,-0.03725063,1.0
360,31,0.13975203,0.0,0.1861723,1.0
360,32,-0.2505428,0.048008583,-0.061106674,1.0
361,0,0.12661445,1.3925257,-0.024202792,1.0
361,1,0.11774606,1.4098353,-0.008165623,1.0
361,2,0.111445226,1.4018188,0.012397413,1.0
361,3,0.115096904,1.409199,0.0044672755,1.0
361,4,0.12305326,1.4109578,-0.052335232,1.0
361,5,0.12429005,1.418683,-0.050762888,1.0
361,6,0.13288347,1.4063995,-0.047405288,1.0
361,7,0.04452117,1.3788841,0.05210957,1.0
361,8,0.026417159,1.3254564,-0.079839975,1.0
361,9,0.12935449,1.3781214,0.019412948,1.0
361,10,0.119447894,1.3535128,-0.04990539,1.0
361,11,0.017606586,1.210316,0.15050244,1.0
361,12,0.05490485,1.3549098,-0.060344405,1.0
361,13,-0.05726116,1.035274,0.1823112,1.0
361,14,0.11559686,1.4389114,-0.1440696,1.0
361,15,-0.0845104,0.8758818,0.209298,1.0
361,16,0.20163733,1.6144661,-0.09599237,1.0
361,17,-0.13286763,0.863716,0.24066241,1.0
361,18,0.22544125,1.6931105,-0.15127906,1.0
361,19,-0.11792551,0.8747013,0.21931726,1.0
361,20,0.260503,1.7324946,-0.121881284,1.0
361,21,-0.08133939,0.84313613,0.21746695,1.0
361,22,0.19446164,1.646908,-0.08921791,1.0
361,23,0.015744928,0.76043975,0.109833136,1.0
361,24,-0.012144795,0.76531976,-0.08361524,1.0
361,25,0.07360493,0.39503664,0.1341528,1.0
361,26,-0.08433195,0.4306581,-0.08471874,1.0
361,27,0.06755569,0.035278887,0.21679884,1.0
361,28,-0.25644818,0.05891061,0.0027580932,1.0
361,29,0.04139664,0.0,0.23553017,1.0
361,30,-0.2731838,0.022643149,-0.02651086,1.0
361,31,0.08846244,2.7449569e-05,0.23780143,1.0
361,32,-0.22834674,0.044875316,-0.053541496,1.0
362,0,0.12638357,1.4009597,-0.02707941,1.0
362,1,0.11804883,1.4100592,-0.011278878,1.0
362,2,0.110164806,1.4124317,0.0035233228,1.0
362,3,0.11744062,1.4141401,-0.0062415027,1.0
362,4,0.12419613,1.423497,-0.05832681,1.0
362,5,0.12729196,1.4261711,-0.07413629,1.0
362,6,0.12694588,1.4115705,-0.047107376,1.0
362,7,0.037827134,1.3739023,0.028110914,1.0
362,8,0.026321424,1.3208269,-0.09144128,1.0
362,9,0.13210823,1.377909,0.012920673,1.0
362,10,0.11953492,1.3533032,-0.053385314,1.0
362,11,-0.009914739,1.2085743,0.142322,1.0
362,12,0.060968515,1.3538198,-0.05743288,1.0
362,13,-0.060081862,1.0312133,0.15277748,1.0
362,14,0.122220606,1.4507955,-0.13111587,1.0
362,15,-0.11327781,0.87841606,0.17362627,1.0
362,16,0.19412799,1.6280841,-0.09289026,1.0
362,17,-0.16305533,0.87519395,0.1972139,1.0
362,18,0.22923703,1.7130454,-0.1568216,1.0
362,19,-0.16120842,0.8778083,0.1781967,1.0
362,20,0.25569418,1.7414159,-0.12450446,1.0
362,21,-0.120891765,0.8492063,0.17298543,1.0
362,22,0.19853826,1.6648419,-0.085495725,1.0
362,23,0.015404594,0.76221544,0.10010477,1.0
362,24,-0.012329848,0.76308835,-0.09029869,1.0
362,25,0.062427834,0.40103802,0.12423201,1.0
362,26,-0.036678918,0.42914292,-0.082365274,1.0
362,27,0.054995295,0.040854305,0.20138156,1.0
362,28,-0.17203382,0.054885954,0.019976847,1.0
362,29,0.03463298,0.0038394295,0.22137699,1.0
362,30,-0.18819162,0.022611052,-0.010584708,1.0
362,31,0.07748851,0.013213167,0.22702608,1.0
362,32,-0.121900536,0.037912987,-0.04943545,1.0
363,0,0.13208354,1.4007721,-0.034480736,1.0
363,1,0.11042463,1.4033772,-0.018355748,1.0
363,2,0.12205978,1.4109877,-0.014660436,1.0
363,3,0.11866643,1.4050385,-0.024381712,1.0
363,4,0.12493676,1.4210069,-0.061810933,1.0
363,5,0.13363355,1.4177145,-0.08516275,1.0
363,6,0.12349017,1.4019983,-0.062406376,1.0
363,7,0.04974,1.364344,0.023105815,1.0
363,8,0.025141183,1.3131045,-0.10649993,1.0
363,9,0.1331178,1.3696904,0.007325098,1.0
363,10,0.12174642,1.3414652,-0.064387254,1.0
363,11,-0.0071889013,1.2048078,0.14114386,1.0
363,12,0.06544515,1.3424681,-0.07048663,1.0
363,13,-0.058789268,1.0402473,0.15271434,1.0
363,14,0.11988628,1.4538293,-0.13965371,1.0
363,15,-0.11431716,0.903166,0.18186028,1.0
363,16,0.18725982,1.6347747,-0.1018073,1.0
363,17,-0.16182518,0.8992808,0.20011997,1.0
363,18,0.23059219,1.7106222,-0.17622381,1.0
363,19,-0.16726413,0.8879256,0.18781252,1.0
363,20,0.24856417,1.7488487,-0.1357469,1.0
363,21,-0.123045206,0.87782073,0.17598748,1.0
363,22,0.19759683,1.671451,-0.09697247,1.0
363,23,0.022096962,0.75962174,0.09533221,1.0
363,24,-0.020389173,0.75219744,-0.092863806,1.0
363,25,0.044392396,0.39762762,0.12770341,1.0
363,26,-0.015930546,0.42132294,-0.080722496,1.0
363,27,0.016067749,0.043228775,0.21958202,1.0
363,28,-0.15223467,0.049367458,0.027640805,1.0
363,29,-0.0076675955,0.006297704,0.23906344,1.0
363,30,-0.15369475,0.012539607,0.00056384876,1.0
363,31,0.032000422,0.0034081284,0.23624589,1.0
363,32,-0.08711728,0.048718315,-0.042721596,1.0
364,0,0.13515265,1.3954414,-0.054803997,1.0
364,1,0.10852857,1.4002308,-0.0454582,1.0
364,2,0.12971221,1.393262,-0.041967243,1.0
364,3,0.11467085,1.3956186,-0.04994043,1.0
364,4,0.11686921,1.4096345,-0.081921786,1.0
364,5,0.12973072,1.4082767,-0.096227124,1.0
364,6,0.12405123,1.3928779,-0.09078129,1.0
364,7,0.05013677,1.3631456,-0.0010784501,1.0
364,8,0.032945745,1.3075846,-0.1298834,1.0
364,9,0.13045576,1.364549,-0.014002405,1.0
364,10,0.11674285,1.3332665,-0.08145534,1.0
364,11,0.007902527,1.2011045,0.10894992,1.0
364,12,0.06304407,1.3312855,-0.087206945,1.0
364,13,-0.047578156,1.0455868,0.1429928,1.0
364,14,0.11792719,1.4188573,-0.16175926,1.0
364,15,-0.07607648,0.9433267,0.18385616,1.0
364,16,0.19026244,1.6070935,-0.11674726,1.0
364,17,-0.12313849,0.93928236,0.1941919,1.0
364,18,0.22925684,1.670122,-0.19058862,1.0
364,19,-0.12584421,0.9370031,0.18679397,1.0
364,20,0.25067857,1.7224699,-0.15156654,1.0
364,21,-0.07891762,0.9267646,0.17679216,1.0
364,22,0.19607995,1.6339166,-0.11554232,1.0
364,23,0.010140058,0.75264645,0.09609165,1.0
364,24,-0.0182691,0.744873,-0.09168077,1.0
364,25,0.021806132,0.38915208,0.1319592,1.0
364,26,0.0045084227,0.41841382,-0.043576706,1.0
364,27,-0.013229072,0.039007336,0.2281967,1.0
364,28,-0.13167843,0.04256563,0.074072435,1.0
364,29,-0.04409782,0.0032579275,0.2391496,1.0
364,30,-0.12596905,0.0051204283,0.050333224,1.0
364,31,-0.0055570193,0.00093686,0.23437546,1.0
364,32,-0.06801349,0.061050918,0.022800718,1.0
365,0,0.13093515,1.3794162,-0.04578529,1.0
365,1,0.11712658,1.3965609,-0.04340709,1.0
365,2,0.10986365,1.3986776,-0.029481515,1.0
365,3,0.10557126,1.4045749,-0.035195947,1.0
365,4,0.12050632,1.3909872,-0.088350765,1.0
365,5,0.12255605,1.4042027,-0.08742019,1.0
365,6,0.12296854,1.392078,-0.07822839,1.0
365,7,0.04648088,1.3690462,0.0033417623,1.0
365,8,0.028502746,1.3171556,-0.11951383,1.0
365,9,0.12851089,1.3608954,-0.020691693,1.0
365,10,0.12600134,1.3376923,-0.077507004,1.0
365,11,0.009534092,1.2081062,0.11487311,1.0
365,12,0.06283645,1.3294064,-0.09056643,1.0
365,13,-0.00074832863,1.0572345,0.14633095,1.0
365,14,0.12574759,1.4095024,-0.20678726,1.0
365,15,-0.025522042,0.9589453,0.15896286,1.0
365,16,0.20350473,1.5998327,-0.20752558,1.0
365,17,-0.055444162,0.95811677,0.17471282,1.0
365,18,0.24236366,1.6701447,-0.26354042,1.0
365,19,-0.08538766,0.95807743,0.2015921,1.0
365,20,0.26568574,1.703928,-0.22715138,1.0
365,21,-0.025569495,0.93212086,0.15513952,1.0
365,22,0.20736478,1.6198257,-0.18989998,1.0
365,23,0.010914857,0.7589542,0.09688112,1.0
365,24,-0.008314958,0.74394274,-0.091692865,1.0
365,25,0.056893982,0.3951909,0.12913157,1.0
365,26,-0.041570164,0.42132428,-0.06266574,1.0
365,27,0.060748596,0.05493462,0.20566511,1.0
365,28,-0.20253393,0.05009064,0.065161936,1.0
365,29,0.039881945,0.022454958,0.22498137,1.0
365,30,-0.21861066,0.01879169,0.03535141,1.0
365,31,0.07966742,0.023900043,0.22070058,1.0
365,32,-0.16687101,0.05436202,0.0040270314,1.0
366,0,0.12566608,1.3686612,-0.059835207,1.0
366,1,0.108736016,1.387203,-0.056935098,1.0
366,2,0.096423425,1.3919919,-0.04297068,1.0
366,3,0.099975884,1.3966599,-0.0483272,1.0
366,4,0.11461536,1.3850026,-0.09971072,1.0
366,5,0.11595158,1.3965769,-0.10781885,1.0
366,6,0.11749111,1.3833032,-0.088823624,1.0
366,7,0.039366435,1.3664811,-0.023852691,1.0
366,8,0.028530378,1.3087456,-0.12551951,1.0
366,9,0.12442721,1.3525767,-0.03249255,1.0
366,10,0.12424835,1.3313792,-0.089829765,1.0
366,11,0.030337904,1.2334299,0.085204914,1.0
366,12,0.028276749,1.3114829,-0.0845385,1.0
366,13,0.013144251,1.1134956,0.12441893,1.0
366,14,0.081878774,1.3834517,-0.17380333,1.0
366,15,0.034997437,0.9994839,0.13592362,1.0
366,16,0.18867783,1.5790466,-0.15093775,1.0
366,17,0.020650871,0.99976546,0.14947213,1.0
366,18,0.23404759,1.6483728,-0.21688081,1.0
366,19,-0.036497544,0.9683477,0.16099904,1.0
366,20,0.2577943,1.6891332,-0.18235272,1.0
366,21,0.040810484,0.97018677,0.13259843,1.0
366,22,0.19613026,1.6093196,-0.14477786,1.0
366,23,0.030202147,0.7564805,0.09606054,1.0
366,24,-0.018616475,0.7474411,-0.08192716,1.0
366,25,0.06394197,0.38490534,0.086844675,1.0
366,26,-0.08372551,0.4282944,-0.047679506,1.0
366,27,0.061032027,0.055591904,0.15022963,1.0
366,28,-0.24252737,0.06655007,0.08027992,1.0
366,29,0.04421966,0.022717176,0.17538238,1.0
366,30,-0.25222236,0.030760285,0.053063042,1.0
366,31,0.08315338,0.016432812,0.17752782,1.0
366,32,-0.21605621,0.05886297,0.016363274,1.0
367,0,0.117719,1.3646255,-0.06557272,1.0
367,1,0.10202717,1.3713231,-0.062668115,1.0
367,2,0.09826613,1.3885438,-0.048667006,1.0
367,3,0.097079724,1.3830419,-0.057298157,1.0
367,4,0.11514197,1.3825552,-0.10311958,1.0
367,5,0.11401101,1.3856721,-0.11982646,1.0
367,6,0.110293694,1.3746474,-0.092338,1.0
367,7,0.042256415,1.3589857,-0.03234016,1.0
367,8,0.024580948,1.3018904,-0.1246576,1.0
367,9,0.12392547,1.3472965,-0.03763451,1.0
367,10,0.1213506,1.321836,-0.08973651,1.0
367,11,0.048217867,1.2468992,0.07717421,1.0
367,12,0.008225022,1.2982856,-0.07419561,1.0
367,13,0.08973777,1.2169064,0.0952699,1.0
367,14,0.018412814,1.2808733,-0.17075494,1.0
367,15,0.10474004,1.0363679,0.12977073,1.0
367,16,0.16968116,1.528521,-0.15806293,1.0
367,17,0.10900269,1.039962,0.14880462,1.0
367,18,0.22115663,1.6008122,-0.22543715,1.0
367,19,0.037502304,1.0012078,0.12615004,1.0
367,20,0.24462675,1.6381238,-0.19364902,1.0
367,21,0.11478986,0.9956774,0.12867533,1.0
367,22,0.17877133,1.5654352,-0.15344492,1.0
367,23,0.04174409,0.7531463,0.08692437,1.0
367,24,-0.029613629,0.7485907,-0.08252599,1.0
367,25,0.06656868,0.37933162,0.070823655,1.0
367,26,-0.11031724,0.43062496,-0.047985386,1.0
367,27,0.06087062,0.05436507,0.12712723,1.0
367,28,-0.27403504,0.07231882,0.07181567,1.0
367,29,0.04730578,0.015923947,0.14942029,1.0
367,30,-0.28741804,0.0382692,0.041976333,1.0
367,31,0.08539114,0.0,0.15198803,1.0
367,32,-0.25356287,0.0531992,0.0053378902,1.0
368,0,0.11920327,1.3708348,-0.059878312,1.0
368,1,0.104808345,1.3748031,-0.05572236,1.0
368,2,0.107202135,1.3836944,-0.04170862,1.0
368,3,0.10199303,1.3814099,-0.04903631,1.0
368,4,0.11366776,1.3865888,-0.09728573,1.0
368,5,0.11566926,1.3886414,-0.108303025,1.0
368,6,0.11213241,1.3767426,-0.09007999,1.0
368,7,0.04376114,1.363596,-0.014718252,1.0
368,8,0.025657177,1.304126,-0.11941591,1.0
368,9,0.12374683,1.3523903,-0.029443718,1.0
368,10,0.1184075,1.3252256,-0.08271252,1.0
368,11,0.04146408,1.2426342,0.081452794,1.0
368,12,0.016107678,1.3128076,-0.07290448,1.0
368,13,0.057230785,1.1632683,0.10853018,1.0
368,14,0.03891073,1.3833157,-0.17501622,1.0
368,15,0.10805331,1.0418539,0.10290576,1.0
368,16,0.16649032,1.5455717,-0.14264637,1.0
368,17,0.11013454,1.0480294,0.113921605,1.0
368,18,0.21705626,1.6095932,-0.21090691,1.0
368,19,0.115329355,1.0313818,0.10957016,1.0
368,20,0.24729285,1.6515076,-0.17895286,1.0
368,21,0.119270846,1.013406,0.10147669,1.0
368,22,0.17727853,1.579562,-0.14183095,1.0
368,23,0.032770213,0.7522047,0.087976985,1.0
368,24,-0.028888792,0.751716,-0.083680205,1.0
368,25,0.07727037,0.37870568,0.0661324,1.0
368,26,-0.13975999,0.4318836,-0.060199685,1.0
368,27,0.07175186,0.04865084,0.121512756,1.0
368,28,-0.31007367,0.07758054,0.059861824,1.0
368,29,0.053680763,0.0066298423,0.13608462,1.0
368,30,-0.3235483,0.04547269,0.029384272,1.0
368,31,0.096662685,0.0,0.13836312,1.0
368,32,-0.28245485,0.07272759,0.00026835687,1.0
369,0,0.123877294,1.3698235,-0.029474793,1.0
369,1,0.10457763,1.376451,-0.023344444,1.0
369,2,0.11131461,1.3825338,-0.014468843,1.0
369,3,0.10381851,1.3804626,-0.022447612,1.0
369,4,0.116826594,1.3860207,-0.068691485,1.0
369,5,0.11778452,1.3893449,-0.0770072,1.0
369,6,0.117297456,1.3772352,-0.06311807,1.0
369,7,0.037563514,1.3645496,-0.009650337,1.0
369,8,0.03437791,1.3052661,-0.11805942,1.0
369,9,0.12064012,1.353936,-0.00032588362,1.0
369,10,0.11914064,1.3250031,-0.06423288,1.0
369,11,-0.010750659,1.2275918,0.08975065,1.0
369,12,0.043565243,1.3202986,-0.07817288,1.0
369,13,-0.01814295,1.1166257,0.1070174,1.0
369,14,0.0922917,1.4191036,-0.16252348,1.0
369,15,0.09551756,1.0404168,0.082406566,1.0
369,16,0.22590597,1.590035,-0.12928462,1.0
369,17,0.09883088,1.0361493,0.08793365,1.0
369,18,0.27569553,1.6604083,-0.19012737,1.0
369,19,0.1087423,1.0270576,0.08717804,1.0
369,20,0.30106625,1.7075658,-0.16235007,1.0
369,21,0.11173108,1.011842,0.07962629,1.0
369,22,0.23211528,1.6208255,-0.12791486,1.0
369,23,0.016534477,0.752518,0.09035531,1.0
369,24,-0.013901994,0.7482324,-0.08229989,1.0
369,25,0.080353536,0.38208488,0.07564366,1.0
369,26,-0.12976635,0.4263302,-0.06723252,1.0
369,27,0.07178525,0.055478364,0.11854385,1.0
369,28,-0.3209846,0.07203567,0.033743054,1.0
369,29,0.05208897,0.017190646,0.13597307,1.0
369,30,-0.3362186,0.03920602,0.0042354795,1.0
369,31,0.09183289,0.0015431936,0.14713034,1.0
369,32,-0.30022463,0.07028487,-0.015427366,1.0
370,0,0.12513353,1.379226,-0.018826239,1.0
370,1,0.106946185,1.3867359,-0.016347993,1.0
370,2,0.10550694,1.380029,-0.01097325,1.0
370,3,0.10125293,1.3888798,-0.012973874,1.0
370,4,0.10809773,1.3916223,-0.056134455,1.0
370,5,0.11819009,1.3959603,-0.06761563,1.0
370,6,0.12075972,1.3873463,-0.057616334,1.0
370,7,0.017408151,1.3753448,-0.00235332,1.0
370,8,0.04453165,1.3104165,-0.11713431,1.0
370,9,0.109616674,1.3653121,0.009168698,1.0
370,10,0.11391162,1.3329778,-0.060720086,1.0
370,11,-0.037674993,1.2230291,0.09700961,1.0
370,12,0.05126885,1.3364602,-0.08024583,1.0
370,13,-0.032564856,1.0983307,0.09762043,1.0
370,14,0.108942896,1.4353641,-0.1602526,1.0
370,15,0.09802746,1.0380778,0.0547491,1.0
370,16,0.23924518,1.5915565,-0.12756622,1.0
370,17,0.08790443,1.0321102,0.06316407,1.0
370,18,0.28547958,1.6571574,-0.18109928,1.0
370,19,0.11406134,1.0281055,0.050039165,1.0
370,20,0.31175834,1.7107146,-0.16023077,1.0
370,21,0.11681092,1.0061841,0.044871647,1.0
370,22,0.24378358,1.6189203,-0.13164581,1.0
370,23,-0.0017021248,0.75627047,0.09658434,1.0
370,24,0.00044461375,0.75622123,-0.07732148,1.0
370,25,0.083081715,0.3886861,0.073035285,1.0
370,26,-0.12065402,0.43144262,-0.06640629,1.0
370,27,0.05912705,0.06022936,0.12707537,1.0
370,28,-0.31496948,0.07764205,0.016498968,1.0
370,29,0.030400079,0.023814227,0.14128044,1.0
370,30,-0.33434093,0.046981543,-0.011822177,1.0
370,31,0.06360168,0.0047320854,0.15877433,1.0
370,32,-0.29361233,0.07891555,-0.026760392,1.0
371,0,0.123710334,1.3786967,-0.02353835,1.0
371,1,0.10445759,1.385,-0.022401007,1.0
371,2,0.110781364,1.3841178,-0.015101872,1.0
371,3,0.10413265,1.3901386,-0.019415727,1.0
371,4,0.11315466,1.3962257,-0.061697494,1.0
371,5,0.11872737,1.3927245,-0.0741929,1.0
371,6,0.120404124,1.3892834,-0.060878225,1.0
371,7,0.022259511,1.3728647,-0.0022961497,1.0
371,8,0.04303816,1.3130388,-0.1227746,1.0
371,9,0.1087944,1.3669939,0.004680946,1.0
371,10,0.113755286,1.3275003,-0.06606039,1.0
371,11,-0.032122448,1.2258823,0.10562464,1.0
371,12,0.049545616,1.3408486,-0.08779886,1.0
371,13,-0.025844663,1.1009256,0.094369024,1.0
371,14,0.110375755,1.4346116,-0.15832996,1.0
371,15,0.10285966,1.0382222,0.054161165,1.0
371,16,0.23390949,1.5911436,-0.13602939,1.0
371,17,0.10070677,1.0356004,0.06051899,1.0
371,18,0.28461224,1.6577857,-0.19764268,1.0
371,19,0.11962085,1.0303249,0.055400364,1.0
371,20,0.30588695,1.7080195,-0.16792077,1.0
371,21,0.12363951,1.0096796,0.04779204,1.0
371,22,0.24083585,1.6225014,-0.13617268,1.0
371,23,-0.0019372863,0.76290023,0.09459728,1.0
371,24,-0.000559272,0.75932974,-0.08144832,1.0
371,25,0.0826464,0.4010762,0.07680206,1.0
371,26,-0.11569103,0.43385524,-0.080129884,1.0
371,27,0.025908701,0.067079194,0.11142038,1.0
371,28,-0.30624598,0.08018887,0.013449207,1.0
371,29,-0.0023614806,0.029745363,0.1263485,1.0
371,30,-0.3205333,0.049144328,-0.016379902,1.0
371,31,0.018483385,0.0093410555,0.13212974,1.0
371,32,-0.28012705,0.08128239,-0.034560844,1.0
372,0,0.11861984,1.3718326,-0.052264582,1.0
372,1,0.099174514,1.3814254,-0.04424134,1.0
372,2,0.12104778,1.3768857,-0.03426706,1.0
372,3,0.10824664,1.3790233,-0.04112809,1.0
372,4,0.1171045,1.3944228,-0.08759344,1.0
372,5,0.11748374,1.3884146,-0.09297861,1.0
372,6,0.12225059,1.3806276,-0.08253946,1.0
372,7,0.03245341,1.3656225,0.00024193386,1.0
372,8,0.03398062,1.3098371,-0.13322645,1.0
372,9,0.11279394,1.3591886,-0.015501371,1.0
372,10,0.10711074,1.3182139,-0.084939115,1.0
372,11,-0.020263456,1.2227237,0.101269916,1.0
372,12,0.023279386,1.340368,-0.099445105,1.0
372,13,-0.01401603,1.0848013,0.118541025,1.0
372,14,0.10488763,1.4275677,-0.1836688,1.0
372,15,0.097976565,1.000221,0.10234298,1.0
372,16,0.23640335,1.5836203,-0.16341645,1.0
372,17,0.10561994,1.0066941,0.11707516,1.0
372,18,0.27879512,1.6585698,-0.23646769,1.0
372,19,0.11130363,1.0011265,0.11271063,1.0
372,20,0.30371734,1.7033935,-0.19843368,1.0
372,21,0.11763981,0.98164946,0.105936304,1.0
372,22,0.23820136,1.6219747,-0.1560977,1.0
372,23,0.0031252718,0.7595042,0.090930246,1.0
372,24,-0.01734205,0.75849235,-0.085980944,1.0
372,25,0.082499154,0.4154326,0.08051164,1.0
372,26,-0.12714583,0.43136445,-0.091751955,1.0
372,27,0.026575457,0.089574605,0.11403805,1.0
372,28,-0.30442384,0.08836922,0.013149284,1.0
372,29,-0.0033819908,0.052539192,0.13075759,1.0
372,30,-0.31914347,0.062159963,-0.01847697,1.0
372,31,0.028965952,0.027261281,0.12444408,1.0
372,32,-0.2770816,0.09003796,-0.040375568,1.0
373,0,0.11178188,1.3495045,-0.039009914,1.0
373,1,0.091783404,1.3583279,-0.038803782,1.0
373,2,0.09798867,1.3681166,-0.030251006,1.0
373,3,0.089648195,1.3596675,-0.034611013,1.0
373,4,0.107129954,1.364187,-0.08239788,1.0
373,5,0.11311098,1.3662317,-0.09115693,1.0
373,6,0.10814571,1.356766,-0.07352419,1.0
373,7,0.016530205,1.3507028,-0.007831182,1.0
373,8,0.021765757,1.3004103,-0.12465938,1.0
373,9,0.09875241,1.3290915,-0.015514765,1.0
373,10,0.106522694,1.2979827,-0.07977265,1.0
373,11,-0.033864867,1.2053006,0.11686993,1.0
373,12,0.025422702,1.3270111,-0.08441375,1.0
373,13,-0.0063291364,1.0727,0.13232824,1.0
373,14,0.09859827,1.4105124,-0.17396323,1.0
373,15,0.1295062,0.98596776,0.13649336,1.0
373,16,0.22369015,1.5672767,-0.15067357,1.0
373,17,0.14512601,1.0057893,0.14883582,1.0
373,18,0.28006163,1.6381242,-0.21605903,1.0
373,19,0.14858161,0.9884402,0.1406575,1.0
373,20,0.2986779,1.6786096,-0.18593194,1.0
373,21,0.14155602,0.9612893,0.12898748,1.0
373,22,0.23456456,1.5993857,-0.1435449,1.0
373,23,0.01408385,0.752882,0.08552874,1.0
373,24,-0.016563244,0.74583507,-0.08992361,1.0
373,25,0.1122323,0.4077602,0.042136155,1.0
373,26,-0.15122318,0.42060965,-0.09179699,1.0
373,27,0.05985541,0.0755254,0.058333926,1.0
373,28,-0.31840536,0.076631695,0.02320525,1.0
373,29,0.032749094,0.038980212,0.077673614,1.0
373,30,-0.33348864,0.04845406,-0.0061741136,1.0
373,31,0.055037074,0.024450954,0.06662921,1.0
373,32,-0.3047363,0.068831354,-0.03894662,1.0
374,0,0.11585148,1.3398359,-0.005403815,1.0
374,1,0.08154248,1.3540003,-0.016207915,1.0
374,2,0.06764786,1.3518591,-0.01227577,1.0
374,3,0.05578028,1.3476346,-0.009083404,1.0
374,4,0.08453937,1.3165777,-0.05621377,1.0
374,5,0.09706052,1.3508122,-0.040843725,1.0
374,6,0.094002746,1.3469326,-0.047381885,1.0
374,7,-0.0015446013,1.3579533,0.018156745,1.0
374,8,0.017238837,1.3138609,-0.0887984,1.0
374,9,0.08882935,1.3230624,-0.0009729874,1.0
374,10,0.117801555,1.297276,-0.061638303,1.0
374,11,-0.0049605416,1.2084849,0.14290345,1.0
374,12,-0.008920081,1.3069254,-0.04917544,1.0
374,13,0.043018375,1.1171947,0.16776274,1.0
374,14,0.07495671,1.3514762,-0.17419752,1.0
374,15,0.15227288,1.0749118,0.17629735,1.0
374,16,0.2299602,1.5778133,-0.15121503,1.0
374,17,0.114093415,0.9625877,0.14801458,1.0
374,18,0.28006163,1.6381242,-0.21605903,1.0
374,19,0.11576069,0.95187587,0.14470147,1.0
374,20,0.30189213,1.6930223,-0.1856222,1.0
374,21,0.1692326,1.0420644,0.156973,1.0
374,22,0.23713079,1.6116705,-0.14570601,1.0
374,23,0.03689786,0.7450815,0.09293134,1.0
374,24,-0.024215683,0.731221,-0.072262995,1.0
374,25,0.11178908,0.39996597,0.030070417,1.0
374,26,-0.19085613,0.41866046,-0.07305153,1.0
374,27,0.070795506,0.06498176,0.06299953,1.0
374,28,-0.36174542,0.083354324,0.07314238,1.0
374,29,0.044778362,0.025572661,0.07820115,1.0
374,30,-0.37474528,0.050608613,0.052436776,1.0
374,31,0.069275394,0.014037473,0.06492464,1.0
374,32,-0.35532755,0.068615966,0.0178091,1.0
375,0,0.09196354,1.3320632,-0.018540774,1.0
375,1,0.07221972,1.3425765,-0.0133403335,1.0
375,2,0.08657408,1.3477559,-0.0029126187,1.0
375,3,0.07240165,1.3350422,-0.011511946,1.0
375,4,0.087123215,1.3457098,-0.05521905,1.0
375,5,0.08946329,1.347322,-0.05627319,1.0
375,6,0.09018922,1.3417549,-0.046535134,1.0
375,7,0.02235299,1.3330691,0.044361994,1.0
375,8,-0.0013824379,1.295788,-0.07402407,1.0
375,9,0.08909629,1.3152437,0.006950821,1.0
375,10,0.08663748,1.2893553,-0.047009014,1.0
375,11,0.025907807,1.2011201,0.16154489,1.0
375,12,-0.031552866,1.3174543,-0.019922353,1.0
375,13,0.06092771,1.0567434,0.22236454,1.0
375,14,0.051625095,1.3887551,-0.07496276,1.0
375,15,0.11619961,0.94351596,0.18630524,1.0
375,16,0.18249226,1.5750072,-0.046156142,1.0
375,17,0.10716008,0.8845231,0.20368376,1.0
375,18,0.2297156,1.6307721,-0.07904553,1.0
375,19,0.09902684,0.8718567,0.20066802,1.0
375,20,0.25734314,1.6812847,-0.07328012,1.0
375,21,0.124666974,0.92363924,0.1828611,1.0
375,22,0.19315425,1.6063465,-0.03652243,1.0
375,23,0.0476872,0.73687434,0.08181711,1.0
375,24,-0.05116019,0.7408914,-0.07430821,1.0
375,25,0.112169296,0.38956538,0.02505136,1.0
375,26,-0.2014864,0.41885677,-0.09013246,1.0
375,27,0.08306515,0.055311628,0.07450929,1.0
375,28,-0.36773854,0.09954539,0.111392364,1.0
375,29,0.060328502,0.012999896,0.08712192,1.0
375,30,-0.3839704,0.06866449,0.09386022,1.0
375,31,0.07867006,0.0,0.06398405,1.0
375,32,-0.36746806,0.0823015,0.06057763,1.0
376,0,0.07355312,1.3260698,-0.030028718,1.0
376,1,0.07178087,1.3253348,0.0029054172,1.0
376,2,0.10367922,1.3369434,0.010625171,1.0
376,3,0.09590532,1.3277788,-0.0016216692,1.0
376,4,0.0855245,1.382262,-0.0324777,1.0
376,5,0.08521673,1.3479767,-0.06264287,1.0
376,6,0.0918901,1.3388116,-0.034904048,1.0
376,7,0.035120606,1.3153267,0.07730184,1.0
376,8,-0.016249081,1.2705398,-0.04716045,1.0
376,9,0.08652614,1.3097489,0.038013376,1.0
376,10,0.050176263,1.2825434,-0.025306353,1.0
376,11,0.053698797,1.189394,0.18441856,1.0
376,12,-0.048128873,1.3257706,0.028003596,1.0
376,13,0.079973474,1.0169904,0.24017301,1.0
376,14,0.026566701,1.4049966,-0.021649526,1.0
376,15,0.10850541,0.8863658,0.21826199,1.0
376,16,0.098706186,1.5758965,0.09577813,1.0
376,17,0.09925818,0.8179787,0.24384047,1.0
376,18,0.17508405,1.6219391,0.03762681,1.0
376,19,0.08395361,0.8041189,0.2428146,1.0
376,20,0.17683958,1.6689788,0.07471364,1.0
376,21,0.11135805,0.87063855,0.21801981,1.0
376,22,0.11221332,1.6041886,0.105710976,1.0
376,23,0.06489737,0.7341885,0.07291802,1.0
376,24,-0.071145475,0.75175023,-0.06882965,1.0
376,25,0.1139313,0.38275436,0.008982629,1.0
376,26,-0.21221034,0.42281982,-0.10056722,1.0
376,27,0.09157992,0.04872918,0.07259965,1.0
376,28,-0.37865543,0.1244829,0.16501394,1.0
376,29,0.07084917,0.0037316047,0.08083974,1.0
376,30,-0.3935894,0.09252967,0.16186364,1.0
376,31,0.09118747,0.0,0.053812727,1.0
376,32,-0.38433802,0.11140001,0.13264284,1.0
377,0,0.07785802,1.3255122,-0.01272258,1.0
377,1,0.076168925,1.3329813,0.01384419,1.0
377,2,0.09441423,1.3371232,0.011859675,1.0
377,3,0.08418463,1.3422225,0.007521581,1.0
377,4,0.08906925,1.3595324,-0.022814648,1.0
377,5,0.070956625,1.3480957,-0.03469863,1.0
377,6,0.0797666,1.3469892,-0.017253874,1.0
377,7,0.043965973,1.3232853,0.08929543,1.0
377,8,-0.023603316,1.2968702,-0.01439834,1.0
377,9,0.086166136,1.3217108,0.036370225,1.0
377,10,0.06176003,1.2912259,-0.014728675,1.0
377,11,0.06778694,1.1795044,0.18018852,1.0
377,12,-0.058200575,1.32219,0.059603147,1.0
377,13,0.06719153,0.97417086,0.22824293,1.0
377,14,0.006532071,1.4199829,0.090985805,1.0
377,15,0.07367195,0.76337266,0.26303983,1.0
377,16,0.02156163,1.5774107,0.19278438,1.0
377,17,0.076712854,0.74436337,0.27512026,1.0
377,18,0.14032818,1.6005073,0.18806042,1.0
377,19,0.052201465,0.73463047,0.28474495,1.0
377,20,0.10015507,1.6663148,0.172838,1.0
377,21,0.06963185,0.7625101,0.27397305,1.0
377,22,0.033285256,1.6079104,0.20079511,1.0
377,23,0.07641105,0.7376184,0.064618334,1.0
377,24,-0.0793858,0.74695194,-0.055583328,1.0
377,25,0.12437841,0.37578112,0.023369528,1.0
377,26,-0.20815912,0.4241703,-0.089869425,1.0
377,27,0.13064873,0.051164865,0.11706009,1.0
377,28,-0.36928385,0.115347445,0.14862877,1.0
377,29,0.1078619,0.012513269,0.1355777,1.0
377,30,-0.37943718,0.0862989,0.13474396,1.0
377,31,0.12137244,0.0,0.11614077,1.0
377,32,-0.35607484,0.0997371,0.11473923,1.0
378,0,0.0807134,1.3342166,-0.019915093,1.0
378,1,0.07778678,1.3565886,0.008923517,1.0
378,2,0.09119412,1.3522301,0.0015236586,1.0
378,3,0.07953832,1.3581762,0.009094083,1.0
378,4,0.08497996,1.3562961,-0.027076121,1.0
378,5,0.07180822,1.3601339,-0.020652112,1.0
378,6,0.07768054,1.3525782,-0.023172414,1.0
378,7,0.068112426,1.3341846,0.07838115,1.0
378,8,-0.024560466,1.3146043,-0.0075492263,1.0
378,9,0.08829803,1.3253157,0.026982803,1.0
378,10,0.06781,1.299129,-0.022870183,1.0
378,11,0.09416705,1.1807775,0.16810851,1.0
378,12,-0.066078216,1.3185632,0.0610426,1.0
378,13,0.082307786,0.99846125,0.21635464,1.0
378,14,-0.013355939,1.4304764,0.08084445,1.0
378,15,0.101237565,0.8076078,0.25438637,1.0
378,16,0.073650666,1.5767015,0.21046072,1.0
378,17,0.09867528,0.78754365,0.2681743,1.0
378,18,0.13199922,1.6188207,0.17894703,1.0
378,19,0.08311084,0.7701105,0.2565369,1.0
378,20,0.155856,1.6627429,0.20207585,1.0
378,21,0.09342429,0.79341733,0.26191103,1.0
378,22,0.09289337,1.5999994,0.22574946,1.0
378,23,0.08102151,0.73643494,0.06643674,1.0
378,24,-0.08425807,0.7403663,-0.057610534,1.0
378,25,0.14076412,0.3712875,0.03283362,1.0
378,26,-0.21006116,0.42243847,-0.08344135,1.0
378,27,0.16401964,0.049224287,0.19088417,1.0
378,28,-0.36859858,0.0869517,0.10385029,1.0
378,29,0.13968086,0.019435992,0.21895379,1.0
378,30,-0.37627855,0.052421607,0.08657871,1.0
378,31,0.16089189,0.0,0.19626129,1.0
378,32,-0.37690398,0.06497825,0.015049361,1.0
379,0,0.035912193,1.3570316,-0.05278853,1.0
379,1,0.043737557,1.3739221,-0.025612645,1.0
379,2,0.05394134,1.3767006,-0.022042286,1.0
379,3,0.04994804,1.3781822,-0.018987868,1.0
379,4,0.03929034,1.3880384,-0.04464767,1.0
379,5,0.038171332,1.382467,-0.050611198,1.0
379,6,0.036295205,1.3669026,-0.046620633,1.0
379,7,0.062765956,1.350121,0.04524679,1.0
379,8,-0.04842916,1.3121378,-0.00016082171,1.0
379,9,0.065206155,1.3369014,0.0022817533,1.0
379,10,0.02935256,1.3106287,-0.03471096,1.0
379,11,0.1151374,1.1895037,0.13671741,1.0
379,12,-0.07144869,1.3299907,0.082588404,1.0
379,13,0.14236747,1.0263513,0.11029751,1.0
379,14,-0.06680222,1.4393795,0.07875867,1.0
379,15,0.11987183,0.8443779,0.16374949,1.0
379,16,0.0071295835,1.5834428,0.1893197,1.0
379,17,0.11798133,0.8279315,0.16934168,1.0
379,18,0.05709456,1.6311955,0.14026625,1.0
379,19,0.096878655,0.818398,0.16461536,1.0
379,20,0.08297938,1.6676626,0.16554295,1.0
379,21,0.11507352,0.8368317,0.17353366,1.0
379,22,0.015622022,1.614577,0.19491555,1.0
379,23,0.087957665,0.745241,0.053921632,1.0
379,24,-0.08285648,0.7568224,-0.050827395,1.0
379,25,0.14679739,0.37707573,0.001003895,1.0
379,26,-0.19612363,0.43674493,-0.077374145,1.0
379,27,0.17616017,0.059642434,0.1794065,1.0
379,28,-0.3493322,0.08927187,0.08215657,1.0
379,29,0.16258338,0.03524141,0.2197881,1.0
379,30,-0.35403475,0.054348204,0.062186733,1.0
379,31,0.17630975,0.005838869,0.18742129,1.0
379,32,-0.3703591,0.051771183,-0.008136913,1.0
380,0,-0.004166703,1.375963,-0.08102696,1.0
380,1,0.009992696,1.3897879,-0.05943349,1.0
380,2,0.01600105,1.3836114,-0.047248404,1.0
380,3,0.018437631,1.3891435,-0.044066787,1.0
380,4,-0.012851857,1.4112213,-0.05980702,1.0
380,5,0.0015554912,1.3984997,-0.07723063,1.0
380,6,-0.00091905356,1.3769319,-0.069939256,1.0
380,7,0.052426137,1.3658993,0.020351652,1.0
380,8,-0.06620307,1.3026705,0.009827314,1.0
380,9,0.042546887,1.348422,-0.020970909,1.0
380,10,-0.009028132,1.3189218,-0.051405516,1.0
380,11,0.1398044,1.1864958,0.103765875,1.0
380,12,-0.07427331,1.3375335,0.102687895,1.0
380,13,0.18620872,1.0449033,0.020805582,1.0
380,14,-0.13919102,1.4283673,0.07558724,1.0
380,15,0.17203744,0.91196233,0.060953405,1.0
380,16,-0.063373715,1.5707864,0.16205132,1.0
380,17,0.13375562,0.8603446,0.11096466,1.0
380,18,-0.022407223,1.6313891,0.108288676,1.0
380,19,0.14509122,0.88173974,0.053543348,1.0
380,20,0.0116541255,1.6716616,0.12408908,1.0
380,21,0.16323432,0.89954287,0.06758502,1.0
380,22,-0.062379986,1.6148434,0.15872584,1.0
380,23,0.08628226,0.7423896,0.044758506,1.0
380,24,-0.088561736,0.7693286,-0.04456009,1.0
380,25,0.15423252,0.3755257,-0.03639575,1.0
380,26,-0.18091297,0.44409895,-0.06845618,1.0
380,27,0.19520155,0.067908645,0.16816089,1.0
380,28,-0.33181006,0.08411151,0.060339175,1.0
380,29,0.18171938,0.04131735,0.21044023,1.0
380,30,-0.33479276,0.04995398,0.035889953,1.0
380,31,0.19295073,0.0067522535,0.1665443,1.0
380,32,-0.35867974,0.036330134,-0.03186854,1.0
381,0,-0.008505927,1.3860352,-0.08725197,1.0
381,1,0.0011574831,1.4038756,-0.08359758,1.0
381,2,-0.017600136,1.3868029,-0.0731984,1.0
381,3,-0.022246026,1.4035954,-0.066085204,1.0
381,4,-0.033568457,1.3707845,-0.08883881,1.0
381,5,-0.024487365,1.3981411,-0.07871996,1.0
381,6,-0.025687411,1.3998356,-0.081539504,1.0
381,7,0.04322794,1.3989658,-0.0064360183,1.0
381,8,-0.068819925,1.349071,0.02001252,1.0
381,9,0.019718308,1.3768561,-0.06301037,1.0
381,10,0.0027426388,1.3471177,-0.08575781,1.0
381,11,0.14390719,1.2035854,0.07294063,1.0
381,12,-0.1046412,1.3129902,0.112847485,1.0
381,13,0.22101957,1.054605,-0.019659022,1.0
381,14,-0.14699285,1.3788295,0.07657679,1.0
381,15,0.23945095,0.9942338,-0.066107504,1.0
381,16,-0.07590934,1.5408211,0.13512617,1.0
381,17,0.21737479,0.95816964,-0.05671914,1.0
381,18,-0.026660288,1.5800488,0.095409825,1.0
381,19,0.20982358,0.96174145,-0.08525883,1.0
381,20,0.0065315124,1.6658888,0.15837479,1.0
381,21,0.2276971,0.97490966,-0.063717306,1.0
381,22,-0.0627399,1.5674331,0.13799621,1.0
381,23,0.08384387,0.760738,0.04102683,1.0
381,24,-0.09819391,0.7624244,-0.025918402,1.0
381,25,0.15148976,0.36518475,-0.011823155,1.0
381,26,-0.20107296,0.4380166,-0.07708226,1.0
381,27,0.22252712,0.050209135,0.18140802,1.0
381,28,-0.32790864,0.04964882,0.02632878,1.0
381,29,0.20108579,0.014601696,0.20021357,1.0
381,30,-0.3335851,0.022365995,-0.007868625,1.0
381,31,0.22177507,0.0024874266,0.1715931,1.0
381,32,-0.35644823,0.009567701,-0.07314237,1.0
382,0,-0.0128510725,1.405874,-0.124936596,1.0
382,1,-0.00017558597,1.4234289,-0.12012075,1.0
382,2,-0.015642209,1.4119946,-0.11727898,1.0
382,3,-0.023372088,1.4313675,-0.11162825,1.0
382,4,-0.02972363,1.3910148,-0.13669145,1.0
382,5,-0.03065461,1.4215051,-0.121840134,1.0
382,6,-0.03212588,1.4267615,-0.11944677,1.0
382,7,0.05216357,1.4143478,-0.04470643,1.0
382,8,-0.071127094,1.3837185,-0.0014189612,1.0
382,9,0.016304314,1.4061831,-0.10810794,1.0
382,10,0.00067327917,1.3729306,-0.12196253,1.0
382,11,0.14991072,1.2302486,0.04316971,1.0
382,12,-0.11678911,1.3195987,0.0987048,1.0
382,13,0.23256344,1.0862914,-0.036693584,1.0
382,14,-0.14115715,1.399877,0.104066834,1.0
382,15,0.21874021,1.025925,-0.14991136,1.0
382,16,-0.13011959,1.523271,0.036221385,1.0
382,17,0.21161807,1.0201315,-0.16936165,1.0
382,18,-0.079295635,1.5398047,0.031172063,1.0
382,19,0.18398388,1.0266632,-0.1794005,1.0
382,20,-0.025640799,1.5688816,0.1270892,1.0
382,21,0.21896087,1.0227557,-0.13714027,1.0
382,22,-0.108097285,1.5235077,0.0352726,1.0
382,23,0.0832614,0.78351384,0.035870746,1.0
382,24,-0.1020114,0.7753188,-0.019853625,1.0
382,25,0.14947714,0.37775025,-0.012957163,1.0
382,26,-0.20729676,0.44948316,-0.07802278,1.0
382,27,0.20936012,0.04637465,0.16984358,1.0
382,28,-0.3202054,0.050354242,0.026574261,1.0
382,29,0.19101748,0.009217955,0.19443473,1.0
382,30,-0.33675554,0.02551761,-0.0051490776,1.0
382,31,0.21755415,0.0021243882,0.14277926,1.0
382,32,-0.35602525,0.021323105,-0.06734139,1.0
383,0,-0.032483485,1.4289159,-0.14198887,1.0
383,1,-0.004898276,1.4338828,-0.1151742,1.0
383,2,0.021041099,1.456278,-0.11212841,1.0
383,3,0.013352112,1.4482206,-0.1177337,1.0
383,4,3.121607e-05,1.4740673,-0.14066876,1.0
383,5,-0.012359635,1.4582433,-0.1712139,1.0
383,6,-0.019333873,1.4351354,-0.13325241,1.0
383,7,0.08357905,1.3965939,-0.047597006,1.0
383,8,-0.07538972,1.3675715,-0.012615816,1.0
383,9,0.024832457,1.404584,-0.097197644,1.0
383,10,-0.03232982,1.3734802,-0.11696955,1.0
383,11,0.14594692,1.2538253,0.03522594,1.0
383,12,-0.09724556,1.3645601,0.13296735,1.0
383,13,0.2866395,1.1537447,-0.04809727,1.0
383,14,-0.161082,1.3921533,0.12864123,1.0
383,15,0.3025324,1.0477412,-0.11789061,1.0
383,16,-0.14270161,1.5066614,0.10510774,1.0
383,17,0.3161499,1.0240343,-0.16879253,1.0
383,18,-0.09326089,1.5468143,0.05274809,1.0
383,19,0.26876464,0.98445666,-0.13772452,1.0
383,20,-0.08574474,1.532296,0.12506661,1.0
383,21,0.27561477,1.0137924,-0.12493729,1.0
383,22,-0.12961043,1.5432581,0.11902711,1.0
383,23,0.09282348,0.80507284,0.00019532535,1.0
383,24,-0.09074975,0.8126161,-0.0142039955,1.0
383,25,0.15912011,0.3954733,-0.052628227,1.0
383,26,-0.18490665,0.4768603,-0.07006391,1.0
383,27,0.21329632,0.053228855,0.08625569,1.0
383,28,-0.30425692,0.075513035,0.034169972,1.0
383,29,0.2210438,0.02551058,0.11620417,1.0
383,30,-0.3148616,0.039306477,0.012444548,1.0
383,31,0.2098155,0.004561754,0.073162645,1.0
383,32,-0.3616542,0.036842473,-0.04302092,1.0
384,0,-0.03129491,1.4384266,-0.13943607,1.0
384,1,-0.00088034035,1.4449626,-0.11600244,1.0
384,2,0.014110617,1.4620757,-0.11153824,1.0
384,3,0.012310643,1.4589553,-0.11529962,1.0
384,4,-0.0065845773,1.486946,-0.13314402,1.0
384,5,-0.013352472,1.470208,-0.16545989,1.0
384,6,-0.014536715,1.4460263,-0.12890078,1.0
384,7,0.07701872,1.4078687,-0.05348745,1.0
384,8,-0.06554009,1.3699584,-0.01639038,1.0
384,9,0.020557351,1.4110564,-0.09427224,1.0
384,10,-0.037772916,1.3832195,-0.110743,1.0
384,11,0.14483193,1.2597277,0.016962782,1.0
384,12,-0.09175688,1.3704735,0.13089034,1.0
384,13,0.28865582,1.1711744,-0.07246761,1.0
384,14,-0.16254622,1.3754382,0.15447058,1.0
384,15,0.3349772,1.046134,-0.14994952,1.0
384,16,-0.16378231,1.468828,0.1715174,1.0
384,17,0.34758773,1.0048721,-0.15632755,1.0
384,18,-0.11142756,1.495201,0.11166416,1.0
384,19,0.30962765,0.99324214,-0.16881694,1.0
384,20,-0.08775337,1.5455091,0.116786905,1.0
384,21,0.31555218,1.0088662,-0.16087307,1.0
384,22,-0.1437001,1.4972725,0.16363066,1.0
384,23,0.09321589,0.8076182,-0.0025682726,1.0
384,24,-0.086824164,0.8179302,-0.009734601,1.0
384,25,0.16341525,0.39363152,-0.06592938,1.0
384,26,-0.18331113,0.47966555,-0.055754993,1.0
384,27,0.2295557,0.04049632,0.07225506,1.0
384,28,-0.30424285,0.077929676,0.041815985,1.0
384,29,0.23144569,0.00698651,0.09771106,1.0
384,30,-0.31290802,0.040194057,0.021685787,1.0
384,31,0.20373535,9.999199e-05,0.057049535,1.0
384,32,-0.36107653,0.042044718,-0.021446545,1.0
385,0,-0.04097417,1.4507897,-0.13545197,1.0
385,1,-0.015450346,1.4633927,-0.13064188,1.0
385,2,-0.01822984,1.4682388,-0.12210157,1.0
385,3,-0.024113547,1.4693973,-0.123791784,1.0
385,4,-0.032581545,1.4667966,-0.13943233,1.0
385,5,-0.03236942,1.46932,-0.14521831,1.0
385,6,-0.026980149,1.4630892,-0.12734504,1.0
385,7,0.06765034,1.4333575,-0.075455576,1.0
385,8,-0.05992457,1.4022157,-0.0013595363,1.0
385,9,-0.00060867704,1.4327927,-0.110533096,1.0
385,10,-0.027336057,1.4063087,-0.122245505,1.0
385,11,0.14587834,1.2638332,-0.006431807,1.0
385,12,-0.09102704,1.3621757,0.13470897,1.0
385,13,0.27112836,1.1761341,-0.09706433,1.0
385,14,-0.17794347,1.3970675,0.15512288,1.0
385,15,0.35194406,1.044926,-0.15352735,1.0
385,16,-0.186278,1.5311551,0.17596167,1.0
385,17,0.37361044,1.0336192,-0.16232602,1.0
385,18,-0.14608854,1.5552464,0.15176807,1.0
385,19,0.3568215,1.0147381,-0.16829118,1.0
385,20,-0.10740117,1.6160426,0.13519427,1.0
385,21,0.35298225,1.0225072,-0.1638601,1.0
385,22,-0.1676017,1.5417602,0.1649511,1.0
385,23,0.08975069,0.8101949,-0.0032393504,1.0
385,24,-0.09036344,0.8108659,0.0070940815,1.0
385,25,0.16485316,0.39380088,-0.06188587,1.0
385,26,-0.19234651,0.4774964,-0.04952405,1.0
385,27,0.24537216,0.043540925,0.07053273,1.0
385,28,-0.30965132,0.08276808,0.06331889,1.0
385,29,0.23439853,0.006626956,0.08533566,1.0
385,30,-0.32475352,0.05126599,0.03909346,1.0
385,31,0.20669162,0.0,0.04599891,1.0
385,32,-0.3764161,0.047917344,-0.0030507967,1.0
386,0,-0.037027746,1.4507834,-0.1379005,1.0
386,1,-0.009777137,1.4642748,-0.13190901,1.0
386,2,-0.012666802,1.4607135,-0.12117798,1.0
386,3,-0.01922775,1.4679276,-0.118987836,1.0
386,4,-0.03270172,1.4629518,-0.13855863,1.0
386,5,-0.029074293,1.466452,-0.13971359,1.0
386,6,-0.02340888,1.4641583,-0.13013615,1.0
386,7,0.06613511,1.4354639,-0.0669811,1.0
386,8,-0.053612243,1.4041929,-0.004930172,1.0
386,9,-7.211277e-05,1.435594,-0.10810782,1.0
386,10,-0.0294731,1.4057201,-0.12199127,1.0
386,11,0.14414623,1.2626066,-0.0019975211,1.0
386,12,-0.090337165,1.364895,0.12915379,1.0
386,13,0.26748738,1.1779622,-0.1134222,1.0
386,14,-0.17634818,1.4005818,0.16414693,1.0
386,15,0.3692366,1.0611234,-0.19222865,1.0
386,16,-0.17658108,1.5316557,0.2120856,1.0
386,17,0.38572374,1.0573843,-0.20120625,1.0
386,18,-0.13994421,1.5515484,0.19764324,1.0
386,19,0.3774909,1.0378085,-0.2149332,1.0
386,20,-0.09595819,1.6186966,0.17846002,1.0
386,21,0.37022313,1.0368872,-0.2031034,1.0
386,22,-0.16086444,1.544119,0.2015651,1.0
386,23,0.08377159,0.81017506,-0.0013816208,1.0
386,24,-0.094813064,0.8120983,0.0118092345,1.0
386,25,0.16935906,0.39779583,-0.066595204,1.0
386,26,-0.19127393,0.4769758,-0.04173271,1.0
386,27,0.2680282,0.0512878,0.057593033,1.0
386,28,-0.30710667,0.069303155,0.061417338,1.0
386,29,0.25469455,0.014963828,0.06832115,1.0
386,30,-0.32623687,0.039302208,0.03595309,1.0
386,31,0.22291866,0.0013189623,0.03101255,1.0
386,32,-0.38196975,0.0333488,-0.0057954863,1.0
387,0,-0.049434893,1.4461576,-0.14093097,1.0
387,1,-0.018994605,1.4603806,-0.12664014,1.0
387,2,-0.006671392,1.46414,-0.12187126,1.0
387,3,-0.01227268,1.4638537,-0.12235733,1.0
387,4,-0.024733124,1.4729486,-0.13783154,1.0
387,5,-0.028578479,1.473913,-0.14494458,1.0
387,6,-0.027821481,1.4552274,-0.13131489,1.0
387,7,0.079395,1.4170941,-0.06971974,1.0
387,8,-0.057163417,1.3980746,-0.007990197,1.0
387,9,0.0012774545,1.4221299,-0.10778181,1.0
387,10,-0.03670488,1.3956183,-0.118393004,1.0
387,11,0.14428093,1.2623204,-0.0043310793,1.0
387,12,-0.087754026,1.3638321,0.13168857,1.0
387,13,0.27431703,1.1904896,-0.11351639,1.0
387,14,-0.17171289,1.3991908,0.15250397,1.0
387,15,0.38768,1.0930638,-0.19666195,1.0
387,16,-0.16415514,1.5346346,0.18178385,1.0
387,17,0.42261398,1.091022,-0.21005994,1.0
387,18,-0.12122081,1.577643,0.14385322,1.0
387,19,0.40655202,1.0672073,-0.22832173,1.0
387,20,-0.08837183,1.6220238,0.1388809,1.0
387,21,0.38960242,1.0633588,-0.20748922,1.0
387,22,-0.151365,1.5668505,0.17568298,1.0
387,23,0.087893784,0.81375474,-0.0041550347,1.0
387,24,-0.0905084,0.81423634,0.0048960014,1.0
387,25,0.18155023,0.40190968,-0.063981466,1.0
387,26,-0.18553525,0.4759717,-0.038423292,1.0
387,27,0.27405733,0.05295813,0.04598988,1.0
387,28,-0.28900045,0.05667475,0.029355124,1.0
387,29,0.2725772,0.021639928,0.06944858,1.0
387,30,-0.29977444,0.019970976,0.0019118413,1.0
387,31,0.25337833,0.006627121,0.027767532,1.0
387,32,-0.3626203,0.017093116,-0.0446377,1.0
388,0,-0.050700277,1.4453386,-0.15584785,1.0
388,1,-0.016314266,1.4559232,-0.1450565,1.0
388,2,-0.0158899,1.4612719,-0.13922647,1.0
388,3,-0.014261502,1.4632035,-0.1388802,1.0
388,4,-0.027623741,1.4805534,-0.14696172,1.0
388,5,-0.027249783,1.4727162,-0.16704004,1.0
388,6,-0.020899974,1.4590989,-0.14032765,1.0
388,7,0.07160354,1.4170698,-0.11970342,1.0
388,8,-0.033878066,1.3914586,-0.019499864,1.0
388,9,-0.004418675,1.4208491,-0.11899737,1.0
388,10,-0.041288137,1.3959538,-0.1316817,1.0
388,11,0.13866162,1.2608752,-0.055729046,1.0
388,12,-0.084981695,1.3662497,0.12792027,1.0
388,13,0.2628776,1.1838531,-0.18307635,1.0
388,14,-0.17631863,1.4034667,0.17022923,1.0
388,15,0.38266551,1.1184412,-0.26753664,1.0
388,16,-0.15836895,1.532106,0.22962889,1.0
388,17,0.41463947,1.1251067,-0.27355638,1.0
388,18,-0.11144343,1.5771052,0.20040415,1.0
388,19,0.40694898,1.1160289,-0.2932252,1.0
388,20,-0.072731,1.6224583,0.18371394,1.0
388,21,0.38949865,1.089765,-0.2859806,1.0
388,22,-0.14216086,1.5584396,0.21393144,1.0
388,23,0.08648926,0.81391174,-0.012345597,1.0
388,24,-0.09161025,0.8162789,0.01300614,1.0
388,25,0.18521503,0.4049557,-0.08703337,1.0
388,26,-0.16730294,0.47836396,-0.03294874,1.0
388,27,0.30715895,0.055512868,0.004362395,1.0
388,28,-0.26873377,0.05952531,0.034035318,1.0
388,29,0.30723035,0.021781743,0.019208178,1.0
388,30,-0.27779967,0.02480143,0.004255686,1.0
388,31,0.27892894,0.0,-0.021424184,1.0
388,32,-0.33915856,0.015990112,-0.04218777,1.0
389,0,-0.045512736,1.4414414,-0.16228794,1.0
389,1,-0.012638004,1.4485449,-0.15838744,1.0
389,2,-0.016995408,1.4593977,-0.15070653,1.0
389,3,-0.015060447,1.4590979,-0.15263776,1.0
389,4,-0.024702216,1.4706233,-0.16186328,1.0
389,5,-0.024868686,1.4653533,-0.17997445,1.0
389,6,-0.02042112,1.4560972,-0.14803478,1.0
389,7,0.07721018,1.4119385,-0.13459224,1.0
389,8,-0.019579606,1.39318,-0.03611606,1.0
389,9,-0.0003565341,1.4193761,-0.1346271,1.0
389,10,-0.032686427,1.3929906,-0.14224145,1.0
389,11,0.13784969,1.260595,-0.0708967,1.0
389,12,-0.079593144,1.3599877,0.13100457,1.0
389,13,0.26362634,1.1913776,-0.20276119,1.0
389,14,-0.1712119,1.3944902,0.16904885,1.0
389,15,0.38169003,1.1301639,-0.2875817,1.0
389,16,-0.15148807,1.5219569,0.22134799,1.0
389,17,0.41735223,1.1406639,-0.29945916,1.0
389,18,-0.10116176,1.5633255,0.19908087,1.0
389,19,0.40468207,1.1292913,-0.31199658,1.0
389,20,-0.064018324,1.6071087,0.18250194,1.0
389,21,0.38847497,1.1047984,-0.30475765,1.0
389,22,-0.13183087,1.5447959,0.20790605,1.0
389,23,0.08769059,0.8128518,-0.02127516,1.0
389,24,-0.0875393,0.8096367,0.023071459,1.0
389,25,0.1888487,0.40252504,-0.100540526,1.0
389,26,-0.16586274,0.4749866,-0.028787388,1.0
389,27,0.32622185,0.049627125,-0.03178674,1.0
389,28,-0.26345354,0.04981175,0.031635754,1.0
389,29,0.3272863,0.015809942,-0.020182688,1.0
389,30,-0.27867162,0.01731775,0.0006393194,1.0
389,31,0.2948746,0.0,-0.065359354,1.0
389,32,-0.33908695,0.006875518,-0.04823005,1.0
390,0,-0.040894464,1.4405408,-0.18713313,1.0
390,1,-0.015185906,1.4505024,-0.18115345,1.0
390,2,-0.009933387,1.455702,-0.17509627,1.0
390,3,-0.015090096,1.453595,-0.17774324,1.0
390,4,-0.021916347,1.4626687,-0.18993232,1.0
390,5,-0.023030698,1.4637234,-0.19590636,1.0
390,6,-0.02116213,1.4517562,-0.17831236,1.0
390,7,0.08711281,1.4096953,-0.1329031,1.0
390,8,-0.022778843,1.4008658,-0.05903336,1.0
390,9,0.0036990228,1.4165893,-0.15917698,1.0
390,10,-0.025678989,1.3924187,-0.1657831,1.0
390,11,0.14789984,1.2647128,-0.071005866,1.0
390,12,-0.0745305,1.3528941,0.10802143,1.0
390,13,0.2830047,1.2351415,-0.18380919,1.0
390,14,-0.16631576,1.3820784,0.1329019,1.0
390,15,0.40858895,1.1904986,-0.25344372,1.0
390,16,-0.14717996,1.5070181,0.15596068,1.0
390,17,0.44580835,1.2033991,-0.26930735,1.0
390,18,-0.099107504,1.5421292,0.13556716,1.0
390,19,0.43010005,1.1920806,-0.2796387,1.0
390,20,-0.058538057,1.5908215,0.1193008,1.0
390,21,0.41480628,1.1721876,-0.26652247,1.0
390,22,-0.12800276,1.5326988,0.14759564,1.0
390,23,0.08727962,0.80420387,-0.020478766,1.0
390,24,-0.08685087,0.7968483,0.022004087,1.0
390,25,0.18331656,0.40027362,-0.08896609,1.0
390,26,-0.16178748,0.4639386,-0.0190049,1.0
390,27,0.33033097,0.05094278,-0.011074945,1.0
390,28,-0.2702635,0.043641895,0.029296286,1.0
390,29,0.32975227,0.019084789,0.0019337367,1.0
390,30,-0.28384095,0.011197638,-0.0013108477,1.0
390,31,0.29893917,0.0011091921,-0.040893234,1.0
390,32,-0.34636933,0.007892454,-0.04635582,1.0
391,0,-0.04609043,1.4388187,-0.19324209,1.0
391,1,-0.017400408,1.4479256,-0.19053085,1.0
391,2,-0.008153956,1.4565969,-0.18344487,1.0
391,3,-0.015168472,1.4483583,-0.18954097,1.0
391,4,-0.022106078,1.4600998,-0.19780518,1.0
391,5,-0.02317213,1.4601214,-0.20265985,1.0
391,6,-0.02533033,1.4480686,-0.18509129,1.0
391,7,0.0890395,1.4086587,-0.14781758,1.0
391,8,-0.026447887,1.4025061,-0.06627925,1.0
391,9,0.005024075,1.4137347,-0.1679391,1.0
391,10,-0.022526769,1.38949,-0.17001942,1.0
391,11,0.14964178,1.2771153,-0.08235711,1.0
391,12,-0.07157789,1.3514832,0.106609896,1.0
391,13,0.2744162,1.2608005,-0.2021744,1.0
391,14,-0.16754436,1.3671467,0.13421427,1.0
391,15,0.39649403,1.2182083,-0.2702464,1.0
391,16,-0.14233518,1.4949368,0.15571117,1.0
391,17,0.43897548,1.2303278,-0.29358184,1.0
391,18,-0.09469812,1.529944,0.1357277,1.0
391,19,0.41931418,1.2103832,-0.29823437,1.0
391,20,-0.054869328,1.5791004,0.12165298,1.0
391,21,0.4018048,1.1973329,-0.28366223,1.0
391,22,-0.12219768,1.5247729,0.14892334,1.0
391,23,0.08705804,0.80061615,-0.026902234,1.0
391,24,-0.08298741,0.7921908,0.025759304,1.0
391,25,0.18156764,0.39514738,-0.092132166,1.0
391,26,-0.1444948,0.46541533,-0.0029362924,1.0
391,27,0.33979923,0.04634881,-0.03562539,1.0
391,28,-0.25718498,0.04316941,0.050025523,1.0
391,29,0.3427301,0.015486421,-0.025041495,1.0
391,30,-0.27087528,0.010087252,0.019133668,1.0
391,31,0.31618476,0.0008213008,-0.06946686,1.0
391,32,-0.3411963,0.014693817,-0.020558167,1.0
392,0,-0.045498125,1.4337908,-0.20178199,1.0
392,1,-0.015330054,1.4422581,-0.19418523,1.0
392,2,-0.010158213,1.4483263,-0.18768592,1.0
392,3,-0.011124059,1.4449999,-0.19032721,1.0
392,4,-0.023971729,1.4650981,-0.20032258,1.0
392,5,-0.025771089,1.4588902,-0.21481651,1.0
392,6,-0.023694906,1.444459,-0.19112675,1.0
392,7,0.08372973,1.4052997,-0.14925554,1.0
392,8,-0.027352832,1.3914144,-0.07531572,1.0
392,9,0.0030494123,1.4127407,-0.16756691,1.0
392,10,-0.030223086,1.3837752,-0.17485423,1.0
392,11,0.14372987,1.281153,-0.085228615,1.0
392,12,-0.07693267,1.3524187,0.097249135,1.0
392,13,0.26315576,1.2789186,-0.20541036,1.0
392,14,-0.17399703,1.3545109,0.117268324,1.0
392,15,0.3845665,1.2498361,-0.28917712,1.0
392,16,-0.14102842,1.4829357,0.13263243,1.0
392,17,0.4220827,1.2600259,-0.30946967,1.0
392,18,-0.09055002,1.5230036,0.10614346,1.0
392,19,0.41184676,1.2457974,-0.32216588,1.0
392,20,-0.053404007,1.5702918,0.09249134,1.0
392,21,0.39235136,1.2270204,-0.30843002,1.0
392,22,-0.121615544,1.5175575,0.12019153,1.0
392,23,0.08390286,0.79665744,-0.021096658,1.0
392,24,-0.08694888,0.7907085,0.023501828,1.0
392,25,0.1866219,0.39748594,-0.09394635,1.0
392,26,-0.13903573,0.46351078,-0.0038702842,1.0
392,27,0.35066444,0.050990433,-0.03035514,1.0
392,28,-0.24882014,0.040028393,0.048952132,1.0
392,29,0.35725084,0.020860473,-0.021431666,1.0
392,30,-0.26146436,0.006691605,0.017186709,1.0
392,31,0.33624926,0.008522255,-0.058181304,1.0
392,32,-0.32348412,0.008068688,-0.021825407,1.0
393,0,-0.051336218,1.4382421,-0.19527186,1.0
393,1,-0.017353162,1.4495709,-0.18834433,1.0
393,2,-0.018969683,1.4501319,-0.17856508,1.0
393,3,-0.014790207,1.4542781,-0.18111211,1.0
393,4,-0.031676218,1.4711971,-0.19089715,1.0
393,5,-0.035506297,1.465871,-0.20949158,1.0
393,6,-0.026367165,1.4555309,-0.18139021,1.0
393,7,0.0737973,1.4172251,-0.146665,1.0
393,8,-0.028899694,1.395311,-0.07199062,1.0
393,9,-0.003499395,1.4217073,-0.15879664,1.0
393,10,-0.039449953,1.3931732,-0.17299847,1.0
393,11,0.13308364,1.2914639,-0.08176727,1.0
393,12,-0.08548577,1.3554299,0.09150472,1.0
393,13,0.24047005,1.2968853,-0.20457542,1.0
393,14,-0.17841998,1.3497624,0.09589076,1.0
393,15,0.37924564,1.290925,-0.30642086,1.0
393,16,-0.13769431,1.4755075,0.09425489,1.0
393,17,0.4084281,1.3041812,-0.32194847,1.0
393,18,-0.09200394,1.5127126,0.06366099,1.0
393,19,0.40207255,1.3002157,-0.34305403,1.0
393,20,-0.04669351,1.5664027,0.046733707,1.0
393,21,0.3935281,1.2633464,-0.32034615,1.0
393,22,-0.118682675,1.5060866,0.08176838,1.0
393,23,0.08172405,0.7942836,-0.014493825,1.0
393,24,-0.089853,0.7874519,0.02299553,1.0
393,25,0.19366354,0.39661708,-0.091278285,1.0
393,26,-0.14107236,0.4584193,-0.006195441,1.0
393,27,0.35663337,0.052390248,-0.026854813,1.0
393,28,-0.25360018,0.035911024,0.047326524,1.0
393,29,0.3576121,0.021835351,-0.01629847,1.0
393,30,-0.26770294,0.003298249,0.014349252,1.0
393,31,0.34123653,0.013516346,-0.05247814,1.0
393,32,-0.3326793,0.0038855737,-0.029822804,1.0
394,0,-0.04587493,1.4412279,-0.20942715,1.0
394,1,-0.009960479,1.4504535,-0.20064454,1.0
394,2,-0.00859159,1.4513555,-0.18703534,1.0
394,3,-0.005278021,1.454166,-0.19008574,1.0
394,4,-0.03153404,1.4827653,-0.20093086,1.0
394,5,-0.027912296,1.4656888,-0.2245773,1.0
394,6,-0.021730479,1.4553783,-0.19764099,1.0
394,7,0.07803601,1.4186544,-0.14312571,1.0
394,8,-0.028213242,1.3929644,-0.083840296,1.0
394,9,-0.0005652433,1.423856,-0.16255839,1.0
394,10,-0.041120224,1.3930688,-0.18211372,1.0
394,11,0.13732797,1.2945096,-0.0831272,1.0
394,12,-0.0847476,1.3656315,0.081548706,1.0
394,13,0.24119428,1.3135221,-0.19362992,1.0
394,14,-0.17442548,1.3483994,0.09155481,1.0
394,15,0.38246816,1.3243473,-0.2779957,1.0
394,16,-0.13334468,1.4764413,0.0921683,1.0
394,17,0.41510087,1.3383344,-0.29054463,1.0
394,18,-0.08297093,1.5149269,0.051923558,1.0
394,19,0.41525593,1.336042,-0.3092186,1.0
394,20,-0.038055412,1.5690248,0.04364772,1.0
394,21,0.3977279,1.3022103,-0.2990399,1.0
394,22,-0.1104522,1.5100938,0.07890833,1.0
394,23,0.08121813,0.78833026,-0.017759595,1.0
394,24,-0.08840147,0.78686947,0.022918828,1.0
394,25,0.19435114,0.39541355,-0.09591691,1.0
394,26,-0.1244308,0.46208104,0.0055050254,1.0
394,27,0.36574244,0.062452443,-0.026670689,1.0
394,28,-0.23554733,0.040179044,0.06485309,1.0
394,29,0.36556837,0.03143712,-0.020079399,1.0
394,30,-0.24838567,0.0074388124,0.032632034,1.0
394,31,0.33719248,0.013534544,-0.04789017,1.0
394,32,-0.3198923,0.012391776,-0.005074515,1.0
395,0,-0.040332135,1.4428079,-0.18106902,1.0
395,1,-0.013811976,1.4538753,-0.18640317,1.0
395,2,-0.02115348,1.4563942,-0.1765241,1.0
395,3,-0.029366694,1.4586155,-0.17947875,1.0
395,4,-0.034944694,1.4430428,-0.19359693,1.0
395,5,-0.033248685,1.4598364,-0.18728139,1.0
395,6,-0.034700613,1.4567024,-0.17781697,1.0
395,7,0.07339253,1.4350781,-0.13129711,1.0
395,8,-0.040145565,1.4204774,-0.06872359,1.0
395,9,0.0009783499,1.4293959,-0.161684,1.0
395,10,-0.01624045,1.4010954,-0.17065549,1.0
395,11,0.13616647,1.3130069,-0.06707555,1.0
395,12,-0.08358574,1.34883,0.09340632,1.0
395,13,0.24103063,1.3606211,-0.18369505,1.0
395,14,-0.1708307,1.340546,0.013486512,1.0
395,15,0.3969993,1.3776151,-0.23545864,1.0
395,16,-0.1281493,1.4699373,0.048916463,1.0
395,17,0.42940953,1.3968887,-0.26730537,1.0
395,18,-0.07743567,1.5063101,0.008304739,1.0
395,19,0.4222679,1.3833287,-0.2855016,1.0
395,20,-0.031926975,1.5576378,0.0015673591,1.0
395,21,0.40456527,1.3515432,-0.2527007,1.0
395,22,-0.10637482,1.5029882,0.038739346,1.0
395,23,0.08659046,0.79286784,-0.02187281,1.0
395,24,-0.07463654,0.7705779,0.03221991,1.0
395,25,0.19071585,0.39610833,-0.08356668,1.0
395,26,-0.13083516,0.45087317,0.007817827,1.0
395,27,0.36721075,0.06004259,-0.019661307,1.0
395,28,-0.25152224,0.027093142,0.05492148,1.0
395,29,0.35922515,0.03066523,-0.009479589,1.0
395,30,-0.27247754,0.0,0.019075844,1.0
395,31,0.34152505,0.02397691,-0.054646302,1.0
395,32,-0.3324669,0.008286826,-0.03984895,1.0
396,0,-0.02934054,1.4418123,-0.19962691,1.0
396,1,-0.0034044976,1.4562914,-0.19165686,1.0
396,2,0.012156949,1.4624434,-0.18434188,1.0
396,3,0.0023560056,1.4535358,-0.19053532,1.0
396,4,-0.01044344,1.4688756,-0.20261459,1.0
396,5,-0.011998184,1.466636,-0.20627092,1.0
396,6,-0.01547247,1.4497528,-0.19508846,1.0
396,7,0.09232395,1.4202535,-0.12897308,1.0
396,8,-0.042018272,1.4031377,-0.08054802,1.0
396,9,0.019325795,1.4188836,-0.16630197,1.0
396,10,-0.016355358,1.3924901,-0.17412187,1.0
396,11,0.14135262,1.309216,-0.07840595,1.0
396,12,-0.078895986,1.3531032,0.07689236,1.0
396,13,0.24799973,1.3814193,-0.1547907,1.0
396,14,-0.17162633,1.3353028,0.025752377,1.0
396,15,0.41073334,1.4042604,-0.16130449,1.0
396,16,-0.11950995,1.4634693,-0.012442868,1.0
396,17,0.46216893,1.4278502,-0.17669444,1.0
396,18,-0.06788026,1.4959514,-0.062215105,1.0
396,19,0.44744056,1.4123147,-0.19148988,1.0
396,20,-0.020854758,1.5453951,-0.05825533,1.0
396,21,0.42363346,1.3910456,-0.17422363,1.0
396,22,-0.09736537,1.4962828,-0.016759623,1.0
396,23,0.083866134,0.7858748,-0.024331447,1.0
396,24,-0.07836616,0.772448,0.018991143,1.0
396,25,0.19009373,0.392982,-0.08433421,1.0
396,26,-0.12007411,0.45043814,0.0033662776,1.0
396,27,0.36322236,0.05190254,-0.009970354,1.0
396,28,-0.25092024,0.02738434,0.039408408,1.0
396,29,0.3650199,0.022134619,0.0041276226,1.0
396,30,-0.262575,0.0,-0.00083239004,1.0
396,31,0.3370005,0.00900038,-0.03868901,1.0
396,32,-0.35585093,0.009850883,-0.051497802,1.0
397,0,-0.028347138,1.4415156,-0.19265209,1.0
397,1,-0.0011174242,1.4535265,-0.18519473,1.0
397,2,0.004675436,1.4606797,-0.17809577,1.0
397,3,-0.0006806542,1.4575084,-0.18164402,1.0
397,4,-0.011601305,1.4664267,-0.195088,1.0
397,5,-0.01587861,1.468987,-0.20437759,1.0
397,6,-0.01533154,1.4531288,-0.18470429,1.0
397,7,0.08451956,1.4270133,-0.1301696,1.0
397,8,-0.04192377,1.4022561,-0.07734447,1.0
397,9,0.019687757,1.4232218,-0.16052091,1.0
397,10,-0.017414488,1.3941399,-0.16936056,1.0
397,11,0.13790947,1.314419,-0.07175645,1.0
397,12,-0.083429694,1.3513048,0.08187842,1.0
397,13,0.24651386,1.3804275,-0.15685016,1.0
397,14,-0.18158567,1.3313882,0.03202804,1.0
397,15,0.4028538,1.4134375,-0.19797471,1.0
397,16,-0.11867082,1.459873,-0.025234852,1.0
397,17,0.44221804,1.4389633,-0.21990453,1.0
397,18,-0.06466019,1.4930915,-0.070878394,1.0
397,19,0.43011826,1.4306701,-0.23325908,1.0
397,20,-0.018581543,1.5420436,-0.07463833,1.0
397,21,0.41021606,1.3975207,-0.2101228,1.0
397,22,-0.096503876,1.4915022,-0.032510526,1.0
397,23,0.082450084,0.78871506,-0.021685224,1.0
397,24,-0.07863306,0.7701181,0.023086641,1.0
397,25,0.19162455,0.39606237,-0.0853595,1.0
397,26,-0.12200968,0.44677377,0.005894574,1.0
397,27,0.3639468,0.053034365,-0.018495895,1.0
397,28,-0.25225675,0.019822672,0.0369355,1.0
397,29,0.36416674,0.022613643,-0.0049819574,1.0
397,30,-0.2709151,0.0,-0.0063463477,1.0
397,31,0.32685566,0.0020043044,-0.04254368,1.0
397,32,-0.37256634,0.00026681228,-0.055398438,1.0
398,0,-0.026937932,1.4489441,-0.20111121,1.0
398,1,0.006822202,1.4576416,-0.18791236,1.0
398,2,0.0041659735,1.4618728,-0.1768661,1.0
398,3,0.009242934,1.4677222,-0.17864896,1.0
398,4,-0.0142464,1.4914639,-0.19314115,1.0
398,5,-0.01490797,1.4780805,-0.22247055,1.0
398,6,-0.006520482,1.4652939,-0.18680887,1.0
398,7,0.07844264,1.4332545,-0.13256355,1.0
398,8,-0.03773494,1.3916416,-0.07986663,1.0
398,9,0.01936115,1.4300737,-0.15379398,1.0
398,10,-0.030915117,1.4002826,-0.17295352,1.0
398,11,0.13406885,1.3131368,-0.07391906,1.0
398,12,-0.091112405,1.3629074,0.07448742,1.0
398,13,0.23958135,1.3720944,-0.17879836,1.0
398,14,-0.19020462,1.3337183,0.048284367,1.0
398,15,0.39508176,1.4310209,-0.25108284,1.0
398,16,-0.122069426,1.4628592,0.039832674,1.0
398,17,0.43012685,1.4572763,-0.26148933,1.0
398,18,-0.069971256,1.5021889,-0.0039627496,1.0
398,19,0.42381474,1.4631834,-0.28122005,1.0
398,20,-0.018442681,1.5558009,-0.012486185,1.0
398,21,0.41040283,1.4121792,-0.26475355,1.0
398,22,-0.097749025,1.4988024,0.025574932,1.0
398,23,0.076752126,0.7905641,-0.019099716,1.0
398,24,-0.08626443,0.78108275,0.021944426,1.0
398,25,0.1936304,0.40156657,-0.09184468,1.0
398,26,-0.11556868,0.45619965,0.008268773,1.0
398,27,0.372761,0.065179974,-0.027164578,1.0
398,28,-0.24874331,0.030261487,0.040379483,1.0
398,29,0.3738356,0.034118198,-0.019014135,1.0
398,30,-0.26491922,0.0,0.002846174,1.0
398,31,0.33232364,0.0029521156,-0.040768847,1.0
398,32,-0.36387748,0.0,-0.045909896,1.0
399,0,-0.016315628,1.4517088,-0.20866692,1.0
399,1,0.010858017,1.4640455,-0.19762932,1.0
399,2,0.009714351,1.4641895,-0.18774185,1.0
399,3,0.011507736,1.4696748,-0.18756165,1.0
399,4,-0.010800931,1.4874542,-0.20506725,1.0
399,5,-0.007551972,1.4784007,-0.22745138,1.0
399,6,-0.0010262835,1.4681251,-0.19978097,1.0
399,7,0.08202512,1.4392288,-0.13411444,1.0
399,8,-0.0354781,1.4005406,-0.0915423,1.0
399,9,0.024962893,1.4342823,-0.16433555,1.0
399,10,-0.020132264,1.4043124,-0.1874942,1.0
399,11,0.1360031,1.3144989,-0.07793032,1.0
399,12,-0.08735341,1.3627429,0.06963305,1.0
399,13,0.23766333,1.3965961,-0.17557979,1.0
399,14,-0.18871674,1.3470238,0.053791318,1.0
399,15,0.39511043,1.4702052,-0.22518125,1.0
399,16,-0.11606644,1.472636,0.056242116,1.0
399,17,0.42802045,1.5013087,-0.23501578,1.0
399,18,-0.059095107,1.5021167,0.021183033,1.0
399,19,0.41992003,1.5028343,-0.252651,1.0
399,20,-0.00792042,1.5611818,0.010413377,1.0
399,21,0.40689105,1.4527116,-0.23761594,1.0
399,22,-0.090944014,1.5034249,0.044991568,1.0
399,23,0.07743719,0.7938386,-0.01811508,1.0
399,24,-0.08427891,0.780783,0.02445741,1.0
399,25,0.19240686,0.40365756,-0.07856416,1.0
399,26,-0.120301306,0.45553052,0.009008671,1.0
399,27,0.37525648,0.078395724,-0.0038894638,1.0
399,28,-0.25417185,0.030392826,0.041052584,1.0
399,29,0.36996707,0.04825694,0.005068237,1.0
399,30,-0.26939434,0.0,0.0037996955,1.0
399,31,0.3385787,0.015372075,-0.013564944,1.0
399,32,-0.3653006,1.7725164e-05,-0.042652562,1.0
400,0,-0.011452963,1.4586873,-0.20706035,1.0
400,1,0.008981896,1.4720616,-0.20981628,1.0
400,2,-0.00013192091,1.4711459,-0.20166457,1.0
400,3,-0.007876964,1.4768443,-0.2010972,1.0
400,4,-0.015738476,1.4605522,-0.22050099,1.0
400,5,-0.012559893,1.4762273,-0.21845673,1.0
400,6,-0.012421275,1.4749017,-0.20538439,1.0
400,7,0.08133477,1.4532511,-0.14176583,1.0
400,8,-0.038227525,1.43032,-0.094215974,1.0
400,9,0.024411717,1.4457934,-0.18626058,1.0
400,10,0.0016452773,1.4168811,-0.1994006,1.0
400,11,0.13703312,1.3234231,-0.0891237,1.0
400,12,-0.08083306,1.3569546,0.06982002,1.0
400,13,0.22506487,1.4168885,-0.17897564,1.0
400,14,-0.18376392,1.3570379,0.020947743,1.0
400,15,0.3865775,1.5024462,-0.20654203,1.0
400,16,-0.108200334,1.4847479,-0.015393536,1.0
400,17,0.42128408,1.531796,-0.2341763,1.0
400,18,-0.052279662,1.4910829,-0.030076377,1.0
400,19,0.41582817,1.5256758,-0.24122128,1.0
400,20,0.000341848,1.5539203,-0.049370326,1.0
400,21,0.40059164,1.4811738,-0.21742383,1.0
400,22,-0.08237908,1.4953084,-0.021665523,1.0
400,23,0.07981803,0.80113035,-0.022206306,1.0
400,24,-0.0739818,0.77369946,0.03539688,1.0
400,25,0.18951178,0.40673584,-0.06577277,1.0
400,26,-0.13278428,0.4515094,0.018972894,1.0
400,27,0.3763504,0.08582246,0.0020994246,1.0
400,28,-0.2627735,0.02714786,0.049362995,1.0
400,29,0.36681417,0.057282295,0.0121195605,1.0
400,30,-0.28615114,0.0,0.013011973,1.0
400,31,0.34110856,0.025171693,-0.01905619,1.0
400,32,-0.37677446,0.00015454355,-0.03670943,1.0
401,0,-0.0113462955,1.4550331,-0.22292611,1.0
401,1,0.011358338,1.4679086,-0.21837543,1.0
401,2,0.014347889,1.4701812,-0.2096835,1.0
401,3,0.0070144115,1.4693239,-0.21113798,1.0
401,4,-0.0066043963,1.4727762,-0.22917452,1.0
401,5,-0.0030280761,1.4756641,-0.23500806,1.0
401,6,-0.0048613492,1.466445,-0.21812129,1.0
401,7,0.09705469,1.4397395,-0.14458522,1.0
401,8,-0.038951647,1.4132786,-0.10102571,1.0
401,9,0.034072395,1.4343686,-0.19029105,1.0
401,10,-0.002755499,1.4061663,-0.20165427,1.0
401,11,0.14133954,1.3195597,-0.09223682,1.0
401,12,-0.076485306,1.3558886,0.061346795,1.0
401,13,0.22525123,1.4344302,-0.1671038,1.0
401,14,-0.18257853,1.3531113,0.038039416,1.0
401,15,0.38231385,1.5271813,-0.14610216,1.0
401,16,-0.10792188,1.4787381,0.03752967,1.0
401,17,0.42118928,1.5667384,-0.16268332,1.0
401,18,-0.051950842,1.5020237,0.008195682,1.0
401,19,0.4123636,1.5566807,-0.17165251,1.0
401,20,0.00065718335,1.5566237,0.005822855,1.0
401,21,0.39717394,1.5126097,-0.15599117,1.0
401,22,-0.083860345,1.5070527,0.03345537,1.0
401,23,0.07912404,0.7999349,-0.025011908,1.0
401,24,-0.07688788,0.7784524,0.02956187,1.0
401,25,0.18816237,0.40544438,-0.06763731,1.0
401,26,-0.12620014,0.45352185,0.018145654,1.0
401,27,0.37936977,0.08353302,0.005951181,1.0
401,28,-0.25760412,0.031151727,0.05332225,1.0
401,29,0.37589124,0.05432106,0.018099623,1.0
401,30,-0.2774906,0.0,0.018304657,1.0
401,31,0.34745345,0.024282651,-0.014164263,1.0
401,32,-0.37021887,0.0013510943,-0.029581025,1.0
402,0,-0.014355883,1.4501331,-0.23818126,1.0
402,1,0.01619444,1.4608703,-0.22267035,1.0
402,2,0.023463497,1.4658794,-0.21154265,1.0
402,3,0.023919292,1.464371,-0.21471743,1.0
402,4,-0.00026285904,1.4940703,-0.22996745,1.0
402,5,0.0025762666,1.4790871,-0.25544912,1.0
402,6,0.00712186,1.4621823,-0.2244918,1.0
402,7,0.101503305,1.4280963,-0.15183917,1.0
402,8,-0.03228671,1.3890419,-0.10815444,1.0
402,9,0.039119933,1.4229422,-0.18602154,1.0
402,10,-0.017607724,1.3967235,-0.20347771,1.0
402,11,0.14427537,1.315001,-0.09793742,1.0
402,12,-0.07406187,1.3609746,0.057693735,1.0
402,13,0.23091397,1.4412442,-0.1620579,1.0
402,14,-0.1844433,1.3511544,0.089042425,1.0
402,15,0.38531452,1.5601158,-0.12968199,1.0
402,16,-0.10702728,1.4784021,0.13005793,1.0
402,17,0.41655952,1.6055007,-0.12847497,1.0
402,18,-0.05183655,1.5237677,0.08077797,1.0
402,19,0.40584284,1.608748,-0.14467719,1.0
402,20,0.0022471147,1.5713732,0.08542807,1.0
402,21,0.39250013,1.5472081,-0.14000697,1.0
402,22,-0.08269608,1.5207684,0.118848346,1.0
402,23,0.07808529,0.79792786,-0.02462959,1.0
402,24,-0.082262754,0.7853535,0.022313252,1.0
402,25,0.1886239,0.40507683,-0.07455296,1.0
402,26,-0.11498661,0.46026215,0.02146255,1.0
402,27,0.38460618,0.07863176,-0.0034600943,1.0
402,28,-0.24470767,0.03763029,0.06971564,1.0
402,29,0.3882978,0.048413455,0.0046229446,1.0
402,30,-0.26023132,0.0022552237,0.03838197,1.0
402,31,0.3471716,0.013510823,-0.017971735,1.0
402,32,-0.35871243,0.0036176802,-0.00043856725,1.0
403,0,-0.00062542624,1.4483309,-0.23065461,1.0
403,1,0.026047127,1.4617,-0.21782903,1.0
403,2,0.027308902,1.4628606,-0.2089087,1.0
403,3,0.026830373,1.4641669,-0.20942129,1.0
403,4,0.008197149,1.4810398,-0.22695382,1.0
403,5,0.008212074,1.4758892,-0.2430585,1.0
403,6,0.016166497,1.4619055,-0.21691969,1.0
403,7,0.105929784,1.4299097,-0.14710441,1.0
403,8,-0.027498666,1.3960557,-0.10117922,1.0
403,9,0.047332186,1.4242141,-0.18449509,1.0
403,10,-0.0030996941,1.3975258,-0.20265138,1.0
403,11,0.14421926,1.3159829,-0.092587456,1.0
403,12,-0.06988658,1.3570776,0.06758885,1.0
403,13,0.22921026,1.4520891,-0.1388179,1.0
403,14,-0.17126647,1.3621542,0.09946488,1.0
403,15,0.38251078,1.5789875,-0.095354006,1.0
403,16,-0.09783363,1.4880006,0.12884381,1.0
403,17,0.41398093,1.6264658,-0.09896526,1.0
403,18,-0.04147223,1.527601,0.0909612,1.0
403,19,0.4063758,1.6321077,-0.115731865,1.0
403,20,0.013115084,1.5779159,0.08636176,1.0
403,21,0.39383072,1.5658684,-0.10670159,1.0
403,22,-0.07272235,1.5208392,0.11859771,1.0
403,23,0.07792959,0.7989361,-0.023349097,1.0
403,24,-0.08121492,0.7821191,0.025561571,1.0
403,25,0.18865329,0.40956724,-0.07114902,1.0
403,26,-0.12165658,0.45801878,0.021272179,1.0
403,27,0.39190042,0.07991262,-0.0040911697,1.0
403,28,-0.24556133,0.0325419,0.06731367,1.0
403,29,0.39065385,0.04928752,0.0038692553,1.0
403,30,-0.26294154,0.0,0.03495718,1.0
403,31,0.3491489,0.01599105,-0.020112833,1.0
403,32,-0.3587885,2.8457958e-05,-0.00539401,1.0
404,0,0.013467568,1.4464326,-0.21845815,1.0
404,1,0.033108264,1.4627447,-0.21251647,1.0
404,2,0.031986706,1.4612525,-0.20480752,1.0
404,3,0.029288393,1.4624481,-0.20400262,1.0
404,4,0.016213974,1.4667592,-0.2221449,1.0
404,5,0.017412059,1.4696684,-0.22876553,1.0
404,6,0.02350159,1.4589751,-0.20920675,1.0
404,7,0.10892226,1.4334161,-0.13958521,1.0
404,8,-0.023015827,1.4016552,-0.094967455,1.0
404,9,0.05488215,1.42655,-0.18310915,1.0
404,10,0.01568023,1.397115,-0.198933,1.0
404,11,0.14591573,1.3163369,-0.085163146,1.0
404,12,-0.062325463,1.3485746,0.07564254,1.0
404,13,0.22684366,1.4658749,-0.11334473,1.0
404,14,-0.15868935,1.3654383,0.10642375,1.0
404,15,0.37804884,1.6027135,-0.061190113,1.0
404,16,-0.08922903,1.491889,0.13902524,1.0
404,17,0.41139108,1.6575274,-0.06824918,1.0
404,18,-0.032236546,1.5231513,0.11466694,1.0
404,19,0.40702057,1.6630172,-0.081671506,1.0
404,20,0.020123798,1.5766661,0.10649319,1.0
404,21,0.39601213,1.5937531,-0.07112684,1.0
404,22,-0.06422484,1.51761,0.13313699,1.0
404,23,0.07722469,0.7997915,-0.023489146,1.0
404,24,-0.078501955,0.7776001,0.030611286,1.0
404,25,0.188218,0.41382286,-0.06564935,1.0
404,26,-0.12351565,0.45512894,0.01943624,1.0
404,27,0.3968858,0.08035079,-0.0074442104,1.0
404,28,-0.24751541,0.027701467,0.06487796,1.0
404,29,0.3937286,0.049955465,0.00019812025,1.0
404,30,-0.26792958,0.0,0.03051079,1.0
404,31,0.35046995,0.0198588,-0.029802851,1.0
404,32,-0.36208987,0.00026260957,-0.011294332,1.0
405,0,0.019527914,1.4425364,-0.21169966,1.0
405,1,0.03820946,1.4596756,-0.20166603,1.0
405,2,0.03952839,1.4580336,-0.19247396,1.0
405,3,0.036286287,1.4580853,-0.19090134,1.0
405,4,0.023729552,1.4635551,-0.21381699,1.0
405,5,0.024205662,1.466254,-0.21875352,1.0
405,6,0.031347346,1.4531951,-0.20082952,1.0
405,7,0.112617,1.4302711,-0.12368779,1.0
405,8,-0.019951236,1.3946047,-0.091169685,1.0
405,9,0.06213129,1.4224427,-0.17093407,1.0
405,10,0.021043573,1.3924273,-0.18958688,1.0
405,11,0.14952731,1.3148555,-0.07332369,1.0
405,12,-0.057404876,1.3466527,0.08725832,1.0
405,13,0.2276006,1.4731863,-0.09933594,1.0
405,14,-0.15082133,1.3651632,0.1262174,1.0
405,15,0.37661868,1.6282477,-0.051237527,1.0
405,16,-0.086404786,1.4951648,0.16269591,1.0
405,17,0.40538377,1.6893392,-0.059118062,1.0
405,18,-0.032647166,1.5319247,0.13358635,1.0
405,19,0.40458515,1.6984384,-0.07191979,1.0
405,20,0.021986758,1.5853848,0.12573157,1.0
405,21,0.39284924,1.6212723,-0.0608076,1.0
405,22,-0.06339938,1.5259271,0.15666647,1.0
405,23,0.0761694,0.799525,-0.022269877,1.0
405,24,-0.08016218,0.778471,0.029521117,1.0
405,25,0.18806082,0.41645235,-0.06736281,1.0
405,26,-0.11801617,0.4596514,0.01973107,1.0
405,27,0.39779305,0.07903808,-0.018497214,1.0
405,28,-0.24033102,0.03218618,0.07385486,1.0
405,29,0.39537466,0.047992688,-0.012592763,1.0
405,30,-0.26117364,0.0,0.040588755,1.0
405,31,0.3504429,0.020731715,-0.045046788,1.0
405,32,-0.358985,0.0047150473,0.00043341517,1.0
406,0,0.0136137465,1.4371009,-0.19075164,1.0
406,1,0.035308763,1.4517047,-0.17898512,1.0
406,2,0.03853841,1.4549866,-0.17019048,1.0
406,3,0.03671337,1.4518533,-0.1697068,1.0
406,4,0.021514803,1.4632688,-0.18993996,1.0
406,5,0.022442084,1.4616315,-0.2011506,1.0
406,6,0.027990956,1.4441941,-0.17728764,1.0
406,7,0.11218841,1.421499,-0.1095718,1.0
406,8,-0.021210115,1.3801258,-0.070535704,1.0
406,9,0.06126611,1.4135132,-0.1501746,1.0
406,10,0.0168278,1.3825939,-0.16636394,1.0
406,11,0.15038712,1.3104945,-0.060727347,1.0
406,12,-0.05055107,1.3400884,0.10686204,1.0
406,13,0.22841468,1.478699,-0.0991279,1.0
406,14,-0.14519545,1.3640118,0.14789152,1.0
406,15,0.36425728,1.6444476,-0.054850936,1.0
406,16,-0.0836042,1.4959521,0.1907449,1.0
406,17,0.39056915,1.705106,-0.05985693,1.0
406,18,-0.030252779,1.5376403,0.15665817,1.0
406,19,0.38751656,1.7124114,-0.07029681,1.0
406,20,0.02168959,1.5873547,0.15258925,1.0
406,21,0.37471503,1.6358216,-0.06433593,1.0
406,22,-0.06090938,1.5311787,0.18504357,1.0
406,23,0.07768179,0.7950376,-0.024451632,1.0
406,24,-0.077317245,0.776288,0.02674295,1.0
406,25,0.18934314,0.41478294,-0.07444303,1.0
406,26,-0.113070875,0.46260262,0.02033525,1.0
406,27,0.39779744,0.074016124,-0.04762105,1.0
406,28,-0.23272118,0.035733104,0.07414588,1.0
406,29,0.39807302,0.04291838,-0.043940872,1.0
406,30,-0.25182047,0.0013076626,0.04113761,1.0
406,31,0.34880164,0.019431684,-0.0772095,1.0
406,32,-0.34909242,0.00787296,-0.0002606362,1.0
407,0,0.01286239,1.4338675,-0.17530137,1.0
407,1,0.031906795,1.4468706,-0.1659296,1.0
407,2,0.036391716,1.4516873,-0.15852936,1.0
407,3,0.03287176,1.4468307,-0.1584406,1.0
407,4,0.019684687,1.4566033,-0.1765772,1.0
407,5,0.02132691,1.456794,-0.18782909,1.0
407,6,0.02469051,1.4388473,-0.1637228,1.0
407,7,0.11235229,1.4192615,-0.10170793,1.0
407,8,-0.019891566,1.3775406,-0.060459293,1.0
407,9,0.061027296,1.4097471,-0.13911709,1.0
407,10,0.019557603,1.37748,-0.15404777,1.0
407,11,0.1512174,1.3101257,-0.054634072,1.0
407,12,-0.03973864,1.3358914,0.11741071,1.0
407,13,0.22133514,1.4919242,-0.09862842,1.0
407,14,-0.13078001,1.3650925,0.15430379,1.0
407,15,0.3451957,1.6664438,-0.050023984,1.0
407,16,-0.06783981,1.4961629,0.19984327,1.0
407,17,0.37243986,1.7272,-0.05625034,1.0
407,18,-0.013092985,1.5353506,0.16959853,1.0
407,19,0.36790738,1.7303386,-0.06124397,1.0
407,20,0.038714435,1.5856204,0.16481829,1.0
407,21,0.3559071,1.6563194,-0.058985442,1.0
407,22,-0.043818295,1.530194,0.19457632,1.0
407,23,0.0767656,0.7946687,-0.026222995,1.0
407,24,-0.072087854,0.774001,0.027915185,1.0
407,25,0.18743557,0.41799614,-0.07892695,1.0
407,26,-0.11243455,0.46309194,0.023029087,1.0
407,27,0.39683527,0.073940635,-0.06951743,1.0
407,28,-0.23098287,0.038143367,0.07270206,1.0
407,29,0.39670718,0.04278681,-0.06720659,1.0
407,30,-0.25008103,0.004123804,0.038779065,1.0
407,31,0.3454052,0.021071706,-0.09744088,1.0
407,32,-0.34987956,0.0119910175,-0.0015359372,1.0
408,0,0.011558472,1.4303107,-0.16581249,1.0
408,1,0.0325839,1.4414032,-0.15509616,1.0
408,2,0.038509022,1.4458551,-0.14733338,1.0
408,3,0.03575513,1.4417591,-0.1469813,1.0
408,4,0.018011713,1.4579937,-0.16232745,1.0
408,5,0.021131737,1.4521053,-0.1798075,1.0
408,6,0.025764894,1.4339833,-0.15359396,1.0
408,7,0.11219868,1.4163598,-0.09467637,1.0
408,8,-0.01719046,1.3677053,-0.04982273,1.0
408,9,0.059657417,1.4059527,-0.12485156,1.0
408,10,0.014944568,1.3718884,-0.14198841,1.0
408,11,0.1526892,1.3096824,-0.053090997,1.0
408,12,-0.034035254,1.3355558,0.13479823,1.0
408,13,0.21429951,1.5044924,-0.10228926,1.0
408,14,-0.12172656,1.3652078,0.1876463,1.0
408,15,0.32751393,1.6864619,-0.0561404,1.0
408,16,-0.058911085,1.4954106,0.23983368,1.0
408,17,0.34958234,1.7456509,-0.06028241,1.0
408,18,-0.004954216,1.5338805,0.21202077,1.0
408,19,0.34537274,1.7489203,-0.06272609,1.0
408,20,0.04712927,1.580549,0.20710461,1.0
408,21,0.33694822,1.6754365,-0.06523217,1.0
408,22,-0.033917006,1.5289898,0.23388186,1.0
408,23,0.07549332,0.7949381,-0.027552335,1.0
408,24,-0.07319775,0.77636707,0.029102368,1.0
408,25,0.18766469,0.41847277,-0.09682818,1.0
408,26,-0.107312486,0.46592298,0.024350569,1.0
408,27,0.40109518,0.07501596,-0.079590544,1.0
408,28,-0.21973465,0.04215923,0.079058215,1.0
408,29,0.40266213,0.04371013,-0.079219274,1.0
408,30,-0.23553559,0.0074652545,0.0452887,1.0
408,31,0.3463099,0.016784536,-0.10569084,1.0
408,32,-0.33350712,0.014225671,0.00965942,1.0
409,0,0.010365949,1.4281292,-0.15295438,1.0
409,1,0.029718574,1.4406327,-0.1445159,1.0
409,2,0.03236877,1.4457734,-0.13714468,1.0
409,3,0.031501878,1.4421675,-0.13611695,1.0
409,4,0.018410416,1.4536558,-0.15109394,1.0
409,5,0.01927644,1.4513729,-0.1663184,1.0
409,6,0.0241779,1.4323571,-0.140082,1.0
409,7,0.10952621,1.4151931,-0.09074113,1.0
409,8,-0.016509727,1.3681389,-0.03773447,1.0
409,9,0.0597614,1.4051979,-0.11681485,1.0
409,10,0.016884375,1.3705289,-0.13105188,1.0
409,11,0.1496219,1.3101085,-0.04983884,1.0
409,12,-0.031216383,1.3325245,0.14596847,1.0
409,13,0.20618758,1.5160477,-0.098649815,1.0
409,14,-0.11621521,1.3666177,0.19051997,1.0
409,15,0.3071748,1.6982229,-0.048669737,1.0
409,16,-0.046798483,1.4929113,0.22985028,1.0
409,17,0.32678667,1.7582023,-0.05579553,1.0
409,18,0.010210764,1.5314537,0.20055282,1.0
409,19,0.32030287,1.7616583,-0.060836773,1.0
409,20,0.06120864,1.5728598,0.19470195,1.0
409,21,0.3140458,1.6854312,-0.057821244,1.0
409,22,-0.022785895,1.5265849,0.22444801,1.0
409,23,0.07631721,0.79497576,-0.028208464,1.0
409,24,-0.07212063,0.77530056,0.029984724,1.0
409,25,0.19007313,0.42065284,-0.09436288,1.0
409,26,-0.11767621,0.46358883,0.018822042,1.0
409,27,0.4107154,0.07808203,-0.07641739,1.0
409,28,-0.23282874,0.033486634,0.0648823,1.0
409,29,0.41342193,0.04695164,-0.075136505,1.0
409,30,-0.25047052,0.0,0.029046599,1.0
409,31,0.34787995,0.02538617,-0.10032505,1.0
409,32,-0.35289842,1.7205835e-05,-0.01626281,1.0
410,0,0.009536596,1.4260086,-0.15491827,1.0
410,1,0.027822282,1.4389992,-0.14840369,1.0
410,2,0.02730988,1.4443551,-0.13969834,1.0
410,3,0.027261509,1.4403722,-0.13953617,1.0
410,4,0.017653879,1.447454,-0.1561448,1.0
410,5,0.017822819,1.4473203,-0.16724409,1.0
410,6,0.022571415,1.4312164,-0.14221098,1.0
410,7,0.10783023,1.4148664,-0.09251598,1.0
410,8,-0.017039105,1.3692856,-0.039052047,1.0
410,9,0.058445614,1.4048828,-0.12083866,1.0
410,10,0.019931458,1.3703438,-0.1350913,1.0
410,11,0.14684638,1.3098524,-0.049030088,1.0
410,12,-0.031099021,1.3298433,0.14558586,1.0
410,13,0.19562393,1.5233767,-0.09884774,1.0
410,14,-0.119711414,1.3686534,0.18418336,1.0
410,15,0.28592646,1.7110816,-0.040861122,1.0
410,16,-0.049026534,1.492274,0.21567897,1.0
410,17,0.3053646,1.775871,-0.05129168,1.0
410,18,0.008926734,1.5280871,0.18876436,1.0
410,19,0.29764855,1.7817245,-0.0552739,1.0
410,20,0.062791735,1.5696874,0.18222447,1.0
410,21,0.29462492,1.7009277,-0.049683496,1.0
410,22,-0.023482833,1.5232347,0.21108383,1.0
410,23,0.07595255,0.79403627,-0.030140273,1.0
410,24,-0.071181186,0.773189,0.032924697,1.0
410,25,0.18644473,0.420205,-0.09131062,1.0
410,26,-0.12304935,0.461811,0.017342664,1.0
410,27,0.41307357,0.07996741,-0.059493333,1.0
410,28,-0.2339164,0.031775698,0.060942464,1.0
410,29,0.4157323,0.04915573,-0.054990616,1.0
410,30,-0.25313395,0.0,0.023716234,1.0
410,31,0.34797055,0.0314038,-0.08647696,1.0
410,32,-0.35604286,2.7507893e-05,-0.02425487,1.0
411,0,0.008180329,1.4241395,-0.1545299,1.0
411,1,0.02741716,1.4380796,-0.14579824,1.0
411,2,0.03332495,1.4401557,-0.13562968,1.0
411,3,0.032018647,1.4361217,-0.13624094,1.0
411,4,0.01829505,1.4513195,-0.1523841,1.0
411,5,0.019224692,1.4455168,-0.16391231,1.0
411,6,0.023901206,1.4280744,-0.1422611,1.0
411,7,0.1116004,1.4126563,-0.08479948,1.0
411,8,-0.016171472,1.3652592,-0.03645246,1.0
411,9,0.057698667,1.4030933,-0.11407852,1.0
411,10,0.014922837,1.3671432,-0.12939233,1.0
411,11,0.14980197,1.3089051,-0.048392892,1.0
411,12,-0.029166624,1.3350457,0.14641118,1.0
411,13,0.18996392,1.5268896,-0.0870308,1.0
411,14,-0.11612858,1.3706199,0.18167247,1.0
411,15,0.27081227,1.7143757,-0.021907812,1.0
411,16,-0.040109,1.4931135,0.20016576,1.0
411,17,0.28380767,1.7764044,-0.029969485,1.0
411,18,0.018541755,1.5304439,0.16509144,1.0
411,19,0.27490804,1.7827826,-0.031832714,1.0
411,20,0.0736536,1.5689294,0.16474187,1.0
411,21,0.2781852,1.7090704,-0.026771994,1.0
411,22,-0.014636427,1.528919,0.19633363,1.0
411,23,0.07371511,0.79399496,-0.02974181,1.0
411,24,-0.075647436,0.7775317,0.031721458,1.0
411,25,0.1861527,0.42106056,-0.09225716,1.0
411,26,-0.12327778,0.46458548,0.013179399,1.0
411,27,0.41524965,0.089713484,-0.024279244,1.0
411,28,-0.23432675,0.038590938,0.057623744,1.0
411,29,0.42047226,0.059908144,-0.017355999,1.0
411,30,-0.25118035,0.0038767904,0.021859314,1.0
411,31,0.35729575,0.03586884,-0.046870887,1.0
411,32,-0.35476565,0.003468009,-0.02268583,1.0
412,0,0.013686039,1.4161165,-0.15706877,1.0
412,1,0.030216172,1.4324324,-0.14770438,1.0
412,2,0.035455152,1.4305832,-0.13821691,1.0
412,3,0.032767,1.4282596,-0.13773689,1.0
412,4,0.021139814,1.439045,-0.15545425,1.0
412,5,0.01999443,1.437401,-0.16148238,1.0
412,6,0.02664201,1.4222808,-0.14436394,1.0
412,7,0.11089027,1.4098594,-0.08410757,1.0
412,8,-0.014332459,1.3630638,-0.0347863,1.0
412,9,0.05955318,1.3973315,-0.11646917,1.0
412,10,0.019923296,1.3625293,-0.13311695,1.0
412,11,0.14975917,1.3065522,-0.04693616,1.0
412,12,-0.029659897,1.3312019,0.14470011,1.0
412,13,0.18800378,1.5332152,-0.0775011,1.0
412,14,-0.11608599,1.3686705,0.17061515,1.0
412,15,0.25826067,1.726152,-0.012811283,1.0
412,16,-0.041871138,1.4860988,0.17483848,1.0
412,17,0.267545,1.7881823,-0.024259193,1.0
412,18,0.015035139,1.5176568,0.13826132,1.0
412,19,0.25824764,1.7990565,-0.026291566,1.0
412,20,0.07221571,1.5604801,0.13650504,1.0
412,21,0.26562554,1.7235179,-0.017714644,1.0
412,22,-0.01511634,1.5174973,0.17003039,1.0
412,23,0.07280928,0.7917979,-0.026882235,1.0
412,24,-0.077785864,0.7749839,0.031119239,1.0
412,25,0.18491372,0.4216941,-0.08052528,1.0
412,26,-0.12484964,0.46045196,0.0072885286,1.0
412,27,0.41446018,0.09461186,-0.0013887417,1.0
412,28,-0.23294014,0.036696523,0.05128984,1.0
412,29,0.41681683,0.06427017,0.006622023,1.0
412,30,-0.24951391,0.0024984116,0.015428274,1.0
412,31,0.35464805,0.03893982,-0.021614745,1.0
412,32,-0.34467798,0.0,-0.027974043,1.0
413,0,0.014400766,1.4095337,-0.13569012,1.0
413,1,0.029388392,1.4268382,-0.12974569,1.0
413,2,0.029696042,1.4261351,-0.122719094,1.0
413,3,0.026557332,1.4232116,-0.1217873,1.0
413,4,0.02018087,1.423425,-0.13908444,1.0
413,5,0.017416865,1.4294231,-0.13956007,1.0
413,6,0.021974886,1.4162991,-0.12514256,1.0
413,7,0.108270034,1.4071815,-0.0744281,1.0
413,8,-0.0134783825,1.3630786,-0.022507042,1.0
413,9,0.0584794,1.3943281,-0.10464564,1.0
413,10,0.028152179,1.3584316,-0.11950253,1.0
413,11,0.15053637,1.3053666,-0.034273025,1.0
413,12,-0.028150931,1.3219123,0.14856645,1.0
413,13,0.18621707,1.5292268,-0.06974907,1.0
413,14,-0.11338682,1.3621819,0.1723067,1.0
413,15,0.24215649,1.7221322,-0.009251274,1.0
413,16,-0.040288612,1.4724019,0.16293514,1.0
413,17,0.25234973,1.7854114,-0.028183777,1.0
413,18,0.019652313,1.4918492,0.13114953,1.0
413,19,0.24022537,1.7955496,-0.026824,1.0
413,20,0.073225245,1.5373075,0.12656352,1.0
413,21,0.24883157,1.720979,-0.015658023,1.0
413,22,-0.012098348,1.495579,0.1580773,1.0
413,23,0.076948985,0.79071283,-0.0236503,1.0
413,24,-0.07449934,0.7701628,0.029275551,1.0
413,25,0.18591675,0.42118558,-0.07163644,1.0
413,26,-0.1316382,0.45242915,-0.010687191,1.0
413,27,0.41306454,0.100922346,0.0114191845,1.0
413,28,-0.23639372,0.032326847,0.038570076,1.0
413,29,0.411815,0.072079465,0.022183992,1.0
413,30,-0.25473022,0.0,0.0033820197,1.0
413,31,0.3530082,0.054152533,-0.009722173,1.0
413,32,-0.343809,3.862985e-05,-0.046104457,1.0
414,0,0.016093755,1.4047794,-0.11535908,1.0
414,1,0.030621635,1.4201057,-0.11174349,1.0
414,2,0.029705703,1.4224186,-0.10623016,1.0
414,3,0.026655136,1.4196472,-0.106433615,1.0
414,4,0.021756541,1.4163172,-0.123467974,1.0
414,5,0.018571828,1.4257464,-0.12549084,1.0
414,6,0.019567166,1.4119039,-0.10761087,1.0
414,7,0.11021146,1.4023731,-0.056488533,1.0
414,8,-0.010277625,1.3630652,-0.010966712,1.0
414,9,0.06171508,1.3912568,-0.09168011,1.0
414,10,0.032919265,1.3540635,-0.10224454,1.0
414,11,0.15295419,1.3034482,-0.015951928,1.0
414,12,-0.026721012,1.3178818,0.15352744,1.0
414,13,0.18492466,1.5210283,-0.058450602,1.0
414,14,-0.10938343,1.3505324,0.16340746,1.0
414,15,0.22592172,1.7141095,-0.013603692,1.0
414,16,-0.040414505,1.4451714,0.13144124,1.0
414,17,0.23474312,1.7764101,-0.03528315,1.0
414,18,0.019973934,1.4589956,0.10098606,1.0
414,19,0.21825765,1.7870567,-0.029296586,1.0
414,20,0.068019144,1.5030994,0.096548095,1.0
414,21,0.23121513,1.7127554,-0.015952976,1.0
414,22,-0.012918206,1.4672034,0.12698418,1.0
414,23,0.0787414,0.7894198,-0.021462606,1.0
414,24,-0.071611196,0.7662753,0.028223364,1.0
414,25,0.1869443,0.41956398,-0.066756904,1.0
414,26,-0.13380158,0.44547898,-0.011996409,1.0
414,27,0.4134456,0.10857731,0.011212513,1.0
414,28,-0.23591882,0.028624922,0.0371434,1.0
414,29,0.41254064,0.080873735,0.021019828,1.0
414,30,-0.25715303,0.0,0.0016930103,1.0
414,31,0.36406723,0.07107322,-0.011769388,1.0
414,32,-0.33790198,0.00019444572,-0.048113957,1.0
415,0,0.013650833,1.3931336,-0.117187366,1.0
415,1,0.03620617,1.4065418,-0.10003207,1.0
415,2,0.04070393,1.4109609,-0.093355365,1.0
415,3,0.046543043,1.4106033,-0.093191594,1.0
415,4,0.027791623,1.435487,-0.10676061,1.0
415,5,0.024793029,1.421962,-0.13203001,1.0
415,6,0.031730924,1.4008479,-0.09983527,1.0
415,7,0.1155451,1.3850636,-0.048412636,1.0
415,8,-0.001589058,1.3319364,-0.0015254305,1.0
415,9,0.06620401,1.377023,-0.071712926,1.0
415,10,0.01570406,1.338103,-0.087342724,1.0
415,11,0.1609706,1.296211,-0.0059397304,1.0
415,12,-0.025050238,1.320289,0.15362753,1.0
415,13,0.18953893,1.5128309,-0.06131488,1.0
415,14,-0.10080849,1.3366071,0.17411858,1.0
415,15,0.22709101,1.7110993,-0.039963424,1.0
415,16,-0.04482747,1.4239963,0.184924,1.0
415,17,0.22121842,1.7675955,-0.0451149,1.0
415,18,0.016429808,1.4610493,0.14095438,1.0
415,19,0.20480245,1.7920866,-0.05038072,1.0
415,20,0.054326613,1.4978604,0.14152259,1.0
415,21,0.22179425,1.7099187,-0.042021416,1.0
415,22,-0.016958695,1.4630628,0.17567062,1.0
415,23,0.0767295,0.7825958,-0.016756073,1.0
415,24,-0.0800161,0.7709425,0.017193627,1.0
415,25,0.19332162,0.41819376,-0.075651765,1.0
415,26,-0.12170574,0.4423669,-0.019089118,1.0
415,27,0.41260076,0.10828316,-0.00693132,1.0
415,28,-0.22026166,0.0313555,0.04051739,1.0
415,29,0.4216731,0.08194819,-0.00046833418,1.0
415,30,-0.23167011,0.0,0.0062086927,1.0
415,31,0.36952716,0.07176741,-0.026309283,1.0
415,32,-0.30170256,3.8571423e-05,-0.039452545,1.0
416,0,0.01808045,1.3884838,-0.124002405,1.0
416,1,0.039695248,1.4023855,-0.10626236,1.0
416,2,0.043488964,1.4080769,-0.097302236,1.0
416,3,0.05207657,1.4068224,-0.097026736,1.0
416,4,0.031829253,1.439413,-0.11155339,1.0
416,5,0.029478831,1.4203591,-0.14199314,1.0
416,6,0.03740631,1.3968619,-0.10657494,1.0
416,7,0.11516791,1.3796681,-0.052188367,1.0
416,8,0.0026749396,1.3226025,-0.008123093,1.0
416,9,0.06873982,1.3713049,-0.07395432,1.0
416,10,0.014350383,1.332107,-0.0928868,1.0
416,11,0.16564253,1.2922984,-0.011269273,1.0
416,12,-0.025747603,1.3194122,0.14710605,1.0
416,13,0.19002132,1.5076617,-0.069037765,1.0
416,14,-0.10104065,1.3318869,0.15950257,1.0
416,15,0.21690926,1.7099441,-0.047565535,1.0
416,16,-0.048211556,1.4144006,0.14074135,1.0
416,17,0.20273387,1.7641333,-0.048221607,1.0
416,18,0.015567774,1.4579328,0.08332817,1.0
416,19,0.18877862,1.7945204,-0.057961732,1.0
416,20,0.052920513,1.4915742,0.08218985,1.0
416,21,0.20837446,1.709166,-0.053114377,1.0
416,22,-0.019651573,1.4573033,0.12701528,1.0
416,23,0.07834377,0.7784687,-0.013959741,1.0
416,24,-0.081210904,0.7702438,0.011174379,1.0
416,25,0.1963062,0.4202239,-0.07731835,1.0
416,26,-0.11900595,0.44116807,-0.020793011,1.0
416,27,0.4095918,0.10881975,-0.008051552,1.0
416,28,-0.21476132,0.03426534,0.04397296,1.0
416,29,0.42482218,0.08565493,-0.0021998063,1.0
416,30,-0.22264221,0.0,0.011179336,1.0
416,31,0.37225497,0.078095935,-0.023395251,1.0
416,32,-0.2883467,0.0,-0.03441843,1.0
417,0,0.022140745,1.3878206,-0.106477395,1.0
417,1,0.038471837,1.3998681,-0.10429674,1.0
417,2,0.03561819,1.4094692,-0.093896,1.0
417,3,0.03714788,1.4041928,-0.09701608,1.0
417,4,0.026628029,1.4109854,-0.1135064,1.0
417,5,0.027225345,1.408835,-0.12281846,1.0
417,6,0.025702007,1.3927462,-0.09680085,1.0
417,7,0.11647535,1.3858365,-0.05078281,1.0
417,8,-0.003988924,1.3383566,0.0025142757,1.0
417,9,0.068448104,1.371436,-0.07746633,1.0
417,10,0.03522079,1.3342861,-0.08733942,1.0
417,11,0.17117584,1.2881215,-0.005136174,1.0
417,12,-0.021620125,1.3076158,0.1458888,1.0
417,13,0.18722884,1.5029659,-0.07223506,1.0
417,14,-0.09214054,1.3202477,0.07319885,1.0
417,15,0.20303272,1.7065368,-0.034192726,1.0
417,16,-0.038244028,1.3997928,0.045881584,1.0
417,17,0.20147355,1.7686958,-0.054258436,1.0
417,18,0.022496408,1.415402,-0.040933806,1.0
417,19,0.18117566,1.788447,-0.044549238,1.0
417,20,0.061501466,1.4676542,-0.0035612509,1.0
417,21,0.20233864,1.7110376,-0.036001783,1.0
417,22,-0.011390273,1.4312676,0.038695563,1.0
417,23,0.08460812,0.7722516,-0.01980872,1.0
417,24,-0.07241124,0.75722563,0.018992849,1.0
417,25,0.19603795,0.41085228,-0.06709412,1.0
417,26,-0.122603625,0.43567827,-0.017261729,1.0
417,27,0.40858972,0.10015286,0.0012604799,1.0
417,28,-0.20178515,0.04119593,0.054059222,1.0
417,29,0.4098017,0.074314274,0.0121329855,1.0
417,30,-0.21348254,0.010046802,0.021302033,1.0
417,31,0.3702651,0.08676088,-0.028312746,1.0
417,32,-0.26074356,0.0012098877,-0.032174755,1.0
418,0,0.026790198,1.3879819,-0.11022583,1.0
418,1,0.03871364,1.4008231,-0.11093767,1.0
418,2,0.041095212,1.4084494,-0.09962146,1.0
418,3,0.037775904,1.4012108,-0.10293414,1.0
418,4,0.02629112,1.4064922,-0.11974605,1.0
418,5,0.03112741,1.4047644,-0.123933025,1.0
418,6,0.02488178,1.3896654,-0.105483785,1.0
418,7,0.12165105,1.3855014,-0.05219378,1.0
418,8,-0.004789985,1.3402035,-0.0050062113,1.0
418,9,0.07030413,1.3719311,-0.08366928,1.0
418,10,0.041871168,1.3320923,-0.09212996,1.0
418,11,0.17974997,1.2861614,-0.007310981,1.0
418,12,-0.018734679,1.3083704,0.13731258,1.0
418,13,0.1904211,1.5002848,-0.07444978,1.0
418,14,-0.09286454,1.3034098,0.031486385,1.0
418,15,0.19977051,1.702404,-0.03239222,1.0
418,16,-0.03756134,1.3731383,-0.097452685,1.0
418,17,0.19212125,1.7646556,-0.05370624,1.0
418,18,0.02076601,1.387341,-0.15184358,1.0
418,19,0.17402534,1.7777398,-0.039439544,1.0
418,20,0.059499748,1.432703,-0.14693578,1.0
418,21,0.19911961,1.7091439,-0.03313216,1.0
418,22,-0.009625363,1.3972776,-0.099546,1.0
418,23,0.08435431,0.7699835,-0.018584324,1.0
418,24,-0.07267995,0.7564116,0.019070504,1.0
418,25,0.19709593,0.4128063,-0.06456788,1.0
418,26,-0.11833677,0.43630475,-0.017325956,1.0
418,27,0.40690958,0.110406876,0.008826412,1.0
418,28,-0.19152579,0.045032576,0.054625504,1.0
418,29,0.41016653,0.086741164,0.022337139,1.0
418,30,-0.20063396,0.012992582,0.022634588,1.0
418,31,0.3835465,0.097469024,-0.022070285,1.0
418,32,-0.24268089,0.0050609326,-0.031234104,1.0
419,0,0.040137842,1.3829486,-0.119602025,1.0
419,1,0.046089515,1.4060423,-0.119252175,1.0
419,2,0.04105319,1.396404,-0.11074813,1.0
419,3,0.032782145,1.4036772,-0.106678136,1.0
419,4,0.027451746,1.3802962,-0.12988518,1.0
419,5,0.02530685,1.403306,-0.11683498,1.0
419,6,0.027755782,1.3928788,-0.11568205,1.0
419,7,0.11742378,1.3950212,-0.049365096,1.0
419,8,-1.1387747e-06,1.3524168,-0.013758057,1.0
419,9,0.07469253,1.3758357,-0.09941703,1.0
419,10,0.052594155,1.3380127,-0.11181457,1.0
419,11,0.18432364,1.283073,-0.01982904,1.0
419,12,-0.01825081,1.300842,0.113075204,1.0
419,13,0.19159894,1.5010204,-0.07016598,1.0
419,14,-0.10099477,1.2863945,-0.041027464,1.0
419,15,0.2046161,1.6996998,-0.014550969,1.0
419,16,-0.02418782,1.3668183,-0.063592605,1.0
419,17,0.19004999,1.7635841,-0.03608024,1.0
419,18,0.027493598,1.3512824,-0.24567878,1.0
419,19,0.18484184,1.777677,-0.029197624,1.0
419,20,0.072158396,1.436686,-0.115139954,1.0
419,21,0.21344693,1.6972764,-0.009232201,1.0
419,22,0.00045799435,1.3921945,-0.06837274,1.0
419,23,0.07805065,0.7691794,-0.0034040636,1.0
419,24,-0.0817445,0.75009686,0.01922228,1.0
419,25,0.20633858,0.41760853,-0.037244882,1.0
419,26,-0.13042197,0.43204117,-0.02483465,1.0
419,27,0.41684473,0.1266212,0.058613785,1.0
419,28,-0.17543066,0.039572507,0.05157213,1.0
419,29,0.4109622,0.10241476,0.07423215,1.0
419,30,-0.18543708,0.007300414,0.021108152,1.0
419,31,0.40745682,0.10567927,0.037205175,1.0
419,32,-0.22063485,0.0,-0.033722617,1.0
420,0,0.048023824,1.3694576,-0.1294816,1.0
420,1,0.055302974,1.394837,-0.11805008,1.0
420,2,0.055795137,1.390063,-0.113726035,1.0
420,3,0.053856514,1.3937336,-0.10768433,1.0
420,4,0.041696414,1.393681,-0.1286255,1.0
420,5,0.03942845,1.398519,-0.1370693,1.0
420,6,0.044352915,1.3797611,-0.12244736,1.0
420,7,0.12600192,1.3745215,-0.051502217,1.0
420,8,0.0036652335,1.3227334,-0.018369254,1.0
420,9,0.08624548,1.3556594,-0.094950594,1.0
420,10,0.048363186,1.3201041,-0.11339062,1.0
420,11,0.18530786,1.2702634,-0.019623414,1.0
420,12,-0.021705225,1.2970808,0.10806899,1.0
420,13,0.19650187,1.4866598,-0.059995793,1.0
420,14,-0.08430204,1.2738941,-0.007354237,1.0
420,15,0.20996721,1.6883869,-0.004628096,1.0
420,16,-0.008725941,1.3462361,-0.12811896,1.0
420,17,0.18596599,1.7395474,-0.011170742,1.0
420,18,0.043762825,1.3674994,-0.17908236,1.0
420,19,0.17786016,1.7605808,-0.017329546,1.0
420,20,0.085715614,1.4139969,-0.18186887,1.0
420,21,0.2055735,1.6806633,-0.0043380223,1.0
420,22,0.010554999,1.3688469,-0.13238277,1.0
420,23,0.07892844,0.7569074,-0.00010585459,1.0
420,24,-0.08358599,0.7468135,0.0041114367,1.0
420,25,0.2100526,0.41653314,-0.04724135,1.0
420,26,-0.12062454,0.42416975,-0.033251543,1.0
420,27,0.41472793,0.13041103,0.041893523,1.0
420,28,-0.17063886,0.035028517,0.052012663,1.0
420,29,0.41910324,0.114387594,0.06324884,1.0
420,30,-0.17202874,0.0,0.023589125,1.0
420,31,0.40318963,0.11496675,0.028220855,1.0
420,32,-0.2125459,0.0,-0.028495489,1.0
421,0,0.047732137,1.3737288,-0.1219742,1.0
421,1,0.06281453,1.3870974,-0.1157035,1.0
421,2,0.05622025,1.3970797,-0.10935653,1.0
421,3,0.055448294,1.3937826,-0.107307695,1.0
421,4,0.04191703,1.3967016,-0.12757467,1.0
421,5,0.048342574,1.3985465,-0.14626269,1.0
421,6,0.045389775,1.3840733,-0.11568561,1.0
421,7,0.13081273,1.3754376,-0.053747132,1.0
421,8,0.007330887,1.3269435,-0.015020873,1.0
421,9,0.09012775,1.353245,-0.09215162,1.0
421,10,0.05209996,1.3241205,-0.10825444,1.0
421,11,0.19132778,1.2716575,-0.006482396,1.0
421,12,-0.023149183,1.2954552,0.112489834,1.0
421,13,0.2093906,1.4668119,-0.05338881,1.0
421,14,-0.08184147,1.2738051,0.012741599,1.0
421,15,0.19936858,1.6462007,0.01645241,1.0
421,16,-0.009302558,1.352525,-0.06926343,1.0
421,17,0.19234595,1.6952246,0.008723446,1.0
421,18,0.043395404,1.3790485,-0.11055199,1.0
421,19,0.17390479,1.715196,0.01578858,1.0
421,20,0.08523895,1.4355283,-0.1153502,1.0
421,21,0.1998032,1.6413909,0.012998292,1.0
421,22,0.015519699,1.3707596,-0.07213883,1.0
421,23,0.08492052,0.758423,-0.0069428,1.0
421,24,-0.07639208,0.7436332,0.006907203,1.0
421,25,0.21015498,0.41385654,-0.048968844,1.0
421,26,-0.10521938,0.43179512,-0.033602852,1.0
421,27,0.4188429,0.12507701,0.013927408,1.0
421,28,-0.15898879,0.064002305,0.09275235,1.0
421,29,0.4185135,0.1027634,0.027076768,1.0
421,30,-0.16691017,0.033185877,0.06784023,1.0
421,31,0.4041481,0.10624334,-0.010666883,1.0
421,32,-0.19703446,0.027302234,0.0265572,1.0
422,0,0.045354445,1.3810201,-0.14016464,1.0
422,1,0.06908381,1.3889668,-0.12385529,1.0
422,2,0.07473935,1.3945158,-0.11621615,1.0
422,3,0.075181514,1.393513,-0.11602857,1.0
422,4,0.046691827,1.4271188,-0.13063502,1.0
422,5,0.05632663,1.4073932,-0.16492546,1.0
422,6,0.059314914,1.3916935,-0.12921323,1.0
422,7,0.14264132,1.3677034,-0.05318491,1.0
422,8,0.016251605,1.3205945,-0.026592085,1.0
422,9,0.092776164,1.3536881,-0.08989568,1.0
422,10,0.036758076,1.3255857,-0.11392011,1.0
422,11,0.20022331,1.260615,-0.0013383699,1.0
422,12,-0.023569897,1.3044493,0.09258563,1.0
422,13,0.24369258,1.4416566,-0.020640694,1.0
422,14,-0.088266484,1.2740477,0.06918319,1.0
422,15,0.20789948,1.6117064,0.07770729,1.0
422,16,-0.015373433,1.3502324,-0.001025882,1.0
422,17,0.1964846,1.6481581,0.08382653,1.0
422,18,0.03607663,1.3759625,-0.063977204,1.0
422,19,0.1782526,1.675386,0.09053253,1.0
422,20,0.07595639,1.4358851,-0.04299246,1.0
422,21,0.20311655,1.6104934,0.07299375,1.0
422,22,0.008123337,1.3707843,-0.004041492,1.0
422,23,0.08111491,0.7553072,-0.004253585,1.0
422,24,-0.081398375,0.7502623,0.00031592743,1.0
422,25,0.21133706,0.41230556,-0.052986637,1.0
422,26,-0.08693367,0.43984565,-0.031111725,1.0
422,27,0.43676034,0.12391779,0.010120735,1.0
422,28,-0.1425313,0.08533195,0.1306364,1.0
422,29,0.43936655,0.09759748,0.01462945,1.0
422,30,-0.14575231,0.054692306,0.112016074,1.0
422,31,0.42669588,0.09169294,-0.021339675,1.0
422,32,-0.1819082,0.04898902,0.08092839,1.0
423,0,0.059970595,1.3847688,-0.12829413,1.0
423,1,0.07481544,1.4025061,-0.11898247,1.0
423,2,0.07865165,1.3965799,-0.116242744,1.0
423,3,0.07238836,1.3994787,-0.11025146,1.0
423,4,0.056517296,1.4068235,-0.12799942,1.0
423,5,0.058791548,1.4095325,-0.13848265,1.0
423,6,0.064777106,1.3967836,-0.1227881,1.0
423,7,0.14180994,1.3800182,-0.048274446,1.0
423,8,0.021283623,1.3472457,-0.023104385,1.0
423,9,0.09962723,1.3653691,-0.0926719,1.0
423,10,0.058767255,1.335328,-0.11582571,1.0
423,11,0.2028172,1.2630727,0.014648434,1.0
423,12,-0.024441227,1.3001148,0.09561235,1.0
423,13,0.26372853,1.4336858,0.026521958,1.0
423,14,-0.09287201,1.2706603,0.077129066,1.0
423,15,0.24026364,1.5796837,0.17058581,1.0
423,16,-0.01971832,1.3672234,0.078625575,1.0
423,17,0.2243616,1.619896,0.17779526,1.0
423,18,0.029598951,1.3870971,0.044892613,1.0
423,19,0.20628823,1.6361291,0.1794966,1.0
423,20,0.07134543,1.4540119,0.03915315,1.0
423,21,0.2391518,1.577267,0.17011406,1.0
423,22,0.008722036,1.3816178,0.07224876,1.0
423,23,0.07971835,0.7584805,0.0050202264,1.0
423,24,-0.0832967,0.7467753,0.00025846297,1.0
423,25,0.2090086,0.4147547,-0.050481826,1.0
423,26,-0.10210877,0.43880746,-0.030028682,1.0
423,27,0.44708586,0.12490314,0.003703855,1.0
423,28,-0.14611235,0.07578766,0.11609113,1.0
423,29,0.44244027,0.09822525,0.009639776,1.0
423,30,-0.1514476,0.04628472,0.09236696,1.0
423,31,0.44074166,0.09297586,-0.026622698,1.0
423,32,-0.18278706,0.04292207,0.057088803,1.0
424,0,0.0644688,1.3825135,-0.12851751,1.0
424,1,0.07328693,1.4044812,-0.11593319,1.0
424,2,0.08080654,1.4011674,-0.118309416,1.0
424,3,0.07401483,1.3999722,-0.11150283,1.0
424,4,0.065483004,1.4064579,-0.12682989,1.0
424,5,0.061703593,1.4111903,-0.13281728,1.0
424,6,0.06942938,1.3934004,-0.12118355,1.0
424,7,0.1398151,1.373672,-0.04816499,1.0
424,8,0.022587098,1.3456018,-0.022358535,1.0
424,9,0.10452581,1.3620291,-0.09364877,1.0
424,10,0.064668775,1.3284986,-0.11538267,1.0
424,11,0.20159426,1.2569501,0.029316131,1.0
424,12,-0.032295052,1.2912327,0.10012847,1.0
424,13,0.2885272,1.42987,0.048454553,1.0
424,14,-0.094950214,1.2322336,0.06802282,1.0
424,15,0.2608887,1.5550609,0.23557639,1.0
424,16,-0.020351766,1.3468204,0.062066343,1.0
424,17,0.23500538,1.5849514,0.24925303,1.0
424,18,0.034247883,1.3800821,0.0313942,1.0
424,19,0.21354325,1.5925796,0.24275775,1.0
424,20,0.06991403,1.4388821,0.028284596,1.0
424,21,0.25487724,1.5474975,0.23288678,1.0
424,22,0.0032612735,1.3678746,0.062569454,1.0
424,23,0.08225029,0.75668955,0.006651159,1.0
424,24,-0.080499135,0.7435814,-0.0038433666,1.0
424,25,0.2072632,0.41264313,-0.06355336,1.0
424,26,-0.100373805,0.43372762,-0.031351313,1.0
424,27,0.448722,0.117614985,-0.020507965,1.0
424,28,-0.13691486,0.059087396,0.09126109,1.0
424,29,0.45233956,0.09282331,-0.008123109,1.0
424,30,-0.13571812,0.026732787,0.068377584,1.0
424,31,0.44356936,0.088889174,-0.04240477,1.0
424,32,-0.17357013,0.03184188,0.039630935,1.0
425,0,0.056273237,1.3742535,-0.12910323,1.0
425,1,0.07645376,1.387357,-0.11252248,1.0
425,2,0.082024075,1.4000857,-0.10936883,1.0
425,3,0.081514545,1.3934166,-0.10936507,1.0
425,4,0.07154363,1.4110479,-0.12533423,1.0
425,5,0.06433973,1.4060719,-0.14187253,1.0
425,6,0.06957325,1.3869734,-0.11298964,1.0
425,7,0.14105679,1.352468,-0.044838168,1.0
425,8,0.01830269,1.3326693,-0.016738666,1.0
425,9,0.10508042,1.3518946,-0.08963571,1.0
425,10,0.056873485,1.3193812,-0.10568132,1.0
425,11,0.19789003,1.2421007,0.045337405,1.0
425,12,-0.04734029,1.2759565,0.10513561,1.0
425,13,0.30032334,1.3831817,0.050068807,1.0
425,14,-0.09829183,1.1841292,0.06802958,1.0
425,15,0.2964248,1.4842758,0.21359527,1.0
425,16,-0.021050958,1.3215432,0.06148077,1.0
425,17,0.28740984,1.5143449,0.22397847,1.0
425,18,0.035167556,1.3779929,0.019446002,1.0
425,19,0.25958744,1.5193963,0.21858642,1.0
425,20,0.06165734,1.425533,0.027564256,1.0
425,21,0.2892915,1.4737861,0.20757271,1.0
425,22,-0.004626249,1.355629,0.06187979,1.0
425,23,0.085741736,0.75533736,0.0021604863,1.0
425,24,-0.07912504,0.74343723,-0.0054334803,1.0
425,25,0.20439215,0.40082824,-0.0793887,1.0
425,26,-0.09839899,0.42937946,-0.045687765,1.0
425,27,0.44317973,0.09683571,-0.03987948,1.0
425,28,-0.13405783,0.0535011,0.0797987,1.0
425,29,0.45409533,0.074164115,-0.028641537,1.0
425,30,-0.135043,0.020440195,0.058166794,1.0
425,31,0.44067332,0.072792895,-0.06378186,1.0
425,32,-0.17763434,0.014413351,0.029939953,1.0
426,0,0.050403893,1.368007,-0.141181,1.0
426,1,0.071557134,1.3712318,-0.11513586,1.0
426,2,0.0975509,1.3952122,-0.11118527,1.0
426,3,0.09401643,1.377106,-0.120042175,1.0
426,4,0.07878797,1.4226644,-0.13039093,1.0
426,5,0.06993594,1.4038088,-0.15962861,1.0
426,6,0.066692494,1.3729157,-0.12153176,1.0
426,7,0.15240419,1.3234706,-0.034859505,1.0
426,8,0.013314631,1.3158193,-0.02185882,1.0
426,9,0.107685186,1.3359141,-0.09204417,1.0
426,10,0.046041273,1.3049157,-0.102054924,1.0
426,11,0.20164645,1.2285736,0.056935888,1.0
426,12,-0.060967118,1.2749527,0.09883751,1.0
426,13,0.3273126,1.351759,0.042723693,1.0
426,14,-0.1005477,1.1316059,0.05195564,1.0
426,15,0.30426905,1.4545844,0.18425348,1.0
426,16,-0.03355693,1.2533138,0.007335421,1.0
426,17,0.2909877,1.4680505,0.18265359,1.0
426,18,0.01989264,1.323967,-0.066477455,1.0
426,19,0.2490051,1.466722,0.19212857,1.0
426,20,0.02684518,1.3602741,-0.037638858,1.0
426,21,0.28041393,1.4374614,0.17298716,1.0
426,22,-0.02917915,1.3026094,0.004450606,1.0
426,23,0.09287837,0.75372887,-0.0027220943,1.0
426,24,-0.07549082,0.74850297,-0.0111412965,1.0
426,25,0.20823427,0.39099258,-0.08902902,1.0
426,26,-0.08778087,0.42529064,-0.05782486,1.0
426,27,0.44124153,0.0866203,-0.02533254,1.0
426,28,-0.12715693,0.042831212,0.06794037,1.0
426,29,0.46539962,0.07928374,-0.0143748615,1.0
426,30,-0.12248125,0.0071604736,0.049829967,1.0
426,31,0.45236883,0.06458093,-0.050951526,1.0
426,32,-0.16142532,0.0006043231,0.014345594,1.0
427,0,0.0657484,1.389653,-0.12553701,1.0
427,1,0.08165988,1.3909024,-0.11442447,1.0
427,2,0.08320172,1.4048699,-0.10825932,1.0
427,3,0.07512605,1.3977963,-0.110706076,1.0
427,4,0.07080102,1.4022424,-0.13799308,1.0
427,5,0.06549441,1.4110212,-0.1463075,1.0
427,6,0.06339582,1.39935,-0.12167027,1.0
427,7,0.13740651,1.3659602,-0.027055345,1.0
427,8,0.009203868,1.364585,-0.040167093,1.0
427,9,0.095816985,1.3703063,-0.09388687,1.0
427,10,0.06569958,1.3405366,-0.11635275,1.0
427,11,0.18863836,1.2391387,0.06790967,1.0
427,12,-0.08065891,1.2848434,0.08487609,1.0
427,13,0.2979132,1.2559407,0.0434969,1.0
427,14,-0.09400554,1.1207467,-0.016671756,1.0
427,15,0.3106333,1.389872,0.09589614,1.0
427,16,-0.020825982,1.249697,-0.1026013,1.0
427,17,0.30248764,1.4238353,0.09377132,1.0
427,18,0.022284202,1.294067,-0.13721015,1.0
427,19,0.2858432,1.4341009,0.09125347,1.0
427,20,0.036453273,1.3490704,-0.13745058,1.0
427,21,0.3063489,1.3830606,0.0880836,1.0
427,22,-0.009899247,1.2910297,-0.07458184,1.0
427,23,0.08881576,0.7774483,0.01396136,1.0
427,24,-0.08253209,0.7590284,-0.00925033,1.0
427,25,0.2077367,0.41356418,-0.058215253,1.0
427,26,-0.10196278,0.42662585,-0.061694995,1.0
427,27,0.4441337,0.1137625,0.027106464,1.0
427,28,-0.11512101,0.048926145,0.07714139,1.0
427,29,0.45134735,0.086394295,0.039290287,1.0
427,30,-0.11908048,0.017610945,0.05347575,1.0
427,31,0.4619032,0.09064609,0.011079704,1.0
427,32,-0.14560516,0.0,0.012609355,1.0
428,0,0.07031058,1.3953258,-0.118031874,1.0
428,1,0.0845815,1.3995888,-0.11240801,1.0
428,2,0.076066546,1.399934,-0.10272394,1.0
428,3,0.06825835,1.4023094,-0.09974634,1.0
428,4,0.05890226,1.3963565,-0.13225354,1.0
428,5,0.06510519,1.4102782,-0.13325682,1.0
428,6,0.06458768,1.40777,-0.120368674,1.0
428,7,0.11293299,1.3832539,-0.01789244,1.0
428,8,0.000862577,1.3729719,-0.04323473,1.0
428,9,0.08813845,1.3815101,-0.088062346,1.0
428,10,0.06662894,1.3500966,-0.11796643,1.0
428,11,0.1741255,1.2311594,0.083389,1.0
428,12,-0.09060359,1.2835414,0.07913026,1.0
428,13,0.2996068,1.1809309,0.04470324,1.0
428,14,-0.08668749,1.0750132,-0.08172183,1.0
428,15,0.33453363,1.2842392,0.0033627548,1.0
428,16,-0.022587962,1.222691,-0.21125948,1.0
428,17,0.3375539,1.3240875,-0.0055481778,1.0
428,18,0.023967246,1.2601041,-0.23134072,1.0
428,19,0.3175533,1.3731576,0.0057319594,1.0
428,20,0.04323657,1.3276105,-0.24422693,1.0
428,21,0.33753505,1.2812835,-0.0048294873,1.0
428,22,-0.00552628,1.2450927,-0.16758521,1.0
428,23,0.08228721,0.7793116,0.031609662,1.0
428,24,-0.08978768,0.76152444,-0.022240818,1.0
428,25,0.20756349,0.40811402,-0.033366673,1.0
428,26,-0.10677929,0.42131904,-0.067754775,1.0
428,27,0.43579206,0.11688554,0.07923424,1.0
428,28,-0.120298006,0.035575658,0.0787898,1.0
428,29,0.43297267,0.085351005,0.0886738,1.0
428,30,-0.1288199,0.008768074,0.049194038,1.0
428,31,0.46047562,0.08953574,0.06929727,1.0
428,32,-0.14607996,0.0,0.004268501,1.0
429,0,0.06764397,1.3964908,-0.1321522,1.0
429,1,0.078719705,1.410858,-0.11846169,1.0
429,2,0.072233304,1.3919845,-0.11048702,1.0
429,3,0.06470926,1.406118,-0.10341705,1.0
429,4,0.04574644,1.4041001,-0.13827848,1.0
429,5,0.05380542,1.4163057,-0.13606414,1.0
429,6,0.06391676,1.4157284,-0.13548763,1.0
429,7,0.098243944,1.3911527,-0.013234895,1.0
429,8,-0.014302737,1.3749567,-0.05210549,1.0
429,9,0.07626277,1.3889183,-0.08729648,1.0
429,10,0.049484525,1.3564662,-0.13066451,1.0
429,11,0.16621009,1.2252376,0.08040677,1.0
429,12,-0.09324145,1.2908797,0.06349815,1.0
429,13,0.28484035,1.1078384,0.04060353,1.0
429,14,-0.09527275,1.0763451,-0.104677156,1.0
429,15,0.3354128,1.2388446,-0.10611704,1.0
429,16,-0.014068254,1.2130594,-0.2622561,1.0
429,17,0.32983896,1.2973312,-0.121321596,1.0
429,18,0.026703143,1.24977,-0.29851487,1.0
429,19,0.34772786,1.325183,-0.12960348,1.0
429,20,0.050336942,1.3248844,-0.31095356,1.0
429,21,0.35251248,1.2443546,-0.11310733,1.0
429,22,-0.009378172,1.2311803,-0.2744061,1.0
429,23,0.0741816,0.77906954,0.0501367,1.0
429,24,-0.091076314,0.7669286,-0.039379366,1.0
429,25,0.20635524,0.41201878,0.010763589,1.0
429,26,-0.10534771,0.42538613,-0.07362881,1.0
429,27,0.40717512,0.120426096,0.15517968,1.0
429,28,-0.11835123,0.039792836,0.076137096,1.0
429,29,0.39171717,0.088282585,0.16305761,1.0
429,30,-0.12369433,0.014029661,0.04445428,1.0
429,31,0.43322933,0.07760626,0.14882866,1.0
429,32,-0.15764122,0.0,-0.0056436136,1.0
430,0,0.05142367,1.407583,-0.13364446,1.0
430,1,0.06378671,1.4170983,-0.11709463,1.0
430,2,0.070457235,1.4107505,-0.11418064,1.0
430,3,0.062450398,1.4169215,-0.11111591,1.0
430,4,0.041872874,1.4283205,-0.1403858,1.0
430,5,0.046615407,1.4309038,-0.15314063,1.0
430,6,0.05093454,1.4188956,-0.13645925,1.0
430,7,0.09489713,1.3860525,-0.014867207,1.0
430,8,-0.02976517,1.3715395,-0.058647677,1.0
430,9,0.073759645,1.3900331,-0.089168124,1.0
430,10,0.03446444,1.3558664,-0.1259883,1.0
430,11,0.15601918,1.2149947,0.09255629,1.0
430,12,-0.097758114,1.298773,0.060870066,1.0
430,13,0.25933003,1.0682093,0.032768257,1.0
430,14,-0.08720799,1.0537009,-0.10411556,1.0
430,15,0.35901177,1.1707561,-0.10808009,1.0
430,16,-0.0010246783,1.1524066,-0.27572906,1.0
430,17,0.37660518,1.2222815,-0.12629388,1.0
430,18,0.04909084,1.1936901,-0.33544832,1.0
430,19,0.38431412,1.2418762,-0.13730234,1.0
430,20,0.06531482,1.2568269,-0.3332714,1.0
430,21,0.37088215,1.1737958,-0.11759092,1.0
430,22,0.007774606,1.1846925,-0.2853145,1.0
430,23,0.08051989,0.7879225,0.04501701,1.0
430,24,-0.09160466,0.7777682,-0.043418646,1.0
430,25,0.21215314,0.4078476,0.013463013,1.0
430,26,-0.09750536,0.42706996,-0.075511515,1.0
430,27,0.37662876,0.09864986,0.14926565,1.0
430,28,-0.12369098,0.031926513,0.06758332,1.0
430,29,0.36959293,0.066199124,0.16759212,1.0
430,30,-0.12673186,0.0,0.038426757,1.0
430,31,0.40761763,0.059377763,0.13853171,1.0
430,32,-0.15764397,2.291199e-05,-0.024548449,1.0
431,0,0.02318203,1.4111884,-0.13236211,1.0
431,1,0.036952607,1.4157138,-0.11261099,1.0
431,2,0.046841122,1.4239869,-0.109182976,1.0
431,3,0.04277072,1.4214213,-0.11284396,1.0
431,4,0.019549515,1.4453354,-0.13692714,1.0
431,5,0.025485866,1.4375086,-0.1610965,1.0
431,6,0.024094397,1.4192255,-0.13070485,1.0
431,7,0.08330947,1.3834684,-0.0147023145,1.0
431,8,-0.052172013,1.3654971,-0.049928606,1.0
431,9,0.05897842,1.3870847,-0.084661186,1.0
431,10,0.013408141,1.3550544,-0.11469603,1.0
431,11,0.14935666,1.2169945,0.104809806,1.0
431,12,-0.10552186,1.3039124,0.06158936,1.0
431,13,0.24708943,1.0694845,0.051422566,1.0
431,14,-0.106127396,1.0632327,-0.079761356,1.0
431,15,0.37859946,1.0991757,-0.08050735,1.0
431,16,-0.0019408017,1.126557,-0.24689776,1.0
431,17,0.41314766,1.1311331,-0.09346941,1.0
431,18,0.061598685,1.1641526,-0.320165,1.0
431,19,0.3835769,1.1420366,-0.09271592,1.0
431,20,0.077956244,1.2208211,-0.30710644,1.0
431,21,0.38752255,1.0977182,-0.08741629,1.0
431,22,0.01508012,1.1662259,-0.2558171,1.0
431,23,0.087858066,0.7914595,0.037858803,1.0
431,24,-0.089014694,0.78319705,-0.043861244,1.0
431,25,0.21561496,0.3994754,0.00864793,1.0
431,26,-0.09043729,0.43401757,-0.07956907,1.0
431,27,0.35878706,0.085409164,0.13598333,1.0
431,28,-0.13485423,0.041734368,0.06556229,1.0
431,29,0.3587873,0.055498794,0.15901285,1.0
431,30,-0.13776079,0.009249628,0.03694268,1.0
431,31,0.39126518,0.049854938,0.12611268,1.0
431,32,-0.15667695,0.0,-0.023820579,1.0
432,0,0.011878274,1.413027,-0.12015098,1.0
432,1,0.028657388,1.4225183,-0.10272008,1.0
432,2,0.026517501,1.4309902,-0.09585501,1.0
432,3,0.027385246,1.4326489,-0.10096752,1.0
432,4,0.0034097089,1.4464409,-0.1250773,1.0
432,5,0.008332724,1.44309,-0.14894621,1.0
432,6,0.010430021,1.4275181,-0.11454254,1.0
432,7,0.069251396,1.3998971,-0.0069432226,1.0
432,8,-0.06263511,1.370116,-0.031822756,1.0
432,9,0.049545474,1.3940742,-0.07711162,1.0
432,10,0.0039829933,1.3619919,-0.10410891,1.0
432,11,0.14897901,1.2279375,0.113103434,1.0
432,12,-0.11257872,1.3059001,0.06725919,1.0
432,13,0.24347931,1.0759681,0.059181847,1.0
432,14,-0.112394325,1.0677357,-0.07351056,1.0
432,15,0.39287728,1.0217772,-0.05649657,1.0
432,16,0.018306684,1.0906279,-0.23593497,1.0
432,17,0.43364996,1.0369108,-0.06509117,1.0
432,18,0.08988928,1.1122625,-0.3059888,1.0
432,19,0.42442688,1.0492761,-0.07516899,1.0
432,20,0.116833836,1.1703708,-0.29810858,1.0
432,21,0.4045142,1.0142555,-0.06517696,1.0
432,22,0.04303127,1.121036,-0.24505591,1.0
432,23,0.08976533,0.7952423,0.03850505,1.0
432,24,-0.08731904,0.7852154,-0.043224033,1.0
432,25,0.20979112,0.40545788,0.004709702,1.0
432,26,-0.09952389,0.43642414,-0.0782684,1.0
432,27,0.3366101,0.09413105,0.12438464,1.0
432,28,-0.15304711,0.04475403,0.060288288,1.0
432,29,0.33133298,0.0640267,0.14489137,1.0
432,30,-0.16004626,0.01343758,0.03027988,1.0
432,31,0.36493447,0.06114833,0.11727385,1.0
432,32,-0.17345393,0.0007366268,-0.029785717,1.0
433,0,-0.0060405144,1.4149978,-0.12126598,1.0
433,1,0.008159853,1.4347932,-0.103911266,1.0
433,2,0.005283478,1.4359891,-0.094492026,1.0
433,3,0.006596227,1.441366,-0.09759652,1.0
433,4,-0.0164783,1.4510252,-0.12633178,1.0
433,5,-0.014604275,1.4486823,-0.14334814,1.0
433,6,-0.0069230935,1.4349582,-0.115748614,1.0
433,7,0.050608926,1.413738,-0.0072470955,1.0
433,8,-0.0765496,1.3755267,-0.031062864,1.0
433,9,0.03302591,1.4036031,-0.07702949,1.0
433,10,-0.011610094,1.3683519,-0.10564513,1.0
433,11,0.1437127,1.2358029,0.10137646,1.0
433,12,-0.11127657,1.3110693,0.06304012,1.0
433,13,0.22412595,1.067563,0.0742184,1.0
433,14,-0.1170846,1.080735,-0.07467003,1.0
433,15,0.37076747,0.9463738,0.007592974,1.0
433,16,0.014534336,1.0490605,-0.22895369,1.0
433,17,0.35774353,0.97731125,-0.001970234,1.0
433,18,0.08571453,1.0524735,-0.29718304,1.0
433,19,0.34293702,0.9571014,-0.008336047,1.0
433,20,0.12077325,1.1043484,-0.29117587,1.0
433,21,0.3868743,0.93248105,-0.0046388665,1.0
433,22,0.04261514,1.0728221,-0.23895636,1.0
433,23,0.08547343,0.79793906,0.04492263,1.0
433,24,-0.08763865,0.7901824,-0.047922757,1.0
433,25,0.19968462,0.40788507,0.013242383,1.0
433,26,-0.10514186,0.4426715,-0.080565244,1.0
433,27,0.32238746,0.0985097,0.14218083,1.0
433,28,-0.17417231,0.049496442,0.0436406,1.0
433,29,0.31716216,0.06975791,0.16556886,1.0
433,30,-0.18281691,0.016849358,0.01316395,1.0
433,31,0.35660115,0.06624667,0.14064083,1.0
433,32,-0.1923274,0.005106603,-0.050137725,1.0
434,0,-0.026716925,1.4171855,-0.121239185,1.0
434,1,-0.014221647,1.4396427,-0.103349306,1.0
434,2,-0.021858562,1.4352219,-0.09323941,1.0
434,3,-0.019309094,1.4434369,-0.0941574,1.0
434,4,-0.04525434,1.4490726,-0.123676494,1.0
434,5,-0.040780507,1.4471307,-0.13605584,1.0
434,6,-0.03019478,1.437911,-0.11450824,1.0
434,7,0.0294046,1.4203238,-0.0072977096,1.0
434,8,-0.09524781,1.3768966,-0.02648509,1.0
434,9,0.011888825,1.4107296,-0.07322434,1.0
434,10,-0.027529564,1.373177,-0.1077383,1.0
434,11,0.14160345,1.2370758,0.100684315,1.0
434,12,-0.116319194,1.3089815,0.0647209,1.0
434,13,0.20407367,1.0547895,0.087177336,1.0
434,14,-0.11591982,1.0653564,-0.06834924,1.0
434,15,0.324034,0.895462,0.03990251,1.0
434,16,0.020922251,1.0066158,-0.21154101,1.0
434,17,0.35310218,0.8764061,0.042587545,1.0
434,18,0.08738874,0.9929256,-0.26471585,1.0
434,19,0.3482012,0.88368285,0.010546459,1.0
434,20,0.1279583,1.0500536,-0.2605609,1.0
434,21,0.34068653,0.87614495,0.02416036,1.0
434,22,0.050967943,1.0193412,-0.21869983,1.0
434,23,0.085144706,0.7963954,0.04950386,1.0
434,24,-0.089085706,0.7902573,-0.049484055,1.0
434,25,0.17615953,0.40466484,0.01496204,1.0
434,26,-0.114397496,0.4437888,-0.08534054,1.0
434,27,0.2887683,0.091118425,0.14287075,1.0
434,28,-0.19623816,0.05044341,0.03895382,1.0
434,29,0.2781447,0.059401177,0.16326818,1.0
434,30,-0.20583087,0.019574879,0.007112216,1.0
434,31,0.3180281,0.05858681,0.1360107,1.0
434,32,-0.21579345,0.007339268,-0.06084105,1.0
435,0,-0.033310227,1.4236484,-0.09767575,1.0
435,1,-0.0312825,1.4463389,-0.07820895,1.0
435,2,-0.03713043,1.4361255,-0.069331124,1.0
435,3,-0.03559413,1.4461304,-0.069262594,1.0
435,4,-0.06055741,1.4506159,-0.09822058,1.0
435,5,-0.053767208,1.4486674,-0.10788138,1.0
435,6,-0.043081477,1.4387401,-0.09482912,1.0
435,7,-0.0025377607,1.4206085,0.016453773,1.0
435,8,-0.10960418,1.3698659,-0.020381428,1.0
435,9,0.0014895971,1.4193245,-0.049543243,1.0
435,10,-0.032647986,1.3768091,-0.08888028,1.0
435,11,0.1219881,1.2359779,0.118221104,1.0
435,12,-0.11098401,1.3098762,0.065822735,1.0
435,13,0.16826707,1.040813,0.11885247,1.0
435,14,-0.11206599,1.0792907,-0.06289399,1.0
435,15,0.2616044,0.85518044,0.08799599,1.0
435,16,0.015305992,0.99282295,-0.1743285,1.0
435,17,0.2784918,0.82777417,0.094817996,1.0
435,18,0.07386975,0.96796274,-0.23183182,1.0
435,19,0.27478465,0.8302382,0.0618179,1.0
435,20,0.12144702,1.0197499,-0.23046818,1.0
435,21,0.27588907,0.8325542,0.071107626,1.0
435,22,0.04746989,0.99926233,-0.18665895,1.0
435,23,0.08242788,0.79211056,0.058189757,1.0
435,24,-0.08692569,0.7914075,-0.05594454,1.0
435,25,0.15367436,0.39411312,0.020594478,1.0
435,26,-0.11915657,0.44571257,-0.09335234,1.0
435,27,0.23542571,0.075340606,0.14055991,1.0
435,28,-0.21646689,0.051683843,0.021250263,1.0
435,29,0.21900237,0.041765988,0.15891457,1.0
435,30,-0.2263094,0.017724376,-0.009531483,1.0
435,31,0.2614807,0.034600683,0.13279939,1.0
435,32,-0.22874574,0.009175343,-0.072243996,1.0
436,0,-0.043264087,1.4152304,-0.095738515,1.0
436,1,-0.040435806,1.4396014,-0.07919679,1.0
436,2,-0.046176396,1.4272351,-0.07450737,1.0
436,3,-0.045788407,1.43859,-0.070051886,1.0
436,4,-0.066017516,1.4336569,-0.10026013,1.0
436,5,-0.063621625,1.43767,-0.10529965,1.0
436,6,-0.052571356,1.430706,-0.09309911,1.0
436,7,-0.0038995328,1.4188194,0.017472414,1.0
436,8,-0.10803539,1.3621053,-0.01884989,1.0
436,9,-0.006166612,1.4195625,-0.056193877,1.0
436,10,-0.034473076,1.3723814,-0.09103886,1.0
436,11,0.12095706,1.2367241,0.11250548,1.0
436,12,-0.11246106,1.3053567,0.06821494,1.0
436,13,0.1626845,1.043653,0.12639186,1.0
436,14,-0.10362139,1.060914,-0.037547074,1.0
436,15,0.22182278,0.84351104,0.13774927,1.0
436,16,-0.023083061,0.9266866,-0.12743892,1.0
436,17,0.22814868,0.8092395,0.15242766,1.0
436,18,0.008118369,0.9078531,-0.13931747,1.0
436,19,0.21892168,0.80396533,0.12299252,1.0
436,20,0.048581384,0.9711736,-0.15763222,1.0
436,21,0.2308843,0.81833297,0.12902074,1.0
436,22,-0.001322353,0.9249928,-0.13987619,1.0
436,23,0.08014326,0.78839433,0.059249293,1.0
436,24,-0.087759376,0.7911229,-0.053404298,1.0
436,25,0.13109884,0.38018918,0.019979995,1.0
436,26,-0.13725293,0.45566264,-0.09675357,1.0
436,27,0.17355579,0.04491479,0.12439211,1.0
436,28,-0.2479139,0.062681496,0.00351993,1.0
436,29,0.15539855,0.0089580165,0.13951218,1.0
436,30,-0.26025224,0.02637456,-0.0265452,1.0
436,31,0.20167947,0.0,0.11846754,1.0
436,32,-0.24758609,0.023201779,-0.088592626,1.0
437,0,-0.051538307,1.4145999,-0.098013185,1.0
437,1,-0.056823425,1.4310732,-0.0817113,1.0
437,2,-0.045257024,1.4334557,-0.07723803,1.0
437,3,-0.049621247,1.4272351,-0.08030591,1.0
437,4,-0.06632917,1.4398301,-0.10374029,1.0
437,5,-0.06268424,1.4311848,-0.11638193,1.0
437,6,-0.062024415,1.416311,-0.096371636,1.0
437,7,-0.0030480907,1.4059627,0.0070402343,1.0
437,8,-0.1152157,1.3396907,-0.024314083,1.0
437,9,-0.0040581496,1.4114232,-0.05763884,1.0
437,10,-0.035251975,1.3611746,-0.08583112,1.0
437,11,0.12235789,1.2362101,0.11049612,1.0
437,12,-0.10542782,1.3012707,0.0713851,1.0
437,13,0.15842058,1.0485452,0.13932455,1.0
437,14,-0.085347205,1.0420396,0.017403472,1.0
437,15,0.15398285,0.8487115,0.18215464,1.0
437,16,-0.07339043,0.89792234,-0.040551957,1.0
437,17,0.14698562,0.8179688,0.19640037,1.0
437,18,-0.021448145,0.843186,-0.08243523,1.0
437,19,0.170644,0.8280129,0.14112307,1.0
437,20,-0.027296428,0.89533454,-0.06218445,1.0
437,21,0.1438832,0.8352112,0.17288145,1.0
437,22,-0.056964397,0.9015087,-0.05440007,1.0
437,23,0.08560159,0.78373384,0.04810402,1.0
437,24,-0.08683676,0.79395974,-0.049687553,1.0
437,25,0.11716895,0.37627116,-0.026270133,1.0
437,26,-0.14156014,0.46158385,-0.09951011,1.0
437,27,0.12923098,0.04643455,0.06718494,1.0
437,28,-0.26033577,0.08047649,-0.0029274821,1.0
437,29,0.11718638,0.010221966,0.0865539,1.0
437,30,-0.27176666,0.04169192,-0.030075714,1.0
437,31,0.15905505,0.0,0.054247312,1.0
437,32,-0.2587062,0.032815717,-0.092002735,1.0
438,0,-0.05983549,1.4031875,-0.084040835,1.0
438,1,-0.06618912,1.4181678,-0.07430331,1.0
438,2,-0.059584938,1.4213893,-0.06634795,1.0
438,3,-0.06205244,1.4143662,-0.07198236,1.0
438,4,-0.08045501,1.4235532,-0.09296534,1.0
438,5,-0.069623634,1.4185646,-0.1051355,1.0
438,6,-0.072167814,1.4012592,-0.0862231,1.0
438,7,-0.012175449,1.4023643,0.005578487,1.0
438,8,-0.1192185,1.3296034,-0.014360221,1.0
438,9,-0.011683375,1.3987882,-0.047763817,1.0
438,10,-0.03916183,1.351625,-0.07103878,1.0
438,11,0.12008418,1.2352469,0.11267653,1.0
438,12,-0.103919595,1.2909273,0.09419277,1.0
438,13,0.15267158,1.0545152,0.14276135,1.0
438,14,-0.087673426,1.030997,0.06276105,1.0
438,15,0.119399086,0.86091864,0.19973552,1.0
438,16,-0.10869015,0.84492666,0.029494278,1.0
438,17,0.1118344,0.8272743,0.2161689,1.0
438,18,-0.079649165,0.80933374,-0.009352312,1.0
438,19,0.08354494,0.8149243,0.20991892,1.0
438,20,-0.06876287,0.83490103,-0.016229542,1.0
438,21,0.11008303,0.8406312,0.19194338,1.0
438,22,-0.099612296,0.8517202,0.01605707,1.0
438,23,0.08667191,0.7804278,0.04510866,1.0
438,24,-0.084328674,0.7914296,-0.047086686,1.0
438,25,0.09406178,0.37327668,-0.04819394,1.0
438,26,-0.14073604,0.4626393,-0.098884605,1.0
438,27,0.115445554,0.046658963,0.040912636,1.0
438,28,-0.2645847,0.08359751,-0.001564391,1.0
438,29,0.10046835,0.010414134,0.055259213,1.0
438,30,-0.2765827,0.046123303,-0.030183848,1.0
438,31,0.13732368,0.0,0.021891557,1.0
438,32,-0.2773916,0.034175888,-0.09214354,1.0
439,0,-0.07305699,1.3957527,-0.0782195,1.0
439,1,-0.07925605,1.4143118,-0.06592276,1.0
439,2,-0.081378974,1.4128942,-0.054866116,1.0
439,3,-0.076183654,1.4137894,-0.056491245,1.0
439,4,-0.09623733,1.4240422,-0.08226669,1.0
439,5,-0.08619029,1.4137888,-0.09806032,1.0
439,6,-0.08083527,1.400586,-0.07728469,1.0
439,7,-0.03614083,1.4037526,0.0049930653,1.0
439,8,-0.12597771,1.3197713,-0.0071036313,1.0
439,9,-0.027681276,1.3972281,-0.034157887,1.0
439,10,-0.057026155,1.3500545,-0.06361666,1.0
439,11,0.105947316,1.2435559,0.11029218,1.0
439,12,-0.10763657,1.2926378,0.10158062,1.0
439,13,0.13918254,1.0613405,0.13784859,1.0
439,14,-0.11497817,1.0211773,0.099384144,1.0
439,15,0.11449972,0.86782885,0.18807223,1.0
439,16,-0.15578894,0.826392,0.1140883,1.0
439,17,0.102473736,0.83741236,0.21407439,1.0
439,18,-0.13051797,0.7902771,0.083723225,1.0
439,19,0.0824009,0.83403283,0.19758357,1.0
439,20,-0.118718624,0.8173695,0.0702847,1.0
439,21,0.107564375,0.8459805,0.1786502,1.0
439,22,-0.15185839,0.8263001,0.09675235,1.0
439,23,0.08219249,0.7864267,0.051265754,1.0
439,24,-0.080910124,0.80464864,-0.05160415,1.0
439,25,0.08444686,0.3810282,-0.058871202,1.0
439,26,-0.13777116,0.4752347,-0.1044698,1.0
439,27,0.102667496,0.050403543,0.015889743,1.0
439,28,-0.26233461,0.09498659,-0.016722322,1.0
439,29,0.08440055,0.014876095,0.027599666,1.0
439,30,-0.27396497,0.05680106,-0.04496614,1.0
439,31,0.11385098,0.0,-0.0060217143,1.0
439,32,-0.273828,0.043127045,-0.10917212,1.0
440,0,-0.07684493,1.3984954,-0.08144598,1.0
440,1,-0.088614024,1.4192593,-0.06740489,1.0
440,2,-0.08735091,1.4064746,-0.059037566,1.0
440,3,-0.086361155,1.4148383,-0.05685887,1.0
440,4,-0.103839025,1.4174395,-0.08156381,1.0
440,5,-0.09660288,1.4135127,-0.08858115,1.0
440,6,-0.08635715,1.4053338,-0.08018634,1.0
440,7,-0.040126316,1.4102838,0.008978281,1.0
440,8,-0.12645803,1.3283162,-0.005484346,1.0
440,9,-0.03634948,1.4058223,-0.034293056,1.0
440,10,-0.05932396,1.3549197,-0.067762695,1.0
440,11,0.10447606,1.2558798,0.10728134,1.0
440,12,-0.10857356,1.2942896,0.10874222,1.0
440,13,0.11494616,1.0653747,0.13785422,1.0
440,14,-0.14728408,1.012744,0.12623024,1.0
440,15,0.08074813,0.86715937,0.19311655,1.0
440,16,-0.20611566,0.8065313,0.13630028,1.0
440,17,0.062087085,0.8366598,0.21457404,1.0
440,18,-0.18729512,0.7696114,0.111440174,1.0
440,19,0.049532887,0.8356213,0.2008287,1.0
440,20,-0.17604661,0.7995489,0.09203497,1.0
440,21,0.078608096,0.8472363,0.18492512,1.0
440,22,-0.20360544,0.8062249,0.11474624,1.0
440,23,0.07744725,0.7971958,0.055794463,1.0
440,24,-0.08347021,0.81617934,-0.04926084,1.0
440,25,0.07930103,0.39244443,-0.055201937,1.0
440,26,-0.14157294,0.48957732,-0.104080625,1.0
440,27,0.075506926,0.06121862,0.023104517,1.0
440,28,-0.27860582,0.1094311,-0.012200234,1.0
440,29,0.05279883,0.02651554,0.03360715,1.0
440,30,-0.2907107,0.0726069,-0.041284084,1.0
440,31,0.08137302,0.0,0.0067797764,1.0
440,32,-0.28855693,0.06322029,-0.10818724,1.0
441,0,-0.086482614,1.4060972,-0.07880515,1.0
441,1,-0.096846946,1.4280994,-0.06887911,1.0
441,2,-0.09310192,1.4251525,-0.05979932,1.0
441,3,-0.09435318,1.4287982,-0.05955975,1.0
441,4,-0.10358244,1.424485,-0.086590014,1.0
441,5,-0.103609286,1.4212801,-0.08953594,1.0
441,6,-0.097440906,1.4142697,-0.08028162,1.0
441,7,-0.03664033,1.4229679,-0.0007630903,1.0
441,8,-0.13797781,1.3471527,-0.00249684,1.0
441,9,-0.04376042,1.4159806,-0.03894893,1.0
441,10,-0.06193959,1.3625062,-0.06791723,1.0
441,11,0.09794295,1.2745186,0.0966849,1.0
441,12,-0.116960734,1.2997704,0.11925305,1.0
441,13,0.115069196,1.0747063,0.13172309,1.0
441,14,-0.14204241,1.0101542,0.12586366,1.0
441,15,0.092123,0.868325,0.19111416,1.0
441,16,-0.226206,0.8101837,0.1244719,1.0
441,17,0.08774061,0.839513,0.20695311,1.0
441,18,-0.2060282,0.77562267,0.098720446,1.0
441,19,0.06689019,0.829717,0.19618833,1.0
441,20,-0.20323555,0.7976962,0.08271184,1.0
441,21,0.090646826,0.85340995,0.18405478,1.0
441,22,-0.22370246,0.8135467,0.105860606,1.0
441,23,0.08162604,0.816801,0.045033157,1.0
441,24,-0.08481665,0.834096,-0.04055085,1.0
441,25,0.08977816,0.40511367,-0.056662135,1.0
441,26,-0.14175257,0.5066047,-0.10124232,1.0
441,27,0.08496374,0.07062101,0.017337643,1.0
441,28,-0.27658433,0.12555298,-0.015865184,1.0
441,29,0.06516068,0.03582712,0.033399545,1.0
441,30,-0.29004028,0.08776662,-0.045190997,1.0
441,31,0.081484824,0.0057566464,-0.0021039583,1.0
441,32,-0.29258054,0.06791521,-0.11111179,1.0
442,0,-0.09411945,1.4156463,-0.08020227,1.0
442,1,-0.107584566,1.436923,-0.073542714,1.0
442,2,-0.099116005,1.4376259,-0.068723336,1.0
442,3,-0.10540275,1.4361582,-0.06949457,1.0
442,4,-0.106751576,1.431066,-0.089091696,1.0
442,5,-0.11096229,1.4283762,-0.08864837,1.0
442,6,-0.10486158,1.4231088,-0.082032025,1.0
442,7,-0.038080826,1.4357436,-0.011624617,1.0
442,8,-0.14677575,1.3626771,0.0017634574,1.0
442,9,-0.05402074,1.4269598,-0.044187397,1.0
442,10,-0.065229446,1.3711431,-0.070792235,1.0
442,11,0.09276534,1.2887877,0.08462045,1.0
442,12,-0.12455187,1.3059298,0.124467894,1.0
442,13,0.11359194,1.0952917,0.11191358,1.0
442,14,-0.14716181,1.0162184,0.11728284,1.0
442,15,0.06352846,0.89495826,0.17998967,1.0
442,16,-0.2454958,0.8203183,0.11640306,1.0
442,17,0.05463188,0.8599232,0.18126644,1.0
442,18,-0.22167167,0.7815261,0.09468173,1.0
442,19,0.024550542,0.8540536,0.17664415,1.0
442,20,-0.2205859,0.8038416,0.07641122,1.0
442,21,0.06038097,0.8860214,0.16790405,1.0
442,22,-0.24086228,0.8223257,0.09423688,1.0
442,23,0.08302988,0.8312492,0.0389031,1.0
442,24,-0.086330146,0.84594643,-0.03475093,1.0
442,25,0.09918481,0.41455033,-0.054745946,1.0
442,26,-0.14065611,0.51704407,-0.0989382,1.0
442,27,0.07145208,0.07742995,0.019933391,1.0
442,28,-0.29003668,0.13225758,-0.012772588,1.0
442,29,0.05190157,0.040675603,0.03678859,1.0
442,30,-0.30571958,0.09346632,-0.041499086,1.0
442,31,0.07199722,0.003416501,-0.00083878264,1.0
442,32,-0.31123975,0.06500535,-0.10582023,1.0
443,0,-0.09761473,1.4170487,-0.09160495,1.0
443,1,-0.09980413,1.440409,-0.087340906,1.0
443,2,-0.101813,1.440023,-0.07760528,1.0
443,3,-0.10081191,1.4460604,-0.07840492,1.0
443,4,-0.10835214,1.4366283,-0.10264143,1.0
443,5,-0.1157628,1.4357128,-0.10482701,1.0
443,6,-0.10566072,1.4318166,-0.09092467,1.0
443,7,-0.043281406,1.4472678,-0.01788709,1.0
443,8,-0.1545477,1.3727791,-0.009413055,1.0
443,9,-0.056074783,1.4329944,-0.055383194,1.0
443,10,-0.069095366,1.378453,-0.08131491,1.0
443,11,0.07831811,1.2986674,0.08468224,1.0
443,12,-0.13906989,1.3127384,0.11732872,1.0
443,13,0.114524186,1.1092746,0.10975562,1.0
443,14,-0.14908287,1.0147631,0.11062454,1.0
443,15,0.08554142,0.92963535,0.1516288,1.0
443,16,-0.23504412,0.821905,0.09204625,1.0
443,17,0.09293498,0.9110954,0.15391912,1.0
443,18,-0.21135189,0.78785074,0.072885126,1.0
443,19,0.064597666,0.90954304,0.15440316,1.0
443,20,-0.21084072,0.80885535,0.057086907,1.0
443,21,0.09119412,0.92260677,0.14735587,1.0
443,22,-0.22704545,0.8246188,0.077584006,1.0
443,23,0.08216871,0.8396622,0.0396213,1.0
443,24,-0.085450694,0.85523516,-0.036083676,1.0
443,25,0.11670775,0.42375678,-0.055155963,1.0
443,26,-0.13051102,0.52463067,-0.09967396,1.0
443,27,0.08477494,0.08533785,0.014596835,1.0
443,28,-0.27611858,0.13506082,-0.010710597,1.0
443,29,0.06183287,0.050766964,0.033209644,1.0
443,30,-0.2962193,0.10137826,-0.0421727,1.0
443,31,0.08952008,0.011603628,0.0016753068,1.0
443,32,-0.2935589,0.06254384,-0.100629255,1.0
444,0,-0.10313433,1.4161699,-0.10157717,1.0
444,1,-0.09590959,1.4348549,-0.1056172,1.0
444,2,-0.105326824,1.4356328,-0.085747786,1.0
444,3,-0.10165905,1.4377587,-0.08840223,1.0
444,4,-0.12148075,1.4345516,-0.11441729,1.0
444,5,-0.109682985,1.4348352,-0.12050869,1.0
444,6,-0.11033845,1.4251249,-0.10963818,1.0
444,7,-0.049463537,1.4478742,-0.02451756,1.0
444,8,-0.15477403,1.3625069,-0.020645667,1.0
444,9,-0.059324495,1.4144061,-0.06404291,1.0
444,10,-0.08058886,1.3735986,-0.08850117,1.0
444,11,0.08238466,1.2952001,0.0842828,1.0
444,12,-0.14688854,1.3082505,0.11136083,1.0
444,13,0.1472461,1.1343634,0.10586192,1.0
444,14,-0.15535548,1.0117728,0.10885192,1.0
444,15,0.109809205,0.9694662,0.15251157,1.0
444,16,-0.23470062,0.82304466,0.08427434,1.0
444,17,0.10056974,0.9445588,0.16243188,1.0
444,18,-0.22137348,0.7857995,0.060075585,1.0
444,19,0.07090202,0.95335406,0.15533301,1.0
444,20,-0.20957625,0.8131704,0.040972702,1.0
444,21,0.13685448,1.0168399,0.14691631,1.0
444,22,-0.22731699,0.82287425,0.06911341,1.0
444,23,0.08819329,0.8301511,0.038452838,1.0
444,24,-0.07780036,0.84883744,-0.0391021,1.0
444,25,0.11626229,0.41486973,-0.05797147,1.0
444,26,-0.111008264,0.51709706,-0.08853196,1.0
444,27,0.08748929,0.07174737,0.026027769,1.0
444,28,-0.24967816,0.12850386,0.034369312,1.0
444,29,0.057557516,0.03807676,0.04278098,1.0
444,30,-0.26799276,0.09658559,0.006234061,1.0
444,31,0.078613095,0.0,0.013142977,1.0
444,32,-0.24769387,0.060335897,-0.050542984,1.0
445,0,-0.105191186,1.399086,-0.119188026,1.0
445,1,-0.099359326,1.4202156,-0.115813166,1.0
445,2,-0.1082101,1.4227686,-0.09978265,1.0
445,3,-0.09808796,1.4217753,-0.104853764,1.0
445,4,-0.12387899,1.4283178,-0.1246921,1.0
445,5,-0.106207706,1.4257662,-0.14145908,1.0
445,6,-0.10653182,1.4066782,-0.12275098,1.0
445,7,-0.051980093,1.4276483,-0.04068327,1.0
445,8,-0.15424989,1.3374832,-0.031158203,1.0
445,9,-0.05912944,1.3863075,-0.07303435,1.0
445,10,-0.090161,1.3512709,-0.102661885,1.0
445,11,0.078081034,1.2759762,0.074823156,1.0
445,12,-0.16783628,1.2914691,0.107106924,1.0
445,13,0.17396851,1.1246892,0.08322727,1.0
445,14,-0.15983108,0.99710155,0.11261354,1.0
445,15,0.15913247,1.0834949,0.1197335,1.0
445,16,-0.2201712,0.81024384,0.113350324,1.0
445,17,0.1452443,1.0869689,0.13612767,1.0
445,18,-0.20905933,0.7812718,0.080506735,1.0
445,19,0.11247102,1.0912819,0.12610501,1.0
445,20,-0.19605713,0.80620515,0.061622955,1.0
445,21,0.14598705,1.0581768,0.11170043,1.0
445,22,-0.21986407,0.8095093,0.09201886,1.0
445,23,0.094371475,0.8157441,0.036219176,1.0
445,24,-0.07387645,0.8359922,-0.037272844,1.0
445,25,0.121509016,0.40667477,-0.08323841,1.0
445,26,-0.06787737,0.5029528,-0.082225874,1.0
445,27,0.10187762,0.06590399,0.030826755,1.0
445,28,-0.16249695,0.1155096,0.042725675,1.0
445,29,0.074362956,0.03396137,0.050837927,1.0
445,30,-0.16739328,0.0789815,0.01725766,1.0
445,31,0.06076161,0.0,0.023208002,1.0
445,32,-0.16542345,0.053872287,-0.047638737,1.0
446,0,-0.09136409,1.391958,-0.18617858,1.0
446,1,-0.09968557,1.4183645,-0.178552,1.0
446,2,-0.0983159,1.4130094,-0.17362958,1.0
446,3,-0.098332375,1.4099905,-0.17349872,1.0
446,4,-0.1123478,1.4180839,-0.18780674,1.0
446,5,-0.102050655,1.4145994,-0.19634329,1.0
446,6,-0.09933457,1.4049492,-0.18651798,1.0
446,7,-0.045993734,1.4218876,-0.09786858,1.0
446,8,-0.14919147,1.3442578,-0.08406336,1.0
446,9,-0.05631761,1.385663,-0.13774459,1.0
446,10,-0.07903301,1.3433249,-0.17174263,1.0
446,11,0.08541061,1.274906,0.015965886,1.0
446,12,-0.1620655,1.290043,0.0711427,1.0
446,13,0.17686453,1.1078092,0.061334558,1.0
446,14,-0.15641479,1.0054718,0.09657864,1.0
446,15,0.13177139,1.0085334,0.14657274,1.0
446,16,-0.16607092,0.8317912,0.11162447,1.0
446,17,0.1812871,0.9411303,0.14640328,1.0
446,18,-0.13472377,0.7972278,0.092966795,1.0
446,19,0.06736539,1.0042071,0.14861715,1.0
446,20,-0.1340771,0.83082813,0.06932476,1.0
446,21,0.11892648,0.9990184,0.13458614,1.0
446,22,-0.15695028,0.83381844,0.09388612,1.0
446,23,0.08820829,0.81912065,0.034255408,1.0
446,24,-0.082142785,0.834821,-0.034590945,1.0
446,25,0.12095918,0.40687168,-0.06695579,1.0
446,26,-0.04345355,0.5049721,-0.08894844,1.0
446,27,0.10965019,0.06839958,0.059811935,1.0
446,28,-0.08242014,0.117281795,0.03827916,1.0
446,29,0.082408674,0.03575832,0.076537415,1.0
446,30,-0.077875264,0.08145404,0.01211386,1.0
446,31,0.084372036,0.0,0.0428578,1.0
446,32,-0.069389604,0.05625225,-0.052804135,1.0
447,0,-0.08731689,1.3901024,-0.15888423,1.0
447,1,-0.09541356,1.4199232,-0.15441868,1.0
447,2,-0.096978225,1.4090018,-0.14584488,1.0
447,3,-0.10012259,1.4182961,-0.14500393,1.0
447,4,-0.10354433,1.4093848,-0.16338192,1.0
447,5,-0.11102489,1.4133754,-0.1596722,1.0
447,6,-0.099403754,1.4174879,-0.15455928,1.0
447,7,-0.03863486,1.434881,-0.06820169,1.0
447,8,-0.14939764,1.3610241,-0.06006718,1.0
447,9,-0.058273524,1.3993309,-0.1158982,1.0
447,10,-0.07522532,1.3531177,-0.1475264,1.0
447,11,0.09093423,1.2880089,0.029363144,1.0
447,12,-0.15830955,1.2944918,0.079419404,1.0
447,13,0.17937335,1.1026664,0.07453139,1.0
447,14,-0.15860145,1.0139177,0.106572494,1.0
447,15,0.19493324,0.9432852,0.14462233,1.0
447,16,-0.12712179,0.84630275,0.11014757,1.0
447,17,0.23335168,0.89006865,0.14895763,1.0
447,18,-0.076847084,0.80834985,0.10117662,1.0
447,19,0.16090181,0.9122203,0.14545639,1.0
447,20,-0.07209707,0.84965134,0.077026576,1.0
447,21,0.18459684,0.93280613,0.13696514,1.0
447,22,-0.11066574,0.84938097,0.09084338,1.0
447,23,0.08462722,0.8325235,0.039541394,1.0
447,24,-0.08476684,0.8351418,-0.029385738,1.0
447,25,0.11988655,0.41462424,-0.048445888,1.0
447,26,-0.02951296,0.5055269,-0.09053959,1.0
447,27,0.10836921,0.08677152,0.08945503,1.0
447,28,-0.039748617,0.12288901,0.056867287,1.0
447,29,0.08146778,0.057765834,0.112891495,1.0
447,30,-0.039726716,0.08894716,0.032708384,1.0
447,31,0.09028289,0.010700699,0.095581554,1.0
447,32,-0.025078058,0.0493726,-0.008783612,1.0
448,0,-0.09047899,1.3829718,-0.14777634,1.0
448,1,-0.08899737,1.4103098,-0.14681411,1.0
448,2,-0.09692263,1.4028049,-0.1346451,1.0
448,3,-0.09735813,1.4164665,-0.13321747,1.0
448,4,-0.106827155,1.4032545,-0.15726252,1.0
448,5,-0.11227122,1.4075243,-0.15262014,1.0
448,6,-0.102240086,1.4110814,-0.14512295,1.0
448,7,-0.029289693,1.427386,-0.057089202,1.0
448,8,-0.1435931,1.3598087,-0.060992654,1.0
448,9,-0.05425763,1.396286,-0.11463296,1.0
448,10,-0.07412455,1.3480918,-0.13443269,1.0
448,11,0.09938347,1.2813623,0.029009819,1.0
448,12,-0.1560521,1.2921705,0.09773791,1.0
448,13,0.19580507,1.0910834,0.07483101,1.0
448,14,-0.11718768,1.0184989,0.123227656,1.0
448,15,0.2120495,0.86478126,0.15426749,1.0
448,16,-0.09142917,0.84389967,0.12378405,1.0
448,17,0.23618671,0.8333004,0.15043256,1.0
448,18,-0.04574678,0.80663365,0.11755349,1.0
448,19,0.19852997,0.8194169,0.15682387,1.0
448,20,-0.039235596,0.84701,0.10141993,1.0
448,21,0.22363791,0.85094947,0.15412915,1.0
448,22,-0.07699602,0.8478198,0.108793594,1.0
448,23,0.08694059,0.82620674,0.032954093,1.0
448,24,-0.084491104,0.82812977,-0.023078475,1.0
448,25,0.11921784,0.4080812,-0.047892246,1.0
448,26,-0.028587181,0.4987831,-0.08323236,1.0
448,27,0.12165314,0.08192167,0.08206372,1.0
448,28,-0.009895613,0.116408825,0.055021584,1.0
448,29,0.09390294,0.05251284,0.100486085,1.0
448,30,-0.021039225,0.084864706,0.02936183,1.0
448,31,0.09175451,0.0030974,0.079956524,1.0
448,32,-0.010566745,0.041329075,-0.0022798553,1.0
449,0,-0.08991605,1.3820562,-0.12924956,1.0
449,1,-0.08548021,1.4073235,-0.12590873,1.0
449,2,-0.09728119,1.4120781,-0.11331663,1.0
449,3,-0.09411338,1.4185977,-0.11575228,1.0
449,4,-0.10850063,1.4167395,-0.13210645,1.0
449,5,-0.10721895,1.4132032,-0.14244841,1.0
449,6,-0.09838438,1.4035821,-0.11921677,1.0
449,7,-0.031870387,1.4152427,-0.05487529,1.0
449,8,-0.13502203,1.343548,-0.019297145,1.0
449,9,-0.044899978,1.3843551,-0.094450474,1.0
449,10,-0.07876254,1.338772,-0.10461975,1.0
449,11,0.09901795,1.268467,0.036085166,1.0
449,12,-0.15639074,1.2841415,0.14815745,1.0
449,13,0.20876506,1.0802246,0.06727365,1.0
449,14,-0.100066885,1.0192726,0.15671082,1.0
449,15,0.24242438,0.86889446,0.15123942,1.0
449,16,-0.074811526,0.8512665,0.15095885,1.0
449,17,0.26852533,0.8232612,0.15406635,1.0
449,18,-0.028280992,0.81896937,0.13262166,1.0
449,19,0.22614016,0.81067216,0.14813505,1.0
449,20,-0.02549528,0.852789,0.117543824,1.0
449,21,0.24231498,0.83889323,0.13690361,1.0
449,22,-0.06638008,0.8564351,0.13316192,1.0
449,23,0.09357187,0.8130459,0.01725815,1.0
449,24,-0.07958907,0.8205414,-0.019026397,1.0
449,25,0.124306336,0.39578927,-0.07498048,1.0
449,26,-0.019246237,0.4911942,-0.06812891,1.0
449,27,0.13345319,0.073500365,0.056197375,1.0
449,28,0.00021528313,0.106141925,0.055452153,1.0
449,29,0.10865797,0.041285038,0.07401651,1.0
449,30,-0.0073089018,0.0742182,0.027771082,1.0
449,31,0.088141315,0.0,0.048624143,1.0
449,32,-0.0019533471,0.03395219,-0.011003539,1.0
450,0,-0.09319348,1.3906703,-0.10564549,1.0
450,1,-0.09045638,1.4128294,-0.09292157,1.0
450,2,-0.09349179,1.4302638,-0.089628756,1.0
450,3,-0.08861577,1.426635,-0.091948934,1.0
450,4,-0.09844504,1.4360118,-0.10219456,1.0
450,5,-0.10112314,1.4275019,-0.12597102,1.0
450,6,-0.096168295,1.4051791,-0.09131746,1.0
450,7,-0.022097863,1.4083178,-0.037621997,1.0
450,8,-0.13131335,1.3363597,0.009401762,1.0
450,9,-0.040226594,1.3812208,-0.06942719,1.0
450,10,-0.08142529,1.3381243,-0.076247506,1.0
450,11,0.09507951,1.2684052,0.04751858,1.0
450,12,-0.15294556,1.2838693,0.17614001,1.0
450,13,0.21633929,1.0905807,0.0711669,1.0
450,14,-0.07051395,1.0287135,0.1727108,1.0
450,15,0.27143723,0.8820386,0.14579353,1.0
450,16,-0.04825216,0.8619124,0.19598985,1.0
450,17,0.2982599,0.8301481,0.15630277,1.0
450,18,0.006267144,0.8378303,0.16606534,1.0
450,19,0.25030825,0.81050205,0.13863018,1.0
450,20,-0.0021028463,0.8567719,0.15500423,1.0
450,21,0.26011992,0.8381179,0.13121232,1.0
450,22,-0.04464843,0.87358534,0.17582427,1.0
450,23,0.10048081,0.8152258,0.0113303885,1.0
450,24,-0.076008916,0.82270193,-0.021727763,1.0
450,25,0.13318981,0.3974573,-0.08775173,1.0
450,26,-0.016093321,0.49676907,-0.09477992,1.0
450,27,0.13971253,0.072601736,0.04043649,1.0
450,28,-0.0068742335,0.10431591,0.0023693442,1.0
450,29,0.12167729,0.041148763,0.066625684,1.0
450,30,-0.005379716,0.06754269,-0.025094833,1.0
450,31,0.08991496,0.0,0.034278262,1.0
450,32,-0.013408685,0.034563273,-0.06528571,1.0
451,0,-0.09436424,1.404659,-0.095089905,1.0
451,1,-0.09189826,1.4257939,-0.08339558,1.0
451,2,-0.08887472,1.4435644,-0.08174038,1.0
451,3,-0.08935492,1.4357288,-0.087182,1.0
451,4,-0.09399376,1.4397941,-0.095879875,1.0
451,5,-0.10051708,1.4358656,-0.11029217,1.0
451,6,-0.09567561,1.4167413,-0.08234856,1.0
451,7,-0.006631118,1.4203126,-0.027810782,1.0
451,8,-0.12588847,1.3576434,0.018737918,1.0
451,9,-0.041713223,1.3978746,-0.06634535,1.0
451,10,-0.07292383,1.3547965,-0.07056633,1.0
451,11,0.10291691,1.2744468,0.050439708,1.0
451,12,-0.14149892,1.2886674,0.18916368,1.0
451,13,0.22359532,1.1002367,0.07230026,1.0
451,14,-0.07001104,1.0352254,0.19492802,1.0
451,15,0.28706393,0.891173,0.1431835,1.0
451,16,-0.061875373,0.88141984,0.20431173,1.0
451,17,0.32358745,0.8517042,0.14305674,1.0
451,18,-0.008221552,0.8643744,0.18223296,1.0
451,19,0.2760466,0.8272572,0.13639331,1.0
451,20,-0.013516046,0.8863263,0.16897747,1.0
451,21,0.28210127,0.8600775,0.13324657,1.0
451,22,-0.054615617,0.89750963,0.1873276,1.0
451,23,0.099345736,0.82157695,0.0061870962,1.0
451,24,-0.079059,0.8253324,-0.014359068,1.0
451,25,0.1320899,0.39518255,-0.07964515,1.0
451,26,-0.018969279,0.5007349,-0.08206253,1.0
451,27,0.13725351,0.05859402,0.041974813,1.0
451,28,-0.021406129,0.101490974,0.016569972,1.0
451,29,0.12153839,0.02367295,0.066090554,1.0
451,30,-0.022694573,0.0633861,-0.009797541,1.0
451,31,0.08930059,0.0,0.023175586,1.0
451,32,-0.029347789,0.03478399,-0.04304471,1.0
452,0,-0.08693929,1.4152291,-0.09988809,1.0
452,1,-0.08023399,1.4385831,-0.08518697,1.0
452,2,-0.079597086,1.430811,-0.07536309,1.0
452,3,-0.08401176,1.4382362,-0.07860117,1.0
452,4,-0.10205832,1.4452207,-0.09114042,1.0
452,5,-0.09873417,1.4375412,-0.09561038,1.0
452,6,-0.08311614,1.4326146,-0.090556696,1.0
452,7,-0.0018436541,1.4379646,-0.010495525,1.0
452,8,-0.11230184,1.371297,0.019319113,1.0
452,9,-0.048146393,1.4151338,-0.055124357,1.0
452,10,-0.0769904,1.3739297,-0.07551744,1.0
452,11,0.121168725,1.2688748,0.048662618,1.0
452,12,-0.12485357,1.3014469,0.17090145,1.0
452,13,0.2282853,1.0876441,0.06979416,1.0
452,14,-0.094587885,1.0517653,0.20723023,1.0
452,15,0.3087779,0.8832251,0.113497496,1.0
452,16,-0.079481974,0.96973807,0.19404173,1.0
452,17,0.335086,0.8544108,0.108693056,1.0
452,18,-0.042140782,0.9534815,0.18555333,1.0
452,19,0.3124394,0.8482716,0.107025266,1.0
452,20,-0.054785598,0.9572252,0.12765995,1.0
452,21,0.3188053,0.8734611,0.09830298,1.0
452,22,-0.071433924,0.97623324,0.17602395,1.0
452,23,0.08435954,0.81600934,0.01789152,1.0
452,24,-0.09070876,0.8285653,-0.016783327,1.0
452,25,0.12246435,0.38266733,-0.08151047,1.0
452,26,-0.018027658,0.50302684,-0.063237265,1.0
452,27,0.1386494,0.06269798,0.08973929,1.0
452,28,-0.030089475,0.10792646,0.05973664,1.0
452,29,0.10815735,0.028097976,0.09629366,1.0
452,30,-0.028692082,0.07352118,0.034392476,1.0
452,31,0.07819285,0.0,0.07879646,1.0
452,32,-0.023230122,0.0475085,0.0027469313,1.0
453,0,-0.09163602,1.4223884,-0.10864577,1.0
453,1,-0.07627818,1.4430835,-0.09621453,1.0
453,2,-0.07493601,1.4381841,-0.084874414,1.0
453,3,-0.07230212,1.4456794,-0.08408496,1.0
453,4,-0.09189114,1.4598656,-0.09457043,1.0
453,5,-0.091920875,1.4459722,-0.10965181,1.0
453,6,-0.07662479,1.441103,-0.093945526,1.0
453,7,0.0044615585,1.4404066,-0.031235918,1.0
453,8,-0.10137641,1.371604,0.011712141,1.0
453,9,-0.047527652,1.421822,-0.061461136,1.0
453,10,-0.082425274,1.3789743,-0.0785228,1.0
453,11,0.11946362,1.2700653,0.02800386,1.0
453,12,-0.12554309,1.3146601,0.16748512,1.0
453,13,0.23399465,1.0933032,0.027857315,1.0
453,14,-0.097030915,1.0727944,0.19652578,1.0
453,15,0.32604402,0.8911731,0.060465075,1.0
453,16,-0.12562123,1.0131981,0.17602557,1.0
453,17,0.34952125,0.8646424,0.06444363,1.0
453,18,-0.1018536,1.0065101,0.15142721,1.0
453,19,0.33268052,0.85610664,0.050994247,1.0
453,20,-0.09884219,1.0570158,0.13010274,1.0
453,21,0.33072624,0.87475663,0.046998847,1.0
453,22,-0.1236873,1.0232117,0.15261635,1.0
453,23,0.081827834,0.821883,0.012055647,1.0
453,24,-0.09228532,0.8411492,-0.011536127,1.0
453,25,0.12550169,0.3939429,-0.087552354,1.0
453,26,-0.019451767,0.51272374,-0.06552102,1.0
453,27,0.1399185,0.066783465,0.066258594,1.0
453,28,-0.01540448,0.1117965,0.05728045,1.0
453,29,0.11104736,0.03076895,0.07443013,1.0
453,30,-0.013293954,0.07488009,0.03322664,1.0
453,31,0.06588692,0.0,0.048173793,1.0
453,32,-0.01859827,0.047928855,0.012074379,1.0
454,0,-0.089518175,1.4272747,-0.10834049,1.0
454,1,-0.07259402,1.4479645,-0.098117314,1.0
454,2,-0.072975025,1.446876,-0.0900245,1.0
454,3,-0.06833309,1.4521999,-0.08896137,1.0
454,4,-0.08605699,1.4598153,-0.094753295,1.0
454,5,-0.08706747,1.4535394,-0.11082091,1.0
454,6,-0.07627426,1.442057,-0.09359446,1.0
454,7,0.010926835,1.4444234,-0.04265804,1.0
454,8,-0.096557036,1.3781598,0.0066270498,1.0
454,9,-0.0444535,1.4254115,-0.06814442,1.0
454,10,-0.07392892,1.381685,-0.081064165,1.0
454,11,0.11888924,1.2739995,0.019295814,1.0
454,12,-0.12621531,1.314604,0.17054878,1.0
454,13,0.23355713,1.1010127,0.018715007,1.0
454,14,-0.11262983,1.0727874,0.18473303,1.0
454,15,0.32911277,0.90377086,0.037006825,1.0
454,16,-0.15666835,1.0313166,0.09694443,1.0
454,17,0.35170963,0.8729001,0.040279757,1.0
454,18,-0.12846808,1.0392392,0.06341764,1.0
454,19,0.34068367,0.85932773,0.021276692,1.0
454,20,-0.12525553,1.092668,0.042262252,1.0
454,21,0.33491853,0.872849,0.02122922,1.0
454,22,-0.14912249,1.0533555,0.07618505,1.0
454,23,0.08731479,0.8274931,0.0037631392,1.0
454,24,-0.08663132,0.8414768,-0.0010420899,1.0
454,25,0.13030623,0.40081373,-0.08959853,1.0
454,26,-0.023338214,0.50408053,-0.050374184,1.0
454,27,0.14498922,0.07276961,0.05832175,1.0
454,28,-0.0080636535,0.10186535,0.058708247,1.0
454,29,0.11970861,0.03888826,0.07874678,1.0
454,30,-0.0039177495,0.06630424,0.033150617,1.0
454,31,0.069006994,0.006759052,0.05235228,1.0
454,32,-0.02572226,0.04605966,0.003554266,1.0
455,0,-0.07800297,1.4338078,-0.092669256,1.0
455,1,-0.058917798,1.4513472,-0.10396035,1.0
455,2,-0.07465176,1.4682994,-0.09409218,1.0
455,3,-0.075032756,1.4638087,-0.09619217,1.0
455,4,-0.078186564,1.4371455,-0.10575423,1.0
455,5,-0.07452184,1.4511585,-0.107104264,1.0
455,6,-0.07914953,1.4476795,-0.090293765,1.0
455,7,0.021122634,1.4582397,-0.05345166,1.0
455,8,-0.092509,1.4065654,0.014124867,1.0
455,9,-0.036040064,1.432275,-0.087560065,1.0
455,10,-0.04233604,1.392803,-0.086872205,1.0
455,11,0.12405786,1.2826803,0.024025675,1.0
455,12,-0.1232256,1.302994,0.19652623,1.0
455,13,0.23454925,1.1072322,-0.0007373872,1.0
455,14,-0.10776709,1.0655621,0.111619666,1.0
455,15,0.32136166,0.91027963,0.022652656,1.0
455,16,-0.13978985,1.0135357,0.08365053,1.0
455,17,0.36305177,0.8869323,0.005673062,1.0
455,18,-0.11695491,1.0308595,-0.04023615,1.0
455,19,0.34243596,0.85491586,-0.0039136484,1.0
455,20,-0.11643918,1.0466801,0.015662229,1.0
455,21,0.33499238,0.8745992,0.004096426,1.0
455,22,-0.13275063,1.0273868,0.06609712,1.0
455,23,0.09809497,0.8385815,-0.011620557,1.0
455,24,-0.072953954,0.83603066,0.014656687,1.0
455,25,0.12339774,0.417944,-0.09361644,1.0
455,26,-0.033776946,0.49679813,-0.051273994,1.0
455,27,0.15310204,0.07820207,0.017258167,1.0
455,28,-0.009518215,0.08293781,0.04623595,1.0
455,29,0.13491629,0.04194013,0.037036978,1.0
455,30,-0.015802734,0.049411602,0.01376009,1.0
455,31,0.07465722,0.026085833,-0.009491477,1.0
455,32,-0.03284637,0.03103275,-0.022854261,1.0
456,0,-0.07269611,1.4277141,-0.1200767,1.0
456,1,-0.047501747,1.4433784,-0.1147907,1.0
456,2,-0.052674867,1.4603386,-0.10262502,1.0
456,3,-0.052369844,1.455473,-0.10742575,1.0
456,4,-0.06731136,1.4533157,-0.12016636,1.0
456,5,-0.06275446,1.4487898,-0.13038316,1.0
456,6,-0.06191022,1.4416449,-0.109913394,1.0
456,7,0.03196982,1.4451268,-0.056141376,1.0
456,8,-0.08760416,1.3872175,0.0023377193,1.0
456,9,-0.025574438,1.4249158,-0.09303064,1.0
456,10,-0.050425008,1.3846049,-0.095363386,1.0
456,11,0.13326313,1.2701116,0.011716325,1.0
456,12,-0.10996649,1.3093681,0.17707372,1.0
456,13,0.23380682,1.0831208,-0.011686221,1.0
456,14,-0.11343503,1.066765,0.12786555,1.0
456,15,0.31423804,0.87541175,0.0050045787,1.0
456,16,-0.15498027,1.0279138,-0.0021642298,1.0
456,17,0.3444622,0.850988,-0.0009938143,1.0
456,18,-0.12204606,1.0252466,-0.02107261,1.0
456,19,0.32432082,0.82909673,-0.0100339,1.0
456,20,-0.113072865,1.0713453,-0.033973787,1.0
456,21,0.32250044,0.85701233,-0.011133614,1.0
456,22,-0.14451586,1.0389135,-0.010671018,1.0
456,23,0.08693981,0.8315372,-0.015284888,1.0
456,24,-0.07989502,0.83816206,0.011480052,1.0
456,25,0.109584205,0.41272652,-0.10117799,1.0
456,26,-0.024823952,0.49474636,-0.04740314,1.0
456,27,0.15105008,0.05974716,0.0037546083,1.0
456,28,-0.005742669,0.06925544,0.042091757,1.0
456,29,0.13435048,0.019750416,0.017978493,1.0
456,30,-0.007868602,0.03199725,0.012143543,1.0
456,31,0.075142406,0.0,-0.024044327,1.0
456,32,-0.033873856,0.012602881,-0.022546662,1.0
457,0,-0.06899148,1.421114,-0.13709304,1.0
457,1,-0.043153826,1.4354131,-0.12346524,1.0
457,2,-0.034645617,1.4503894,-0.113014385,1.0
457,3,-0.035729434,1.4473239,-0.11749226,1.0
457,4,-0.057719227,1.46158,-0.12837997,1.0
457,5,-0.055882506,1.446636,-0.14507467,1.0
457,6,-0.055710368,1.4340905,-0.12521526,1.0
457,7,0.043408103,1.43203,-0.055740617,1.0
457,8,-0.08916579,1.3744749,-0.0054733115,1.0
457,9,-0.015104048,1.414377,-0.09634328,1.0
457,10,-0.05448147,1.3724971,-0.09856811,1.0
457,11,0.13827395,1.2649205,0.006688293,1.0
457,12,-0.1055737,1.3113152,0.1643138,1.0
457,13,0.23929599,1.0816901,-0.022215223,1.0
457,14,-0.11362775,1.0581511,0.12261757,1.0
457,15,0.29013172,0.87456167,-0.028365925,1.0
457,16,-0.15108603,0.99848306,0.01726336,1.0
457,17,0.3157611,0.8433462,-0.037702575,1.0
457,18,-0.11862564,0.98258775,-0.0342675,1.0
457,19,0.27989283,0.8243942,-0.04517238,1.0
457,20,-0.113487095,1.0205691,-0.03963155,1.0
457,21,0.28813237,0.86378634,-0.038848702,1.0
457,22,-0.1455959,1.013684,-0.002846941,1.0
457,23,0.08329292,0.82651484,-0.019101517,1.0
457,24,-0.08228865,0.8370567,0.010188202,1.0
457,25,0.09462121,0.4094772,-0.118597746,1.0
457,26,-0.025850058,0.49500656,-0.0490684,1.0
457,27,0.15617812,0.05436054,-0.030135497,1.0
457,28,0.0021602549,0.07210863,0.041976824,1.0
457,29,0.14167485,0.015047871,-0.016090281,1.0
457,30,0.009171056,0.034887686,0.011401689,1.0
457,31,0.074848525,0.0,-0.06464313,1.0
457,32,-0.030696468,0.007090399,-0.017498164,1.0
458,0,-0.06542584,1.4281187,-0.13305637,1.0
458,1,-0.050490037,1.4449167,-0.12241046,1.0
458,2,-0.033656903,1.444598,-0.1184702,1.0
458,3,-0.036969237,1.4506533,-0.11699473,1.0
458,4,-0.05835174,1.4658918,-0.12157686,1.0
458,5,-0.06167098,1.454381,-0.14006214,1.0
458,6,-0.057943992,1.4366331,-0.12497401,1.0
458,7,0.044278514,1.4340289,-0.054214478,1.0
458,8,-0.08209037,1.3793747,-0.007753913,1.0
458,9,-0.015056685,1.4238374,-0.09511354,1.0
458,10,-0.053131983,1.3717887,-0.09653925,1.0
458,11,0.14022896,1.2722188,0.0034949533,1.0
458,12,-0.10209756,1.3230436,0.15905514,1.0
458,13,0.2147901,1.0877336,-0.035487823,1.0
458,14,-0.13126886,1.043201,0.12429896,1.0
458,15,0.20251042,0.8839329,-0.06076359,1.0
458,16,-0.1685105,0.9247885,0.037413634,1.0
458,17,0.33550543,0.8557558,-0.01639781,1.0
458,18,-0.13704085,0.9190664,0.0019372194,1.0
458,19,0.307996,0.8328846,-0.024839293,1.0
458,20,-0.13293791,0.92640716,-0.017128099,1.0
458,21,0.19091238,0.8648798,-0.063094325,1.0
458,22,-0.16044769,0.93591994,0.016444126,1.0
458,23,0.078149006,0.8299009,-0.016026506,1.0
458,24,-0.08703402,0.844515,0.016184164,1.0
458,25,0.08883304,0.41584796,-0.12889239,1.0
458,26,-0.032922987,0.5024089,-0.042480193,1.0
458,27,0.15631768,0.06213996,-0.026902974,1.0
458,28,-0.0023340844,0.08162445,0.037229277,1.0
458,29,0.14036132,0.024039824,-0.011138644,1.0
458,30,0.007027081,0.04339242,0.0077749453,1.0
458,31,0.07647729,0.00049329735,-0.059162866,1.0
458,32,-0.036186013,0.01810545,-0.015403114,1.0
459,0,-0.057276577,1.4222084,-0.10892957,1.0
459,1,-0.048104472,1.4390312,-0.11215521,1.0
459,2,-0.05363988,1.4407564,-0.107121564,1.0
459,3,-0.05039538,1.4470066,-0.1009111,1.0
459,4,-0.06050377,1.4438754,-0.11074184,1.0
459,5,-0.062118042,1.4451729,-0.13267636,1.0
459,6,-0.058473337,1.4361027,-0.10658464,1.0
459,7,0.03365054,1.4423946,-0.058425885,1.0
459,8,-0.07376929,1.3860837,0.0031644078,1.0
459,9,-0.018525314,1.422921,-0.08714252,1.0
459,10,-0.038873717,1.3736209,-0.09714867,1.0
459,11,0.13425124,1.2829282,0.012228131,1.0
459,12,-0.10728221,1.3145679,0.17817113,1.0
459,13,0.18641186,1.0966027,-0.054580994,1.0
459,14,-0.13289297,1.0282526,0.13037649,1.0
459,15,0.12168655,0.89780915,-0.09858154,1.0
459,16,-0.19192311,0.8404249,0.05737651,1.0
459,17,0.32806155,0.8466212,-0.02197025,1.0
459,18,-0.16137326,0.7982421,0.0331468,1.0
459,19,0.2989334,0.8264096,-0.03011303,1.0
459,20,-0.15238872,0.82511866,0.0053753504,1.0
459,21,0.10494576,0.86109555,-0.10851174,1.0
459,22,-0.17756039,0.84560907,0.03463833,1.0
459,23,0.08388251,0.830835,-0.012512729,1.0
459,24,-0.081097245,0.83587873,0.024652477,1.0
459,25,0.08826025,0.41966915,-0.12840667,1.0
459,26,-0.049388476,0.4923043,-0.037455652,1.0
459,27,0.13724741,0.060422517,-0.032927997,1.0
459,28,-0.014477819,0.07653737,0.043392267,1.0
459,29,0.12167926,0.022876196,-0.016918356,1.0
459,30,-0.011805308,0.039477684,0.012447488,1.0
459,31,0.045193158,0.0,-0.056597654,1.0
459,32,-0.05848602,0.009254394,-0.017873602,1.0
460,0,-0.05759362,1.4198254,-0.0905184,1.0
460,1,-0.042516507,1.4329625,-0.10273048,1.0
460,2,-0.07258372,1.4442147,-0.09259431,1.0
460,3,-0.060265403,1.4493486,-0.08855288,1.0
460,4,-0.06375912,1.4266082,-0.10383334,1.0
460,5,-0.06550589,1.438769,-0.12447372,1.0
460,6,-0.06283908,1.4412597,-0.08196437,1.0
460,7,0.020211332,1.4490439,-0.05866482,1.0
460,8,-0.07320899,1.3951938,0.016760357,1.0
460,9,-0.023695894,1.4294448,-0.08203322,1.0
460,10,-0.030441767,1.3816849,-0.08968471,1.0
460,11,0.123585925,1.2888036,0.0190586,1.0
460,12,-0.11875065,1.3049066,0.19861302,1.0
460,13,0.13798249,1.1005028,-0.06966382,1.0
460,14,-0.1334433,1.0178738,0.13917148,1.0
460,15,0.1854274,0.8881747,-0.070741646,1.0
460,16,-0.1975079,0.8481176,0.064268656,1.0
460,17,0.3157611,0.8433461,-0.037702575,1.0
460,18,-0.15822433,0.814996,0.064069785,1.0
460,19,0.27989283,0.82439417,-0.04517238,1.0
460,20,-0.14927733,0.8472757,0.021833865,1.0
460,21,0.11630303,0.91110045,-0.04469927,1.0
460,22,-0.17298818,0.8517466,0.04520457,1.0
460,23,0.08704855,0.83289325,-0.015318796,1.0
460,24,-0.074923865,0.8292538,0.035798337,1.0
460,25,0.08087843,0.4205764,-0.12926143,1.0
460,26,-0.063381344,0.4885819,-0.042783637,1.0
460,27,0.114352286,0.06067565,-0.044579454,1.0
460,28,-0.022998873,0.07871014,0.045128483,1.0
460,29,0.10016374,0.02157509,-0.03140214,1.0
460,30,-0.034042712,0.044730067,0.0138522275,1.0
460,31,0.022193484,0.0042082183,-0.06349462,1.0
460,32,-0.08276526,0.009371703,-0.02033778,1.0
461,0,-0.053970035,1.405907,-0.07662871,1.0
461,1,-0.041369244,1.4251021,-0.07303529,1.0
461,2,-0.039281495,1.4255358,-0.064331055,1.0
461,3,-0.039052654,1.4279238,-0.06670745,1.0
461,4,-0.055682864,1.4322087,-0.072655454,1.0
461,5,-0.056863543,1.4278251,-0.08715722,1.0
461,6,-0.053422585,1.4222897,-0.06797337,1.0
461,7,0.045385987,1.4220556,-0.0020188694,1.0
461,8,-0.07571125,1.3736564,0.045263626,1.0
461,9,-0.011373289,1.4068643,-0.04598932,1.0
461,10,-0.039046522,1.3609313,-0.059997484,1.0
461,11,0.13746844,1.2588753,0.05349078,1.0
461,12,-0.10316235,1.300168,0.1983293,1.0
461,13,0.103235126,1.077081,0.023854733,1.0
461,14,-0.13134521,1.0232042,0.13585055,1.0
461,15,0.081891954,0.9728362,-0.041142285,1.0
461,16,-0.13591133,0.91085374,0.054752216,1.0
461,17,-0.12945385,1.1899302,0.06344664,1.0
461,18,-0.070950136,0.9341793,0.0048007625,1.0
461,19,-0.13713394,1.2075713,0.09157968,1.0
461,20,-0.06359956,0.9748573,-0.008636339,1.0
461,21,0.013118039,0.99972034,-0.001050046,1.0
461,22,-0.10094026,0.9625391,0.032427024,1.0
461,23,0.08380416,0.8075375,-0.015346814,1.0
461,24,-0.080897555,0.81775075,0.023625039,1.0
461,25,0.06675737,0.39415583,-0.11195776,1.0
461,26,-0.06569216,0.46677414,-0.05274328,1.0
461,27,0.112477735,0.051868737,0.0036628544,1.0
461,28,-0.04593999,0.080889374,0.05129911,1.0
461,29,0.088746235,0.018607907,0.01725066,1.0
461,30,-0.04501806,0.04991531,0.022414457,1.0
461,31,0.03408399,0.0,-0.012301806,1.0
461,32,-0.09198993,0.03273012,-0.008045666,1.0
462,0,-0.05866652,1.393853,-0.07552542,1.0
462,1,-0.043035902,1.4151695,-0.06381701,1.0
462,2,-0.018766278,1.4114513,-0.05302141,1.0
462,3,-0.027892876,1.4091041,-0.06018907,1.0
462,4,-0.05343755,1.4331696,-0.059951574,1.0
462,5,-0.054081526,1.4194777,-0.072193876,1.0
462,6,-0.048496395,1.4047318,-0.06292604,1.0
462,7,0.057686493,1.39856,0.013291294,1.0
462,8,-0.07248041,1.3511839,0.054666128,1.0
462,9,-0.0069599943,1.3871219,-0.034257475,1.0
462,10,-0.051673282,1.343441,-0.043177757,1.0
462,11,0.14780158,1.2402713,0.04431539,1.0
462,12,-0.08683957,1.2982237,0.20464657,1.0
462,13,0.09300031,1.0687786,0.022484437,1.0
462,14,-0.12260268,1.0337319,0.17990372,1.0
462,15,-0.022233028,1.0915293,0.004571634,1.0
462,16,-0.084645405,0.97571087,0.068047605,1.0
462,17,-0.12298481,1.2114552,0.060521465,1.0
462,18,-0.03303723,0.972053,-0.008101646,1.0
462,19,-0.12687023,1.2328482,0.08098363,1.0
462,20,-0.011924792,1.0306575,-0.006972844,1.0
462,21,-0.065900855,1.0957968,0.045758497,1.0
462,22,-0.062530845,1.0033574,0.04678493,1.0
462,23,0.08169137,0.78892314,-0.017116616,1.0
462,24,-0.08362454,0.8064119,0.013852946,1.0
462,25,0.05762233,0.38605097,-0.11662902,1.0
462,26,-0.066030234,0.45613384,-0.06093418,1.0
462,27,0.1077892,0.08128017,0.015993997,1.0
462,28,-0.050179116,0.108498015,0.065151736,1.0
462,29,0.080687806,0.05123452,0.027893119,1.0
462,30,-0.042935573,0.07906656,0.04388114,1.0
462,31,0.03975317,0.019890584,-6.8020076e-05,1.0
462,32,-0.09074128,0.06565952,0.03425114,1.0
463,0,-0.047621343,1.3911047,-0.0537571,1.0
463,1,-0.036521703,1.40907,-0.04040026,1.0
463,2,-0.014085943,1.4162326,-0.035256874,1.0
463,3,-0.022212561,1.4070003,-0.042316824,1.0
463,4,-0.045737453,1.4339488,-0.040980376,1.0
463,5,-0.04410623,1.4194498,-0.061162386,1.0
463,6,-0.043973453,1.3946717,-0.04302129,1.0
463,7,0.063132524,1.391377,0.024762664,1.0
463,8,-0.07158399,1.3422358,0.07118257,1.0
463,9,0.007295053,1.3728483,-0.011744416,1.0
463,10,-0.040336784,1.3333049,-0.02201433,1.0
463,11,0.14202246,1.2382584,0.06393197,1.0
463,12,-0.0766526,1.2882154,0.22053513,1.0
463,13,0.050468598,1.0927184,0.03543853,1.0
463,14,-0.103460245,1.0404139,0.17091653,1.0
463,15,-0.075544976,1.1927655,0.033114187,1.0
463,16,-0.03627061,1.0289301,0.025358733,1.0
463,17,-0.12341608,1.2100202,0.060716476,1.0
463,18,0.02610921,1.0475659,-0.045407735,1.0
463,19,-0.11570057,1.2553018,0.062242366,1.0
463,20,0.04529525,1.1069443,-0.030470112,1.0
463,21,-0.1322909,1.1200519,0.10160184,1.0
463,22,-0.018137764,1.0668018,0.023491772,1.0
463,23,0.0908493,0.785426,-0.023758974,1.0
463,24,-0.072633065,0.79784346,0.009165589,1.0
463,25,0.0636384,0.37973234,-0.10862526,1.0
463,26,-0.0568885,0.44214585,-0.052139796,1.0
463,27,0.10727872,0.07244924,0.00831037,1.0
463,28,-0.059130855,0.09013483,0.06780176,1.0
463,29,0.08369889,0.04967537,0.029645393,1.0
463,30,-0.049078457,0.06286448,0.04084055,1.0
463,31,0.045839503,0.01136428,0.005666218,1.0
463,32,-0.09547475,0.04853908,0.021483252,1.0
464,0,-0.051365487,1.3865256,-0.043662027,1.0
464,1,-0.032471374,1.4044905,-0.036489114,1.0
464,2,-0.03768552,1.418477,-0.027430555,1.0
464,3,-0.033998374,1.4142203,-0.035212412,1.0
464,4,-0.04940822,1.4149671,-0.04263465,1.0
464,5,-0.051516548,1.4157801,-0.058135446,1.0
464,6,-0.046393503,1.402559,-0.027646901,1.0
464,7,0.05034737,1.4022262,0.01857809,1.0
464,8,-0.072508365,1.3539643,0.077096805,1.0
464,9,0.001474798,1.3792288,-0.013569458,1.0
464,10,-0.032312606,1.3451235,-0.022923611,1.0
464,11,0.12848419,1.2438607,0.08105282,1.0
464,12,-0.09661949,1.281614,0.22718441,1.0
464,13,0.054183092,1.1123055,0.03869263,1.0
464,14,-0.1267401,1.0364523,0.13206027,1.0
464,15,-0.09178597,1.1617756,0.055064686,1.0
464,16,-0.057103552,1.093127,-0.017018046,1.0
464,17,-0.12945385,1.1899302,0.06344664,1.0
464,18,0.018924162,1.1268659,-0.058782518,1.0
464,19,-0.13713394,1.2075713,0.09157968,1.0
464,20,0.046937272,1.1904056,-0.053982526,1.0
464,21,-0.09323467,1.158952,0.06740731,1.0
464,22,-0.0419064,1.1193771,-0.012878607,1.0
464,23,0.090498276,0.79287463,-0.013370359,1.0
464,24,-0.07366384,0.7950525,0.009950617,1.0
464,25,0.076970056,0.38624135,-0.097550936,1.0
464,26,-0.06217704,0.44219226,-0.06307746,1.0
464,27,0.10835007,0.0682683,0.0018530637,1.0
464,28,-0.046835866,0.08978894,0.07168899,1.0
464,29,0.089023866,0.037963726,0.02096758,1.0
464,30,-0.049316425,0.059624247,0.045862097,1.0
464,31,0.040656082,0.014937656,0.008152752,1.0
464,32,-0.08627546,0.04040401,0.015750594,1.0
465,0,-0.06492513,1.3786502,-0.05980929,1.0
465,1,-0.047514297,1.3995221,-0.04577874,1.0
465,2,-0.045696862,1.4033487,-0.03195957,1.0
465,3,-0.04140744,1.4041665,-0.04009251,1.0
465,4,-0.059951127,1.4139612,-0.044058673,1.0
465,5,-0.06269362,1.4084252,-0.05700572,1.0
465,6,-0.05325397,1.3964405,-0.03699488,1.0
465,7,0.030803263,1.3927897,0.019675145,1.0
465,8,-0.09029505,1.3415091,0.05378239,1.0
465,9,-0.015341574,1.3760564,-0.01903329,1.0
465,10,-0.051566876,1.3368869,-0.029871209,1.0
465,11,0.11471392,1.235256,0.06989199,1.0
465,12,-0.12103358,1.2843244,0.1988506,1.0
465,13,0.06994709,1.0965712,0.028967645,1.0
465,14,-0.14435464,1.048122,0.0894385,1.0
465,15,-0.073415354,1.1915878,0.040400736,1.0
465,16,-0.11569573,1.145805,-0.043857586,1.0
465,17,-0.11435942,1.2401552,0.05662123,1.0
465,18,-0.067125194,1.1806878,-0.092717834,1.0
465,19,-0.11318527,1.2665507,0.066855565,1.0
465,20,-0.03067085,1.2166928,-0.07323731,1.0
465,21,-0.06752228,1.197781,0.059476957,1.0
465,22,-0.104999274,1.173071,-0.04893978,1.0
465,23,0.08195028,0.78115654,0.00035052036,1.0
465,24,-0.082815334,0.7891,0.00066511054,1.0
465,25,0.08017772,0.38214043,-0.095798925,1.0
465,26,-0.060686372,0.44201177,-0.06867944,1.0
465,27,0.106108606,0.054769933,0.019593358,1.0
465,28,-0.051338956,0.09778556,0.07600404,1.0
465,29,0.08366755,0.026176363,0.043099415,1.0
465,30,-0.04969383,0.06564143,0.053176954,1.0
465,31,0.044003654,0.0011524595,0.028243791,1.0
465,32,-0.07824616,0.04375402,0.033767983,1.0
466,0,-0.06662184,1.3898311,-0.074348204,1.0
466,1,-0.054364778,1.4049249,-0.077918634,1.0
466,2,-0.059846245,1.4055254,-0.06770628,1.0
466,3,-0.059298605,1.4099145,-0.06739278,1.0
466,4,-0.06963986,1.4011488,-0.080090776,1.0
466,5,-0.07033357,1.4097829,-0.083557084,1.0
466,6,-0.062809914,1.4042525,-0.070350766,1.0
466,7,0.016613737,1.4025612,-0.017818753,1.0
466,8,-0.095664084,1.3602972,0.013770765,1.0
466,9,-0.025788376,1.3879797,-0.047880314,1.0
466,10,-0.045606423,1.3470824,-0.06602992,1.0
466,11,0.09620213,1.2377131,0.039157003,1.0
466,12,-0.1311135,1.2829401,0.1644561,1.0
466,13,0.048121955,1.1166964,-0.024819471,1.0
466,14,-0.14881606,1.0646633,0.03781279,1.0
466,15,-0.045902476,1.2563157,-0.020502206,1.0
466,16,-0.1588943,1.2153866,-0.10166666,1.0
466,17,-0.03749515,1.3059888,-0.025520544,1.0
466,18,-0.12583217,1.2634633,-0.13275759,1.0
466,19,-0.076187566,1.3357644,-0.002583189,1.0
466,20,-0.08030839,1.3062489,-0.11509884,1.0
466,21,-0.03434801,1.2613816,-0.008316878,1.0
466,22,-0.15742235,1.237221,-0.10401961,1.0
466,23,0.08062886,0.783013,0.005579752,1.0
466,24,-0.08424452,0.782342,0.004986516,1.0
466,25,0.09199128,0.3847934,-0.09286329,1.0
466,26,-0.06116248,0.44336924,-0.065199226,1.0
466,27,0.10922119,0.053873003,0.019495003,1.0
466,28,-0.05492972,0.099158674,0.08617841,1.0
466,29,0.087458104,0.020789236,0.036403015,1.0
466,30,-0.056434345,0.070707306,0.06014444,1.0
466,31,0.052195877,0.0,0.017256288,1.0
466,32,-0.06569855,0.0457357,0.036870472,1.0
467,0,-0.08080502,1.3913562,-0.102861814,1.0
467,1,-0.063459486,1.400322,-0.10640846,1.0
467,2,-0.06456961,1.403623,-0.09854668,1.0
467,3,-0.065200515,1.4041343,-0.09837078,1.0
467,4,-0.083060056,1.4077299,-0.105261944,1.0
467,5,-0.07581775,1.4088216,-0.117078654,1.0
467,6,-0.07280962,1.4007099,-0.10151515,1.0
467,7,0.017128866,1.3980954,-0.04655062,1.0
467,8,-0.10031592,1.357742,-0.0015674952,1.0
467,9,-0.03620913,1.3824158,-0.06970957,1.0
467,10,-0.06083594,1.3429439,-0.0879617,1.0
467,11,0.09427412,1.2387009,0.018776666,1.0
467,12,-0.13004291,1.2893196,0.15484369,1.0
467,13,0.042154927,1.155354,-0.058368854,1.0
467,14,-0.15633167,1.0881811,0.035726346,1.0
467,15,-0.022264058,1.3050116,-0.061564,1.0
467,16,-0.1820479,1.2524774,-0.103882775,1.0
467,17,-0.021394622,1.3611054,-0.06280384,1.0
467,18,-0.15405236,1.3024658,-0.14580959,1.0
467,19,-0.0017579638,1.3713435,-0.051747337,1.0
467,20,-0.14542714,1.3647056,-0.1399204,1.0
467,21,0.003567906,1.3076155,-0.061967906,1.0
467,22,-0.17700486,1.278255,-0.11439446,1.0
467,23,0.082674526,0.779275,0.0030271583,1.0
467,24,-0.08199417,0.7806726,0.00436068,1.0
467,25,0.10264849,0.38193607,-0.09275438,1.0
467,26,-0.04070671,0.44631004,-0.052095976,1.0
467,27,0.1193272,0.052149147,0.025157996,1.0
467,28,-0.04619192,0.095250666,0.099102154,1.0
467,29,0.096405946,0.016871259,0.03720894,1.0
467,30,-0.042427965,0.067670226,0.07180536,1.0
467,31,0.06395662,0.0,0.019524712,1.0
467,32,-0.044756263,0.04493182,0.047783084,1.0
468,0,-0.08369769,1.391959,-0.1191391,1.0
468,1,-0.06265499,1.4020157,-0.113213174,1.0
468,2,-0.062147144,1.4090269,-0.10497095,1.0
468,3,-0.058753006,1.4068196,-0.1048792,1.0
468,4,-0.083990514,1.4221578,-0.116609834,1.0
468,5,-0.075657696,1.4143109,-0.13568182,1.0
468,6,-0.07316356,1.4019186,-0.11533062,1.0
468,7,0.018513758,1.3926697,-0.045446664,1.0
468,8,-0.111791365,1.3499793,-0.0076603442,1.0
468,9,-0.037624292,1.3788195,-0.07899968,1.0
468,10,-0.071826756,1.3419597,-0.099366575,1.0
468,11,0.08763596,1.2384046,0.017660905,1.0
468,12,-0.1372228,1.2891219,0.13576348,1.0
468,13,0.057913378,1.211128,-0.06804785,1.0
468,14,-0.17571877,1.130691,0.011743359,1.0
468,15,0.058921758,1.3432016,-0.0887738,1.0
468,16,-0.19496387,1.2956948,-0.106078565,1.0
468,17,0.06495949,1.388099,-0.09060801,1.0
468,18,-0.16430755,1.3465407,-0.15741624,1.0
468,19,0.06940391,1.3928449,-0.082830526,1.0
468,20,-0.1529129,1.4042835,-0.14612345,1.0
468,21,0.07268091,1.3428891,-0.093296975,1.0
468,22,-0.18861523,1.3233191,-0.11592966,1.0
468,23,0.0828983,0.7752114,0.005396883,1.0
468,24,-0.08187128,0.77942747,-0.003344086,1.0
468,25,0.11384751,0.3763817,-0.081749916,1.0
468,26,-0.036465447,0.44567454,-0.054055486,1.0
468,27,0.13610026,0.04760156,0.029796436,1.0
468,28,-0.044027947,0.09341586,0.09945437,1.0
468,29,0.11139456,0.013137831,0.03931722,1.0
468,30,-0.037387364,0.06387389,0.07457814,1.0
468,31,0.08779934,0.0,0.017255124,1.0
468,32,-0.03921876,0.042744372,0.048987478,1.0
469,0,-0.08499011,1.3878323,-0.11557734,1.0
469,1,-0.06282998,1.4001492,-0.11031269,1.0
469,2,-0.06758814,1.4065056,-0.09952366,1.0
469,3,-0.063024886,1.4091964,-0.100275,1.0
469,4,-0.08812992,1.4157898,-0.11451049,1.0
469,5,-0.08433042,1.4135814,-0.12882708,1.0
469,6,-0.07819013,1.4004185,-0.10842041,1.0
469,7,0.012389078,1.3902296,-0.04025673,1.0
469,8,-0.12264243,1.3468994,-0.0033522316,1.0
469,9,-0.04091911,1.3799223,-0.07926595,1.0
469,10,-0.07602421,1.340804,-0.094963185,1.0
469,11,0.08470212,1.2345955,0.020847887,1.0
469,12,-0.14664762,1.284601,0.123742975,1.0
469,13,0.061215065,1.2036207,-0.08075845,1.0
469,14,-0.18682969,1.1396325,-0.020227594,1.0
469,15,0.07102083,1.3287189,-0.13807836,1.0
469,16,-0.19505686,1.3044996,-0.15244064,1.0
469,17,0.07003776,1.372687,-0.14707713,1.0
469,18,-0.16451474,1.3591162,-0.20174712,1.0
469,19,0.07001014,1.3839201,-0.13826966,1.0
469,20,-0.14852941,1.4123849,-0.19020672,1.0
469,21,0.08217968,1.3289775,-0.13893317,1.0
469,22,-0.1899626,1.3319589,-0.15845329,1.0
469,23,0.082646996,0.7719163,0.013121765,1.0
469,24,-0.0837705,0.77434224,-0.0092583485,1.0
469,25,0.11869164,0.37248084,-0.07130477,1.0
469,26,-0.03826116,0.44077796,-0.056933686,1.0
469,27,0.13710748,0.046880275,0.03604778,1.0
469,28,-0.038615424,0.08965802,0.09380908,1.0
469,29,0.11457276,0.012862541,0.048881225,1.0
469,30,-0.037424494,0.06141885,0.06810273,1.0
469,31,0.092524946,0.0,0.022978323,1.0
469,32,-0.03538625,0.036793526,0.04407401,1.0
470,0,-0.083087504,1.3885912,-0.12320164,1.0
470,1,-0.060799994,1.4014437,-0.11414957,1.0
470,2,-0.057804607,1.4100466,-0.10082802,1.0
470,3,-0.05575397,1.4079331,-0.10428528,1.0
470,4,-0.08501649,1.4250699,-0.120692424,1.0
470,5,-0.07939136,1.4153503,-0.13689958,1.0
470,6,-0.074893,1.3984325,-0.11734004,1.0
470,7,0.018387837,1.3814281,-0.035071652,1.0
470,8,-0.12382789,1.3390652,-0.011075454,1.0
470,9,-0.039513923,1.3767527,-0.08212974,1.0
470,10,-0.078433275,1.3394359,-0.100404166,1.0
470,11,0.08520391,1.2274699,0.019810498,1.0
470,12,-0.1540851,1.2840044,0.10706033,1.0
470,13,0.06675451,1.2097671,-0.0813971,1.0
470,14,-0.1989682,1.1433358,-0.034651365,1.0
470,15,0.09312841,1.3422401,-0.14253569,1.0
470,16,-0.19668967,1.3132219,-0.15490857,1.0
470,17,0.09048269,1.3862449,-0.14893997,1.0
470,18,-0.16322485,1.3773302,-0.20869261,1.0
470,19,0.086039945,1.3927673,-0.13985595,1.0
470,20,-0.14983456,1.4281669,-0.19187331,1.0
470,21,0.09734837,1.3448747,-0.14408652,1.0
470,22,-0.19367677,1.3504077,-0.15809089,1.0
470,23,0.08410228,0.7661442,0.014200009,1.0
470,24,-0.08405181,0.7692334,-0.014267014,1.0
470,25,0.13614374,0.37039214,-0.07447362,1.0
470,26,-0.032981344,0.43768743,-0.06481091,1.0
470,27,0.16509695,0.05988291,0.04092668,1.0
470,28,-0.025316121,0.09710544,0.09317591,1.0
470,29,0.14537337,0.027695488,0.05757703,1.0
470,30,-0.020818925,0.06943786,0.071564406,1.0
470,31,0.13280922,0.002569463,0.037205562,1.0
470,32,-0.015923847,0.042333193,0.051660903,1.0
471,0,-0.07915933,1.3926711,-0.1283298,1.0
471,1,-0.0648783,1.4044719,-0.12207305,1.0
471,2,-0.059678413,1.4121599,-0.11377038,1.0
471,3,-0.06502782,1.4076259,-0.114571795,1.0
471,4,-0.08527792,1.4132838,-0.13115452,1.0
471,5,-0.080074474,1.4136956,-0.13962495,1.0
471,6,-0.07981577,1.4004428,-0.12605608,1.0
471,7,0.01920102,1.3851345,-0.038140938,1.0
471,8,-0.124200195,1.3517749,-0.019191463,1.0
471,9,-0.039366454,1.380341,-0.09557732,1.0
471,10,-0.06799063,1.3424826,-0.11266112,1.0
471,11,0.08878063,1.2301447,0.019488811,1.0
471,12,-0.1552246,1.2772409,0.099830836,1.0
471,13,0.07006337,1.2114338,-0.09790957,1.0
471,14,-0.20031554,1.127156,-0.06454591,1.0
471,15,0.0905328,1.3486997,-0.1554015,1.0
471,16,-0.19246957,1.295476,-0.1968668,1.0
471,17,0.090506956,1.3879337,-0.16953324,1.0
471,18,-0.15467544,1.3466587,-0.24434868,1.0
471,19,0.08332469,1.3914535,-0.15137601,1.0
471,20,-0.14346054,1.4028311,-0.22978622,1.0
471,21,0.09608537,1.3469398,-0.15591052,1.0
471,22,-0.186052,1.3247783,-0.20076743,1.0
471,23,0.08749784,0.76887697,0.014901463,1.0
471,24,-0.08523632,0.76168066,-0.010584701,1.0
471,25,0.13839324,0.3794052,-0.069958985,1.0
471,26,-0.028330054,0.43364137,-0.07322414,1.0
471,27,0.16842292,0.06304249,0.045616828,1.0
471,28,-0.009402577,0.09437609,0.09000005,1.0
471,29,0.15018165,0.029504485,0.06204409,1.0
471,30,-0.0057747206,0.06978868,0.0652838,1.0
471,31,0.14244927,0.0016823281,0.040977813,1.0
471,32,0.007129553,0.04153157,0.04722511,1.0
472,0,-0.07802221,1.3843752,-0.13972677,1.0
472,1,-0.06356354,1.3989708,-0.1342727,1.0
472,2,-0.06493153,1.3979096,-0.12577933,1.0
472,3,-0.06921962,1.4005424,-0.1237668,1.0
472,4,-0.090689376,1.4001416,-0.14097196,1.0
472,5,-0.085120164,1.4050087,-0.14770652,1.0
472,6,-0.0808401,1.396748,-0.13584495,1.0
472,7,0.01460583,1.3840901,-0.049101636,1.0
472,8,-0.12153393,1.3492936,-0.025194317,1.0
472,9,-0.04370019,1.3770734,-0.10701229,1.0
472,10,-0.07055673,1.3389475,-0.12589774,1.0
472,11,0.08838501,1.2251109,0.010724276,1.0
472,12,-0.15603082,1.2716578,0.09112543,1.0
472,13,0.06955222,1.1961025,-0.11828135,1.0
472,14,-0.20395997,1.1198354,-0.072535455,1.0
472,15,0.085379526,1.3324482,-0.17251605,1.0
472,16,-0.18900447,1.2910936,-0.21355698,1.0
472,17,0.07606198,1.3736638,-0.18450548,1.0
472,18,-0.15267533,1.3384353,-0.253627,1.0
472,19,0.07772468,1.3847133,-0.1704452,1.0
472,20,-0.13592805,1.4027783,-0.24671508,1.0
472,21,0.09618655,1.3308882,-0.17312817,1.0
472,22,-0.18117289,1.3154384,-0.21915667,1.0
472,23,0.084871806,0.7633383,0.021155283,1.0
472,24,-0.089101546,0.7540005,-0.01177565,1.0
472,25,0.13435288,0.37926432,-0.068289444,1.0
472,26,-0.03200519,0.4312701,-0.0743245,1.0
472,27,0.17209233,0.07646039,0.057585925,1.0
472,28,-0.0075800065,0.101210475,0.08860481,1.0
472,29,0.1526009,0.04396336,0.073147714,1.0
472,30,-0.005315489,0.07946021,0.062096927,1.0
472,31,0.14506847,0.011808801,0.06359533,1.0
472,32,0.0048613176,0.0515185,0.04692041,1.0
473,0,-0.07916339,1.378021,-0.13961168,1.0
473,1,-0.06206216,1.3933997,-0.13030715,1.0
473,2,-0.0618709,1.3941725,-0.12266865,1.0
473,3,-0.062465865,1.3950578,-0.11944185,1.0
473,4,-0.08695458,1.4042282,-0.13710889,1.0
473,5,-0.08227801,1.4027066,-0.15277621,1.0
473,6,-0.07678762,1.3908392,-0.1328509,1.0
473,7,0.019315211,1.376199,-0.0506117,1.0
473,8,-0.12008853,1.3363295,-0.023715524,1.0
473,9,-0.041206826,1.3685424,-0.101912424,1.0
473,10,-0.07559693,1.3312409,-0.12281981,1.0
473,11,0.100666225,1.2190789,0.009834582,1.0
473,12,-0.1565455,1.2696958,0.09605682,1.0
473,13,0.09450458,1.1814932,-0.106680505,1.0
473,14,-0.19869715,1.1246874,-0.05164525,1.0
473,15,0.09019522,1.3189778,-0.15004537,1.0
473,16,-0.18833354,1.2959342,-0.18246585,1.0
473,17,0.0756779,1.3646233,-0.15269691,1.0
473,18,-0.1510765,1.3471673,-0.22525549,1.0
473,19,0.07740501,1.3782938,-0.14575513,1.0
473,20,-0.13299282,1.405397,-0.22184017,1.0
473,21,0.09556413,1.3218577,-0.15152653,1.0
473,22,-0.18042858,1.3233771,-0.18732075,1.0
473,23,0.0842312,0.7574956,0.020104524,1.0
473,24,-0.09033032,0.75190026,-0.015012487,1.0
473,25,0.13343962,0.37275913,-0.07245007,1.0
473,26,-0.033394735,0.43077838,-0.087351725,1.0
473,27,0.17409615,0.07369563,0.052195467,1.0
473,28,-0.008483147,0.100032784,0.071435064,1.0
473,29,0.15393242,0.043378267,0.06965634,1.0
473,30,-0.0045486307,0.07471149,0.047784835,1.0
473,31,0.13679768,0.008993972,0.061297074,1.0
473,32,-0.0051162583,0.049328998,0.04188166,1.0
474,0,-0.07727622,1.367924,-0.13199776,1.0
474,1,-0.056884255,1.382699,-0.12537247,1.0
474,2,-0.06516197,1.3875985,-0.11725081,1.0
474,3,-0.06266855,1.3889005,-0.11514128,1.0
474,4,-0.08644845,1.3931682,-0.13307995,1.0
474,5,-0.08187906,1.3945673,-0.15071842,1.0
474,6,-0.0752081,1.3832617,-0.12414217,1.0
474,7,0.022074016,1.369463,-0.05311195,1.0
474,8,-0.11738572,1.3297408,-0.018015556,1.0
474,9,-0.03658671,1.3589511,-0.0992059,1.0
474,10,-0.07152411,1.323436,-0.118645854,1.0
474,11,0.10796471,1.2132857,0.020622773,1.0
474,12,-0.15190387,1.2588148,0.10590936,1.0
474,13,0.11496614,1.1702259,-0.09416072,1.0
474,14,-0.18569063,1.1139538,-0.036238212,1.0
474,15,0.0903609,1.3094873,-0.12665108,1.0
474,16,-0.17919154,1.2832575,-0.16048577,1.0
474,17,0.07731808,1.3571179,-0.1286756,1.0
474,18,-0.14113018,1.3317232,-0.19802693,1.0
474,19,0.07651861,1.3732345,-0.12413322,1.0
474,20,-0.12409444,1.3874981,-0.20042217,1.0
474,21,0.09612888,1.3111813,-0.13047393,1.0
474,22,-0.17218736,1.303623,-0.16535215,1.0
474,23,0.08772934,0.7513162,0.01795562,1.0
474,24,-0.08788075,0.74313504,-0.013827458,1.0
474,25,0.13375866,0.36430863,-0.07688987,1.0
474,26,-0.03517316,0.42362827,-0.08590911,1.0
474,27,0.1769192,0.061042875,0.04221861,1.0
474,28,-0.0074961106,0.08882081,0.07098223,1.0
474,29,0.1561825,0.030573897,0.058330838,1.0
474,30,-0.007900495,0.06396151,0.04530982,1.0
474,31,0.12944664,0.0,0.05782224,1.0
474,32,-0.018604642,0.039023533,0.038961314,1.0
475,0,-0.07904916,1.3674212,-0.12644763,1.0
475,1,-0.05899319,1.3844552,-0.12221988,1.0
475,2,-0.061502337,1.3920763,-0.11549445,1.0
475,3,-0.06221532,1.3916357,-0.11632257,1.0
475,4,-0.08198458,1.3939502,-0.12804188,1.0
475,5,-0.082308665,1.3980145,-0.14008063,1.0
475,6,-0.077445805,1.3823037,-0.11644556,1.0
475,7,0.03358995,1.3668597,-0.053309556,1.0
475,8,-0.11242206,1.333699,-0.0016093185,1.0
475,9,-0.032285854,1.3576021,-0.09859999,1.0
475,10,-0.07004309,1.3223295,-0.10440669,1.0
475,11,0.12032633,1.2168831,0.025170317,1.0
475,12,-0.13493551,1.2599459,0.12730476,1.0
475,13,0.12056518,1.1749434,-0.055411533,1.0
475,14,-0.16611984,1.1099472,-0.012683794,1.0
475,15,0.087638736,1.3019545,-0.06091109,1.0
475,16,-0.16203913,1.2667727,-0.15021227,1.0
475,17,0.08053594,1.3441744,-0.06085664,1.0
475,18,-0.12361866,1.3138716,-0.19358036,1.0
475,19,0.07146131,1.3560777,-0.054207843,1.0
475,20,-0.11037527,1.3647149,-0.18519107,1.0
475,21,0.0909399,1.3021824,-0.0581654,1.0
475,22,-0.15894249,1.2903619,-0.1510709,1.0
475,23,0.09081339,0.7542937,0.0138308965,1.0
475,24,-0.08603128,0.74508864,-0.012594951,1.0
475,25,0.13182515,0.35810462,-0.07643342,1.0
475,26,-0.03644912,0.4240645,-0.08419011,1.0
475,27,0.17992404,0.063218355,0.047570407,1.0
475,28,-0.010067539,0.08673486,0.06987748,1.0
475,29,0.16213015,0.03542307,0.06950177,1.0
475,30,-0.010207586,0.060377568,0.04524982,1.0
475,31,0.12735839,0.0033585504,0.06016518,1.0
475,32,-0.023054158,0.036108617,0.03842333,1.0
476,0,-0.08341691,1.3652077,-0.11541782,1.0
476,1,-0.05844232,1.3820996,-0.10600929,1.0
476,2,-0.047017004,1.3916368,-0.09823533,1.0
476,3,-0.049222272,1.3862793,-0.10237857,1.0
476,4,-0.07401936,1.4092696,-0.10757831,1.0
476,5,-0.07577685,1.4000256,-0.12547089,1.0
476,6,-0.07222723,1.3768399,-0.10243997,1.0
476,7,0.044813413,1.355612,-0.04348886,1.0
476,8,-0.099201195,1.3199649,0.012825544,1.0
476,9,-0.026675723,1.3478212,-0.07961846,1.0
476,10,-0.07794301,1.3140502,-0.08130082,1.0
476,11,0.13309862,1.2125537,0.029911287,1.0
476,12,-0.116045386,1.2658143,0.14702612,1.0
476,13,0.13762796,1.1763175,-0.018923737,1.0
476,14,-0.15065706,1.107284,0.041971095,1.0
476,15,0.095223434,1.3012831,-0.0027337777,1.0
476,16,-0.15363203,1.2493416,-0.0837934,1.0
476,17,0.083485425,1.3377707,-0.00057092495,1.0
476,18,-0.11468098,1.3079338,-0.14317703,1.0
476,19,0.069901474,1.3506746,0.0042074677,1.0
476,20,-0.105231434,1.3551896,-0.12300725,1.0
476,21,0.09127062,1.3015237,-0.0034199785,1.0
476,22,-0.1519559,1.290096,-0.08584183,1.0
476,23,0.09139704,0.7496596,0.011003962,1.0
476,24,-0.08467412,0.74960375,-0.01717626,1.0
476,25,0.11916788,0.3334025,-0.08225504,1.0
476,26,-0.036922578,0.4251721,-0.079994276,1.0
476,27,0.1749607,0.06090066,0.059067734,1.0
476,28,-0.022042315,0.079788655,0.06920643,1.0
476,29,0.16072178,0.034886193,0.08793317,1.0
476,30,-0.015250955,0.04865269,0.04932141,1.0
476,31,0.12160015,0.002538409,0.07314898,1.0
476,32,-0.04118757,0.031888846,0.041187827,1.0
477,0,-0.07958342,1.365155,-0.1060675,1.0
477,1,-0.054034032,1.3808842,-0.10414478,1.0
477,2,-0.048164006,1.3840306,-0.09443936,1.0
477,3,-0.054381374,1.382941,-0.09707344,1.0
477,4,-0.07524215,1.394954,-0.103303805,1.0
477,5,-0.07536484,1.3938379,-0.11079001,1.0
477,6,-0.06971537,1.3791673,-0.09803282,1.0
477,7,0.050786365,1.3617716,-0.038318757,1.0
477,8,-0.08530296,1.3309636,0.01581046,1.0
477,9,-0.026896738,1.3522084,-0.07854106,1.0
477,10,-0.06869557,1.3181763,-0.08083302,1.0
477,11,0.14451079,1.2105405,0.034346424,1.0
477,12,-0.107011326,1.2628714,0.14909682,1.0
477,13,0.14710541,1.1618979,-0.015124578,1.0
477,14,-0.14968756,1.0949696,0.043831497,1.0
477,15,0.09870321,1.2908317,0.011821424,1.0
477,16,-0.15022686,1.2345102,-0.080761954,1.0
477,17,0.08114062,1.3316727,0.016879387,1.0
477,18,-0.113090135,1.2869353,-0.12798695,1.0
477,19,0.07657202,1.3460934,0.02845695,1.0
477,20,-0.098312914,1.3434992,-0.11584839,1.0
477,21,0.10236734,1.2943685,0.01648529,1.0
477,22,-0.14530534,1.2681208,-0.087303825,1.0
477,23,0.0897458,0.7482556,0.014340285,1.0
477,24,-0.08604083,0.7466323,-0.012230134,1.0
477,25,0.09936171,0.32939824,-0.08046095,1.0
477,26,-0.040208172,0.42378145,-0.07073504,1.0
477,27,0.15985551,0.05928278,0.0805348,1.0
477,28,-0.02322475,0.07715443,0.09647541,1.0
477,29,0.14026873,0.028380418,0.101959124,1.0
477,30,-0.018987985,0.04735173,0.07674472,1.0
477,31,0.09020528,0.0,0.09521604,1.0
477,32,-0.045341913,0.028371237,0.06852575,1.0
478,0,-0.06619482,1.3688962,-0.10335301,1.0
478,1,-0.038701355,1.3852403,-0.10141127,1.0
478,2,-0.0431161,1.3810325,-0.08881582,1.0
478,3,-0.045543805,1.3884676,-0.09019163,1.0
478,4,-0.06807333,1.3968425,-0.09884332,1.0
478,5,-0.06595343,1.3953092,-0.106929205,1.0
478,6,-0.05473649,1.3897882,-0.09380619,1.0
478,7,0.05587265,1.3740392,-0.033958573,1.0
478,8,-0.06890237,1.3373036,0.019428227,1.0
478,9,-0.018266857,1.3618203,-0.072196655,1.0
478,10,-0.056909893,1.3281755,-0.08265695,1.0
478,11,0.15621614,1.2146446,0.03871858,1.0
478,12,-0.094163865,1.2688074,0.15474072,1.0
478,13,0.15709159,1.1396445,-0.011591274,1.0
478,14,-0.13201913,1.0934863,0.0695778,1.0
478,15,0.10374427,1.2884533,-0.001662033,1.0
478,16,-0.13933161,1.2368021,-0.054750342,1.0
478,17,0.07840577,1.3317192,0.0035387692,1.0
478,18,-0.105567016,1.2837505,-0.090860374,1.0
478,19,0.08721337,1.3557594,0.012724039,1.0
478,20,-0.08689463,1.349616,-0.086172506,1.0
478,21,0.11592311,1.2931054,0.0014252588,1.0
478,22,-0.13145435,1.2629309,-0.06376446,1.0
478,23,0.08556926,0.7520785,0.0152073065,1.0
478,24,-0.088723525,0.7541317,-0.007125889,1.0
478,25,0.08992421,0.33533466,-0.08422664,1.0
478,26,-0.04873254,0.4348849,-0.047941852,1.0
478,27,0.16197431,0.0744679,0.08552778,1.0
478,28,-0.02425688,0.09409091,0.112529695,1.0
478,29,0.13713004,0.045044888,0.10036307,1.0
478,30,-0.020802613,0.06574254,0.09042695,1.0
478,31,0.080130905,0.009995311,0.10511659,1.0
478,32,-0.05171251,0.04510773,0.084438436,1.0
479,0,-0.038148183,1.3644819,-0.10315278,1.0
479,1,-0.01875836,1.3823044,-0.09698963,1.0
479,2,-0.020884832,1.3812168,-0.08774276,1.0
479,3,-0.020603469,1.3864521,-0.08885391,1.0
479,4,-0.040464215,1.3967316,-0.09947772,1.0
479,5,-0.04112958,1.3947881,-0.11245875,1.0
479,6,-0.032434434,1.3841068,-0.09416411,1.0
479,7,0.06342775,1.3704937,-0.024725355,1.0
479,8,-0.066957876,1.3339009,0.015945315,1.0
479,9,0.0059929965,1.35819,-0.068685375,1.0
479,10,-0.033851102,1.3235583,-0.08203883,1.0
479,11,0.15355182,1.217342,0.051839337,1.0
479,12,-0.09552099,1.2716227,0.15812251,1.0
479,13,0.16878733,1.1301225,-0.008683544,1.0
479,14,-0.11890769,1.0888653,0.067475945,1.0
479,15,0.1063759,1.286499,-0.017611016,1.0
479,16,-0.12865533,1.2393826,-0.049935155,1.0
479,17,0.080529936,1.3329207,-0.012724303,1.0
479,18,-0.089218706,1.291395,-0.08772676,1.0
479,19,0.08730619,1.3534648,-0.0059424853,1.0
479,20,-0.083585486,1.3515774,-0.0811142,1.0
479,21,0.11276533,1.2919679,-0.015040603,1.0
479,22,-0.1238902,1.2683198,-0.055097282,1.0
479,23,0.08745673,0.7535509,0.015347273,1.0
479,24,-0.08670616,0.7586768,-0.00923979,1.0
479,25,0.092877775,0.33502012,-0.08467259,1.0
479,26,-0.061784316,0.43966353,-0.063483834,1.0
479,27,0.13227177,0.07498962,0.08718758,1.0
479,28,-0.07261566,0.09682712,0.083627746,1.0
479,29,0.106461346,0.04713837,0.10871888,1.0
479,30,-0.072389156,0.06649449,0.06365333,1.0
479,31,0.054952208,0.013965499,0.10964464,1.0
479,32,-0.08625143,0.04535695,0.0439881,1.0
480,0,-0.027363447,1.3709749,-0.100938566,1.0
480,1,-0.011469616,1.3833064,-0.099361464,1.0
480,2,-0.011194881,1.3973045,-0.09438996,1.0
480,3,-0.012822945,1.3896002,-0.098582715,1.0
480,4,-0.024832116,1.3944422,-0.11042133,1.0
480,5,-0.0267024,1.3968235,-0.12308222,1.0
480,6,-0.02730211,1.3838011,-0.09674352,1.0
480,7,0.07443425,1.3735257,-0.033346187,1.0
480,8,-0.067528285,1.3448623,0.006385546,1.0
480,9,0.021310726,1.3604566,-0.076326564,1.0
480,10,-0.009701389,1.3259767,-0.085243195,1.0
480,11,0.15395221,1.2254889,0.058002092,1.0
480,12,-0.09357214,1.2708924,0.16112077,1.0
480,13,0.1634624,1.1520357,-0.021611962,1.0
480,14,-0.097006515,1.0905662,0.037182055,1.0
480,15,0.10328446,1.3065484,-0.04052132,1.0
480,16,-0.11605882,1.2477305,-0.08834992,1.0
480,17,0.092122525,1.3520583,-0.04316021,1.0
480,18,-0.077136755,1.2960926,-0.12551227,1.0
480,19,0.085674144,1.3630599,-0.026252352,1.0
480,20,-0.07695012,1.3493978,-0.11664551,1.0
480,21,0.104128614,1.3044615,-0.036495548,1.0
480,22,-0.1136825,1.2738715,-0.0887466,1.0
480,23,0.09453298,0.7593142,0.0043540034,1.0
480,24,-0.081386134,0.761058,-0.0038118507,1.0
480,25,0.08784035,0.33901727,-0.080082096,1.0
480,26,-0.07655944,0.44947615,-0.06819538,1.0
480,27,0.10265112,0.063078284,0.06245462,1.0
480,28,-0.09375109,0.099860035,0.07384394,1.0
480,29,0.08258026,0.033484746,0.08571806,1.0
480,30,-0.097049415,0.07058799,0.049592387,1.0
480,31,0.026694775,0.0037929006,0.074585915,1.0
480,32,-0.11369072,0.048569284,0.029104382,1.0
481,0,-0.028197981,1.3755374,-0.11032861,1.0
481,1,-0.009808665,1.3865201,-0.10451823,1.0
481,2,-0.0057417024,1.3958349,-0.096340895,1.0
481,3,-0.005698998,1.3899426,-0.1005405,1.0
481,4,-0.026810948,1.4081836,-0.111649424,1.0
481,5,-0.023422377,1.4001179,-0.12984607,1.0
481,6,-0.022387713,1.3864005,-0.1053427,1.0
481,7,0.07648817,1.37692,-0.03351499,1.0
481,8,-0.06414168,1.3398354,0.00075252866,1.0
481,9,0.021479324,1.3630705,-0.07352213,1.0
481,10,-0.016827663,1.3268728,-0.08889546,1.0
481,11,0.15858185,1.2256336,0.052536022,1.0
481,12,-0.088836566,1.280643,0.1519207,1.0
481,13,0.16465667,1.1523368,-0.025526535,1.0
481,14,-0.106873885,1.1076431,0.04547467,1.0
481,15,0.10876294,1.3039658,-0.060459647,1.0
481,16,-0.12090802,1.260565,-0.06534847,1.0
481,17,0.08950658,1.3496952,-0.06312666,1.0
481,18,-0.08469236,1.3133845,-0.11195153,1.0
481,19,0.08792089,1.3645725,-0.05005065,1.0
481,20,-0.077054575,1.3683567,-0.099885836,1.0
481,21,0.10970608,1.3046858,-0.060819548,1.0
481,22,-0.11715327,1.2942569,-0.07026028,1.0
481,23,0.09037606,0.7594017,0.0074522435,1.0
481,24,-0.08485753,0.7686804,-0.007933268,1.0
481,25,0.08564072,0.3394185,-0.08648392,1.0
481,26,-0.07827009,0.45400453,-0.077354066,1.0
481,27,0.09646054,0.06144941,0.06275577,1.0
481,28,-0.101264805,0.10098159,0.060239397,1.0
481,29,0.07305704,0.03286121,0.084361255,1.0
481,30,-0.10010578,0.07103102,0.036037248,1.0
481,31,0.022801058,0.00045907777,0.08001052,1.0
481,32,-0.11735037,0.050903622,0.017921431,1.0
482,0,-0.023600092,1.369797,-0.10716818,1.0
482,1,-0.0060700886,1.3865874,-0.10294944,1.0
482,2,-0.0078003695,1.3821516,-0.09481495,1.0
482,3,-0.008579197,1.3899496,-0.093710355,1.0
482,4,-0.030927218,1.3939223,-0.107135154,1.0
482,5,-0.029087,1.3948545,-0.117759556,1.0
482,6,-0.021761268,1.3869307,-0.1033205,1.0
482,7,0.071975835,1.3847008,-0.028548487,1.0
482,8,-0.059270162,1.3415384,0.0024916804,1.0
482,9,0.019944666,1.3656328,-0.0717431,1.0
482,10,-0.017692924,1.3269944,-0.08966987,1.0
482,11,0.15979396,1.2264398,0.049340293,1.0
482,12,-0.08326587,1.2832468,0.14927596,1.0
482,13,0.15931769,1.140411,-0.02298069,1.0
482,14,-0.11732566,1.108232,0.043858845,1.0
482,15,0.10903237,1.296381,-0.079503074,1.0
482,16,-0.11923382,1.2628385,-0.09868726,1.0
482,17,0.083957165,1.3521781,-0.08316286,1.0
482,18,-0.08279152,1.3077705,-0.14078,1.0
482,19,0.094132535,1.3701441,-0.07588987,1.0
482,20,-0.06518398,1.3681624,-0.13691625,1.0
482,21,0.11822237,1.3020656,-0.07448004,1.0
482,22,-0.11245434,1.2878239,-0.10540844,1.0
482,23,0.084452994,0.7613156,0.016330076,1.0
482,24,-0.08975481,0.77157354,-0.008104885,1.0
482,25,0.08362535,0.34410825,-0.08492168,1.0
482,26,-0.0833924,0.45553616,-0.08489504,1.0
482,27,0.09395628,0.06012121,0.08163083,1.0
482,28,-0.09718308,0.08824283,0.04431752,1.0
482,29,0.06336661,0.032453492,0.098351285,1.0
482,30,-0.095347315,0.0577095,0.018876135,1.0
482,31,0.015491538,0.0,0.0982001,1.0
482,32,-0.12024222,0.04196773,-0.0014780276,1.0
483,0,-0.021110201,1.3690274,-0.10907411,1.0
483,1,-0.0038306527,1.3867657,-0.1049334,1.0
483,2,-0.0036969115,1.3850706,-0.096743904,1.0
483,3,-0.0050639417,1.3903761,-0.096112184,1.0
483,4,-0.026937867,1.3956602,-0.1104866,1.0
483,5,-0.024881784,1.3947437,-0.12055812,1.0
483,6,-0.018999478,1.3850904,-0.105878435,1.0
483,7,0.0769954,1.383023,-0.028974429,1.0
483,8,-0.059452455,1.3420727,0.0021652742,1.0
483,9,0.022858717,1.3641019,-0.07317437,1.0
483,10,-0.014908899,1.325829,-0.08961821,1.0
483,11,0.15951234,1.2276924,0.047565386,1.0
483,12,-0.08212994,1.2847703,0.15003571,1.0
483,13,0.15797128,1.1448746,-0.027152743,1.0
483,14,-0.11670874,1.1097077,0.037963912,1.0
483,15,0.11011207,1.2986679,-0.080066085,1.0
483,16,-0.11915007,1.2637455,-0.10281905,1.0
483,17,0.08950607,1.3515725,-0.0842012,1.0
483,18,-0.08190592,1.3096805,-0.14681166,1.0
483,19,0.09674288,1.3677399,-0.07636661,1.0
483,20,-0.06686616,1.3677638,-0.13955255,1.0
483,21,0.117830254,1.304218,-0.07625093,1.0
483,22,-0.11393863,1.2906485,-0.10784783,1.0
483,23,0.085833386,0.76237136,0.0136794895,1.0
483,24,-0.08865978,0.7725346,-0.0076595712,1.0
483,25,0.08502784,0.34923723,-0.08476791,1.0
483,26,-0.08198906,0.45543873,-0.081673145,1.0
483,27,0.09622371,0.06116233,0.07043637,1.0
483,28,-0.09378635,0.09072909,0.051308215,1.0
483,29,0.06801313,0.03470314,0.08880514,1.0
483,30,-0.092955984,0.060684152,0.025432551,1.0
483,31,0.02524975,0.0,0.08513593,1.0
483,32,-0.11938357,0.045039102,0.014752414,1.0
484,0,-0.01995794,1.3697169,-0.11452318,1.0
484,1,-0.0028576804,1.3860836,-0.11071713,1.0
484,2,-0.003920366,1.3929484,-0.10394815,1.0
484,3,-0.004321144,1.3920865,-0.10402138,1.0
484,4,-0.020637216,1.396028,-0.12114453,1.0
484,5,-0.02008758,1.3968384,-0.13276787,1.0
484,6,-0.018052561,1.3850834,-0.11170287,1.0
484,7,0.07602989,1.3806801,-0.03606029,1.0
484,8,-0.06349924,1.3449314,-0.0068967873,1.0
484,9,0.024684265,1.3622637,-0.08031875,1.0
484,10,-0.01092031,1.3265898,-0.096188664,1.0
484,11,0.15479848,1.2314055,0.051413856,1.0
484,12,-0.08709133,1.2842927,0.1464038,1.0
484,13,0.15586497,1.1496329,-0.025782984,1.0
484,14,-0.11228549,1.111018,0.024947263,1.0
484,15,0.10872314,1.2979419,-0.076922,1.0
484,16,-0.11802014,1.2671491,-0.09938735,1.0
484,17,0.09476785,1.3490322,-0.08210933,1.0
484,18,-0.078709565,1.3116643,-0.14063618,1.0
484,19,0.09573963,1.3626671,-0.07379542,1.0
484,20,-0.06927503,1.3645642,-0.13291572,1.0
484,21,0.112839065,1.2993531,-0.074288994,1.0
484,22,-0.11426555,1.2920101,-0.10164903,1.0
484,23,0.089239515,0.76633185,0.010626683,1.0
484,24,-0.08606977,0.772705,-0.0076504387,1.0
484,25,0.08854969,0.35424837,-0.08237058,1.0
484,26,-0.08094046,0.45493764,-0.08678821,1.0
484,27,0.09901091,0.062146842,0.05822976,1.0
484,28,-0.09158556,0.09126672,0.04262209,1.0
484,29,0.07670653,0.03493509,0.08037309,1.0
484,30,-0.09310429,0.06038796,0.016983382,1.0
484,31,0.031488486,0.0021430813,0.07391809,1.0
484,32,-0.11402763,0.042828895,-0.0022620838,1.0
485,0,-0.023515493,1.3708687,-0.12045099,1.0
485,1,-0.004692327,1.3843241,-0.11243991,1.0
485,2,-0.00058406685,1.3910706,-0.10465069,1.0
485,3,-0.0020893486,1.3899872,-0.1066064,1.0
485,4,-0.023155965,1.4033089,-0.12263396,1.0
485,5,-0.021479007,1.3976216,-0.13819697,1.0
485,6,-0.018786287,1.3846905,-0.11591352,1.0
485,7,0.07897761,1.3761618,-0.032909125,1.0
485,8,-0.06481856,1.3400307,-0.009970484,1.0
485,9,0.023066768,1.3606117,-0.07978642,1.0
485,10,-0.017835237,1.325685,-0.09644558,1.0
485,11,0.15460226,1.2269323,0.049186334,1.0
485,12,-0.088147,1.2867069,0.14036313,1.0
485,13,0.15674461,1.1474944,-0.024968363,1.0
485,14,-0.11980378,1.1081347,0.02954462,1.0
485,15,0.109549865,1.2896434,-0.065497965,1.0
485,16,-0.12190142,1.2617073,-0.086330056,1.0
485,17,0.09534004,1.3398249,-0.07057697,1.0
485,18,-0.08272112,1.3132279,-0.13526602,1.0
485,19,0.09372917,1.3553944,-0.060481902,1.0
485,20,-0.073758334,1.3663888,-0.12360295,1.0
485,21,0.112236544,1.2957683,-0.06563216,1.0
485,22,-0.11699756,1.2947793,-0.09207003,1.0
485,23,0.08801964,0.7644809,0.010410193,1.0
485,24,-0.08644587,0.77354664,-0.009594109,1.0
485,25,0.08741788,0.35241207,-0.0815762,1.0
485,26,-0.06289981,0.44261712,-0.077737525,1.0
485,27,0.10682482,0.06098956,0.06044914,1.0
485,28,-0.083859764,0.08730438,0.065716475,1.0
485,29,0.08566796,0.03302356,0.080788635,1.0
485,30,-0.08481175,0.056719683,0.042269573,1.0
485,31,0.058915384,0.0,0.074055895,1.0
485,32,-0.09624916,0.03767559,0.020881651,1.0
486,0,-0.02472433,1.3719239,-0.11847008,1.0
486,1,-0.0039793635,1.3846302,-0.11249359,1.0
486,2,-0.0022860174,1.3902802,-0.10340271,1.0
486,3,-0.0039576804,1.390563,-0.10380472,1.0
486,4,-0.025913406,1.4016714,-0.120131224,1.0
486,5,-0.023072205,1.3964424,-0.13473386,1.0
486,6,-0.017883565,1.3864868,-0.11433958,1.0
486,7,0.07699364,1.3774776,-0.033397846,1.0
486,8,-0.0635306,1.3420606,-0.008493666,1.0
486,9,0.019847287,1.3621552,-0.079223834,1.0
486,10,-0.018875562,1.3280802,-0.09751376,1.0
486,11,0.15423486,1.2254831,0.04555446,1.0
486,12,-0.08846915,1.2867573,0.13971058,1.0
486,13,0.15469535,1.1453283,-0.025492072,1.0
486,14,-0.12342293,1.1067022,0.03463003,1.0
486,15,0.10817452,1.287174,-0.060876787,1.0
486,16,-0.12361094,1.2604102,-0.079441495,1.0
486,17,0.091687135,1.3374348,-0.062471,1.0
486,18,-0.08422246,1.3107724,-0.12303222,1.0
486,19,0.09418799,1.3545532,-0.055300884,1.0
486,20,-0.0738559,1.3706725,-0.11514746,1.0
486,21,0.11407191,1.2925656,-0.061949365,1.0
486,22,-0.1173772,1.2914732,-0.08473395,1.0
486,23,0.08690217,0.76345265,0.011140858,1.0
486,24,-0.08661413,0.7718816,-0.008033433,1.0
486,25,0.087713316,0.35302922,-0.08185678,1.0
486,26,-0.063172914,0.43945652,-0.066069864,1.0
486,27,0.111762255,0.059514105,0.057786994,1.0
486,28,-0.08293079,0.086669944,0.08152673,1.0
486,29,0.09033766,0.03102165,0.07631987,1.0
486,30,-0.08345352,0.056374118,0.05845625,1.0
486,31,0.06016319,0.0,0.072221294,1.0
486,32,-0.09622668,0.036786683,0.04225402,1.0
487,0,-0.02670145,1.3709486,-0.118213326,1.0
487,1,-0.0053998497,1.3843708,-0.11263886,1.0
487,2,-0.0050873267,1.3894341,-0.10351815,1.0
487,3,-0.0063151726,1.390351,-0.103271715,1.0
487,4,-0.0276389,1.4000595,-0.11996087,1.0
487,5,-0.02513969,1.3959174,-0.13286462,1.0
487,6,-0.01958479,1.3859367,-0.11338652,1.0
487,7,0.07586204,1.3762395,-0.034099136,1.0
487,8,-0.06357002,1.342731,-0.0073689804,1.0
487,9,0.018396514,1.3618462,-0.080220334,1.0
487,10,-0.019570073,1.3279321,-0.09702054,1.0
487,11,0.15348032,1.2242136,0.04389672,1.0
487,12,-0.09001483,1.2861292,0.14029235,1.0
487,13,0.148742,1.1436644,-0.024845624,1.0
487,14,-0.13037409,1.1044964,0.037670977,1.0
487,15,0.105250865,1.2838297,-0.046634316,1.0
487,16,-0.12993225,1.2571759,-0.07902677,1.0
487,17,0.089314826,1.3336082,-0.04691501,1.0
487,18,-0.09082091,1.3076468,-0.12188198,1.0
487,19,0.09270142,1.350599,-0.041842982,1.0
487,20,-0.08056882,1.3680685,-0.11389533,1.0
487,21,0.11181018,1.2893116,-0.047642026,1.0
487,22,-0.12347328,1.2886329,-0.08407061,1.0
487,23,0.08662227,0.76173043,0.011245148,1.0
487,24,-0.086723,0.76980776,-0.0077662505,1.0
487,25,0.08923525,0.35480326,-0.08055665,1.0
487,26,-0.06006816,0.43713912,-0.05935359,1.0
487,27,0.12122363,0.064694494,0.06376139,1.0
487,28,-0.07886728,0.08694458,0.09383033,1.0
487,29,0.10077563,0.036697287,0.08381994,1.0
487,30,-0.08052219,0.0572644,0.070904255,1.0
487,31,0.07405405,4.0337443e-05,0.0814006,1.0
487,32,-0.09103849,0.035248168,0.05677471,1.0
488,0,-0.027232386,1.3623848,-0.11658954,1.0
488,1,-0.0064584655,1.3783596,-0.1122846,1.0
488,2,-0.008452319,1.3811033,-0.103982456,1.0
488,3,-0.009442482,1.3834949,-0.10288716,1.0
488,4,-0.027881948,1.3869495,-0.11937566,1.0
488,5,-0.027637362,1.3877757,-0.12778242,1.0
488,6,-0.020525638,1.3793951,-0.111173406,1.0
488,7,0.07392652,1.3701289,-0.034980226,1.0
488,8,-0.06288542,1.3384464,-0.005206398,1.0
488,9,0.017460931,1.3556545,-0.081493676,1.0
488,10,-0.017584046,1.3217456,-0.09818192,1.0
488,11,0.15184134,1.2171994,0.04395125,1.0
488,12,-0.09304041,1.2766714,0.14171782,1.0
488,13,0.14516051,1.1347253,-0.02122202,1.0
488,14,-0.13137922,1.0935608,0.037481852,1.0
488,15,0.10293587,1.2739123,-0.041045763,1.0
488,16,-0.13023485,1.2463765,-0.082147,1.0
488,17,0.08690137,1.3253567,-0.04093958,1.0
488,18,-0.09201686,1.2938602,-0.11989054,1.0
488,19,0.09280788,1.3422725,-0.03851355,1.0
488,20,-0.08162972,1.3562803,-0.11485363,1.0
488,21,0.11241133,1.2776153,-0.039601203,1.0
488,22,-0.12443427,1.2747083,-0.08564789,1.0
488,23,0.08624582,0.7539593,0.013600282,1.0
488,24,-0.08685018,0.7597774,-0.0074596535,1.0
488,25,0.09011038,0.3498089,-0.07841645,1.0
488,26,-0.05796577,0.4270533,-0.059832357,1.0
488,27,0.12400268,0.06815913,0.075267226,1.0
488,28,-0.076261416,0.08560574,0.097196154,1.0
488,29,0.10355166,0.041474413,0.098316565,1.0
488,30,-0.07854588,0.056674764,0.07533516,1.0
488,31,0.076190084,0.0037236363,0.096528135,1.0
488,32,-0.08463729,0.0325819,0.059927605,1.0
489,0,-0.030203037,1.3623083,-0.12092955,1.0
489,1,-0.009559588,1.3774917,-0.11385159,1.0
489,2,-0.0018791934,1.382025,-0.106224604,1.0
489,3,-0.005285213,1.3797827,-0.106916316,1.0
489,4,-0.026042607,1.3932562,-0.12100578,1.0
489,5,-0.025933377,1.3886273,-0.1309927,1.0
489,6,-0.021763904,1.3752339,-0.11531718,1.0
489,7,0.07914297,1.3635387,-0.035027474,1.0
489,8,-0.06483213,1.3336232,-0.0071445843,1.0
489,9,0.018676426,1.3512261,-0.08250198,1.0
489,10,-0.021215694,1.317276,-0.096587256,1.0
489,11,0.154147,1.2147946,0.039896157,1.0
489,12,-0.08994864,1.2780807,0.13979688,1.0
489,13,0.14716467,1.1376497,-0.01643106,1.0
489,14,-0.12786302,1.0932751,0.0428522,1.0
489,15,0.10569631,1.2764057,-0.01953268,1.0
489,16,-0.13076401,1.2436997,-0.07824427,1.0
489,17,0.0920437,1.3244693,-0.021070547,1.0
489,18,-0.09400811,1.2959354,-0.129111,1.0
489,19,0.09169421,1.3378303,-0.016055992,1.0
489,20,-0.086363256,1.3550167,-0.1173109,1.0
489,21,0.10986267,1.2815433,-0.019311294,1.0
489,22,-0.12658848,1.2802775,-0.08315003,1.0
489,23,0.08706397,0.7511903,0.010864304,1.0
489,24,-0.08577056,0.7597482,-0.009063415,1.0
489,25,0.09328479,0.34642634,-0.07891694,1.0
489,26,-0.048978414,0.42664406,-0.057770073,1.0
489,27,0.12792018,0.06769484,0.07805781,1.0
489,28,-0.06671192,0.08599293,0.10288131,1.0
489,29,0.10897929,0.04253934,0.10393767,1.0
489,30,-0.06570496,0.056093834,0.08250967,1.0
489,31,0.084485196,0.004016869,0.096954525,1.0
489,32,-0.07019856,0.031877518,0.067897856,1.0
490,0,-0.028255973,1.361614,-0.11083795,1.0
490,1,-0.007253565,1.3763492,-0.10428111,1.0
490,2,-0.0067403987,1.3804545,-0.09668689,1.0
490,3,-0.007560355,1.3813503,-0.09575238,1.0
490,4,-0.028129827,1.3902916,-0.11025625,1.0
490,5,-0.027372476,1.3878978,-0.12227358,1.0
490,6,-0.021033185,1.3761976,-0.104245394,1.0
490,7,0.073457174,1.3665651,-0.030780703,1.0
490,8,-0.06263232,1.3326802,0.0013946453,1.0
490,9,0.017754026,1.3520013,-0.07319331,1.0
490,10,-0.020493591,1.3183315,-0.089582644,1.0
490,11,0.1519472,1.2148798,0.04526168,1.0
490,12,-0.092039764,1.2765815,0.14747664,1.0
490,13,0.146629,1.1331886,-0.0097766295,1.0
490,14,-0.12625608,1.091373,0.04559421,1.0
490,15,0.10599844,1.2731218,-0.04238461,1.0
490,16,-0.12972216,1.2418356,-0.07801169,1.0
490,17,0.08908682,1.3221445,-0.046386477,1.0
490,18,-0.09279865,1.291092,-0.12215293,1.0
490,19,0.09352341,1.3393917,-0.04229507,1.0
490,20,-0.08345581,1.3519928,-0.11523039,1.0
490,21,0.11228615,1.2761449,-0.04325913,1.0
490,22,-0.12406304,1.2725501,-0.0825503,1.0
490,23,0.08689852,0.7509886,0.012794767,1.0
490,24,-0.0855546,0.7586786,-0.009043528,1.0
490,25,0.096259594,0.34263474,-0.07996823,1.0
490,26,-0.04717825,0.42486846,-0.056954637,1.0
490,27,0.13078992,0.06652634,0.08009147,1.0
490,28,-0.062563956,0.08280411,0.10177004,1.0
490,29,0.11014204,0.040578585,0.10440272,1.0
490,30,-0.061660334,0.05339126,0.08034318,1.0
490,31,0.082006246,0.0017603505,0.10368845,1.0
490,32,-0.06561965,0.029212287,0.064878166,1.0
491,0,-0.028499704,1.361338,-0.10661129,1.0
491,1,-0.008254904,1.3746921,-0.10140136,1.0
491,2,-0.007921398,1.3797596,-0.09444042,1.0
491,3,-0.009005092,1.3802031,-0.093709156,1.0
491,4,-0.029540248,1.3886238,-0.107172705,1.0
491,5,-0.02770834,1.386583,-0.1201024,1.0
491,6,-0.02258605,1.3748173,-0.10088485,1.0
491,7,0.07244569,1.3659111,-0.029505085,1.0
491,8,-0.06253012,1.331354,0.003942077,1.0
491,9,0.017288947,1.351935,-0.07192983,1.0
491,10,-0.02008929,1.316835,-0.08697509,1.0
491,11,0.1525529,1.2142278,0.04698821,1.0
491,12,-0.0915167,1.2755039,0.15077391,1.0
491,13,0.14873613,1.1290257,-0.010949768,1.0
491,14,-0.12262532,1.0883011,0.045968816,1.0
491,15,0.10696281,1.2699176,-0.049163967,1.0
491,16,-0.12945773,1.2398195,-0.08297787,1.0
491,17,0.089276984,1.3191625,-0.053349424,1.0
491,18,-0.09208132,1.2894418,-0.12781818,1.0
491,19,0.0938123,1.335739,-0.047096223,1.0
491,20,-0.08434961,1.3500768,-0.121188745,1.0
491,21,0.11252245,1.2728878,-0.04983142,1.0
491,22,-0.12404887,1.2699957,-0.088510476,1.0
491,23,0.087546796,0.75054085,0.01198852,1.0
491,24,-0.084962085,0.75765425,-0.007908626,1.0
491,25,0.09764424,0.341965,-0.0810155,1.0
491,26,-0.045197435,0.42306098,-0.056160416,1.0
491,27,0.13393158,0.066348195,0.07673828,1.0
491,28,-0.057014816,0.08088595,0.10396847,1.0
491,29,0.113404654,0.039271813,0.09943849,1.0
491,30,-0.055787154,0.051742643,0.08206373,1.0
491,31,0.08330957,0.00081160665,0.09899985,1.0
491,32,-0.06089305,0.027787656,0.067621365,1.0
492,0,-0.028028721,1.3609,-0.10527254,1.0
492,1,-0.00899902,1.3754671,-0.101192296,1.0
492,2,-0.010458274,1.3801521,-0.09410658,1.0
492,3,-0.011452211,1.3811424,-0.09286056,1.0
492,4,-0.031048946,1.3861874,-0.10728945,1.0
492,5,-0.029054727,1.3856437,-0.11877714,1.0
492,6,-0.023572724,1.37513,-0.10025246,1.0
492,7,0.07041253,1.3681089,-0.029185537,1.0
492,8,-0.06547696,1.3328505,0.0048049516,1.0
492,9,0.016856603,1.3529385,-0.071849756,1.0
492,10,-0.019035071,1.3173239,-0.08754948,1.0
492,11,0.15178367,1.2147425,0.04842568,1.0
492,12,-0.09279847,1.2740085,0.15042573,1.0
492,13,0.14800733,1.1283834,-0.012013204,1.0
492,14,-0.122646555,1.0871203,0.038106658,1.0
492,15,0.105294265,1.2690127,-0.057815168,1.0
492,16,-0.12886828,1.2397418,-0.09353937,1.0
492,17,0.0877179,1.3189535,-0.06117221,1.0
492,18,-0.091813356,1.2875352,-0.13410264,1.0
492,19,0.09241859,1.3361266,-0.05603928,1.0
492,20,-0.083734006,1.3487289,-0.12872206,1.0
492,21,0.11198842,1.2717973,-0.057452723,1.0
492,22,-0.12432961,1.2676363,-0.09759054,1.0
492,23,0.087168835,0.750068,0.0133047355,1.0
492,24,-0.085395165,0.7562311,-0.008359651,1.0
492,25,0.09800733,0.3424409,-0.079538174,1.0
492,26,-0.04439939,0.42219612,-0.05690879,1.0
492,27,0.13658005,0.06469741,0.07552408,1.0
492,28,-0.0567495,0.08067157,0.1035953,1.0
492,29,0.11617185,0.037820503,0.09752151,1.0
492,30,-0.056526206,0.051971443,0.08091016,1.0
492,31,0.09022364,0.00035144854,0.09557093,1.0
492,32,-0.057100028,0.02757467,0.067244925,1.0
493,0,-0.02910478,1.3611643,-0.10997061,1.0
493,1,-0.009658509,1.3751775,-0.103564024,1.0
493,2,-0.00843083,1.3804579,-0.096025065,1.0
493,3,-0.009779943,1.3803241,-0.096194625,1.0
493,4,-0.03070095,1.3893116,-0.110590234,1.0
493,5,-0.028217709,1.3861139,-0.12326506,1.0
493,6,-0.023439912,1.374487,-0.10436205,1.0
493,7,0.07241676,1.3669467,-0.02885706,1.0
493,8,-0.06687082,1.3306715,0.0023336182,1.0
493,9,0.017537631,1.3518043,-0.073153466,1.0
493,10,-0.020743616,1.3168082,-0.089286536,1.0
493,11,0.15291509,1.2147803,0.048705816,1.0
493,12,-0.092140764,1.2749057,0.14789388,1.0
493,13,0.15448111,1.1291156,-0.015943136,1.0
493,14,-0.12225926,1.0864141,0.038566597,1.0
493,15,0.105535954,1.2679893,-0.061621726,1.0
493,16,-0.12987798,1.2383587,-0.09038369,1.0
493,17,0.08855464,1.3174391,-0.06624872,1.0
493,18,-0.093209416,1.2902832,-0.13536756,1.0
493,19,0.09119775,1.3347201,-0.058776107,1.0
493,20,-0.086003624,1.3510313,-0.12710197,1.0
493,21,0.110763215,1.2727141,-0.061359018,1.0
493,22,-0.12561646,1.270224,-0.09531494,1.0
493,23,0.08700374,0.7496221,0.013152489,1.0
493,24,-0.08543716,0.75681263,-0.010170216,1.0
493,25,0.09724569,0.34372085,-0.079758435,1.0
493,26,-0.042920355,0.42429084,-0.058278285,1.0
493,27,0.13674319,0.06519222,0.07279101,1.0
493,28,-0.057295598,0.08710307,0.10201796,1.0
493,29,0.11663158,0.03797039,0.094186425,1.0
493,30,-0.056338754,0.058197044,0.079751365,1.0
493,31,0.09166786,0.00061672926,0.09081998,1.0
493,32,-0.057452008,0.032096583,0.06532303,1.0
494,0,-0.027628722,1.3610352,-0.113227226,1.0
494,1,-0.009529336,1.3754057,-0.10856271,1.0
494,2,-0.008253443,1.3800861,-0.10099627,1.0
494,3,-0.010714915,1.3797226,-0.10119751,1.0
494,4,-0.030326717,1.3865527,-0.11637792,1.0
494,5,-0.028217454,1.385202,-0.12678139,1.0
494,6,-0.023445752,1.374368,-0.10929509,1.0
494,7,0.0724867,1.3677332,-0.032166284,1.0
494,8,-0.066835485,1.3327373,-0.0039339224,1.0
494,9,0.018471768,1.3520192,-0.077407725,1.0
494,10,-0.01801266,1.3171511,-0.09405517,1.0
494,11,0.15382987,1.2162445,0.047724947,1.0
494,12,-0.091958225,1.274175,0.14353485,1.0
494,13,0.15436745,1.1315359,-0.016935214,1.0
494,14,-0.12139426,1.0832684,0.03198512,1.0
494,15,0.10405305,1.2703233,-0.057515208,1.0
494,16,-0.12814383,1.236693,-0.104011014,1.0
494,17,0.08729267,1.3190532,-0.061686248,1.0
494,18,-0.090970084,1.2875131,-0.14801694,1.0
494,19,0.08885048,1.337,-0.05309077,1.0
494,20,-0.083665274,1.3499085,-0.14022888,1.0
494,21,0.109783635,1.2755239,-0.056211628,1.0
494,22,-0.123501115,1.2683674,-0.10883666,1.0
494,23,0.087223165,0.7495331,0.013426143,1.0
494,24,-0.08552439,0.7557153,-0.009844619,1.0
494,25,0.09608341,0.34449387,-0.07845662,1.0
494,26,-0.044400066,0.42947924,-0.05938496,1.0
494,27,0.13513571,0.064890355,0.07352031,1.0
494,28,-0.066245005,0.08985146,0.10081744,1.0
494,29,0.11463171,0.03728062,0.09437713,1.0
494,30,-0.06705823,0.061207272,0.07779516,1.0
494,31,0.08999765,4.684925e-05,0.09019052,1.0
494,32,-0.064145364,0.03448503,0.06361957,1.0
495,0,-0.027623188,1.3613571,-0.115110725,1.0
495,1,-0.009556571,1.3756162,-0.10922015,1.0
495,2,-0.006880385,1.3798386,-0.10160041,1.0
495,3,-0.0090226,1.3794252,-0.1024201,1.0
495,4,-0.029896975,1.3889343,-0.11714145,1.0
495,5,-0.027728189,1.3859094,-0.12877654,1.0
495,6,-0.022825226,1.3742212,-0.11059361,1.0
495,7,0.07270237,1.3673035,-0.032739714,1.0
495,8,-0.06666593,1.3314021,-0.004817606,1.0
495,9,0.018973425,1.3516706,-0.07719475,1.0
495,10,-0.0189448,1.3165312,-0.09460819,1.0
495,11,0.15405613,1.2162173,0.04711648,1.0
495,12,-0.09209323,1.2751958,0.14212653,1.0
495,13,0.15499845,1.131607,-0.018624883,1.0
495,14,-0.12028125,1.0810325,0.03251835,1.0
495,15,0.10493934,1.270304,-0.059185103,1.0
495,16,-0.12678996,1.2340667,-0.105012104,1.0
495,17,0.0869392,1.3182665,-0.06356046,1.0
495,18,-0.08941281,1.2866346,-0.15194975,1.0
495,19,0.08791812,1.3369218,-0.05498529,1.0
495,20,-0.08249432,1.3494781,-0.14223209,1.0
495,21,0.10976267,1.2756644,-0.058450457,1.0
495,22,-0.12211843,1.2678771,-0.110445224,1.0
495,23,0.08709241,0.7492312,0.013664557,1.0
495,24,-0.08559338,0.7565062,-0.010702996,1.0
495,25,0.09480855,0.3447892,-0.07911639,1.0
495,26,-0.043964185,0.43308884,-0.061537907,1.0
495,27,0.13357529,0.0651794,0.073742345,1.0
495,28,-0.06901719,0.09257007,0.097868666,1.0
495,29,0.1129497,0.03763649,0.09496935,1.0
495,30,-0.06885465,0.06380364,0.07495535,1.0
495,31,0.08666146,0.000818287,0.090537556,1.0
495,32,-0.065351635,0.03815886,0.05872287,1.0
496,0,-0.026537407,1.3611591,-0.11461925,1.0
496,1,-0.009463447,1.3767176,-0.10851231,1.0
496,2,-0.007794181,1.3807511,-0.102286935,1.0
496,3,-0.00872863,1.3805822,-0.10143364,1.0
496,4,-0.028137514,1.3891109,-0.11648391,1.0
496,5,-0.02727506,1.3872778,-0.12903804,1.0
496,6,-0.021523923,1.3744001,-0.10990999,1.0
496,7,0.070943624,1.36766,-0.03464753,1.0
496,8,-0.06563216,1.3309731,-0.005127133,1.0
496,9,0.019514818,1.3518305,-0.07750189,1.0
496,10,-0.018210996,1.3161305,-0.095357195,1.0
496,11,0.15216607,1.2172456,0.046549607,1.0
496,12,-0.09367089,1.276061,0.14175837,1.0
496,13,0.1540627,1.1314704,-0.018143544,1.0
496,14,-0.11967005,1.0824053,0.028221715,1.0
496,15,0.10472823,1.2707357,-0.0603062,1.0
496,16,-0.12467675,1.2354136,-0.11238709,1.0
496,17,0.08527744,1.3186488,-0.06260732,1.0
496,18,-0.085903585,1.2862554,-0.15756041,1.0
496,19,0.087818116,1.3378663,-0.058612674,1.0
496,20,-0.0799015,1.3482606,-0.15032335,1.0
496,21,0.10891644,1.2739856,-0.05987665,1.0
496,22,-0.120793805,1.2669781,-0.11630862,1.0
496,23,0.086920194,0.74966985,0.015421381,1.0
496,24,-0.08566377,0.7573432,-0.01242237,1.0
496,25,0.095028065,0.34600765,-0.07949583,1.0
496,26,-0.045778506,0.4353801,-0.0707462,1.0
496,27,0.13173506,0.06560134,0.07387486,1.0
496,28,-0.07137711,0.09298623,0.08639757,1.0
496,29,0.11178586,0.03903697,0.09725782,1.0
496,30,-0.07089292,0.06329961,0.06415786,1.0
496,31,0.08426748,0.0031618038,0.091809906,1.0
496,32,-0.067337655,0.03841217,0.042944483,1.0
497,0,-0.023018416,1.3618386,-0.11579838,1.0
497,1,-0.007544441,1.3778098,-0.11051835,1.0
497,2,-0.008250331,1.3805289,-0.10427238,1.0
497,3,-0.009120929,1.3817842,-0.1030908,1.0
497,4,-0.027826281,1.3870265,-0.119495764,1.0
497,5,-0.026880002,1.387423,-0.13058834,1.0
497,6,-0.020506306,1.3760173,-0.11195539,1.0
497,7,0.069216534,1.3703399,-0.035246626,1.0
497,8,-0.06508984,1.3332729,-0.009444993,1.0
497,9,0.02030819,1.3538105,-0.0795244,1.0
497,10,-0.015643312,1.3177664,-0.09896508,1.0
497,11,0.15174043,1.2179809,0.047555067,1.0
497,12,-0.09472871,1.2754663,0.13831013,1.0
497,13,0.1532359,1.1303656,-0.015570784,1.0
497,14,-0.1207017,1.0805918,0.020755015,1.0
497,15,0.10433726,1.2700262,-0.060726408,1.0
497,16,-0.124443665,1.2343316,-0.120519325,1.0
497,17,0.08454929,1.3190453,-0.063308656,1.0
497,18,-0.08562311,1.2832549,-0.16198063,1.0
497,19,0.08842995,1.3393714,-0.059328515,1.0
497,20,-0.07880972,1.3460417,-0.1567215,1.0
497,21,0.110234566,1.2732537,-0.059842844,1.0
497,22,-0.12018828,1.2633574,-0.12470523,1.0
497,23,0.08667831,0.75027174,0.017026316,1.0
497,24,-0.08598295,0.7569556,-0.012443513,1.0
497,25,0.09547859,0.3467042,-0.07870911,1.0
497,26,-0.04699734,0.4349405,-0.07040752,1.0
497,27,0.13289219,0.06551974,0.0763526,1.0
497,28,-0.07126854,0.09227702,0.0885345,1.0
497,29,0.11232893,0.038402453,0.09886886,1.0
497,30,-0.0716019,0.06319192,0.06562566,1.0
497,31,0.08551027,0.002851733,0.0954581,1.0
497,32,-0.06621298,0.038203616,0.043897785,1.0
498,0,-0.022253187,1.3617651,-0.117128864,1.0
498,1,-0.006254921,1.3775942,-0.1119147,1.0
498,2,-0.006625375,1.3807335,-0.104970746,1.0
498,3,-0.007819183,1.3817542,-0.104234055,1.0
498,4,-0.026944395,1.3876196,-0.12063767,1.0
498,5,-0.025475547,1.3871553,-0.13169377,1.0
498,6,-0.019491091,1.3759822,-0.113412306,1.0
498,7,0.07018345,1.3698564,-0.03519366,1.0
498,8,-0.06526273,1.3333418,-0.010397404,1.0
498,9,0.02101542,1.3536534,-0.0803035,1.0
498,10,-0.01558261,1.3177752,-0.09948941,1.0
498,11,0.15225741,1.2176883,0.04734791,1.0
498,12,-0.09428343,1.2755382,0.13723058,1.0
498,13,0.1536111,1.1300662,-0.016355703,1.0
498,14,-0.11981878,1.079952,0.019448206,1.0
498,15,0.104580194,1.2696546,-0.058402203,1.0
498,16,-0.123933956,1.2330327,-0.119500495,1.0
498,17,0.08495652,1.3184009,-0.060170256,1.0
498,18,-0.08545117,1.2824433,-0.16127469,1.0
498,19,0.08840175,1.3388617,-0.05576758,1.0
498,20,-0.07865745,1.3445485,-0.15502782,1.0
498,21,0.11041157,1.2737134,-0.05767616,1.0
498,22,-0.11997957,1.2629209,-0.123858005,1.0
498,23,0.08682003,0.75011706,0.017152052,1.0
498,24,-0.08584394,0.756984,-0.012910742,1.0
498,25,0.09510042,0.34629366,-0.07858506,1.0
498,26,-0.045547467,0.43469504,-0.07073396,1.0
498,27,0.13369083,0.064231575,0.07674791,1.0
498,28,-0.071113184,0.08986834,0.08810941,1.0
498,29,0.11327765,0.03690468,0.0990085,1.0
498,30,-0.07150631,0.060608216,0.065137915,1.0
498,31,0.08664436,0.0012730211,0.09528769,1.0
498,32,-0.066033795,0.035769485,0.043479778,1.0
499,0,-0.023320956,1.3657157,-0.119494714,1.0
499,1,-0.0067096194,1.380542,-0.11346303,1.0
499,2,-0.0038416956,1.3844593,-0.105850734,1.0
499,3,-0.0063973856,1.3839164,-0.10645479,1.0
499,4,-0.026780669,1.3932457,-0.12232124,1.0
499,5,-0.024652436,1.3909409,-0.13363923,1.0
499,6,-0.019885503,1.3786571,-0.11590868,1.0
499,7,0.07264752,1.3704233,-0.034263045,1.0
499,8,-0.06616765,1.3348978,-0.011442514,1.0
499,9,0.021618515,1.3555748,-0.08146062,1.0
499,10,-0.016897194,1.320559,-0.09942377,1.0
499,11,0.15409735,1.2184818,0.046256818,1.0
499,12,-0.09265056,1.2779429,0.13491145,1.0
499,13,0.15509139,1.1327257,-0.016371645,1.0
499,14,-0.11905329,1.0816418,0.018988594,1.0
499,15,0.105921626,1.2718878,-0.04922705,1.0
499,16,-0.12441935,1.2332542,-0.11939544,1.0
499,17,0.08760653,1.3197223,-0.051447283,1.0
499,18,-0.086921625,1.2850599,-0.16617152,1.0
499,19,0.08827876,1.3389962,-0.044794105,1.0
499,20,-0.08000954,1.346458,-0.15723415,1.0
499,21,0.109918386,1.2775929,-0.048793234,1.0
499,22,-0.12028699,1.2666513,-0.12497658,1.0
499,23,0.08725215,0.7510411,0.01639058,1.0
499,24,-0.085539825,0.7585997,-0.013505731,1.0
499,25,0.0939783,0.34685555,-0.07783957,1.0
499,26,-0.043489538,0.43547145,-0.06858218,1.0
499,27,0.13499813,0.06549721,0.07872051,1.0
499,28,-0.07087438,0.09130901,0.095179826,1.0
499,29,0.11462289,0.037783638,0.100323215,1.0
499,30,-0.07109861,0.062037703,0.07268602,1.0
499,31,0.091261506,0.0013318826,0.09586489,1.0
499,32,-0.06519778,0.037109576,0.052193448,1.0
500,0,-0.02339239,1.366564,-0.11919461,1.0
500,1,-0.006173861,1.3810327,-0.113285445,1.0
500,2,-0.0040223547,1.3857646,-0.10513047,1.0
500,3,-0.0062735886,1.3849859,-0.10586795,1.0
500,4,-0.026867766,1.3941944,-0.12215311,1.0
500,5,-0.02453869,1.3916118,-0.13385703,1.0
500,6,-0.019654455,1.3794382,-0.11545202,1.0
500,7,0.07255009,1.371156,-0.033480123,1.0
500,8,-0.066494785,1.3353038,-0.010994852,1.0
500,9,0.021554582,1.3562376,-0.08103192,1.0
500,10,-0.016922774,1.321485,-0.09924881,1.0
500,11,0.15363714,1.2191888,0.04767784,1.0
500,12,-0.093627006,1.278419,0.13475256,1.0
500,13,0.15510707,1.1332253,-0.015568141,1.0
500,14,-0.11908665,1.0816193,0.018671468,1.0
500,15,0.10588902,1.2717841,-0.04946483,1.0
500,16,-0.12474761,1.2333059,-0.11952263,1.0
500,17,0.087944515,1.3193381,-0.051517643,1.0
500,18,-0.08740524,1.285866,-0.16614793,1.0
500,19,0.08811901,1.338932,-0.044439767,1.0
500,20,-0.080880865,1.3471918,-0.15707554,1.0
500,21,0.10999174,1.2772937,-0.049253263,1.0
500,22,-0.120449305,1.2670598,-0.12481733,1.0
500,23,0.087548584,0.75174665,0.01637401,1.0
500,24,-0.08533116,0.7589913,-0.013754104,1.0
500,25,0.094167,0.3473841,-0.07766788,1.0
500,26,-0.04279338,0.43471667,-0.06735942,1.0
500,27,0.13472216,0.065690726,0.07843673,1.0
500,28,-0.070552275,0.09169659,0.09853184,1.0
500,29,0.11464356,0.037978996,0.10032123,1.0
500,30,-0.07105721,0.062599644,0.07604569,1.0
500,31,0.090701774,0.0009795204,0.09672385,1.0
500,32,-0.0647625,0.0368737,0.056770742,1.0
501,0,-0.021406204,1.3680842,-0.11736944,1.0
501,1,-0.00450715,1.3826635,-0.11153879,1.0
501,2,-0.0035633645,1.3874164,-0.10362035,1.0
501,3,-0.0049469247,1.3868837,-0.103881285,1.0
501,4,-0.025128398,1.3952799,-0.12074926,1.0
501,5,-0.022967704,1.3933065,-0.13294122,1.0
501,6,-0.017889919,1.381249,-0.11348147,1.0
501,7,0.07172207,1.3731894,-0.032138444,1.0
501,8,-0.0658131,1.3369358,-0.010329038,1.0
501,9,0.022483185,1.3583007,-0.07962433,1.0
501,10,-0.015286801,1.3231802,-0.09860938,1.0
501,11,0.1525045,1.2210821,0.0495427,1.0
501,12,-0.09475452,1.280005,0.13580588,1.0
501,13,0.15449494,1.1340898,-0.01428319,1.0
501,14,-0.11918637,1.0826907,0.01875469,1.0
501,15,0.10573555,1.272797,-0.05029793,1.0
501,16,-0.124437265,1.2349069,-0.11932912,1.0
501,17,0.087327234,1.3209891,-0.05208313,1.0
501,18,-0.086457305,1.2870383,-0.16412202,1.0
501,19,0.088505335,1.3406019,-0.04601614,1.0
501,20,-0.08053869,1.3480616,-0.15607247,1.0
501,21,0.11002304,1.2773917,-0.05024615,1.0
501,22,-0.120121606,1.2675543,-0.124038406,1.0
501,23,0.08743595,0.75353855,0.01671289,1.0
501,24,-0.08541531,0.7606619,-0.013636515,1.0
501,25,0.09441251,0.3481821,-0.07805849,1.0
501,26,-0.04312365,0.43593812,-0.06688517,1.0
501,27,0.13353531,0.065327466,0.07793725,1.0
501,28,-0.071082115,0.091534525,0.09927593,1.0
501,29,0.11368577,0.03762085,0.10043962,1.0
501,30,-0.072214596,0.062104646,0.07695305,1.0
501,31,0.08672501,0.00035131443,0.09760814,1.0
501,32,-0.06623444,0.03578333,0.05773312,1.0
502,0,-0.017627632,1.3685384,-0.11643854,1.0
502,1,-0.0016693262,1.3843138,-0.110323064,1.0
502,2,-0.0017027203,1.3875031,-0.10361673,1.0
502,3,-0.0025386212,1.3881273,-0.10260751,1.0
502,4,-0.021884248,1.3947396,-0.119669236,1.0
502,5,-0.0207933,1.3945024,-0.13128595,1.0
502,6,-0.014591301,1.3826432,-0.112316415,1.0
502,7,0.071496464,1.3751507,-0.03206879,1.0
502,8,-0.06426664,1.3386486,-0.009938697,1.0
502,9,0.024488233,1.359827,-0.07927354,1.0
502,10,-0.012660617,1.3242817,-0.09911332,1.0
502,11,0.15136623,1.2225444,0.049974397,1.0
502,12,-0.095900536,1.2807324,0.13629788,1.0
502,13,0.15413731,1.1342101,-0.01276803,1.0
502,14,-0.11997819,1.0842025,0.017083228,1.0
502,15,0.10655327,1.2734528,-0.05075767,1.0
502,16,-0.12381076,1.2370203,-0.12179673,1.0
502,17,0.087099366,1.3225327,-0.051950835,1.0
502,18,-0.08504385,1.287432,-0.1637082,1.0
502,19,0.08988872,1.3428619,-0.04764124,1.0
502,20,-0.07861278,1.3486185,-0.15750295,1.0
502,21,0.11172315,1.2772067,-0.05007793,1.0
502,22,-0.11958475,1.2671602,-0.12566471,1.0
502,23,0.086810865,0.7548561,0.018268984,1.0
502,24,-0.085871466,0.7615602,-0.014158793,1.0
502,25,0.0942739,0.34783605,-0.07802059,1.0
502,26,-0.044886135,0.43654305,-0.0682234,1.0
502,27,0.13129756,0.064640135,0.08199504,1.0
502,28,-0.07205019,0.091385275,0.09818646,1.0
502,29,0.11070104,0.037564047,0.105860084,1.0
502,30,-0.07272624,0.061631635,0.07612194,1.0
502,31,0.08101769,0.00043636747,0.10522996,1.0
502,32,-0.06787909,0.03532029,0.05643139,1.0
503,0,-0.01624811,1.3688264,-0.11552719,1.0
503,1,-0.0005941811,1.3848777,-0.1098281,1.0
503,2,-0.0009009604,1.3878307,-0.1036109,1.0
503,3,-0.0019589346,1.3886881,-0.10231416,1.0
503,4,-0.020624321,1.394089,-0.1194261,1.0
503,5,-0.01986538,1.3947041,-0.13048263,1.0
503,6,-0.013896976,1.3830242,-0.111876935,1.0
503,7,0.072091594,1.3762934,-0.031962704,1.0
503,8,-0.063168816,1.3400292,-0.009653389,1.0
503,9,0.02591801,1.3604887,-0.07942419,1.0
503,10,-0.010838184,1.324687,-0.098838635,1.0
503,11,0.15190452,1.2236812,0.050409243,1.0
503,12,-0.095758945,1.2814116,0.13716447,1.0
503,13,0.15463616,1.135936,-0.012779067,1.0
503,14,-0.11972159,1.0841458,0.017249279,1.0
503,15,0.10706927,1.2755623,-0.05109134,1.0
503,16,-0.12245194,1.2371026,-0.12320079,1.0
503,17,0.087640725,1.3246932,-0.05271869,1.0
503,18,-0.08260132,1.2867017,-0.164326,1.0
503,19,0.09037183,1.3447149,-0.04805185,1.0
503,20,-0.0754043,1.3476276,-0.15826026,1.0
503,21,0.112294,1.2790334,-0.04968172,1.0
503,22,-0.117863834,1.2662513,-0.12660871,1.0
503,23,0.08686004,0.7558851,0.018426152,1.0
503,24,-0.08598162,0.7625818,-0.014236617,1.0
503,25,0.092233606,0.34839392,-0.0778412,1.0
503,26,-0.04576074,0.4384777,-0.06787757,1.0
503,27,0.12624721,0.065110505,0.0855523,1.0
503,28,-0.0742367,0.091775656,0.09824742,1.0
503,29,0.10510333,0.038064912,0.10973801,1.0
503,30,-0.0751699,0.061939646,0.076176696,1.0
503,31,0.072553754,0.0012134798,0.10771262,1.0
503,32,-0.07040791,0.03619977,0.056044817,1.0
504,0,-0.015180114,1.3693559,-0.11454527,1.0
504,1,0.0011700689,1.3844771,-0.10882644,1.0
504,2,0.002262878,1.3879085,-0.101331785,1.0
504,3,0.0006445437,1.3881955,-0.10144796,1.0
504,4,-0.019828118,1.395892,-0.117895916,1.0
504,5,-0.0176589,1.394651,-0.12955928,1.0
504,6,-0.012668196,1.3827393,-0.1111203,1.0
504,7,0.07529638,1.3762522,-0.029168965,1.0
504,8,-0.06158652,1.3394282,-0.007914923,1.0
504,9,0.028147202,1.3601404,-0.07736975,1.0
504,10,-0.009954954,1.3247242,-0.09602532,1.0
504,11,0.15525857,1.2237535,0.052009933,1.0
504,12,-0.09235448,1.2824998,0.14131287,1.0
504,13,0.15713364,1.1371279,-0.010622944,1.0
504,14,-0.11904992,1.0833712,0.025933076,1.0
504,15,0.10925588,1.2764515,-0.049097918,1.0
504,16,-0.12185227,1.2347955,-0.11923248,1.0
504,17,0.09003406,1.3249209,-0.052052677,1.0
504,18,-0.082715906,1.2863812,-0.16408178,1.0
504,19,0.09164276,1.3446076,-0.0445966,1.0
504,20,-0.07469019,1.3476472,-0.15593919,1.0
504,21,0.11386063,1.2808799,-0.047732368,1.0
504,22,-0.116643295,1.2668726,-0.123765886,1.0
504,23,0.08726499,0.7560052,0.017517455,1.0
504,24,-0.085626595,0.7635325,-0.013952788,1.0
504,25,0.09052866,0.3456204,-0.077616915,1.0
504,26,-0.043886892,0.43957755,-0.062400527,1.0
504,27,0.12648585,0.06503865,0.08777976,1.0
504,28,-0.07201417,0.0914739,0.10692294,1.0
504,29,0.1049128,0.037552282,0.110974886,1.0
504,30,-0.07259116,0.06167835,0.08493477,1.0
504,31,0.07180585,0.00049688667,0.10905069,1.0
504,32,-0.06882392,0.036196988,0.06598981,1.0
505,0,-0.01512763,1.3692858,-0.113151886,1.0
505,1,0.0019102544,1.3844445,-0.10745133,1.0
505,2,0.0031267642,1.3881965,-0.09936318,1.0
505,3,0.0018811703,1.3884251,-0.099978276,1.0
505,4,-0.019354815,1.3972168,-0.11597071,1.0
505,5,-0.01687341,1.3950918,-0.12844811,1.0
505,6,-0.012017317,1.382642,-0.10958882,1.0
505,7,0.07609137,1.3765645,-0.028063774,1.0
505,8,-0.0606786,1.3390014,-0.006544134,1.0
505,9,0.028897801,1.3598707,-0.07550841,1.0
505,10,-0.0100744525,1.324662,-0.09369712,1.0
505,11,0.1560744,1.2244172,0.052451834,1.0
505,12,-0.0911368,1.283692,0.14386883,1.0
505,13,0.1576793,1.1370963,-0.009554859,1.0
505,14,-0.11819039,1.0834384,0.031347416,1.0
505,15,0.10985291,1.2767918,-0.04811666,1.0
505,16,-0.12109724,1.2338018,-0.11547221,1.0
505,17,0.09078469,1.3252242,-0.051010903,1.0
505,18,-0.08224325,1.2863774,-0.16188015,1.0
505,19,0.09228109,1.3450899,-0.043375738,1.0
505,20,-0.0742708,1.3473883,-0.1531823,1.0
505,21,0.11404582,1.2813547,-0.046915125,1.0
505,22,-0.11580124,1.2670774,-0.12025881,1.0
505,23,0.08749987,0.7567049,0.017119376,1.0
505,24,-0.08525555,0.7648477,-0.014031613,1.0
505,25,0.09026454,0.34526014,-0.07788177,1.0
505,26,-0.04338966,0.4407327,-0.060294025,1.0
505,27,0.12710346,0.06491661,0.087545365,1.0
505,28,-0.07076928,0.09168568,0.10959224,1.0
505,29,0.10538438,0.03764411,0.11064835,1.0
505,30,-0.071084574,0.061693583,0.0876682,1.0
505,31,0.071769,0.00096606836,0.10922737,1.0
505,32,-0.06843052,0.035534125,0.06991056,1.0
506,0,-0.014782603,1.3691304,-0.11244309,1.0
506,1,0.0017194621,1.3846538,-0.106702134,1.0
506,2,0.0021106515,1.3884299,-0.09913531,1.0
506,3,0.0013139398,1.3888645,-0.09928432,1.0
506,4,-0.01892516,1.396641,-0.11551509,1.0
506,5,-0.017082043,1.39534,-0.128003,1.0
506,6,-0.011856987,1.3827684,-0.10862329,1.0
506,7,0.07517147,1.3772056,-0.028566558,1.0
506,8,-0.06041221,1.3391304,-0.0059748236,1.0
506,9,0.028950773,1.3600869,-0.07506952,1.0
506,10,-0.009486796,1.324681,-0.09347876,1.0
506,11,0.1551699,1.2252321,0.05274199,1.0
506,12,-0.09182684,1.2836258,0.14459133,1.0
506,13,0.15741917,1.1357551,-0.008706417,1.0
506,14,-0.11813332,1.0829992,0.030811206,1.0
506,15,0.1101539,1.276511,-0.048320614,1.0
506,16,-0.1200345,1.2337404,-0.11499588,1.0
506,17,0.090970136,1.3254585,-0.05118651,1.0
506,18,-0.08017222,1.285655,-0.15991312,1.0
506,19,0.09324391,1.3457727,-0.044054445,1.0
506,20,-0.072437726,1.3460712,-0.15210082,1.0
506,21,0.11457995,1.2806036,-0.04723067,1.0
506,22,-0.11481316,1.2657218,-0.119342245,1.0
506,23,0.08744798,0.7575431,0.017332943,1.0
506,24,-0.08513608,0.7653489,-0.014208721,1.0
506,25,0.08973236,0.34516907,-0.078060076,1.0
506,26,-0.044080336,0.4408493,-0.06007006,1.0
506,27,0.12603027,0.061671942,0.0868808,1.0
506,28,-0.070980385,0.08997152,0.10981877,1.0
506,29,0.1047373,0.034474857,0.110711694,1.0
506,30,-0.07133241,0.059758767,0.087889254,1.0
506,31,0.06778571,0.0,0.10945733,1.0
506,32,-0.06918569,0.03371294,0.06988124,1.0
507,0,-0.013467799,1.368597,-0.11182324,1.0
507,1,0.00286628,1.3841741,-0.10638557,1.0
507,2,0.0030985158,1.388741,-0.0989706,1.0
507,3,0.002604689,1.3885779,-0.09922639,1.0
507,4,-0.017031498,1.3957846,-0.11571875,1.0
507,5,-0.015434368,1.3947663,-0.12788188,1.0
507,6,-0.010619562,1.3821878,-0.1080467,1.0
507,7,0.075956576,1.3776081,-0.028771665,1.0
507,8,-0.059853487,1.3395324,-0.0059346175,1.0
507,9,0.030457977,1.3599434,-0.07504218,1.0
507,10,-0.0072834464,1.3242724,-0.093229875,1.0
507,11,0.15497687,1.2261593,0.0532464,1.0
507,12,-0.09198782,1.2837331,0.14534819,1.0
507,13,0.15739398,1.1362046,-0.0087984875,1.0
507,14,-0.11756323,1.0827535,0.030774817,1.0
507,15,0.110387534,1.2769969,-0.048446096,1.0
507,16,-0.119318604,1.2332637,-0.114420764,1.0
507,17,0.0917543,1.3260736,-0.05172838,1.0
507,18,-0.07877908,1.2848864,-0.15895665,1.0
507,19,0.09349744,1.346122,-0.044122495,1.0
507,20,-0.071172364,1.3444967,-0.15074913,1.0
507,21,0.114926055,1.2808673,-0.04697813,1.0
507,22,-0.11389667,1.265038,-0.118300155,1.0
507,23,0.08773506,0.7584814,0.016947346,1.0
507,24,-0.08496781,0.76583326,-0.013944481,1.0
507,25,0.08974434,0.3457358,-0.077719465,1.0
507,26,-0.04468572,0.44125432,-0.060216695,1.0
507,27,0.12575373,0.060831487,0.08691497,1.0
507,28,-0.0711171,0.08946335,0.109764606,1.0
507,29,0.10530899,0.033741467,0.1116306,1.0
507,30,-0.07162794,0.059173428,0.08780662,1.0
507,31,0.067483604,2.6416034e-05,0.10977205,1.0
507,32,-0.06956725,0.033224486,0.06946692,1.0
508,0,-0.0118063865,1.3690522,-0.11244053,1.0
508,1,0.0043799966,1.3844707,-0.106656924,1.0
508,2,0.0062363045,1.388865,-0.09879512,1.0
508,3,0.0052146884,1.3881586,-0.099795915,1.0
508,4,-0.0147630945,1.3969116,-0.1161554,1.0
508,5,-0.013032422,1.3951914,-0.12771773,1.0
508,6,-0.008774697,1.3821135,-0.108989075,1.0
508,7,0.07843751,1.3776062,-0.02786154,1.0
508,8,-0.058633376,1.3396945,-0.0065434547,1.0
508,9,0.032439668,1.3598769,-0.07490565,1.0
508,10,-0.0058784243,1.3241591,-0.09290979,1.0
508,11,0.15639672,1.2261927,0.05304671,1.0
508,12,-0.09031157,1.2844024,0.14547455,1.0
508,13,0.15793887,1.1372057,-0.00962039,1.0
508,14,-0.117270574,1.0830436,0.031588137,1.0
508,15,0.111401536,1.2782147,-0.048987612,1.0
508,16,-0.11869423,1.2332271,-0.114247456,1.0
508,17,0.09316587,1.327116,-0.053329103,1.0
508,18,-0.078134425,1.2857678,-0.16105926,1.0
508,19,0.093969844,1.3466041,-0.04374623,1.0
508,20,-0.06992504,1.3447602,-0.15126613,1.0
508,21,0.1157843,1.2827308,-0.04708533,1.0
508,22,-0.11324818,1.266521,-0.11884041,1.0
508,23,0.087815285,0.75907254,0.016846359,1.0
508,24,-0.08483024,0.7669005,-0.014212126,1.0
508,25,0.0884457,0.34565696,-0.07732577,1.0
508,26,-0.044339135,0.44215,-0.059598982,1.0
508,27,0.12550607,0.059704006,0.08936671,1.0
508,28,-0.071409956,0.08893573,0.11130835,1.0
508,29,0.10522357,0.032426268,0.114400834,1.0
508,30,-0.071434066,0.058520366,0.089557566,1.0
508,31,0.067118526,0.0,0.11129305,1.0
508,32,-0.07044946,0.03340861,0.07062166,1.0
509,0,-0.011369653,1.3693502,-0.1110173,1.0
509,1,0.0048317807,1.3854401,-0.10594985,1.0
509,2,0.004961748,1.3883569,-0.09789255,1.0
509,3,0.0042019095,1.3891647,-0.098206505,1.0
509,4,-0.015477863,1.3955343,-0.11515585,1.0
509,5,-0.013905913,1.3953371,-0.1255264,1.0
509,6,-0.008976958,1.3834002,-0.1078728,1.0
509,7,0.07801764,1.3799727,-0.027359497,1.0
509,8,-0.05740371,1.3416307,-0.005452131,1.0
509,9,0.03176726,1.361469,-0.07443377,1.0
509,10,-0.005162778,1.325799,-0.09284216,1.0
509,11,0.15705392,1.2270983,0.052387025,1.0
509,12,-0.08956464,1.2849097,0.14634031,1.0
509,13,0.15705402,1.1371098,-0.012665931,1.0
509,14,-0.118093,1.0837114,0.03199908,1.0
509,15,0.11090316,1.277981,-0.052722663,1.0
509,16,-0.11829869,1.234709,-0.11500761,1.0
509,17,0.09237011,1.3281317,-0.05661169,1.0
509,18,-0.07787189,1.2856984,-0.15938883,1.0
509,19,0.09498433,1.3482621,-0.04679919,1.0
509,20,-0.06826819,1.3459215,-0.15122925,1.0
509,21,0.11696465,1.2827191,-0.04970645,1.0
509,22,-0.11220091,1.2660668,-0.11940059,1.0
509,23,0.08724906,0.76037747,0.017552838,1.0
509,24,-0.085246034,0.76819396,-0.01371032,1.0
509,25,0.08789049,0.34669736,-0.07697325,1.0
509,26,-0.0458891,0.44313824,-0.05969198,1.0
509,27,0.12537855,0.060411066,0.09044478,1.0
509,28,-0.071079984,0.08967799,0.11092697,1.0
509,29,0.10402001,0.033025116,0.11472067,1.0
509,30,-0.071594246,0.059497993,0.08891162,1.0
509,31,0.06577167,0.0,0.11178227,1.0
509,32,-0.07181269,0.034450106,0.07051332,1.0
510,0,-0.011462616,1.371027,-0.10912053,1.0
510,1,0.0042379866,1.3873789,-0.10378624,1.0
510,2,0.0032571,1.3882735,-0.09617452,1.0
510,3,0.0026849932,1.390846,-0.09568997,1.0
510,4,-0.017315656,1.3958585,-0.11213094,1.0
510,5,-0.015402128,1.3968227,-0.122322045,1.0
510,6,-0.00969944,1.3853681,-0.1056579,1.0
510,7,0.07669856,1.3822582,-0.025779903,1.0
510,8,-0.05658369,1.3427839,-0.0018536893,1.0
510,9,0.030746344,1.3636022,-0.07262707,1.0
510,10,-0.0058183423,1.3276894,-0.091698505,1.0
510,11,0.15726027,1.2278659,0.053927567,1.0
510,12,-0.089755565,1.2853699,0.14795876,1.0
510,13,0.15765312,1.1404566,-0.0107749365,1.0
510,14,-0.119644195,1.0845166,0.035843812,1.0
510,15,0.11158928,1.2829925,-0.05203595,1.0
510,16,-0.117827296,1.2358449,-0.10862006,1.0
510,17,0.09087074,1.3339167,-0.055762514,1.0
510,18,-0.07720322,1.2856107,-0.15088668,1.0
510,19,0.09591574,1.354569,-0.04735729,1.0
510,20,-0.066866405,1.3476334,-0.14514631,1.0
510,21,0.11859104,1.2871618,-0.049381655,1.0
510,22,-0.11151049,1.2658083,-0.11353531,1.0
510,23,0.08675872,0.7608575,0.019004453,1.0
510,24,-0.08555199,0.768775,-0.013807468,1.0
510,25,0.0879773,0.3477375,-0.07707527,1.0
510,26,-0.047158822,0.4436966,-0.05949169,1.0
510,27,0.122603506,0.061058886,0.08910955,1.0
510,28,-0.07608891,0.08978945,0.110676005,1.0
510,29,0.0994513,0.03367062,0.11211817,1.0
510,30,-0.07670008,0.059786413,0.088324785,1.0
510,31,0.061824434,1.6446225e-05,0.10810072,1.0
510,32,-0.07717459,0.034779437,0.06991918,1.0
511,0,-0.014852067,1.3737895,-0.10717497,1.0
511,1,0.0014899927,1.3892491,-0.102286234,1.0
511,2,-0.00031218538,1.3913991,-0.09464316,1.0
511,3,-0.0010512196,1.3932323,-0.094426624,1.0
511,4,-0.020378588,1.3970768,-0.11034067,1.0
511,5,-0.01834197,1.3989515,-0.12044851,1.0
511,6,-0.012868025,1.387963,-0.10291608,1.0
511,7,0.075742215,1.3841233,-0.025470488,1.0
511,8,-0.057321243,1.3451872,0.0021580197,1.0
511,9,0.028712044,1.3658857,-0.07182034,1.0
511,10,-0.007428813,1.3302546,-0.09021872,1.0
511,11,0.15724167,1.2295587,0.05622039,1.0
511,12,-0.090295315,1.2856538,0.14995208,1.0
511,13,0.15847452,1.1448665,-0.009013236,1.0
511,14,-0.118985474,1.0853553,0.038283665,1.0
511,15,0.11171156,1.2887945,-0.048992693,1.0
511,16,-0.11736812,1.2375145,-0.10089043,1.0
511,17,0.09157357,1.3397787,-0.053130634,1.0
511,18,-0.076965965,1.2863843,-0.14059316,1.0
511,19,0.09617922,1.3594215,-0.04413508,1.0
511,20,-0.06667793,1.3489087,-0.13611202,1.0
511,21,0.11859885,1.2919767,-0.04699754,1.0
511,22,-0.11098876,1.2663596,-0.10559675,1.0
511,23,0.0875585,0.76246464,0.018675651,1.0
511,24,-0.08512225,0.7693909,-0.0132348165,1.0
511,25,0.08853112,0.34996688,-0.07639018,1.0
511,26,-0.047408637,0.44429362,-0.059927028,1.0
511,27,0.12203643,0.062938206,0.08148697,1.0
511,28,-0.07666084,0.0907797,0.11051005,1.0
511,29,0.09914686,0.035123408,0.10242684,1.0
511,30,-0.07806425,0.061129995,0.087705895,1.0
511,31,0.061391592,0.003083704,0.093606256,1.0
511,32,-0.07689596,0.036111705,0.06851969,1.0
512,0,-0.02558256,1.3745537,-0.10486209,1.0
512,1,-0.0068644015,1.3886552,-0.097160995,1.0
512,2,-0.004016765,1.3938003,-0.089313805,1.0
512,3,-0.005147457,1.3930204,-0.09085114,1.0
512,4,-0.026229061,1.4037654,-0.103484444,1.0
512,5,-0.023571078,1.4009762,-0.11680994,1.0
512,6,-0.01986019,1.3865113,-0.097785115,1.0
512,7,0.077092245,1.3798015,-0.02175745,1.0
512,8,-0.060659867,1.340914,0.01244801,1.0
512,9,0.023730405,1.36303,-0.067662664,1.0
512,10,-0.01763469,1.328135,-0.082037844,1.0
512,11,0.15810445,1.2280939,0.057475947,1.0
512,12,-0.08920124,1.2868638,0.1543462,1.0
512,13,0.16108744,1.150132,-0.008021077,1.0
512,14,-0.117195904,1.0880759,0.0466913,1.0
512,15,0.1148897,1.2934852,-0.03750749,1.0
512,16,-0.11702439,1.2375202,-0.087019555,1.0
512,17,0.09605564,1.3419547,-0.042410105,1.0
512,18,-0.07740419,1.2908914,-0.13508826,1.0
512,19,0.09603877,1.3587899,-0.03247917,1.0
512,20,-0.06888661,1.3498702,-0.12519398,1.0
512,21,0.11749131,1.2965934,-0.03758067,1.0
512,22,-0.11240192,1.2716265,-0.09240503,1.0
512,23,0.0887276,0.76160944,0.016529175,1.0
512,24,-0.084083945,0.7704582,-0.014617344,1.0
512,25,0.08828318,0.3489451,-0.07822477,1.0
512,26,-0.044272386,0.442822,-0.059676602,1.0
512,27,0.121536866,0.06283608,0.07079742,1.0
512,28,-0.07674682,0.08956342,0.10971698,1.0
512,29,0.09995071,0.03555054,0.09212785,1.0
512,30,-0.07659113,0.058999322,0.0880004,1.0
512,31,0.06371941,0.0028788634,0.0775931,1.0
512,32,-0.077068254,0.034388956,0.06662528,1.0
513,0,-0.028974459,1.3748379,-0.10356279,1.0
513,1,-0.009020742,1.3883793,-0.0949044,1.0
513,2,-0.005835794,1.3962355,-0.087115824,1.0
513,3,-0.006992979,1.3937035,-0.08925006,1.0
513,4,-0.02714629,1.4046109,-0.10191487,1.0
513,5,-0.025504565,1.4017439,-0.11569538,1.0
513,6,-0.022332912,1.3867707,-0.09507098,1.0
513,7,0.07749332,1.3787632,-0.018959306,1.0
513,8,-0.06330439,1.3410704,0.016866274,1.0
513,9,0.02235185,1.3622396,-0.06659701,1.0
513,10,-0.020233212,1.3284254,-0.0795242,1.0
513,11,0.15754628,1.2283218,0.06258336,1.0
513,12,-0.09059438,1.2866006,0.15748143,1.0
513,13,0.16173825,1.1534185,-0.003881542,1.0
513,14,-0.11657763,1.0895487,0.050536714,1.0
513,15,0.11892928,1.2951458,-0.034339964,1.0
513,16,-0.116817355,1.2395685,-0.07799122,1.0
513,17,0.10399247,1.3426814,-0.040352687,1.0
513,18,-0.0771834,1.2937639,-0.12660669,1.0
513,19,0.10109076,1.3584177,-0.03034107,1.0
513,20,-0.06917999,1.3516877,-0.11624798,1.0
513,21,0.12039571,1.2972524,-0.03488613,1.0
513,22,-0.11228551,1.2739933,-0.08264006,1.0
513,23,0.089718275,0.7627779,0.01540475,1.0
513,24,-0.08347107,0.7708846,-0.014828341,1.0
513,25,0.08894955,0.34981808,-0.07852878,1.0
513,26,-0.043935377,0.44210348,-0.060422204,1.0
513,27,0.12081819,0.063301235,0.0612005,1.0
513,28,-0.07603708,0.089649975,0.10663571,1.0
513,29,0.10047337,0.03588306,0.08269949,1.0
513,30,-0.07621411,0.058728147,0.08511134,1.0
513,31,0.06402418,0.003868904,0.06711729,1.0
513,32,-0.07528609,0.03413887,0.061061632,1.0
514,0,-0.027584905,1.374819,-0.10062673,1.0
514,1,-0.008898836,1.3883314,-0.09304623,1.0
514,2,-0.006378965,1.395004,-0.08569492,1.0
514,3,-0.008028249,1.3933322,-0.0877505,1.0
514,4,-0.027234882,1.4021795,-0.10023206,1.0
514,5,-0.026199706,1.4007347,-0.112763084,1.0
514,6,-0.022859363,1.3869877,-0.093102515,1.0
514,7,0.077160046,1.3795452,-0.017525237,1.0
514,8,-0.06260008,1.3421538,0.016523676,1.0
514,9,0.022592992,1.3634765,-0.06564118,1.0
514,10,-0.01808687,1.3285716,-0.078689225,1.0
514,11,0.15910968,1.2282231,0.06418273,1.0
514,12,-0.08989376,1.2853144,0.15870321,1.0
514,13,0.1622512,1.1529496,-0.0026903227,1.0
514,14,-0.11784215,1.0873878,0.051281027,1.0
514,15,0.119776264,1.290623,-0.03389725,1.0
514,16,-0.11715745,1.2360017,-0.07735135,1.0
514,17,0.1040987,1.3370001,-0.039595727,1.0
514,18,-0.0763101,1.2885215,-0.1234977,1.0
514,19,0.1021485,1.3534374,-0.028756158,1.0
514,20,-0.06787843,1.3481572,-0.11510594,1.0
514,21,0.122612275,1.2927282,-0.033032842,1.0
514,22,-0.11142529,1.269875,-0.08194509,1.0
514,23,0.089540854,0.76269346,0.016053986,1.0
514,24,-0.08399132,0.77037233,-0.013802819,1.0
514,25,0.08884009,0.3496223,-0.077959314,1.0
514,26,-0.04517112,0.4418297,-0.060447477,1.0
514,27,0.11884928,0.06298671,0.064279705,1.0
514,28,-0.07788873,0.0887005,0.10581597,1.0
514,29,0.098152906,0.034821406,0.085579365,1.0
514,30,-0.07828347,0.057794124,0.084431,1.0
514,31,0.06210351,0.0028721085,0.06787218,1.0
514,32,-0.07673597,0.03345112,0.05970486,1.0
515,0,-0.022207867,1.3758492,-0.099591754,1.0
515,1,-0.0046198675,1.3901289,-0.09322132,1.0
515,2,-0.0066875666,1.3926692,-0.08537153,1.0
515,3,-0.0069907354,1.3952737,-0.08559396,1.0
515,4,-0.026918769,1.4003959,-0.09932017,1.0
515,5,-0.025457123,1.400245,-0.11150588,1.0
515,6,-0.019617226,1.3898506,-0.092703156,1.0
515,7,0.07475668,1.3835063,-0.018163463,1.0
515,8,-0.0596371,1.3438001,0.015113387,1.0
515,9,0.02393057,1.3673654,-0.06485446,1.0
515,10,-0.014314922,1.3311496,-0.081061415,1.0
515,11,0.15947944,1.2278421,0.06363447,1.0
515,12,-0.08989325,1.2855842,0.15624958,1.0
515,13,0.16186002,1.14996,-0.003644472,1.0
515,14,-0.12121235,1.087786,0.048773542,1.0
515,15,0.11994231,1.2876419,-0.043915853,1.0
515,16,-0.11721693,1.235895,-0.08456978,1.0
515,17,0.10052587,1.33655,-0.048786372,1.0
515,18,-0.07594948,1.2847614,-0.12563497,1.0
515,19,0.103670895,1.3567634,-0.04106347,1.0
515,20,-0.06504392,1.3480392,-0.12180592,1.0
515,21,0.12588944,1.2909591,-0.0428262,1.0
515,22,-0.11022456,1.2658219,-0.08985766,1.0
515,23,0.08736899,0.7620546,0.018926797,1.0
515,24,-0.08588272,0.77106667,-0.013691465,1.0
515,25,0.08923914,0.34945625,-0.07897922,1.0
515,26,-0.04768618,0.44273755,-0.060433283,1.0
515,27,0.119702876,0.06145218,0.06665931,1.0
515,28,-0.080568954,0.08924586,0.10630947,1.0
515,29,0.096617244,0.032923464,0.08595514,1.0
515,30,-0.081533454,0.058905344,0.08421463,1.0
515,31,0.05959432,0.000491526,0.071498185,1.0
515,32,-0.07905743,0.033758312,0.060065962,1.0
516,0,-0.01864779,1.3753593,-0.10626944,1.0
516,1,-0.0020146763,1.3910277,-0.09669809,1.0
516,2,-0.0015902264,1.3912656,-0.088422716,1.0
516,3,-0.00079641305,1.3954852,-0.0875625,1.0
516,4,-0.023902848,1.4066341,-0.1020716,1.0
516,5,-0.022443373,1.4019208,-0.11728281,1.0
516,6,-0.014494801,1.3895397,-0.09842323,1.0
516,7,0.07655233,1.3822238,-0.019455887,1.0
516,8,-0.057491507,1.3380857,0.011076303,1.0
516,9,0.027810002,1.3667545,-0.06513163,1.0
516,10,-0.015072015,1.3294384,-0.083368406,1.0
516,11,0.16235054,1.2283487,0.058917314,1.0
516,12,-0.08652973,1.2892071,0.15035522,1.0
516,13,0.16392767,1.1518999,-0.005606902,1.0
516,14,-0.12218487,1.0909818,0.04562352,1.0
516,15,0.122239545,1.2869499,-0.048400257,1.0
516,16,-0.11735624,1.2350698,-0.093760386,1.0
516,17,0.09921122,1.3351972,-0.051781237,1.0
516,18,-0.07582006,1.287929,-0.1408007,1.0
516,19,0.10391863,1.3587844,-0.047903333,1.0
516,20,-0.06495507,1.349467,-0.13597566,1.0
516,21,0.12693469,1.292913,-0.049503867,1.0
516,22,-0.11114847,1.2689915,-0.09983037,1.0
516,23,0.08548867,0.76084256,0.020417182,1.0
516,24,-0.08707256,0.7744124,-0.01697045,1.0
516,25,0.08729723,0.34924814,-0.08201972,1.0
516,26,-0.04815981,0.44644958,-0.0602066,1.0
516,27,0.11684543,0.060438037,0.07619408,1.0
516,28,-0.08356176,0.09227899,0.10507543,1.0
516,29,0.09330407,0.033416092,0.09866211,1.0
516,30,-0.08287763,0.060633145,0.08467698,1.0
516,31,0.05757789,0.0007713102,0.08635932,1.0
516,32,-0.082716465,0.034804873,0.059620596,1.0
517,0,-0.014755262,1.3772964,-0.10798818,1.0
517,1,-0.00078537944,1.3929338,-0.10100987,1.0
517,2,0.00056935835,1.3959482,-0.09277808,1.0
517,3,-0.00053969026,1.3965044,-0.09367196,1.0
517,4,-0.019781921,1.4032304,-0.10911492,1.0
517,5,-0.019066732,1.401679,-0.12038719,1.0
517,6,-0.013696942,1.3896892,-0.10248996,1.0
517,7,0.07843059,1.3838363,-0.023863383,1.0
517,8,-0.0590945,1.3419452,0.0026638736,1.0
517,9,0.03164511,1.3676634,-0.07056922,1.0
517,10,-0.0066578873,1.3311532,-0.08849212,1.0
517,11,0.1630098,1.2302194,0.05893065,1.0
517,12,-0.0863888,1.2861993,0.1445837,1.0
517,13,0.16585349,1.1565094,-0.0056666434,1.0
517,14,-0.117870554,1.0885835,0.030841261,1.0
517,15,0.1203405,1.294579,-0.042756855,1.0
517,16,-0.11531166,1.2370787,-0.110789835,1.0
517,17,0.101977065,1.3423958,-0.047888845,1.0
517,18,-0.074358016,1.2876558,-0.15664932,1.0
517,19,0.102424555,1.362803,-0.04103582,1.0
517,20,-0.064322375,1.3486176,-0.14977784,1.0
517,21,0.12449634,1.2985785,-0.042058013,1.0
517,22,-0.1092736,1.2694311,-0.11457385,1.0
517,23,0.08796986,0.7613004,0.018068021,1.0
517,24,-0.08618005,0.7722562,-0.015101334,1.0
517,25,0.08734976,0.34852836,-0.07908492,1.0
517,26,-0.05048645,0.44507894,-0.0604332,1.0
517,27,0.11518143,0.059447914,0.07979427,1.0
517,28,-0.08683633,0.09250331,0.10536695,1.0
517,29,0.09383997,0.032321908,0.10424354,1.0
517,30,-0.08781259,0.061441552,0.08395182,1.0
517,31,0.057517048,0.00026719645,0.08945347,1.0
517,32,-0.0871062,0.035209633,0.058798708,1.0
518,0,-0.015014536,1.377693,-0.10158537,1.0
518,1,-0.0033419817,1.3919908,-0.09947181,1.0
518,2,-0.0032696347,1.3983128,-0.0921121,1.0
518,3,-0.0066448743,1.3961903,-0.09382124,1.0
518,4,-0.021351386,1.3960763,-0.108930744,1.0
518,5,-0.019617539,1.3994042,-0.11603599,1.0
518,6,-0.019348977,1.3881603,-0.099809796,1.0
518,7,0.07593347,1.3838438,-0.024744628,1.0
518,8,-0.06257737,1.3464866,0.0024649114,1.0
518,9,0.03028119,1.3666574,-0.07262078,1.0
518,10,-0.0019385242,1.3308047,-0.08636287,1.0
518,11,0.16215253,1.2309895,0.062577836,1.0
518,12,-0.087908775,1.2803342,0.14699748,1.0
518,13,0.16868015,1.1604483,-0.004038861,1.0
518,14,-0.113181755,1.0839466,0.019548956,1.0
518,15,0.11890383,1.298842,-0.036705732,1.0
518,16,-0.11339466,1.2390332,-0.12350093,1.0
518,17,0.10436395,1.345493,-0.044541456,1.0
518,18,-0.07197452,1.2853774,-0.16637762,1.0
518,19,0.100744486,1.3599945,-0.032484353,1.0
518,20,-0.06490586,1.3452023,-0.15735488,1.0
518,21,0.12249865,1.2990459,-0.03386273,1.0
518,22,-0.108470485,1.2677091,-0.12574977,1.0
518,23,0.091459855,0.7620808,0.015756467,1.0
518,24,-0.08420569,0.7683912,-0.012406852,1.0
518,25,0.08795212,0.3479204,-0.075910605,1.0
518,26,-0.052544724,0.44008476,-0.059791885,1.0
518,27,0.1147968,0.05598911,0.08285068,1.0
518,28,-0.08981504,0.08729488,0.10765085,1.0
518,29,0.095369846,0.027979368,0.10790882,1.0
518,30,-0.092031926,0.057526246,0.08487432,1.0
518,31,0.05835946,0.0,0.08930144,1.0
518,32,-0.089236885,0.032996066,0.05711458,1.0
519,0,-0.013247819,1.3769406,-0.09790146,1.0
519,1,-0.00088646566,1.3922687,-0.096242055,1.0
519,2,-0.0063976627,1.3935074,-0.08796944,1.0
519,3,-0.009390258,1.3968557,-0.088935606,1.0
519,4,-0.024617482,1.3893872,-0.10451949,1.0
519,5,-0.022563286,1.397817,-0.10843364,1.0
519,6,-0.018686198,1.390611,-0.094851375,1.0
519,7,0.073220156,1.388303,-0.021179292,1.0
519,8,-0.060131427,1.3474914,0.0077286065,1.0
519,9,0.02978672,1.3692812,-0.06970973,1.0
519,10,-0.00084477337,1.3338345,-0.08483173,1.0
519,11,0.16562033,1.2308414,0.06394047,1.0
519,12,-0.08541402,1.275907,0.14854321,1.0
519,13,0.16825452,1.1573725,-0.005767286,1.0
519,14,-0.11409137,1.0811833,0.023312617,1.0
519,15,0.11780533,1.2964059,-0.04418233,1.0
519,16,-0.112048216,1.2379304,-0.11651945,1.0
519,17,0.100216106,1.347272,-0.051420823,1.0
519,18,-0.07374984,1.2824672,-0.1511713,1.0
519,19,0.10243184,1.3656762,-0.038636066,1.0
519,20,-0.061235026,1.3474482,-0.14796263,1.0
519,21,0.12696362,1.2976315,-0.039049156,1.0
519,22,-0.105966665,1.2625803,-0.12060673,1.0
519,23,0.08931806,0.7619097,0.019605892,1.0
519,24,-0.08608984,0.76694167,-0.011721915,1.0
519,25,0.08581912,0.345052,-0.07552056,1.0
519,26,-0.055052925,0.43844953,-0.058271058,1.0
519,27,0.113684565,0.061942667,0.10119538,1.0
519,28,-0.088503525,0.08573701,0.114360556,1.0
519,29,0.09110547,0.033839095,0.12462212,1.0
519,30,-0.09252249,0.057402004,0.09110114,1.0
519,31,0.055301335,0.002652552,0.11644366,1.0
519,32,-0.08732557,0.031635985,0.06302893,1.0
520,0,-0.020009462,1.3736874,-0.104782194,1.0
520,1,-0.0028877025,1.388826,-0.09281852,1.0
520,2,0.0014640028,1.3938837,-0.08444716,1.0
520,3,0.0023746016,1.3938342,-0.08677194,1.0
520,4,-0.021188155,1.409175,-0.09824207,1.0
520,5,-0.020311069,1.4003806,-0.116225064,1.0
520,6,-0.015012698,1.3854696,-0.09427284,1.0
520,7,0.07861167,1.37582,-0.019080209,1.0
520,8,-0.060730137,1.3283201,0.015633073,1.0
520,9,0.032150842,1.361122,-0.06361966,1.0
520,10,-0.014071389,1.3247586,-0.07793975,1.0
520,11,0.16722915,1.2261393,0.059932902,1.0
520,12,-0.08259514,1.280235,0.15533486,1.0
520,13,0.1798587,1.158196,-0.0056773126,1.0
520,14,-0.112032294,1.0888323,0.06447652,1.0
520,15,0.12627265,1.2959023,-0.035893805,1.0
520,16,-0.11306537,1.2422087,-0.06129329,1.0
520,17,0.1043898,1.3430858,-0.03839147,1.0
520,18,-0.07434307,1.3017846,-0.11550174,1.0
520,19,0.10166912,1.3637193,-0.03219829,1.0
520,20,-0.065895215,1.3611802,-0.102629654,1.0
520,21,0.12536064,1.2997543,-0.036670312,1.0
520,22,-0.10806447,1.2819732,-0.06677578,1.0
520,23,0.08856787,0.75666857,0.016939279,1.0
520,24,-0.0854705,0.7711168,-0.016652003,1.0
520,25,0.08403571,0.33949512,-0.08279927,1.0
520,26,-0.048571207,0.43883097,-0.057761673,1.0
520,27,0.11293447,0.05953475,0.09720886,1.0
520,28,-0.084929675,0.08611971,0.10989989,1.0
520,29,0.09247851,0.03611763,0.12607428,1.0
520,30,-0.08362793,0.053154457,0.091499954,1.0
520,31,0.058714345,0.0019455906,0.117279746,1.0
520,32,-0.0864439,0.027100388,0.062577076,1.0
521,0,-0.019324418,1.3733709,-0.10055343,1.0
521,1,-0.0038581286,1.3895028,-0.09066313,1.0
521,2,-0.00329907,1.3919644,-0.08257631,1.0
521,3,-0.0027386616,1.3940415,-0.08344247,1.0
521,4,-0.02428805,1.4022343,-0.09573024,1.0
521,5,-0.023412274,1.3987725,-0.10952742,1.0
521,6,-0.016419241,1.385433,-0.09078181,1.0
521,7,0.07456159,1.3796389,-0.01699642,1.0
521,8,-0.06017049,1.3301897,0.018667841,1.0
521,9,0.031485826,1.3623962,-0.06188811,1.0
521,10,-0.011139059,1.3256156,-0.07678007,1.0
521,11,0.16756101,1.2253647,0.061586995,1.0
521,12,-0.081677645,1.2731305,0.15931413,1.0
521,13,0.18292075,1.1558313,-0.0048956983,1.0
521,14,-0.109557286,1.084617,0.06627692,1.0
521,15,0.12528537,1.2938209,-0.04045131,1.0
521,16,-0.11134766,1.2407868,-0.0640011,1.0
521,17,0.10389762,1.3443372,-0.044656835,1.0
521,18,-0.074002326,1.2970707,-0.111642584,1.0
521,19,0.10305849,1.3665218,-0.03611004,1.0
521,20,-0.063345425,1.3588309,-0.1036399,1.0
521,21,0.12692907,1.2987494,-0.03966878,1.0
521,22,-0.106186695,1.2759125,-0.07006988,1.0
521,23,0.087529235,0.75534046,0.017403282,1.0
521,24,-0.08631192,0.7679712,-0.015089321,1.0
521,25,0.08308089,0.32899734,-0.08297737,1.0
521,26,-0.050831757,0.43323225,-0.054502383,1.0
521,27,0.11242528,0.057284713,0.110095516,1.0
521,28,-0.083536856,0.08240101,0.112403154,1.0
521,29,0.08907944,0.03280452,0.13772334,1.0
521,30,-0.083836876,0.051017597,0.0916491,1.0
521,31,0.055049464,0.0,0.1373881,1.0
521,32,-0.0845618,0.023139155,0.06403491,1.0
522,0,-0.018996822,1.3702943,-0.10029317,1.0
522,1,-0.005186019,1.3875091,-0.08971813,1.0
522,2,-0.0034953007,1.3894014,-0.08223023,1.0
522,3,-0.002188656,1.3910502,-0.0829888,1.0
522,4,-0.02395168,1.4011092,-0.09481373,1.0
522,5,-0.023029746,1.3949711,-0.10969262,1.0
522,6,-0.015675867,1.3813448,-0.09074733,1.0
522,7,0.07311938,1.3768549,-0.016812574,1.0
522,8,-0.0601554,1.3203769,0.018358022,1.0
522,9,0.030986834,1.3594332,-0.059752956,1.0
522,10,-0.012162344,1.3197516,-0.07652223,1.0
522,11,0.16696745,1.2234564,0.06111137,1.0
522,12,-0.079899,1.2660339,0.1651293,1.0
522,13,0.18434347,1.1536777,-0.0047078,1.0
522,14,-0.10690066,1.0817665,0.078240216,1.0
522,15,0.1264855,1.2918382,-0.04248344,1.0
522,16,-0.11170821,1.2396461,-0.05161434,1.0
522,17,0.10280882,1.3408507,-0.045882702,1.0
522,18,-0.07313456,1.2962394,-0.1002029,1.0
522,19,0.10258898,1.3632174,-0.039234217,1.0
522,20,-0.06398741,1.3569233,-0.09189497,1.0
522,21,0.12774384,1.2961528,-0.043118853,1.0
522,22,-0.106761344,1.2744079,-0.058030486,1.0
522,23,0.08699317,0.75313956,0.01681234,1.0
522,24,-0.08600682,0.76693714,-0.015020624,1.0
522,25,0.07872623,0.3226056,-0.08760832,1.0
522,26,-0.05518206,0.430694,-0.054292858,1.0
522,27,0.10041323,0.059032083,0.11666219,1.0
522,28,-0.08924067,0.08066806,0.10330112,1.0
522,29,0.077969,0.037557803,0.14775908,1.0
522,30,-0.086987875,0.04869819,0.08295712,1.0
522,31,0.041157473,0.0018872991,0.14839298,1.0
522,32,-0.08955902,0.022337105,0.051343456,1.0
523,0,-0.01797508,1.3681806,-0.09201288,1.0
523,1,-0.0070489654,1.3848839,-0.08650749,1.0
523,2,-0.008342791,1.3881141,-0.07963997,1.0
523,3,-0.0091195265,1.3891928,-0.080427326,1.0
523,4,-0.025821533,1.3885925,-0.093103066,1.0
523,5,-0.025244573,1.3895686,-0.102658704,1.0
523,6,-0.020871086,1.3787794,-0.08530162,1.0
523,7,0.0684781,1.3781052,-0.015081469,1.0
523,8,-0.06470739,1.3218365,0.020725086,1.0
523,9,0.029881697,1.3597245,-0.06041456,1.0
523,10,-0.006104338,1.318236,-0.07445595,1.0
523,11,0.16566908,1.2231246,0.06684008,1.0
523,12,-0.08048627,1.2564378,0.17130941,1.0
523,13,0.18307212,1.1480238,-0.00084962696,1.0
523,14,-0.104716465,1.063771,0.068904094,1.0
523,15,0.12436595,1.2857965,-0.04902466,1.0
523,16,-0.10994992,1.2230566,-0.07982908,1.0
523,17,0.10302071,1.3369322,-0.05698772,1.0
523,18,-0.07011565,1.2753003,-0.121785276,1.0
523,19,0.10290605,1.356355,-0.045393903,1.0
523,20,-0.062921494,1.334311,-0.115741394,1.0
523,21,0.1276309,1.2885654,-0.04636469,1.0
523,22,-0.105064325,1.2529328,-0.084494926,1.0
523,23,0.08860258,0.753925,0.016369127,1.0
523,24,-0.08554705,0.7632932,-0.011282476,1.0
523,25,0.076580666,0.3194217,-0.08465082,1.0
523,26,-0.059061892,0.423956,-0.060621656,1.0
523,27,0.093242764,0.058015794,0.1251275,1.0
523,28,-0.0920037,0.06974843,0.09854775,1.0
523,29,0.07162771,0.0341959,0.15491328,1.0
523,30,-0.092727505,0.038914382,0.07671429,1.0
523,31,0.037103694,0.0,0.15535192,1.0
523,32,-0.0913089,0.013903689,0.042711265,1.0
524,0,-0.020682853,1.3644097,-0.0891983,1.0
524,1,-0.010754677,1.3799388,-0.08540751,1.0
524,2,-0.011949446,1.3859973,-0.07890705,1.0
524,3,-0.013540979,1.3854828,-0.08089464,1.0
524,4,-0.028956702,1.382838,-0.09333598,1.0
524,5,-0.028849639,1.384268,-0.10255745,1.0
524,6,-0.026714178,1.3746477,-0.08370815,1.0
524,7,0.06556597,1.3740984,-0.014605483,1.0
524,8,-0.0711673,1.3192971,0.020895142,1.0
524,9,0.027466368,1.3556914,-0.06082731,1.0
524,10,-0.006355794,1.3136147,-0.073252626,1.0
524,11,0.16358033,1.2192383,0.07231458,1.0
524,12,-0.0820117,1.251176,0.17371282,1.0
524,13,0.18245897,1.1391727,-0.00051497854,1.0
524,14,-0.102318734,1.0533082,0.05716455,1.0
524,15,0.123212636,1.2755044,-0.057063874,1.0
524,16,-0.10970641,1.2122877,-0.1033836,1.0
524,17,0.10449956,1.3256135,-0.06855483,1.0
524,18,-0.06931854,1.2628975,-0.1467019,1.0
524,19,0.101654336,1.3438337,-0.05411586,1.0
524,20,-0.063537605,1.3203301,-0.13842501,1.0
524,21,0.12611409,1.2774827,-0.053361602,1.0
524,22,-0.10476764,1.2411312,-0.10707367,1.0
524,23,0.090191364,0.75246626,0.01527019,1.0
524,24,-0.08468379,0.760638,-0.010253988,1.0
524,25,0.07362473,0.31607014,-0.08274887,1.0
524,26,-0.059716176,0.41997313,-0.06655673,1.0
524,27,0.08646835,0.052506827,0.12606615,1.0
524,28,-0.094748214,0.064157784,0.09644274,1.0
524,29,0.06609903,0.028065016,0.15593374,1.0
524,30,-0.0965247,0.033941492,0.074109204,1.0
524,31,0.030400556,0.0,0.1544548,1.0
524,32,-0.09265248,0.009883212,0.03926012,1.0
525,0,-0.023971654,1.3606355,-0.09063052,1.0
525,1,-0.014311757,1.3775258,-0.085346766,1.0
525,2,-0.014344187,1.3796172,-0.07790048,1.0
525,3,-0.016456146,1.3816254,-0.0794893,1.0
525,4,-0.033816747,1.3810627,-0.091828905,1.0
525,5,-0.033282254,1.381325,-0.10129058,1.0
525,6,-0.029088184,1.372184,-0.0847825,1.0
525,7,0.06294391,1.3716047,-0.012128629,1.0
525,8,-0.0723352,1.3134639,0.021411126,1.0
525,9,0.024362218,1.3524728,-0.05846626,1.0
525,10,-0.012285788,1.3104227,-0.07286983,1.0
525,11,0.16485831,1.2150172,0.0707441,1.0
525,12,-0.08050777,1.2491741,0.16962469,1.0
525,13,0.1832345,1.1311252,-0.0011911709,1.0
525,14,-0.10491921,1.0497985,0.056237772,1.0
525,15,0.12379055,1.2670307,-0.06089398,1.0
525,16,-0.10997418,1.2067549,-0.106541984,1.0
525,17,0.10162044,1.3187027,-0.071301885,1.0
525,18,-0.071428925,1.2589481,-0.15196538,1.0
525,19,0.10117293,1.3391604,-0.05817418,1.0
525,20,-0.062402792,1.3180997,-0.14438997,1.0
525,21,0.1269984,1.2713358,-0.05750214,1.0
525,22,-0.105565675,1.2371163,-0.111932285,1.0
525,23,0.087901585,0.7501196,0.017670017,1.0
525,24,-0.086231224,0.76064664,-0.012011375,1.0
525,25,0.069158405,0.31413195,-0.08432254,1.0
525,26,-0.059090238,0.41975957,-0.06971521,1.0
525,27,0.081975125,0.05998984,0.13698664,1.0
525,28,-0.093928754,0.065371454,0.0939521,1.0
525,29,0.059117183,0.036624216,0.16733658,1.0
525,30,-0.09463343,0.035401337,0.07232707,1.0
525,31,0.026207142,0.0027086558,0.16849409,1.0
525,32,-0.0920148,0.011732036,0.03787101,1.0
526,0,-0.028352171,1.3585163,-0.095266834,1.0
526,1,-0.016971333,1.3750696,-0.086901926,1.0
526,2,-0.0128113255,1.3780128,-0.07945884,1.0
526,3,-0.014216848,1.3789905,-0.081222616,1.0
526,4,-0.033839267,1.386376,-0.092276976,1.0
526,5,-0.034179576,1.3809143,-0.105765134,1.0
526,6,-0.029122911,1.3692058,-0.08698667,1.0
526,7,0.06412129,1.365939,-0.013678385,1.0
526,8,-0.07241089,1.3059576,0.020702224,1.0
526,9,0.023843877,1.3486127,-0.05810802,1.0
526,10,-0.017711505,1.3059696,-0.07266109,1.0
526,11,0.16514924,1.2117198,0.06739029,1.0
526,12,-0.080197975,1.2493911,0.16547072,1.0
526,13,0.18424319,1.1294539,-0.0041008964,1.0
526,14,-0.104198754,1.0500072,0.057767108,1.0
526,15,0.12545812,1.264319,-0.06176097,1.0
526,16,-0.1102097,1.2028434,-0.1013785,1.0
526,17,0.1026901,1.3148791,-0.07101252,1.0
526,18,-0.07176226,1.2600737,-0.1543474,1.0
526,19,0.100073665,1.3360145,-0.059454486,1.0
526,20,-0.0639308,1.3167335,-0.14301036,1.0
526,21,0.12542848,1.2704393,-0.060305186,1.0
526,22,-0.10646131,1.2387888,-0.10763426,1.0
526,23,0.08719403,0.7470118,0.016931007,1.0
526,24,-0.086346366,0.76106155,-0.014297331,1.0
526,25,0.06752995,0.31127086,-0.08680099,1.0
526,26,-0.056778736,0.41926005,-0.070166,1.0
526,27,0.080636725,0.05846867,0.13445885,1.0
526,28,-0.09255831,0.06625271,0.092297606,1.0
526,29,0.059389696,0.037421525,0.16710599,1.0
526,30,-0.09172254,0.035235588,0.07220994,1.0
526,31,0.026920069,0.0022193594,0.1665029,1.0
526,32,-0.09219571,0.010647021,0.03860923,1.0
527,0,-0.027948014,1.3588148,-0.09458998,1.0
527,1,-0.01740921,1.3761431,-0.08731716,1.0
527,2,-0.015332901,1.3793422,-0.08085321,1.0
527,3,-0.016344229,1.3799746,-0.08211504,1.0
527,4,-0.03394895,1.3835505,-0.09387122,1.0
527,5,-0.034766752,1.3809217,-0.10528913,1.0
527,6,-0.029895678,1.369533,-0.08709653,1.0
527,7,0.06307861,1.36762,-0.01471728,1.0
527,8,-0.07293178,1.3089991,0.019328456,1.0
527,9,0.023755934,1.3496159,-0.059921253,1.0
527,10,-0.01450585,1.3069068,-0.07469227,1.0
527,11,0.16384295,1.2125924,0.06890705,1.0
527,12,-0.08152357,1.2476547,0.16579008,1.0
527,13,0.18439835,1.1306623,-0.0029414538,1.0
527,14,-0.10317676,1.0490673,0.054717585,1.0
527,15,0.12395784,1.2658523,-0.060335964,1.0
527,16,-0.10929199,1.2044358,-0.09953799,1.0
527,17,0.10254264,1.3163992,-0.069623314,1.0
527,18,-0.07076709,1.2583373,-0.14755355,1.0
527,19,0.09915927,1.3367652,-0.058008663,1.0
527,20,-0.06406056,1.3154336,-0.13751426,1.0
527,21,0.124635994,1.2702416,-0.058231913,1.0
527,22,-0.1058777,1.2369263,-0.10464227,1.0
527,23,0.08807729,0.7475588,0.016861873,1.0
527,24,-0.08591372,0.7599905,-0.01342693,1.0
527,25,0.06871485,0.30899075,-0.08528273,1.0
527,26,-0.058167074,0.4175523,-0.07051891,1.0
527,27,0.081058145,0.056137204,0.1385246,1.0
527,28,-0.09264995,0.06475201,0.09174584,1.0
527,29,0.060350373,0.03506539,0.17141506,1.0
527,30,-0.092881724,0.034036238,0.070983544,1.0
527,31,0.026883595,0.0015145689,0.17052178,1.0
527,32,-0.09236337,0.009907549,0.03598587,1.0
528,0,-0.025179574,1.3591126,-0.09471765,1.0
528,1,-0.016835324,1.3768218,-0.089246675,1.0
528,2,-0.0181311,1.379541,-0.083836295,1.0
528,3,-0.018230112,1.3813189,-0.08427122,1.0
528,4,-0.03461627,1.3800892,-0.09668435,1.0
528,5,-0.035107102,1.3804864,-0.107207425,1.0
528,6,-0.030589536,1.3701488,-0.08867372,1.0
528,7,0.061282367,1.3708366,-0.018443875,1.0
528,8,-0.07265281,1.3114935,0.01546481,1.0
528,9,0.024577145,1.3513991,-0.06300557,1.0
528,10,-0.01034816,1.3079425,-0.07802544,1.0
528,11,0.16405511,1.2152379,0.0677651,1.0
528,12,-0.082361,1.2453871,0.16596678,1.0
528,13,0.18616123,1.1330734,-0.003927568,1.0
528,14,-0.103692904,1.0487976,0.055170015,1.0
528,15,0.12256695,1.2667552,-0.060662635,1.0
528,16,-0.10918516,1.2063904,-0.094087936,1.0
528,17,0.09987684,1.3181545,-0.06877018,1.0
528,18,-0.06966082,1.2575481,-0.13619716,1.0
528,19,0.09770566,1.3386446,-0.05722275,1.0
528,20,-0.064294025,1.3155888,-0.12823538,1.0
528,21,0.124633074,1.2695788,-0.057608362,1.0
528,22,-0.105508,1.2353367,-0.098732226,1.0
528,23,0.088525265,0.7481385,0.017437521,1.0
528,24,-0.085709676,0.758555,-0.01202634,1.0
528,25,0.07032712,0.30600327,-0.08501203,1.0
528,26,-0.059830155,0.41611022,-0.06769651,1.0
528,27,0.082537636,0.055933833,0.13967441,1.0
528,28,-0.09398934,0.06400043,0.09434834,1.0
528,29,0.06137471,0.03397864,0.17200258,1.0
528,30,-0.094706535,0.03374764,0.072916314,1.0
528,31,0.026682265,0.0014732555,0.17270127,1.0
528,32,-0.09347529,0.009905342,0.03643464,1.0
529,0,-0.022138525,1.3593987,-0.09750862,1.0
529,1,-0.013647042,1.3775171,-0.09104035,1.0
529,2,-0.016464429,1.379197,-0.084867045,1.0
529,3,-0.015439919,1.3825586,-0.08431488,1.0
529,4,-0.03328038,1.3812206,-0.09814795,1.0
529,5,-0.033535965,1.3805845,-0.10988811,1.0
529,6,-0.026876869,1.3710887,-0.090458944,1.0
529,7,0.06085567,1.372261,-0.019457208,1.0
529,8,-0.07110853,1.3088807,0.013882207,1.0
529,9,0.02677104,1.3524896,-0.06335382,1.0
529,10,-0.009468505,1.3084737,-0.08066648,1.0
529,11,0.16473356,1.2142553,0.06528327,1.0
529,12,-0.08294882,1.2445989,0.1627396,1.0
529,13,0.18612564,1.1311727,-0.0049585067,1.0
529,14,-0.105211705,1.048589,0.054242104,1.0
529,15,0.122230045,1.26544,-0.059412315,1.0
529,16,-0.10982558,1.2095203,-0.09058718,1.0
529,17,0.09718645,1.3188603,-0.064972326,1.0
529,18,-0.071295395,1.2623147,-0.13010745,1.0
529,19,0.097417906,1.3418789,-0.05625584,1.0
529,20,-0.064754024,1.3229884,-0.124211736,1.0
529,21,0.12518571,1.269391,-0.05742625,1.0
529,22,-0.10625297,1.238968,-0.09514204,1.0
529,23,0.087037906,0.74572355,0.018585082,1.0
529,24,-0.086753175,0.7573519,-0.012824897,1.0
529,25,0.071466215,0.30437917,-0.08605224,1.0
529,26,-0.05968404,0.41514087,-0.065466836,1.0
529,27,0.083723344,0.05572316,0.14083372,1.0
529,28,-0.09305557,0.07058835,0.09895918,1.0
529,29,0.061190758,0.034488764,0.17280613,1.0
529,30,-0.094097905,0.04110585,0.077617824,1.0
529,31,0.026844505,2.9858202e-05,0.17511573,1.0
529,32,-0.0929352,0.014180321,0.0427256,1.0
530,0,-0.027295373,1.3603117,-0.10224248,1.0
530,1,-0.016057486,1.3767207,-0.09168586,1.0
530,2,-0.012523559,1.3806179,-0.084135324,1.0
530,3,-0.011569617,1.3812534,-0.08614018,1.0
530,4,-0.033939388,1.3916128,-0.09677545,1.0
530,5,-0.032798555,1.3825738,-0.11357649,1.0
530,6,-0.026503034,1.3698428,-0.09184023,1.0
530,7,0.06459832,1.3668299,-0.020001048,1.0
530,8,-0.07129729,1.3011029,0.015565952,1.0
530,9,0.026595794,1.3494635,-0.062033456,1.0
530,10,-0.016681876,1.3061577,-0.07828245,1.0
530,11,0.16737446,1.2109687,0.060663514,1.0
530,12,-0.080510676,1.2462806,0.15860158,1.0
530,13,0.1879614,1.1321565,-0.010684245,1.0
530,14,-0.10411773,1.0518345,0.06279328,1.0
530,15,0.12349412,1.2663758,-0.050414987,1.0
530,16,-0.111140825,1.2106738,-0.075547054,1.0
530,17,0.09841515,1.3181392,-0.053876314,1.0
530,18,-0.07405932,1.2717116,-0.12780939,1.0
530,19,0.09506021,1.3399256,-0.0446404,1.0
530,20,-0.06833605,1.3312532,-0.11527794,1.0
530,21,0.12255661,1.2725962,-0.05151511,1.0
530,22,-0.1075285,1.2489132,-0.08223392,1.0
530,23,0.08756024,0.741639,0.01592289,1.0
530,24,-0.0855099,0.75682694,-0.014132461,1.0
530,25,0.06951428,0.3025674,-0.088543884,1.0
530,26,-0.055122733,0.41473937,-0.058490194,1.0
530,27,0.08548796,0.0600138,0.13924694,1.0
530,28,-0.093048945,0.07865796,0.11129826,1.0
530,29,0.0644257,0.04071042,0.17230909,1.0
530,30,-0.091672555,0.048875794,0.09240413,1.0
530,31,0.031239547,0.0026882207,0.17356749,1.0
530,32,-0.09334729,0.020733563,0.063449726,1.0
531,0,-0.026813444,1.3610258,-0.09784146,1.0
531,1,-0.017756514,1.3779259,-0.09072212,1.0
531,2,-0.013429186,1.3816514,-0.084123604,1.0
531,3,-0.016130667,1.3811269,-0.08682146,1.0
531,4,-0.034048624,1.3839815,-0.09670904,1.0
531,5,-0.034093153,1.3815424,-0.10625506,1.0
531,6,-0.029994708,1.3693476,-0.08988238,1.0
531,7,0.06547674,1.3682468,-0.018730167,1.0
531,8,-0.07254705,1.307554,0.017179582,1.0
531,9,0.026564158,1.3502331,-0.06424942,1.0
531,10,-0.011853293,1.3073719,-0.07735463,1.0
531,11,0.16837323,1.2114334,0.0613359,1.0
531,12,-0.07908371,1.2427318,0.15913591,1.0
531,13,0.18796574,1.1339494,-0.009672597,1.0
531,14,-0.10156536,1.0456176,0.048400708,1.0
531,15,0.12278265,1.2667961,-0.042426668,1.0
531,16,-0.10967869,1.2063763,-0.09980574,1.0
531,17,0.10098007,1.3171558,-0.048323147,1.0
531,18,-0.07339499,1.26369,-0.14949134,1.0
531,19,0.095427044,1.3346245,-0.035307225,1.0
531,20,-0.06763272,1.3235774,-0.1369523,1.0
531,21,0.12286508,1.2712884,-0.03987255,1.0
531,22,-0.10710748,1.2417407,-0.105176955,1.0
531,23,0.08954645,0.7423908,0.015159169,1.0
531,24,-0.08456681,0.7540786,-0.011739625,1.0
531,25,0.0687402,0.3069327,-0.08442814,1.0
531,26,-0.057891503,0.41186485,-0.057357527,1.0
531,27,0.08505139,0.065573186,0.14063266,1.0
531,28,-0.09629814,0.07890159,0.1135552,1.0
531,29,0.06432599,0.044359624,0.17242405,1.0
531,30,-0.095898814,0.05071949,0.09322934,1.0
531,31,0.035088263,0.006335985,0.17116284,1.0
531,32,-0.09544617,0.02314376,0.061782192,1.0
532,0,-0.025412634,1.359545,-0.092281125,1.0
532,1,-0.019412633,1.3781426,-0.08741786,1.0
532,2,-0.016839417,1.379334,-0.08212766,1.0
532,3,-0.02009015,1.3800645,-0.083658054,1.0
532,4,-0.035644434,1.3776865,-0.09397468,1.0
532,5,-0.036073036,1.3792026,-0.10045279,1.0
532,6,-0.032474715,1.3680766,-0.08720861,1.0
532,7,0.06022452,1.3697057,-0.01706245,1.0
532,8,-0.074254006,1.3085456,0.018148487,1.0
532,9,0.02467549,1.3506122,-0.06260704,1.0
532,10,-0.009488888,1.3067546,-0.07647753,1.0
532,11,0.16717446,1.2114062,0.06272495,1.0
532,12,-0.080125526,1.2402303,0.16047132,1.0
532,13,0.187785,1.1301304,-0.006874576,1.0
532,14,-0.10265376,1.0424786,0.042428203,1.0
532,15,0.12392047,1.2641319,-0.041570917,1.0
532,16,-0.1153992,1.2051715,-0.1128518,1.0
532,17,0.10085941,1.3153899,-0.047710385,1.0
532,18,-0.08254672,1.2585316,-0.15826008,1.0
532,19,0.09743598,1.3328817,-0.03565496,1.0
532,20,-0.07798051,1.3191221,-0.1494392,1.0
532,21,0.12576136,1.2676852,-0.037347846,1.0
532,22,-0.11422762,1.2364204,-0.11800498,1.0
532,23,0.08956279,0.74242973,0.017043004,1.0
532,24,-0.084630355,0.7526992,-0.010891963,1.0
532,25,0.06881952,0.30855855,-0.084052905,1.0
532,26,-0.060803816,0.40988576,-0.056656107,1.0
532,27,0.08131565,0.06456813,0.13944028,1.0
532,28,-0.103456795,0.07767502,0.1148704,1.0
532,29,0.05951666,0.04302696,0.17099223,1.0
532,30,-0.10328149,0.04970285,0.094432876,1.0
532,31,0.032956623,0.005339858,0.16775362,1.0
532,32,-0.10069385,0.023394763,0.06146715,1.0
533,0,-0.025624974,1.360775,-0.08881676,1.0
533,1,-0.017627073,1.3786206,-0.08459755,1.0
533,2,-0.020202812,1.3788662,-0.07764314,1.0
533,3,-0.02113365,1.3823922,-0.077964574,1.0
533,4,-0.037675433,1.3784122,-0.089711525,1.0
533,5,-0.03692211,1.380522,-0.097836524,1.0
533,6,-0.031370126,1.37128,-0.08283894,1.0
533,7,0.056966484,1.3729622,-0.016331542,1.0
533,8,-0.07205858,1.3088369,0.020642638,1.0
533,9,0.023496203,1.3533428,-0.05897314,1.0
533,10,-0.010703649,1.3100748,-0.0738712,1.0
533,11,0.16685843,1.2123337,0.0644104,1.0
533,12,-0.08141729,1.2417207,0.16007295,1.0
533,13,0.1870682,1.1280074,-0.004519718,1.0
533,14,-0.1054863,1.0430461,0.046685606,1.0
533,15,0.13307917,1.2622006,-0.05386855,1.0
533,16,-0.1285457,1.2021275,-0.111855716,1.0
533,17,0.11240508,1.3157225,-0.061641905,1.0
533,18,-0.10053417,1.2538183,-0.15358098,1.0
533,19,0.113687016,1.3367908,-0.053650577,1.0
533,20,-0.093378894,1.3159006,-0.14660278,1.0
533,21,0.1381138,1.2660964,-0.05247215,1.0
533,22,-0.12721121,1.2315233,-0.117052525,1.0
533,23,0.08794394,0.74341655,0.019216862,1.0
533,24,-0.08567537,0.754274,-0.011804542,1.0
533,25,0.07045515,0.3119204,-0.08523676,1.0
533,26,-0.06034732,0.41102317,-0.056175344,1.0
533,27,0.08393156,0.06692846,0.1363037,1.0
533,28,-0.10066971,0.0815317,0.121523805,1.0
533,29,0.061143294,0.043738984,0.16575086,1.0
533,30,-0.10211486,0.05433241,0.10110149,1.0
533,31,0.03552166,0.0075004287,0.1651126,1.0
533,32,-0.09728434,0.02588174,0.070570916,1.0
534,0,-0.028851077,1.3633245,-0.08932405,1.0
534,1,-0.01800655,1.3784482,-0.083781146,1.0
534,2,-0.018140659,1.384565,-0.07612579,1.0
534,3,-0.016965773,1.3845083,-0.07774956,1.0
534,4,-0.0354903,1.3883921,-0.088732496,1.0
534,5,-0.03462436,1.3841583,-0.10345549,1.0
534,6,-0.030842248,1.3721586,-0.0819437,1.0
534,7,0.059016563,1.3702999,-0.018044181,1.0
534,8,-0.07264683,1.3062159,0.020181775,1.0
534,9,0.024511388,1.3525627,-0.057585105,1.0
534,10,-0.01394087,1.3096758,-0.070938416,1.0
534,11,0.16603829,1.2134126,0.065429434,1.0
534,12,-0.081910595,1.2468472,0.15928523,1.0
534,13,0.18895793,1.1325629,-0.0068997294,1.0
534,14,-0.10311698,1.0476851,0.055113807,1.0
534,15,0.14863487,1.268863,-0.060328186,1.0
534,16,-0.14499304,1.1985416,-0.09580389,1.0
534,17,0.13474284,1.3219146,-0.06858737,1.0
534,18,-0.119620815,1.2522166,-0.1450194,1.0
534,19,0.13287513,1.3417505,-0.061318602,1.0
534,20,-0.11639037,1.3086399,-0.13812062,1.0
534,21,0.15064566,1.2723695,-0.06151872,1.0
534,22,-0.14449038,1.2326001,-0.10333147,1.0
534,23,0.0892499,0.74489516,0.01643061,1.0
534,24,-0.08368396,0.7579392,-0.013034835,1.0
534,25,0.072023705,0.3142986,-0.08589248,1.0
534,26,-0.05670058,0.4100562,-0.056708124,1.0
534,27,0.08426675,0.05758331,0.11851363,1.0
534,28,-0.09880763,0.07778457,0.1218745,1.0
534,29,0.064610764,0.03412139,0.14813703,1.0
534,30,-0.099824905,0.04901649,0.10270479,1.0
534,31,0.037753366,0.0005753422,0.14540276,1.0
534,32,-0.096976824,0.021391893,0.07337252,1.0
535,0,-0.028407115,1.3659451,-0.08571872,1.0
535,1,-0.018806405,1.3813279,-0.08109435,1.0
535,2,-0.018120063,1.3866656,-0.073852,1.0
535,3,-0.018308237,1.3869894,-0.07597088,1.0
535,4,-0.036332015,1.3890734,-0.08582656,1.0
535,5,-0.03480839,1.3867805,-0.09887019,1.0
535,6,-0.03218104,1.3741183,-0.07955096,1.0
535,7,0.060080923,1.3730202,-0.01590262,1.0
535,8,-0.07266395,1.3107898,0.023140937,1.0
535,9,0.02412899,1.3544686,-0.05574155,1.0
535,10,-0.013457173,1.3124051,-0.06766405,1.0
535,11,0.16712788,1.2144303,0.065996215,1.0
535,12,-0.08040975,1.2484775,0.16167924,1.0
535,13,0.19138932,1.1342931,-0.0077802315,1.0
535,14,-0.10486218,1.0483773,0.0561041,1.0
535,15,0.15272005,1.271877,-0.061914537,1.0
535,16,-0.14611308,1.1933882,-0.098156944,1.0
535,17,0.13915305,1.3250175,-0.07156184,1.0
535,18,-0.12035764,1.2442806,-0.1480633,1.0
535,19,0.13547668,1.344044,-0.062417544,1.0
535,20,-0.11548624,1.3008039,-0.14168534,1.0
535,21,0.15484646,1.2753813,-0.061489135,1.0
535,22,-0.14555609,1.2262444,-0.10617145,1.0
535,23,0.08972718,0.7469928,0.015918318,1.0
535,24,-0.08337417,0.75911826,-0.012158571,1.0
535,25,0.072550274,0.3169905,-0.08467509,1.0
535,26,-0.05652723,0.41018194,-0.056158908,1.0
535,27,0.08784027,0.06020797,0.11892621,1.0
535,28,-0.09918456,0.07710475,0.12070558,1.0
535,29,0.0679252,0.036602896,0.14811853,1.0
535,30,-0.09930074,0.048812397,0.10069434,1.0
535,31,0.044017635,0.0028941426,0.14479882,1.0
535,32,-0.0979246,0.022557305,0.0709348,1.0
536,0,-0.02590514,1.3675933,-0.08651495,1.0
536,1,-0.01723437,1.383848,-0.08110057,1.0
536,2,-0.016960565,1.3867183,-0.07423299,1.0
536,3,-0.017343124,1.3888357,-0.07542314,1.0
536,4,-0.035365373,1.3907671,-0.08508633,1.0
536,5,-0.03369979,1.3883541,-0.09797729,1.0
536,6,-0.02958159,1.3766572,-0.08015261,1.0
536,7,0.059883904,1.3762064,-0.017008316,1.0
536,8,-0.06909692,1.3122485,0.022196459,1.0
536,9,0.024364475,1.3570724,-0.05489306,1.0
536,10,-0.013007632,1.3145721,-0.06887279,1.0
536,11,0.16817045,1.2159617,0.06293005,1.0
536,12,-0.07659912,1.2507862,0.16088134,1.0
536,13,0.19138943,1.132338,-0.011197627,1.0
536,14,-0.10646017,1.051148,0.061663706,1.0
536,15,0.15154606,1.2717607,-0.07050778,1.0
536,16,-0.14536855,1.1966444,-0.08574499,1.0
536,17,0.134216,1.3255577,-0.0788518,1.0
536,18,-0.11764541,1.2462697,-0.1313978,1.0
536,19,0.13336536,1.3466415,-0.07090616,1.0
536,20,-0.11169545,1.3043332,-0.1277864,1.0
536,21,0.1548772,1.2766659,-0.07039981,1.0
536,22,-0.14414634,1.2279336,-0.09435849,1.0
536,23,0.087914065,0.74843144,0.01702155,1.0
536,24,-0.08399829,0.76143664,-0.012362568,1.0
536,25,0.07235896,0.3167768,-0.086368695,1.0
536,26,-0.056922983,0.4136114,-0.05517429,1.0
536,27,0.08855097,0.061872013,0.11744532,1.0
536,28,-0.09981889,0.07979101,0.11983128,1.0
536,29,0.067429066,0.03806722,0.14567769,1.0
536,30,-0.09809537,0.051082082,0.10030171,1.0
536,31,0.041947387,0.0035794377,0.14299966,1.0
536,32,-0.097651854,0.025461394,0.069733754,1.0
